Zone,County,District,Shape_ID,geometry,Area,Population_Density,Region,Location,County_Type,Capacity,Population,District_Ward
Alington,A01,,A01_001,"POLYGON ((2864 1334, 2864 1356, 2908 1356, 2908 1334, 2908 1312, 2842 1312, 2842 1334, 2864 1334))",37.718146,14000,,,,,,
Alington,A02,,A02_001,"POLYGON ((2842 1334, 2842 1356, 2854 1356, 2864 1356, 2864 1334, 2842 1334))",7.543629,8750,,,,,,
Alington,A03,,A03_001,"POLYGON ((2854 1356, 2854 1378, 2886 1378, 2886 1400, 2908 1400, 2908 1378, 2908 1356, 2864 1356, 2854 1356))",26.05981,13000,,,,,,
Alington,A04,,A04_001,"POLYGON ((2886 1378, 2854 1378, 2820 1378, 2820 1400, 2842 1400, 2864 1400, 2886 1400, 2886 1378))",22.630887,15000,,,,,,
Alington,A05,,A05_001,"POLYGON ((2820 1400, 2798 1400, 2798 1378, 2798 1356, 2842 1356, 2854 1356, 2854 1378, 2820 1378, 2820 1400))",26.745594,9250,,,,,,
Alington,A06,,A06_001,"POLYGON ((2798 1356, 2842 1356, 2842 1334, 2842 1312, 2820 1312, 2798 1312, 2798 1334, 2798 1356))",30.174517,8500,,,,,,
Alington,A07,,A07_001,"POLYGON ((2820 1312, 2842 1312, 2842 1290, 2842 1268, 2820 1268, 2820 1312))",15.087258,13000,,,,,,
Alington,A08,,A08_001,"POLYGON ((2798 1312, 2820 1312, 2820 1268, 2798 1268, 2798 1312))",15.087258,10000,,,,,,
Alington,A09,,A09_001,"POLYGON ((2798 1268, 2754 1268, 2754 1312, 2798 1312, 2798 1268))",30.174517,3250,,,,,,
Alington,A10,,A10_001,"POLYGON ((2754 1223, 2754 1268, 2798 1268, 2820 1268, 2842 1268, 2842 1223, 2754 1223))",61.720602,4500,,,,,,
Alington,A11,,A11_001,"POLYGON ((2842 1223, 2842 1268, 2908 1268, 2908 1223, 2842 1223))",46.290452,5000,,,,,,
Alington,A12,,A12_001,"POLYGON ((2842 1268, 2842 1290, 2842 1312, 2908 1312, 2908 1268, 2842 1268))",45.261775,14000,,,,,,
Alma Bridge,AB35,,AB35,"POLYGON ((2952.54 1163.49, 2952.18 1163.71, 2951.98 1164.02, 2952 1166.69, 2952 1167.03, 2951.79 1167.67, 2951.42 1168.24, 2950.57 1169.12, 2951.45 1169.95, 2951.47 1170.03, 2951.68 1170.05, 2951.87 1170.1, 2951.93 1170.2, 2951.95 1170.2, 2952.07 1170.14, 2952.25 1170.18, 2952.33 1170.27, 2952.38 1170.28, 2952.13 1170.77, 2952.35 1170.9, 2952.76 1172.23, 2950.98 1172.43, 2951.79 1173.48, 2952.51 1174.47, 2952.54 1174.57, 2952.55 1174.6, 2952.76 1174.78, 2953.59 1176, 2954.13 1177.83, 2954.22 1178.57, 2954.47 1179.83, 2954.82 1180.51, 2954.86 1181.61, 2954.76 1182.11, 2954.48 1183.67, 2953.93 1183.83, 2952.44 1184.4, 2952.09 1184.22, 2951.73 1184.2, 2951.78 1184.32, 2952 1185.36, 2952 1188.26, 2951.58 1189.46, 2951.07 1190.12, 2952 1190.77, 2952 1191.26, 2951.97 1193.24, 2952.2 1193.28, 2952.52 1193.37, 2952.01 1195.02, 2952.74 1195.16, 2953.54 1195.39, 2953.82 1195.53, 2954.24 1195.66, 2954.61 1195.7, 2955.57 1196.06, 2956.02 1196.18, 2957.67 1196.39, 2957.72 1196.53, 2957.9 1196.75, 2959 1197.33, 2958.91 1197.56, 2959.07 1197.64, 2960.18 1198.36, 2960.64 1198.62, 2961.79 1199.79, 2962.61 1200.47, 2962.9 1200.99, 2962.73 1201.19, 2962.73 1201.29, 2962.73 1201.29, 2963.32 1202.34, 2963.78 1203.36, 2963.4 1203.56, 2963.65 1204.05, 2964.44 1203.87, 2965.71 1203.4, 2965.76 1203.38, 2965.89 1203.85, 2966.13 1204.48, 2965.27 1204.94, 2964.79 1205.23, 2963.93 1205.77, 2962.9 1206.41, 2962.39 1206.73, 2961.03 1207.57, 2960.03 1208.21, 2957.99 1209.49, 2956.94 1210.1, 2956.82 1210.2, 2956.83 1210.25, 2956.81 1210.54, 2956.98 1212.7, 2957.15 1213.38, 2957.19 1214, 2987.84 1214, 2987.84 1210.88, 2988.63 1210.48, 2989.47 1209.69, 2990.94 1207.14, 2991.51 1206.87, 2991.52 1206.76, 2991.5 1206.17, 2991.51 1206.14, 2992.52 1204.64, 2993.98 1201.87, 2994.41 1201.12, 2994.4 1201.1, 2994.47 1201, 2994.27 1201, 2994.42 1199.99, 2994.05 1198.76, 2993.42 1197.79, 2992.72 1196.79, 2992.41 1195.58, 2991.56 1194.06, 2992.33 1193.72, 2993.82 1193.49, 2994.74 1193.22, 2995.49 1193.16, 2995.64 1191.73, 2996 1191.71, 2996 1180.95, 2996.05 1180.98, 2996.29 1181.12, 2996.45 1180.45, 2996.45 1179.99, 2996.51 1179.46, 2997.06 1177.74, 2997.14 1177.3, 2997.28 1176.64, 2997.73 1175.59, 2997.89 1175.03, 2998.08 1174.52, 2998.11 1174.22, 2998.28 1173.84, 2998.41 1173.59, 2998.8 1172.84, 2999.17 1172.11, 2999.33 1171.84, 2999.47 1171.64, 2999.79 1171.18, 2999.8 1171.09, 3000.13 1170.87, 3000.75 1170.48, 3001.05 1170.24, 3001.34 1170.01, 3001.66 1169.71, 3001.28 1169.58, 3000.89 1169.54, 3000.53 1169.34, 2999.89 1168.89, 2999.52 1168.66, 2998.92 1168.26, 2998.64 1168.03, 2998.49 1167.87, 2998.19 1167.68, 2998.19 1167.67, 2998.18 1167.67, 2997.78 1167.45, 2997.4 1167.54, 2997.12 1167.59, 2996.8 1167.74, 2996.62 1167.84, 2996.12 1168.1, 2995.69 1167.4, 2995.28 1167.07, 2994.69 1166.66, 2994.25 1166.29, 2994.04 1166.09, 2993.73 1165.79, 2993.28 1165.31, 2993.32 1164.79, 2992.96 1164.36, 2992.83 1164.23, 2992.19 1164.2, 2991.81 1164.33, 2991.43 1164.18, 2991.32 1164.37, 2991.14 1164.8, 2991.04 1164.68, 2990.85 1164.81, 2990.69 1164.82, 2990.22 1164.92, 2989.97 1164.96, 2989.62 1165.14, 2989.27 1165.03, 2988.19 1165.08, 2986.82 1165.18, 2986.04 1165.34, 2985.55 1165.46, 2985.06 1165.61, 2983.89 1165.89, 2983.77 1166.13, 2982.88 1167.02, 2981.84 1168.14, 2980.2 1167.99, 2978.8 1167.83, 2977.74 1167.24, 2976.65 1166.61, 2975.71 1165.68, 2974.57 1165.08, 2974 1164.61, 2973.35 1164.38, 2973.29 1163.85, 2973.23 1163.66, 2972.97 1163.24, 2972.21 1162.88, 2972.08 1162.83, 2972.14 1162.68, 2972.2 1162.37, 2972.24 1162.13, 2972.24 1162.13, 2972.2 1162.11, 2971.04 1161.56, 2970.02 1161.18, 2969.53 1161.04, 2967.48 1160.69, 2967.23 1161.82, 2966.98 1162.7, 2966.84 1163.73, 2966.64 1164.96, 2966.61 1164.97, 2965.57 1165.2, 2965.5 1165.12, 2964.25 1165.5, 2962.94 1165.79, 2962.69 1165.86, 2962.27 1165.97, 2961.75 1166.13, 2961.42 1166.26, 2961.16 1165.9, 2960.51 1165.5, 2960.29 1165.42, 2959.38 1165.16, 2958.97 1164.88, 2958.9 1164.63, 2958.53 1164.67, 2958.04 1164.7, 2957.65 1164.57, 2957.31 1164.38, 2957.25 1164.41, 2956.88 1164.09, 2956.7 1163.9, 2956.33 1163.84, 2955.57 1163.7, 2955.35 1163.58, 2955.11 1163.67, 2954.47 1163.54, 2953.98 1162.93, 2953.77 1162.61, 2953.11 1163.15, 2952.99 1163.23, 2952.54 1163.49))",29.974031,8500,,,,,,
Alma Bridge,AB04,,AB04,"POLYGON ((2999.79 1171.18, 2999.47 1171.64, 2999.33 1171.84, 2999.17 1172.11, 2998.8 1172.84, 2998.41 1173.59, 2998.28 1173.84, 2998.11 1174.22, 2998.08 1174.52, 2997.89 1175.03, 2997.73 1175.59, 2997.28 1176.64, 2997.14 1177.3, 2997.06 1177.74, 2996.51 1179.46, 2996.45 1179.99, 2996.45 1180.45, 2996.29 1181.12, 2996.05 1180.98, 2996 1180.95, 2996 1191.71, 2995.64 1191.73, 2995.49 1193.16, 2994.74 1193.22, 2993.82 1193.49, 2992.33 1193.72, 2991.56 1194.06, 2992.41 1195.58, 2992.72 1196.79, 2993.42 1197.79, 2994.05 1198.76, 2994.42 1199.99, 2994.27 1201, 2994.47 1201, 2996 1201, 2996 1200.96, 2996.25 1199.98, 2997.68 1200.13, 2999.69 1200.27, 3001.34 1200.34, 3002.07 1200.05, 3002.57 1199.68, 3002.6 1199.56, 3002.86 1199.42, 3003 1199.32, 3003.38 1199.11, 3003.57 1199.22, 3004.45 1198.53, 3005 1198.1, 3005.36 1197.82, 3005.72 1197.66, 3006.57 1197.29, 3007.13 1197.04, 3007.46 1196.84, 3007.89 1196.56, 3008.81 1195.95, 3009.17 1195.72, 3010.1 1195.1, 3010.64 1194.73, 3011.1 1194.4, 3011.11 1194.21, 3011.17 1193.8, 3011.4 1193.34, 3011.57 1192.96, 3011.66 1192.6, 3011.77 1192.22, 3011.89 1191.86, 3012.01 1191.48, 3012.24 1190.95, 3012.82 1190.23, 3013.54 1189.39, 3013.78 1189.12, 3014.53 1188.23, 3015.27 1187.34, 3015.77 1186.77, 3016.06 1186.44, 3016.34 1186.13, 3016.66 1185.91, 3016.87 1185.52, 3017.09 1185.49, 3017.16 1185.38, 3017.19 1185.33, 3017.29 1185.22, 3017.55 1184.97, 3018.94 1183.69, 3019.45 1183.25, 3019.9 1182.96, 3020.38 1182.68, 3020.73 1182.39, 3020.92 1182.13, 3021.11 1181.75, 3021.63 1181.67, 3022.87 1181.33, 3023.19 1181.29, 3023.23 1181.28, 3023.33 1181.12, 3023.65 1180.94, 3024.08 1180.69, 3024.27 1180.52, 3024.29 1180.47, 3024.51 1180.44, 3025.21 1179.95, 3026.83 1178.71, 3027.56 1178.22, 3027.57 1178.21, 3027.86 1177.97, 3028.02 1177.91, 3028.49 1177.64, 3029.28 1177.72, 3029.38 1177.79, 3029.42 1177.8, 3029.46 1177.67, 3029.46 1177.53, 3029.35 1177.01, 3029.28 1176.65, 3029 1175.64, 3028.82 1175.2, 3028.07 1173.78, 3027.88 1173.41, 3027.49 1172.67, 3027.3 1172.28, 3027.22 1172.13, 3027.03 1171.75, 3026.84 1171.38, 3026.7 1171.12, 3026.45 1170.67, 3026.43 1170.61, 3025.74 1169.3, 3025.5 1168.81, 3025.21 1168.23, 3024.8 1167.46, 3024.57 1167.07, 3024.12 1166.34, 3023.74 1165.92, 3023.45 1165.63, 3021.62 1164.06, 3020.57 1163.16, 3019.55 1162.38, 3019.17 1162.17, 3017.76 1161.59, 3017.07 1161.33, 3016.64 1161.15, 3015.88 1160.9, 3015.72 1160.87, 3015.45 1160.68, 3014.88 1160.44, 3014.52 1160.28, 3014.41 1160.22, 3013.98 1160.01, 3013.69 1159.79, 3013.46 1159.55, 3013.16 1159.16, 3012.94 1158.86, 3012.55 1158.3, 3012.31 1157.94, 3012.07 1157.58, 3011.84 1157.19, 3011.69 1156.86, 3011.61 1156.46, 3011.45 1156, 3010.86 1155.09, 3010.62 1154.72, 3010.5 1155.12, 3010.4 1155.49, 3010.18 1156.21, 3010.05 1156.56, 3009.89 1156.9, 3009.5 1157.65, 3009.43 1157.97, 3009.27 1158.32, 3009.15 1158.69, 3008.62 1159.47, 3008.31 1159.96, 3008.06 1160.49, 3007.78 1160.95, 3007.57 1161.38, 3007.44 1161.79, 3007.37 1162.18, 3007.03 1162.16, 3006.79 1162.14, 3006.38 1162.45, 3006.2 1162.68, 3005.96 1163.06, 3005.62 1163.47, 3005.08 1163.84, 3004.21 1164.44, 3003.82 1164.77, 3003.47 1165.3, 3003.41 1165.69, 3003.45 1166.33, 3003.45 1166.39, 3003.43 1166.74, 3003.37 1167.79, 3003.36 1167.82, 3003.17 1168.36, 3002.61 1169.07, 3002.33 1169.36, 3002.01 1169.73, 3001.66 1169.71, 3001.34 1170.01, 3001.05 1170.24, 3000.75 1170.48, 3000.13 1170.87, 2999.8 1171.09, 2999.79 1171.18))",13.302606,5500,,,,,,
Alma Bridge,AB05,,AB05,"POLYGON ((3007.46 1196.84, 3007.13 1197.04, 3006.57 1197.29, 3005.72 1197.66, 3005.36 1197.82, 3005 1198.1, 3004.45 1198.53, 3003.57 1199.22, 3003.38 1199.11, 3003 1199.32, 3002.86 1199.42, 3002.6 1199.56, 3002.57 1199.68, 3002.07 1200.05, 3001.34 1200.34, 2999.69 1200.27, 2997.68 1200.13, 2996.25 1199.98, 2996 1200.96, 2996 1201, 2994.47 1201, 2994.4 1201.1, 2994.41 1201.12, 2993.98 1201.87, 2992.52 1204.64, 2991.51 1206.14, 2991.5 1206.17, 2991.52 1206.76, 2991.51 1206.87, 2990.94 1207.14, 2989.47 1209.69, 2988.63 1210.48, 2987.84 1210.88, 2987.84 1214, 3034.6 1214, 3034.96 1213.99, 3034.96 1213.61, 3034.89 1213.06, 3034.82 1212.6, 3034.77 1212.13, 3034.52 1212.02, 3034.4 1211.29, 3034.32 1210.81, 3034.37 1210.75, 3034.55 1210.77, 3034.82 1210.86, 3034.97 1210.9, 3035.12 1209.72, 3035.42 1208.5, 3035.56 1207.93, 3035.73 1207.3, 3035.87 1206.8, 3035.83 1206.33, 3035.79 1205.9, 3034.56 1205.96, 3034.14 1205.98, 3033.5 1206.02, 3031.78 1206.1, 3031.15 1206.12, 3031.13 1206.12, 3030.52 1206.02, 3030.03 1206.35, 3029.82 1206.11, 3028.8 1206.14, 3028.42 1206.16, 3027.57 1206.25, 3027.01 1206.27, 3026.82 1206.29, 3026.21 1206.37, 3025.85 1206.39, 3025.33 1206.4, 3024.6 1206.4, 3024.47 1206.41, 3023.84 1206.41, 3023.5 1206.4, 3023.06 1206.39, 3022.85 1206.37, 3022.33 1206.33, 3021.81 1206.26, 3020.74 1205.82, 3020.38 1205.66, 3019.79 1205.41, 3019.37 1205.22, 3019.13 1205.12, 3018.76 1204.96, 3018.18 1204.7, 3018.12 1204.64, 3017.8 1204.36, 3017.49 1204.01, 3017.22 1203.69, 3016.75 1203.48, 3016.69 1203.41, 3016.38 1203.03, 3016.07 1202.78, 3015.31 1202.36, 3014.62 1201.86, 3014.24 1201.59, 3013.9 1201.35, 3013.33 1201.05, 3012.98 1200.89, 3012.8 1200.49, 3012.61 1200.1, 3012.46 1199.76, 3012.34 1199.39, 3011.89 1199.25, 3011.44 1199.19, 3010.8 1199.34, 3010.22 1199.39, 3010.13 1198.97, 3010.25 1198.55, 3010.37 1198.17, 3010.71 1197.47, 3010.78 1197.42, 3010.86 1197.11, 3010.92 1196.7, 3010.93 1196.5, 3010.99 1195.86, 3011.05 1195.65, 3011.01 1195.6, 3011.1 1194.4, 3010.64 1194.73, 3010.1 1195.1, 3009.17 1195.72, 3008.81 1195.95, 3007.89 1196.56, 3007.46 1196.84))",8.153119,9000,,,,,,
Alma Bridge,AB34,,AB34,"POLYGON ((2897.63 1172.42, 2897.9 1173.31, 2897.59 1174.49, 2896.93 1175.37, 2898.88 1175.39, 2900.91 1175.41, 2902.23 1175.9, 2903.33 1176.42, 2904.19 1177.36, 2905.56 1178.14, 2907.44 1179.91, 2908 1179.91, 2908.56 1179.9, 2909.12 1179.87, 2909.51 1180.78, 2909.66 1181.12, 2909.68 1181.25, 2909.5 1181.54, 2909.44 1181.62, 2909.37 1181.61, 2909.13 1181.95, 2909.03 1182.12, 2908.96 1182.61, 2908.96 1182.61, 2908.89 1182.77, 2908.9 1182.81, 2908.99 1182.88, 2909.04 1183.03, 2909.27 1183.5, 2909.23 1183.58, 2909.26 1183.64, 2909.53 1184.15, 2909.68 1184.37, 2909.74 1184.49, 2909.91 1184.84, 2909.85 1184.89, 2910.11 1185.32, 2909.91 1185.64, 2910.05 1186.36, 2909.75 1187.17, 2909.68 1187.19, 2909.64 1188.02, 2909.65 1188.07, 2909.7 1188.14, 2909.73 1188.62, 2909.69 1188.61, 2908.54 1188.73, 2910.16 1189.65, 2910.93 1189.98, 2911.22 1190.12, 2911.05 1190.48, 2910.93 1190.98, 2910.55 1191.3, 2910.1 1191.93, 2910.04 1192.46, 2909.98 1192.48, 2909.22 1193.41, 2908.73 1193.77, 2908.33 1193.95, 2908.12 1193.98, 2907.98 1194.02, 2907.24 1194.28, 2905.82 1195.01, 2904.71 1196.54, 2903.88 1197.62, 2902.85 1198.54, 2901.73 1199.17, 2902.76 1199.9, 2905.01 1200.26, 2908.83 1200.61, 2909.92 1200.67, 2909.66 1201.56, 2909.52 1203.49, 2908.05 1203.41, 2908.13 1205.24, 2908 1206.38, 2908 1214, 2957.19 1214, 2957.15 1213.38, 2956.98 1212.7, 2956.81 1210.54, 2956.83 1210.25, 2956.82 1210.2, 2956.94 1210.1, 2957.99 1209.49, 2960.03 1208.21, 2961.03 1207.57, 2962.39 1206.73, 2962.9 1206.41, 2963.93 1205.77, 2964.79 1205.23, 2965.27 1204.94, 2966.13 1204.48, 2965.89 1203.85, 2965.76 1203.38, 2965.71 1203.4, 2964.44 1203.87, 2963.65 1204.05, 2963.4 1203.56, 2963.78 1203.36, 2963.32 1202.34, 2962.73 1201.29, 2962.73 1201.29, 2962.73 1201.19, 2962.9 1200.99, 2962.61 1200.47, 2961.79 1199.79, 2960.64 1198.62, 2960.18 1198.36, 2959.07 1197.64, 2958.91 1197.56, 2959 1197.33, 2957.9 1196.75, 2957.72 1196.53, 2957.67 1196.39, 2956.02 1196.18, 2955.57 1196.06, 2954.61 1195.7, 2954.24 1195.66, 2953.82 1195.53, 2953.54 1195.39, 2952.74 1195.16, 2952.01 1195.02, 2952.52 1193.37, 2952.2 1193.28, 2951.97 1193.24, 2952 1191.26, 2952 1190.77, 2951.07 1190.12, 2951.58 1189.46, 2952 1188.26, 2952 1185.36, 2951.78 1184.32, 2951.73 1184.2, 2952.09 1184.22, 2952.44 1184.4, 2953.93 1183.83, 2954.48 1183.67, 2954.76 1182.11, 2954.86 1181.61, 2954.82 1180.51, 2954.47 1179.83, 2954.22 1178.57, 2954.13 1177.83, 2953.59 1176, 2952.76 1174.78, 2952.55 1174.6, 2952.54 1174.57, 2952.51 1174.47, 2951.79 1173.48, 2950.98 1172.43, 2952.76 1172.23, 2952.35 1170.9, 2952.13 1170.77, 2952.38 1170.28, 2952.33 1170.27, 2952.25 1170.18, 2952.07 1170.14, 2951.95 1170.2, 2951.93 1170.2, 2951.87 1170.1, 2951.68 1170.05, 2951.47 1170.03, 2951.45 1169.95, 2950.57 1169.12, 2951.42 1168.24, 2951.79 1167.67, 2952 1167.03, 2952 1166.69, 2951.98 1164.02, 2950.92 1163.46, 2949.01 1162.49, 2947.79 1161.75, 2947.29 1161.41, 2946.79 1161.06, 2946.08 1160.54, 2945.27 1161.03, 2945.06 1161.79, 2944.45 1162.83, 2944.13 1163.05, 2942.21 1162.51, 2940.64 1161.56, 2939.84 1161.1, 2938.22 1160.3, 2937.32 1159.44, 2937.33 1159.42, 2936.96 1158.94, 2936.01 1159.69, 2934.8 1160.4, 2933.64 1160.8, 2933.54 1161.07, 2933.1 1160.89, 2932.94 1160.88, 2932.92 1160.87, 2932.61 1161.35, 2932.23 1161.93, 2931.81 1162.33, 2931.37 1162.55, 2930.42 1162.71, 2929.29 1162.33, 2928.9 1162.12, 2927.36 1161.15, 2927.23 1161.06, 2926.15 1160.52, 2924.94 1160.6, 2923.94 1161.3, 2923.93 1161.35, 2923.94 1161.35, 2923.92 1161.46, 2923.91 1161.46, 2922.99 1162.24, 2922.33 1163.29, 2922.43 1164.71, 2922.56 1165.01, 2922.46 1166.25, 2922.48 1167.54, 2922.23 1168.72, 2921.94 1168.88, 2921.37 1169.21, 2920.79 1170.04, 2920.79 1170.05, 2921.3 1171.38, 2920.78 1171.85, 2920.49 1171.63, 2918.72 1170.48, 2918.56 1170.33, 2918.56 1170.32, 2915.82 1169.81, 2915.25 1169.01, 2914.48 1167.48, 2913.34 1166.38, 2912.74 1165.8, 2911.73 1164.97, 2910.15 1163.77, 2909.84 1163.54, 2908.42 1162.48, 2908.39 1165.58, 2908.14 1165.6, 2908 1165.73, 2905.52 1166.98, 2904.44 1167.51, 2903.04 1168.22, 2901.52 1169, 2901.59 1169.2, 2901.26 1168.85, 2900.62 1168.24, 2899.59 1167.31, 2899.55 1167.36, 2898.57 1166.97, 2897.61 1166.11, 2897.68 1164.42, 2895.56 1165.34, 2896.16 1166.71, 2896.33 1167.85, 2896.93 1168.93, 2897.66 1170.16, 2898.37 1170.96, 2898.87 1171.59, 2897.63 1172.42))",38.818524,14000,,,,,,
Alma Bridge,AB30,,AB30,"POLYGON ((2851.75 1117.12, 2851.04 1118.87, 2851.38 1120.27, 2851.38 1120.33, 2851.45 1121.25, 2850.23 1121.26, 2849.09 1120.85, 2847.91 1120.47, 2846.93 1119.75, 2845.71 1119.36, 2845.47 1119.29, 2844.48 1119.08, 2844.12 1118.79, 2842.56 1119.14, 2842.3 1120.36, 2841.45 1121.71, 2840.19 1122.04, 2839.11 1122.62, 2837.92 1122.13, 2837.46 1122.95, 2836.86 1123.91, 2836.41 1124.67, 2836.47 1126.25, 2836 1127.4, 2835.34 1127.98, 2834.2 1128.68, 2832.99 1129.57, 2832.82 1131.18, 2832.79 1131.18, 2832.84 1132.01, 2831.26 1132.32, 2829.97 1133.23, 2828.31 1134.7, 2827.03 1136.01, 2825.69 1136.97, 2825.66 1137.57, 2825.9 1139.49, 2826.1 1141, 2826.33 1142.37, 2828.25 1146.74, 2828.73 1147.35, 2827.22 1148.13, 2825.51 1149.47, 2824.49 1150.13, 2823.68 1150.68, 2822.36 1151.53, 2821.41 1152.62, 2821.31 1152.83, 2821.13 1152.69, 2820.25 1153.1, 2819.79 1153.61, 2818.84 1154.13, 2817.56 1154.27, 2816.63 1155.43, 2816.26 1156.75, 2816.76 1157.91, 2817.45 1158.2, 2818.06 1157.76, 2818.26 1158.88, 2820.1 1159.42, 2821.6 1159.76, 2822.99 1160.49, 2823.99 1161.34, 2824.85 1161.63, 2826.08 1161.57, 2827.51 1162.22, 2828.66 1163.09, 2829.37 1162.49, 2830.7 1162.42, 2832.28 1162.94, 2833.54 1162.11, 2834.9 1162.71, 2836.21 1162.97, 2837.42 1163.29, 2838.64 1163.67, 2839.8 1164.08, 2841.5 1164.78, 2842.8 1165.13, 2844.87 1164.85, 2846.52 1164.61, 2847.79 1164.06, 2848.82 1163.26, 2849.52 1162.84, 2851.32 1162.94, 2852.99 1162.79, 2854.55 1162.89, 2854.94 1162.67, 2855.43 1161.67, 2857.22 1161.45, 2858.48 1162.65, 2859.8 1162.92, 2860.76 1163.8, 2862.07 1165.11, 2863.19 1165.76, 2864.03 1166.67, 2865.07 1167.49, 2865.38 1168.93, 2866.52 1171.72, 2867.81 1175.49, 2868.73 1178.37, 2870.06 1178.12, 2871.9 1178.18, 2874.21 1179.2, 2874.27 1179, 2906.47 1179, 2905.56 1178.14, 2904.19 1177.36, 2903.34 1176.44, 2903.33 1176.42, 2902.23 1175.9, 2900.91 1175.41, 2898.88 1175.39, 2896.93 1175.37, 2897.59 1174.49, 2897.9 1173.31, 2897.63 1172.42, 2898.87 1171.59, 2898.37 1170.96, 2897.66 1170.16, 2896.93 1168.93, 2896.33 1167.85, 2896.16 1166.71, 2895.56 1165.34, 2897.68 1164.42, 2897.61 1166.11, 2898.57 1166.97, 2899.55 1167.36, 2899.59 1167.31, 2900.62 1168.24, 2901.26 1168.85, 2901.59 1169.2, 2901.52 1169, 2903.04 1168.22, 2904.44 1167.51, 2905.52 1166.98, 2908 1165.73, 2908.14 1165.6, 2908.39 1165.58, 2908.42 1162.48, 2909.84 1163.54, 2910.15 1163.77, 2911.73 1164.97, 2912.74 1165.8, 2913.34 1166.38, 2914.48 1167.48, 2915.25 1169.01, 2915.82 1169.81, 2918.56 1170.32, 2918.56 1170.33, 2918.72 1170.48, 2920.49 1171.63, 2920.78 1171.85, 2921.3 1171.38, 2920.79 1170.05, 2920.79 1170.04, 2921.37 1169.21, 2921.94 1168.88, 2922.23 1168.72, 2922.48 1167.54, 2922.46 1166.25, 2922.56 1165.01, 2922.43 1164.71, 2922.33 1163.29, 2922.99 1162.24, 2923.91 1161.46, 2923.92 1161.46, 2923.94 1161.35, 2923.93 1161.35, 2923.94 1161.3, 2924.94 1160.6, 2924.3 1159.35, 2922.65 1157.12, 2923.68 1155.49, 2924.18 1154.76, 2925.71 1154.18, 2927 1153.83, 2928.37 1153.85, 2928.78 1153.24, 2929.63 1151.79, 2930 1151.4, 2930 1147.69, 2927.35 1147.94, 2926.48 1147.1, 2925.55 1146.28, 2924.34 1145.75, 2924.5 1144.55, 2924.9 1142.64, 2924.9 1142.63, 2924.37 1141.74, 2924.21 1141.39, 2924.95 1140.61, 2923.36 1139.73, 2921.76 1140.56, 2919.2 1140.98, 2917.87 1139.56, 2917.15 1138.23, 2916.84 1136.73, 2916.79 1136, 2913.23 1136, 2913.92 1134.86, 2914.33 1133.08, 2914.27 1131.14, 2914.2 1129.46, 2914.01 1127.97, 2913.88 1124.74, 2913.81 1122.11, 2913.17 1122.49, 2910.96 1121.88, 2909.74 1121.66, 2906.75 1123.76, 2904.31 1122.6, 2903.13 1122.11, 2902.78 1120.92, 2902.77 1119.69, 2901.87 1120.51, 2900.66 1120.2, 2899.28 1119.96, 2899.21 1120, 2898.2 1119.91, 2897.16 1120.55, 2896.15 1119.82, 2895.88 1120.64, 2895.78 1120.89, 2895.4 1121.68, 2894.77 1122.09, 2894.97 1122.53, 2894.58 1123.55, 2894.54 1123.57, 2893.35 1123.53, 2892.37 1124.92, 2891.47 1126.22, 2890.01 1128.38, 2889.77 1128.65, 2888.36 1129.17, 2886.78 1127.57, 2885.06 1125.53, 2883.61 1124.12, 2883.52 1123.52, 2881.81 1122.44, 2880.7 1120.35, 2878.86 1120.03, 2877.6 1119.81, 2876.25 1119.05, 2875.54 1119.17, 2875.36 1119.29, 2874.44 1119.82, 2872.84 1118.4, 2872.54 1117.15, 2872.43 1116.63, 2872.37 1116.46, 2871.83 1115.72, 2870.72 1114.87, 2869.3 1114.52, 2866.99 1113.82, 2865.66 1114.53, 2865.62 1114.72, 2864.9 1115.35, 2863.47 1115.44, 2862.98 1114.31, 2861.47 1113.95, 2860.45 1113.18, 2859.32 1112.62, 2860.34 1113.4, 2861.13 1115.07, 2860.42 1116.98, 2859.47 1116.34, 2858.42 1115.56, 2857.16 1115.68, 2855.62 1116.12, 2854.05 1116.51, 2852.61 1117.42, 2851.75 1117.12))",72.088599,3000,,,,,,
Alma Bridge,AB33,,AB33,"POLYGON ((2815.03 1160.47, 2814.11 1161.85, 2812.99 1163.6, 2811.67 1164.79, 2810.84 1166.91, 2810.53 1168.26, 2810.13 1169.78, 2807.67 1171.74, 2807.75 1171.77, 2807.38 1173.46, 2807.06 1175.47, 2806.8 1178.41, 2807.27 1179.88, 2807.41 1181.62, 2806.83 1183.1, 2807.65 1183.53, 2808.12 1183.77, 2808.66 1185.11, 2808.68 1186.29, 2808.49 1187.49, 2808.83 1187.8, 2808.83 1189.19, 2808.94 1190.52, 2808.57 1192.27, 2808.7 1193.55, 2808.92 1194.96, 2808.51 1196.14, 2807.87 1197.24, 2807.37 1198.44, 2808.79 1199.2, 2809.72 1200.03, 2810.83 1200.78, 2811.99 1201.34, 2813.35 1202.61, 2814.35 1202.93, 2814.89 1203.05, 2814.94 1203.07, 2815.88 1203.96, 2816.92 1204.74, 2818.22 1205.72, 2819.5 1206.37, 2820.63 1206.81, 2821.78 1207.18, 2823.55 1207.62, 2824.92 1208.12, 2826.87 1208.7, 2828.34 1208.97, 2830.25 1209.22, 2831.17 1209.23, 2831.86 1209.17, 2833.53 1209.59, 2834.31 1209.92, 2833.95 1212.18, 2833.53 1214, 2908 1214, 2908 1206.38, 2908.13 1205.24, 2908.05 1203.41, 2909.52 1203.49, 2909.66 1201.56, 2909.92 1200.67, 2908.83 1200.61, 2905.01 1200.26, 2902.76 1199.9, 2901.73 1199.17, 2902.85 1198.54, 2903.88 1197.62, 2904.71 1196.54, 2905.82 1195.01, 2907.24 1194.28, 2907.98 1194.02, 2908.12 1193.98, 2908.33 1193.95, 2908.73 1193.77, 2909.22 1193.41, 2909.98 1192.48, 2910.04 1192.46, 2910.1 1191.93, 2910.55 1191.3, 2910.93 1190.98, 2911.05 1190.48, 2911.22 1190.12, 2910.93 1189.98, 2910.16 1189.65, 2908.54 1188.73, 2909.69 1188.61, 2909.73 1188.62, 2909.7 1188.14, 2909.65 1188.07, 2909.64 1188.02, 2909.68 1187.19, 2909.75 1187.17, 2910.05 1186.36, 2909.91 1185.64, 2910.11 1185.32, 2909.85 1184.89, 2909.91 1184.84, 2909.74 1184.49, 2909.68 1184.37, 2909.53 1184.15, 2909.26 1183.64, 2909.23 1183.58, 2909.27 1183.5, 2909.04 1183.03, 2908.99 1182.88, 2908.9 1182.81, 2908.89 1182.77, 2908.96 1182.61, 2908.96 1182.61, 2909.03 1182.12, 2909.13 1181.95, 2909.37 1181.61, 2909.44 1181.62, 2909.5 1181.54, 2909.68 1181.25, 2909.66 1181.12, 2909.51 1180.78, 2909.12 1179.87, 2908.56 1179.9, 2908 1179.91, 2907.44 1179.91, 2906.47 1179, 2874.27 1179, 2874.21 1179.2, 2871.9 1178.18, 2870.06 1178.12, 2868.73 1178.37, 2867.81 1175.49, 2866.52 1171.72, 2865.38 1168.93, 2865.07 1167.49, 2864.03 1166.67, 2863.19 1165.76, 2862.07 1165.11, 2860.76 1163.8, 2859.8 1162.92, 2858.48 1162.65, 2857.22 1161.45, 2855.43 1161.67, 2854.94 1162.67, 2854.55 1162.89, 2852.99 1162.79, 2851.32 1162.94, 2849.52 1162.84, 2848.82 1163.26, 2847.79 1164.06, 2846.52 1164.61, 2844.87 1164.85, 2842.8 1165.13, 2841.5 1164.78, 2839.8 1164.08, 2838.64 1163.67, 2837.42 1163.29, 2836.21 1162.97, 2834.9 1162.71, 2833.54 1162.11, 2832.28 1162.94, 2830.7 1162.42, 2829.37 1162.49, 2828.66 1163.09, 2827.51 1162.22, 2826.08 1161.57, 2824.85 1161.63, 2823.99 1161.34, 2822.99 1160.49, 2821.6 1159.76, 2820.1 1159.42, 2818.26 1158.88, 2818.06 1157.76, 2817.45 1158.2, 2816.76 1157.91, 2816.59 1157.85, 2815.79 1159.43, 2815.03 1160.47))",65.895236,3550,,,,,,
Alma Bridge,AB31,,AB31,"POLYGON ((2930 1092, 2908 1092, 2754 1092, 2754 1145.57, 2755.14 1144.88, 2757.36 1143.82, 2759.74 1143.02, 2761.06 1142.19, 2761.63 1141.53, 2763.06 1141.86, 2764.38 1141.85, 2765.66 1142.27, 2766.81 1142.67, 2767.52 1143.77, 2768.05 1144.96, 2768.25 1146.41, 2768.49 1148.31, 2769.03 1149.42, 2769.77 1150.45, 2769.98 1151.95, 2770.23 1153.22, 2771.29 1154.5, 2772.12 1155.91, 2773.13 1156.69, 2773.45 1156.83, 2774.57 1157.46, 2775.39 1157.26, 2776.26 1158.38, 2776.82 1159.62, 2777.98 1160.43, 2779.34 1161.42, 2779.86 1162.03, 2780.85 1162.93, 2782.37 1164.27, 2783.78 1165.45, 2785.11 1166.33, 2786.21 1166.97, 2787.05 1167.47, 2787.27 1168.57, 2788.31 1169.24, 2789.56 1169.63, 2790.66 1170.3, 2791.72 1170.9, 2793.18 1171.36, 2794.41 1171.61, 2795.86 1171.48, 2796.04 1171.44, 2797.58 1171.21, 2799.88 1171.13, 2802.64 1171.09, 2804.16 1171.18, 2805.67 1171.82, 2807.67 1171.74, 2810.13 1169.78, 2810.53 1168.26, 2810.84 1166.91, 2811.67 1164.79, 2812.99 1163.6, 2814.11 1161.85, 2815.03 1160.47, 2815.79 1159.43, 2816.59 1157.85, 2816.76 1157.91, 2816.26 1156.75, 2816.63 1155.43, 2817.56 1154.27, 2818.84 1154.13, 2819.79 1153.61, 2820.25 1153.1, 2821.13 1152.69, 2821.31 1152.83, 2821.41 1152.62, 2822.36 1151.53, 2823.68 1150.68, 2824.49 1150.13, 2825.51 1149.47, 2827.22 1148.13, 2828.73 1147.35, 2828.25 1146.74, 2826.33 1142.37, 2826.1 1141, 2825.9 1139.49, 2825.66 1137.57, 2825.69 1136.97, 2827.03 1136.01, 2828.31 1134.7, 2829.97 1133.23, 2831.26 1132.32, 2832.84 1132.01, 2832.79 1131.18, 2832.82 1131.18, 2832.99 1129.57, 2834.2 1128.68, 2835.34 1127.98, 2836 1127.4, 2836.47 1126.25, 2836.41 1124.67, 2836.86 1123.91, 2837.46 1122.95, 2837.92 1122.13, 2839.11 1122.62, 2840.19 1122.04, 2841.45 1121.71, 2842.3 1120.36, 2842.56 1119.14, 2844.12 1118.79, 2844.48 1119.08, 2845.47 1119.29, 2845.71 1119.36, 2846.93 1119.75, 2847.91 1120.47, 2849.09 1120.85, 2850.23 1121.26, 2851.45 1121.25, 2851.38 1120.33, 2851.38 1120.27, 2851.04 1118.87, 2851.75 1117.12, 2852.61 1117.42, 2854.05 1116.51, 2855.62 1116.12, 2857.16 1115.68, 2858.42 1115.56, 2859.47 1116.34, 2860.42 1116.98, 2861.13 1115.07, 2860.34 1113.4, 2859.32 1112.62, 2860.45 1113.18, 2861.47 1113.95, 2862.98 1114.31, 2863.47 1115.44, 2864.9 1115.35, 2865.62 1114.72, 2865.66 1114.53, 2866.99 1113.82, 2869.3 1114.52, 2870.72 1114.87, 2871.83 1115.72, 2872.37 1116.46, 2872.43 1116.63, 2872.54 1117.15, 2872.84 1118.4, 2874.44 1119.82, 2875.36 1119.29, 2875.54 1119.17, 2876.25 1119.05, 2877.6 1119.81, 2878.86 1120.03, 2880.7 1120.35, 2881.81 1122.44, 2883.52 1123.52, 2883.61 1124.12, 2885.06 1125.53, 2886.78 1127.57, 2888.36 1129.17, 2889.77 1128.65, 2890.01 1128.38, 2891.47 1126.22, 2892.37 1124.92, 2893.35 1123.53, 2894.54 1123.57, 2894.58 1123.55, 2894.97 1122.53, 2894.77 1122.09, 2895.4 1121.68, 2895.78 1120.89, 2895.88 1120.64, 2896.15 1119.82, 2897.16 1120.55, 2898.2 1119.91, 2899.21 1120, 2899.28 1119.96, 2900.66 1120.2, 2901.87 1120.51, 2902.77 1119.69, 2902.78 1120.92, 2903.13 1122.11, 2904.31 1122.6, 2906.75 1123.76, 2909.74 1121.66, 2910.96 1121.88, 2913.17 1122.49, 2913.81 1122.11, 2914.13 1120.01, 2914.34 1118.57, 2915.44 1118.33, 2915.87 1116.85, 2916.52 1115.54, 2916.48 1114.03, 2916.51 1112.22, 2916.56 1110.38, 2918.17 1109.41, 2918.65 1108.15, 2917.53 1105.95, 2919.05 1104.13, 2919.07 1103.92, 2919.88 1103.58, 2921.5 1104.94, 2923.69 1104.49, 2925.08 1104.27, 2926.21 1103.71, 2927.49 1103.57, 2928.75 1103.63, 2930 1104.45, 2930 1092))",120.133309,575,,,,,,
Alma Bridge,AB32,,AB32,"POLYGON ((2772.12 1155.91, 2771.29 1154.5, 2770.23 1153.22, 2769.98 1151.95, 2769.77 1150.45, 2769.03 1149.42, 2768.49 1148.31, 2768.25 1146.41, 2768.05 1144.96, 2767.52 1143.77, 2766.81 1142.67, 2765.66 1142.27, 2764.38 1141.85, 2763.06 1141.86, 2761.63 1141.53, 2761.06 1142.19, 2759.74 1143.02, 2757.36 1143.82, 2755.14 1144.88, 2754 1145.57, 2754 1214, 2833.53 1214, 2833.95 1212.18, 2834.31 1209.92, 2833.53 1209.59, 2831.86 1209.17, 2831.17 1209.23, 2830.25 1209.22, 2828.34 1208.97, 2826.87 1208.7, 2824.92 1208.12, 2823.55 1207.62, 2821.78 1207.18, 2820.63 1206.81, 2819.5 1206.37, 2818.22 1205.72, 2816.92 1204.74, 2815.88 1203.96, 2814.94 1203.07, 2814.89 1203.05, 2814.35 1202.93, 2813.35 1202.61, 2811.99 1201.34, 2810.83 1200.78, 2809.72 1200.03, 2808.79 1199.2, 2807.37 1198.44, 2807.87 1197.24, 2808.51 1196.14, 2808.92 1194.96, 2808.7 1193.55, 2808.57 1192.27, 2808.94 1190.52, 2808.83 1189.19, 2808.83 1187.8, 2808.49 1187.49, 2808.68 1186.29, 2808.66 1185.11, 2808.12 1183.77, 2806.83 1183.1, 2807.41 1181.62, 2807.27 1179.88, 2806.8 1178.41, 2807.06 1175.47, 2807.38 1173.46, 2807.75 1171.77, 2807.67 1171.74, 2805.67 1171.82, 2804.16 1171.18, 2802.64 1171.09, 2799.88 1171.13, 2797.58 1171.21, 2796.04 1171.44, 2795.86 1171.48, 2794.41 1171.61, 2793.18 1171.36, 2791.72 1170.9, 2790.66 1170.3, 2789.56 1169.63, 2788.31 1169.24, 2787.27 1168.57, 2787.05 1167.47, 2786.21 1166.97, 2785.11 1166.33, 2783.78 1165.45, 2782.37 1164.27, 2780.85 1162.93, 2779.86 1162.03, 2779.34 1161.42, 2777.98 1160.43, 2776.82 1159.62, 2776.26 1158.38, 2775.39 1157.26, 2774.57 1157.46, 2773.45 1156.83, 2773.13 1156.69, 2772.12 1155.91))",48.990453,750,,,,,,
Alma Bridge,AB24,,AB24,"POLYGON ((3132.43 1008.53, 3132.33 1008.93, 3132.24 1009.38, 3132.15 1009.75, 3132.03 1010.2, 3131.91 1010.75, 3131.77 1011.32, 3131.65 1011.76, 3131.53 1012.31, 3131.41 1012.85, 3131.12 1014.13, 3131.06 1014.51, 3131.03 1015.06, 3130.98 1015.79, 3130.97 1016.23, 3131.02 1016.68, 3130.97 1017.24, 3130.9 1017.66, 3130.82 1018.07, 3130.73 1018.65, 3130.69 1019.15, 3130.65 1019.64, 3130.59 1020.04, 3130.57 1020.13, 3130.47 1020.61, 3130.3 1021.32, 3130.18 1021.81, 3130.07 1022.2, 3129.87 1022.52, 3129.64 1022.81, 3129.04 1023.51, 3128.59 1024.14, 3128.4 1024.37, 3127.78 1025.16, 3127.15 1025.92, 3126.9 1026.24, 3126.77 1026.38, 3126.74 1026.6, 3126.13 1027.02, 3125.62 1027.37, 3125.26 1027.63, 3124.57 1028.08, 3124.04 1028.43, 3123.69 1028.63, 3123.52 1028.78, 3123.89 1029.23, 3124.35 1029.49, 3124.72 1029.65, 3124.78 1029.7, 3125.01 1029.87, 3126.07 1030.37, 3126.46 1030.58, 3127.26 1030.95, 3127.84 1031.4, 3128.18 1031.67, 3128.44 1031.95, 3128.71 1032.29, 3128.73 1032.33, 3128.73 1032.89, 3128.02 1033.33, 3128.19 1033.88, 3128.32 1034.11, 3128.13 1034.56, 3128.05 1035.69, 3127.98 1035.79, 3127.79 1035.9, 3127.5 1036.3, 3127.03 1037.06, 3127.38 1037.28, 3127.73 1037.55, 3127.77 1038.18, 3127.86 1038.75, 3127.86 1039.52, 3127.53 1039.77, 3126.78 1040.22, 3126.37 1041.2, 3125.33 1041.24, 3124.52 1041.63, 3124.84 1041.97, 3126.04 1042.92, 3126.6 1043.48, 3127.22 1043.94, 3128.66 1044.51, 3129.21 1044.53, 3130.06 1044.49, 3130.49 1044.62, 3131.08 1044.99, 3132.18 1045.3, 3132.97 1045.59, 3131.41 1049.29, 3131 1050.07, 3130.72 1050.55, 3130.18 1051.48, 3129.3 1053.02, 3128.9 1053.95, 3128.67 1054.58, 3128.15 1055.95, 3127.8 1056.87, 3127.72 1057.09, 3127.61 1057.51, 3127.53 1058.11, 3126.78 1057.83, 3125.96 1057.54, 3125.37 1057.38, 3125.22 1057.33, 3124.7 1057.15, 3124.05 1056.74, 3123.88 1056.86, 3123.49 1056.72, 3123.06 1056.57, 3122.49 1056.37, 3121.76 1056.11, 3121.35 1055.97, 3120.74 1055.75, 3120.04 1056.99, 3119.93 1057.16, 3119.56 1057.82, 3119.28 1058.32, 3118.6 1059.53, 3118.24 1060.17, 3117.94 1060.72, 3117.97 1060.83, 3117.35 1061.1, 3117.13 1061.34, 3116.82 1061.66, 3116.56 1061.94, 3116.23 1062.32, 3115.95 1062.64, 3115.67 1062.96, 3115.23 1063.46, 3114.93 1063.83, 3114.65 1064.25, 3114.4 1064.69, 3113.98 1065.24, 3114.09 1065.48, 3113.77 1065.88, 3112.73 1068, 3112.55 1068.36, 3112.46 1068.57, 3111.85 1069.77, 3111.24 1069.52, 3110.73 1069.28, 3110.66 1069.47, 3110.26 1070.46, 3110.09 1070.88, 3109.89 1071.37, 3109.83 1071.53, 3109.61 1072.33, 3109.58 1072.51, 3109.22 1074.22, 3109.07 1074.87, 3108.94 1074.9, 3108.9 1075.04, 3109.04 1075.19, 3109.19 1075.13, 3109.63 1075.71, 3110.41 1075.49, 3111.39 1075.26, 3111.62 1075.18, 3111.7 1074.78, 3111.81 1074.8, 3112.12 1074.84, 3112.31 1074.86, 3113.76 1075.04, 3114.35 1075, 3114.75 1074.96, 3114.87 1074.91, 3115.15 1074.7, 3115.64 1075.12, 3115.97 1075.39, 3116.24 1075.11, 3116.68 1075.33, 3117.08 1075.41, 3117.45 1075.39, 3117.83 1075.47, 3117.66 1075.84, 3117.51 1076.2, 3118.16 1076.46, 3118.55 1076.6, 3118.91 1076.82, 3119.2 1077.24, 3119.51 1077.62, 3120.6 1078.47, 3121.09 1079.43, 3121.92 1080.16, 3122.99 1079.92, 3124.41 1079.82, 3124.74 1079.81, 3125.47 1079.84, 3126.78 1080.07, 3128.44 1080.39, 3129.24 1080.54, 3129.81 1080.64, 3130.36 1080.69, 3130.74 1080.7, 3131.12 1080.66, 3131.8 1080.53, 3132.29 1080.61, 3132.38 1080.64, 3132.97 1080.89, 3133.31 1081.04, 3133.69 1081.05, 3134.16 1080.91, 3134.25 1081.28, 3134.33 1081.87, 3134.59 1082.13, 3134.94 1081.9, 3135.56 1081.72, 3135.95 1081.73, 3136.38 1081.86, 3136.76 1082.08, 3137.12 1081.78, 3137.41 1081.51, 3137.76 1081.03, 3138.07 1080.6, 3138.16 1080.38, 3138.63 1079.78, 3138.91 1079.19, 3139.35 1078.72, 3139.69 1078.43, 3139.74 1078.28, 3139.7 1078.06, 3140.03 1078.03, 3140.97 1078.31, 3141.66 1078.38, 3143.12 1078.53, 3145.27 1078.85, 3146.89 1079.29, 3148.09 1079.54, 3148.85 1079.61, 3149.23 1079.65, 3149.64 1079.76, 3150.18 1079.97, 3150.64 1080.23, 3150.76 1080.18, 3151.16 1080.37, 3151.57 1080.54, 3152.38 1080.78, 3152.98 1080.8, 3153.49 1080.95, 3153.82 1081.05, 3154.57 1081.03, 3154.98 1080.99, 3155.59 1080.92, 3155.85 1080.89, 3156.67 1080.79, 3157.68 1080.7, 3159.62 1080.51, 3162.72 1080.09, 3164.43 1079.91, 3165.6 1079.87, 3166.75 1079.86, 3167.71 1079.77, 3167.97 1079.66, 3168.53 1079.31, 3169.17 1079.06, 3169.44 1078.96, 3170.08 1078.82, 3170.44 1078.71, 3171.08 1076.65, 3172.11 1076.18, 3172 1073.05, 3172 1069.95, 3172.01 1069.94, 3172.44 1069.69, 3172.21 1069.27, 3172.51 1068.82, 3172.6 1068.25, 3172.61 1067.85, 3172.64 1067.37, 3172.6 1066.98, 3172.37 1066.59, 3172.47 1065.93, 3172.59 1065.5, 3172.59 1065.21, 3172.66 1064.78, 3172.7 1064.37, 3172.68 1063.89, 3172.57 1063.15, 3172.44 1062.54, 3172.25 1061.76, 3171.42 1062.14, 3171.01 1062.33, 3170.59 1062.58, 3170.23 1062.8, 3170.17 1061.98, 3169.78 1061.88, 3169.52 1061.35, 3168.76 1061.28, 3168.79 1061.05, 3168.99 1060.71, 3169.16 1060.1, 3168.02 1060.52, 3167.35 1060.63, 3166.38 1060.76, 3165.91 1060.91, 3165.42 1061.13, 3165.37 1060.97, 3165.83 1060.4, 3166.13 1059.95, 3166.4 1059.6, 3166.41 1059.15, 3166.37 1058.73, 3166.36 1058.64, 3166.35 1058.15, 3166.48 1057.81, 3166.62 1057.42, 3166.52 1056.7, 3166.45 1056.32, 3166.4 1056.1, 3166.26 1055.43, 3166.18 1054.84, 3166.13 1054.21, 3166.13 1053.33, 3166.09 1053.04, 3166.09 1052.53, 3166.03 1052, 3165.94 1051.8, 3165.64 1051.37, 3165.55 1050.88, 3165.69 1050.1, 3165.65 1048.93, 3165.63 1048.2, 3165.66 1047.83, 3165.71 1047.41, 3165.76 1046.81, 3165.72 1046.41, 3165.99 1046.35, 3166.05 1045.87, 3166.24 1045.22, 3166.21 1044.99, 3165.87 1044.74, 3165.24 1044.74, 3164.61 1044.41, 3164.75 1043.75, 3164.88 1043.12, 3165.07 1041.86, 3165.14 1041.4, 3165.21 1040.8, 3165.35 1040.26, 3165.35 1039.57, 3165.35 1039.39, 3165.46 1038.94, 3165.5 1038.74, 3165.67 1038.23, 3165.83 1037.8, 3166.08 1037.17, 3166.29 1036.74, 3166.6 1036.14, 3166.95 1036.42, 3167.65 1036.88, 3168.2 1037.24, 3170.42 1038.59, 3171.63 1039.17, 3172.94 1039.78, 3173.35 1039.98, 3173.69 1040.14, 3174.22 1040.38, 3175.03 1040.75, 3175.52 1040.99, 3176.07 1041.12, 3176.22 1041.14, 3176.79 1041.16, 3176.96 1041.18, 3177.01 1041.26, 3177.43 1041.32, 3177.81 1041.37, 3178.33 1041.35, 3178.67 1041.3, 3178.87 1041.2, 3179.24 1041.07, 3179.94 1040.87, 3180.88 1040.59, 3180.89 1040.6, 3181.13 1040.51, 3181.78 1040.28, 3182.85 1039.82, 3183.33 1039.53, 3183.65 1039.25, 3184.19 1038.63, 3184.47 1038.34, 3184.45 1038.28, 3184.88 1037.73, 3184.99 1037.54, 3185.07 1036.86, 3185.03 1036.72, 3184.88 1036.27, 3183.51 1034.84, 3183.12 1034.25, 3182.94 1034.07, 3182.55 1033.62, 3182.11 1033, 3180.91 1030.97, 3179.13 1027.94, 3178.38 1026.85, 3177.96 1026.31, 3177.1 1025.37, 3176.47 1024.8, 3174.34 1023.19, 3172.75 1021.96, 3171.96 1021.21, 3171.03 1020.15, 3170.55 1019.48, 3169.95 1018.54, 3169.75 1018.72, 3168.42 1019.88, 3167.96 1020.3, 3167.32 1020.87, 3166.97 1020.6, 3166.61 1020.39, 3165.89 1020.03, 3165.49 1019.84, 3165.01 1019.61, 3164.53 1019.39, 3164.18 1019.23, 3163.82 1019.01, 3163.47 1018.74, 3163.18 1018.46, 3162.28 1017.42, 3162.02 1017.12, 3161.38 1016.45, 3161.22 1016.27, 3160.91 1015.85, 3160.82 1015.74, 3160.61 1015.5, 3160.36 1015.18, 3159.93 1014.53, 3159.72 1014.25, 3159.52 1013.99, 3159.48 1013.94, 3159.39 1013.91, 3159.23 1013.74, 3159.04 1013.59, 3158.79 1013.31, 3158.63 1013.12, 3157.68 1013.13, 3156.34 1012.93, 3153.27 1012.05, 3153.05 1011.99, 3152.79 1011.91, 3152.31 1011.78, 3146.59 1010.1, 3138.84 1007.84, 3137.58 1007.51, 3136.61 1007.37, 3134.98 1007.33, 3133.59 1007.5, 3132.62 1007.75, 3132.43 1008.53))",50.445755,2500,,,,,,
Alma Bridge,AB26,,AB26,"POLYGON ((3086.54 1092.68, 3085.85 1092.37, 3085.77 1092.48, 3085.59 1092.69, 3085.38 1093.03, 3085.22 1093.36, 3085.02 1093.8, 3084.94 1094.24, 3084.82 1094.76, 3084.74 1095.35, 3084.71 1095.76, 3084.68 1096.29, 3084.67 1096.68, 3084.64 1097.13, 3084.65 1097.69, 3084.6 1098.26, 3084.52 1098.65, 3084.34 1099.22, 3084.19 1101.01, 3084.08 1101.02, 3084 1101.02, 3084 1109.97, 3080.67 1110.46, 3080.64 1111.07, 3080.54 1111.59, 3080.37 1112.29, 3080.18 1113.36, 3080.1 1113.88, 3080.06 1114.24, 3079.98 1114.83, 3079.9 1115.25, 3079.69 1116.01, 3079.4 1116.74, 3079.26 1117.09, 3078.87 1118.31, 3078.78 1118.55, 3078.67 1119.34, 3078.67 1119.38, 3078.71 1119.92, 3078.74 1120.16, 3078.78 1120.58, 3078.72 1121.1, 3078.61 1121.65, 3078.33 1122.52, 3078.16 1123.32, 3077.98 1124.43, 3077.91 1124.74, 3077.68 1125.55, 3077.53 1126.13, 3077.46 1127.05, 3077.31 1127.97, 3077.02 1129.33, 3076.88 1129.82, 3076.56 1130.67, 3076.02 1131.85, 3075.91 1132.33, 3075.86 1132.85, 3075.86 1133.85, 3075.96 1134.59, 3076.07 1135.29, 3076.17 1135.8, 3076.27 1136.17, 3076.37 1136.83, 3076.46 1137.4, 3076.51 1138.04, 3078.03 1138.19, 3079.88 1138.21, 3082.11 1138.16, 3083.9 1137.96, 3084 1143.35, 3084 1155.12, 3083.49 1155.18, 3083.16 1155.38, 3082.94 1155.77, 3082.79 1156.22, 3082.5 1156.6, 3083.28 1157.16, 3083.95 1157.66, 3084.73 1157.88, 3086.25 1158.18, 3086.76 1158.29, 3087.39 1158.46, 3087.7 1158.68, 3088 1158.93, 3088.09 1159.02, 3088.47 1159.4, 3088.88 1159.71, 3089.07 1159.9, 3089.37 1160.28, 3089.66 1160.66, 3089.98 1161.13, 3090.06 1161.22, 3090.31 1161.6, 3090.53 1161.95, 3090.82 1162.43, 3091.09 1162.82, 3091.62 1163.56, 3091.9 1164, 3092.17 1164.41, 3092.79 1165.44, 3093.46 1165.33, 3093.76 1165.27, 3094.69 1165.03, 3095.08 1164.96, 3095.87 1164.83, 3096 1164.82, 3096.81 1164.81, 3097.19 1164.77, 3097.72 1164.76, 3098.04 1164.76, 3098.65 1164.72, 3099.31 1164.65, 3100.67 1164.4, 3101.44 1164.26, 3102.06 1164.24, 3102.45 1164.23, 3102.93 1164.37, 3103.16 1164, 3103.58 1164.21, 3103.97 1164.25, 3104.42 1164.23, 3104.83 1164.2, 3105.19 1164.17, 3105.84 1164.14, 3106.42 1164.12, 3106.42 1164.12, 3106.9 1164.1, 3107.65 1164.13, 3108.02 1164.15, 3108.58 1164.18, 3108.62 1164.18, 3109.24 1164.22, 3109.95 1164.21, 3110.44 1164.18, 3111.54 1164.05, 3111.99 1163.99, 3112.38 1163.93, 3112.97 1163.85, 3113.5 1163.79, 3113.87 1163.71, 3114.26 1163.59, 3114.87 1163.41, 3115.43 1163.15, 3115.99 1162.95, 3116.52 1162.77, 3116.74 1162.7, 3117.14 1162.58, 3117.78 1162.42, 3118.48 1162.27, 3119.02 1162.17, 3119.41 1162.09, 3120.01 1161.99, 3120.56 1161.9, 3121.34 1161.78, 3121.64 1161.71, 3122.2 1161.68, 3122.32 1161.85, 3122.54 1161.73, 3122.9 1161.82, 3123.28 1161.9, 3123.68 1161.97, 3124.07 1162.14, 3124.32 1162.31, 3124.8 1162.69, 3125.1 1162.95, 3125.49 1163.27, 3126.13 1163.63, 3126.48 1163.81, 3126.91 1163.95, 3127.61 1164.19, 3127.79 1164.39, 3128 1164.42, 3128.58 1164.35, 3129.08 1164.26, 3129.52 1164.1, 3130.09 1163.8, 3130.6 1163.45, 3131.09 1163.25, 3131.67 1162.92, 3132.27 1162.72, 3133.27 1162.46, 3133.86 1162.34, 3134.87 1162.16, 3135.86 1161.98, 3136.34 1161.9, 3136.98 1161.79, 3137.49 1161.65, 3137.88 1161.54, 3138.89 1161.23, 3139.72 1160.92, 3140.36 1160.43, 3141.02 1159.74, 3141.42 1159.39, 3141.86 1159.1, 3142.53 1158.74, 3143.05 1158.2, 3143.31 1157.96, 3144.73 1157.11, 3146.32 1156.08, 3146.67 1155.9, 3146.99 1155.66, 3147.2 1155.65, 3147.7 1156.1, 3147.75 1156.11, 3149.4 1157.06, 3149.76 1158, 3150.01 1157.6, 3150.38 1156.97, 3150.65 1156.53, 3150.78 1156.31, 3151.18 1155.9, 3151.51 1155.81, 3151.67 1155.63, 3151.92 1155.24, 3152.05 1154.8, 3152.24 1154.44, 3152.32 1154.23, 3152.49 1154.35, 3152.75 1154.38, 3152.98 1154.07, 3153.67 1153.6, 3153.99 1153.25, 3154.02 1153.18, 3154.14 1152.89, 3154.09 1152.23, 3154.13 1151.54, 3154.08 1150.98, 3153.98 1150.6, 3154.1 1150.09, 3154.14 1149.52, 3154.21 1148.78, 3154.21 1148.39, 3154.48 1147.92, 3154.63 1147.52, 3154.77 1147.12, 3154.89 1146.76, 3155.14 1146.38, 3155.49 1146.01, 3154.83 1145.73, 3154.15 1145.52, 3152.61 1145.06, 3151.4 1144.69, 3150.2 1144.32, 3149.3 1144.05, 3148.13 1143.7, 3148.09 1143.72, 3148.06 1143.67, 3147.67 1143.56, 3147.31 1143.44, 3146.38 1143.15, 3146.05 1143.1, 3145.94 1142.11, 3145.92 1141.65, 3146.04 1141.13, 3146.13 1140.78, 3146.27 1140.14, 3146.48 1139.11, 3146.59 1138.62, 3146.71 1138.19, 3146.8 1137.77, 3146.94 1137.16, 3147.07 1136.77, 3147.35 1136.42, 3147.34 1136.39, 3147.59 1136.09, 3147.92 1135.68, 3148.32 1135.16, 3149.29 1133.89, 3150.18 1132.73, 3150.78 1131.96, 3151.96 1130.42, 3152.34 1129.94, 3152.82 1129.35, 3153.09 1129.06, 3153.4 1128.71, 3153.46 1128.34, 3153.39 1127.98, 3153.23 1127.55, 3153.29 1127.05, 3153.6 1126.48, 3154.01 1125.75, 3154.53 1124.78, 3154.88 1124.21, 3155.07 1123.9, 3155.19 1123.55, 3155.27 1123.14, 3155.29 1122.8, 3154.99 1122.61, 3154.93 1122.5, 3155.5 1122.22, 3156.41 1121.78, 3157.09 1121.44, 3157.69 1121.15, 3157.96 1120.87, 3158.35 1120.4, 3158.6 1120.05, 3158.86 1119.76, 3159.15 1119.43, 3159.28 1119.03, 3159.42 1118.69, 3159.69 1118.21, 3160.01 1117.66, 3160.24 1117.34, 3160.63 1117.11, 3161 1116.88, 3161.41 1116.73, 3161.8 1116.64, 3162.72 1116.45, 3164.31 1116.22, 3164.39 1116.2, 3164.45 1116.75, 3165.25 1116.69, 3165.83 1116.63, 3165.95 1116.61, 3166.4 1116.55, 3166.87 1116.59, 3167.31 1116.51, 3167.69 1116.49, 3171.14 1116.15, 3171.65 1116.14, 3172 1116.15, 3171.99 1105.82, 3172 1092, 3172 1084.46, 3172.22 1084.35, 3172.79 1084.07, 3173.6 1084.14, 3173.74 1084.12, 3174.13 1084.11, 3173.77 1082.42, 3173.67 1081.8, 3173.57 1081.42, 3173.5 1080.93, 3173.44 1080.32, 3173.31 1079.46, 3173.28 1079.18, 3173.39 1078.64, 3173.5 1078.23, 3173.48 1077.92, 3173.2 1077.53, 3172.76 1077.89, 3172.1 1078.06, 3171.46 1078.22, 3171.02 1078.41, 3170.44 1078.71, 3170.08 1078.82, 3169.44 1078.96, 3169.17 1079.06, 3168.53 1079.31, 3167.97 1079.66, 3167.71 1079.77, 3166.75 1079.86, 3165.6 1079.87, 3164.43 1079.91, 3162.72 1080.09, 3159.62 1080.51, 3157.68 1080.7, 3156.67 1080.79, 3155.85 1080.89, 3155.59 1080.92, 3154.98 1080.99, 3154.57 1081.03, 3153.82 1081.05, 3153.49 1080.95, 3152.98 1080.8, 3152.38 1080.78, 3151.57 1080.54, 3151.16 1080.37, 3150.76 1080.18, 3150.64 1080.23, 3150.18 1079.97, 3149.64 1079.76, 3149.23 1079.65, 3148.85 1079.61, 3148.09 1079.54, 3146.89 1079.29, 3145.27 1078.85, 3143.12 1078.53, 3141.66 1078.38, 3140.97 1078.31, 3140.03 1078.03, 3139.7 1078.06, 3139.74 1078.28, 3139.69 1078.43, 3139.35 1078.72, 3138.91 1079.19, 3138.63 1079.78, 3138.16 1080.38, 3138.07 1080.6, 3137.76 1081.03, 3137.41 1081.51, 3137.12 1081.78, 3136.76 1082.08, 3136.38 1081.86, 3135.95 1081.73, 3135.56 1081.72, 3134.94 1081.9, 3134.59 1082.13, 3134.33 1081.87, 3134.25 1081.28, 3134.16 1080.91, 3133.69 1081.05, 3133.31 1081.04, 3132.97 1080.89, 3132.38 1080.64, 3132.29 1080.61, 3131.8 1080.53, 3131.12 1080.66, 3130.74 1080.7, 3130.36 1080.69, 3129.81 1080.64, 3129.24 1080.54, 3128.44 1080.39, 3126.78 1080.07, 3125.47 1079.84, 3124.74 1079.81, 3124.41 1079.82, 3122.99 1079.92, 3121.92 1080.16, 3121.09 1079.43, 3120.6 1078.47, 3119.51 1077.62, 3119.2 1077.24, 3118.91 1076.82, 3118.55 1076.6, 3118.16 1076.46, 3117.51 1076.2, 3117.66 1075.84, 3117.83 1075.47, 3117.45 1075.39, 3117.08 1075.41, 3116.68 1075.33, 3116.24 1075.11, 3115.97 1075.39, 3115.64 1075.12, 3115.15 1074.7, 3114.87 1074.91, 3114.75 1074.96, 3114.35 1075, 3113.76 1075.04, 3112.31 1074.86, 3112.12 1074.84, 3111.81 1074.8, 3111.7 1074.78, 3111.62 1075.18, 3111.39 1075.26, 3110.41 1075.49, 3109.63 1075.71, 3110.08 1076.28, 3110.05 1076.47, 3110.22 1076.47, 3110.41 1076.8, 3110.64 1077.14, 3110.85 1077.47, 3111.14 1077.97, 3111.27 1078.39, 3111.22 1078.79, 3111.13 1079.33, 3111.14 1079.72, 3111.19 1080.17, 3111.3 1080.55, 3111.42 1080.91, 3111.59 1081.27, 3111.81 1081.66, 3111.99 1082.03, 3112.09 1082.45, 3112.12 1082.82, 3112.31 1083.05, 3112.46 1082.84, 3112.9 1082.05, 3113.17 1081.6, 3113.65 1081.49, 3113.72 1081.5, 3113.71 1081.52, 3113.7 1081.54, 3113.67 1081.59, 3113.67 1081.6, 3113.67 1081.6, 3113.66 1081.61, 3113.66 1081.62, 3113.66 1081.63, 3113.65 1081.63, 3113.64 1081.83, 3113.87 1082.71, 3113.99 1083.08, 3114.16 1083.42, 3114.63 1083.71, 3115.15 1084.13, 3115.56 1084.49, 3115.92 1084.64, 3116.07 1084.66, 3116.18 1085.03, 3116.35 1085.49, 3116.42 1085.73, 3116.57 1086.13, 3116.26 1086.37, 3116.22 1086.4, 3116.19 1086.45, 3115.85 1086.87, 3115.3 1087.36, 3115.02 1087.6, 3114.66 1087.88, 3114.27 1087.95, 3113.78 1088.08, 3112.9 1088.42, 3112.75 1088.48, 3112.05 1088.7, 3111.63 1088.8, 3111.45 1088.85, 3110.97 1089, 3110.68 1089.11, 3110.36 1089.21, 3109.97 1089.31, 3109.52 1089.38, 3109.2 1089.44, 3108.47 1089.53, 3108.01 1089.59, 3107.93 1090.15, 3107.74 1090.98, 3107.52 1091.33, 3107.38 1091.54, 3107.24 1091.75, 3106.95 1092.17, 3106.64 1092.72, 3106.25 1092.76, 3105.92 1093.06, 3105.62 1093.49, 3105.12 1094.27, 3105.53 1094.59, 3105.76 1094.88, 3105.99 1095.52, 3106.07 1095.91, 3105.69 1095.85, 3105.62 1095.48, 3105.04 1095.28, 3104.49 1095.16, 3104.5 1095.27, 3104.05 1095.36, 3103.65 1095.41, 3103.15 1095.36, 3102.7 1095.36, 3102.32 1095.44, 3101.64 1095.54, 3101.16 1095.59, 3101.07 1095.6, 3100.71 1095.62, 3100.44 1095.62, 3099.97 1095.62, 3099.36 1095.67, 3098.96 1095.71, 3098.15 1095.74, 3097.67 1095.72, 3097.54 1095.71, 3096.66 1095.58, 3096.53 1095.58, 3096.49 1095.59, 3095.85 1095.85, 3095.63 1095.87, 3095.18 1095.75, 3094.8 1095.7, 3094.32 1095.63, 3094.22 1095.61, 3093.64 1095.45, 3093.23 1095.44, 3092.7 1095.11, 3092.01 1094.87, 3091.6 1094.68, 3091.23 1094.46, 3090.57 1094.06, 3090.17 1093.83, 3089.79 1093.61, 3089.2 1093.32, 3088.9 1093.32, 3088.3 1093.22, 3087.46 1092.94, 3087.35 1092.92, 3086.92 1092.8, 3086.54 1092.68))",95.581817,2500,,,,,,
Alma Bridge,AB25,,AB25,"POLYGON ((3085.79 1038.7, 3085.39 1038.3, 3085.04 1038.09, 3084.8 1037.94, 3084.41 1037.58, 3084.27 1037.42, 3084 1037.14, 3084 1057.81, 3084 1061.28, 3084 1061.28, 3084 1061.29, 3084 1092, 3086.15 1092, 3085.85 1092.37, 3086.54 1092.68, 3086.92 1092.8, 3087.35 1092.92, 3087.46 1092.94, 3088.3 1093.22, 3088.9 1093.32, 3089.2 1093.32, 3089.79 1093.61, 3090.17 1093.83, 3090.57 1094.06, 3091.23 1094.46, 3091.6 1094.68, 3092.01 1094.87, 3092.7 1095.11, 3093.23 1095.44, 3093.64 1095.45, 3094.22 1095.61, 3094.32 1095.63, 3094.8 1095.7, 3095.18 1095.75, 3095.63 1095.87, 3095.85 1095.85, 3096.49 1095.59, 3096.53 1095.58, 3096.66 1095.58, 3097.54 1095.71, 3097.67 1095.72, 3098.15 1095.74, 3098.96 1095.71, 3099.36 1095.67, 3099.97 1095.62, 3100.44 1095.62, 3100.71 1095.62, 3101.07 1095.6, 3101.16 1095.59, 3101.64 1095.54, 3102.32 1095.44, 3102.7 1095.36, 3103.15 1095.36, 3103.65 1095.41, 3104.05 1095.36, 3104.5 1095.27, 3104.49 1095.16, 3105.04 1095.28, 3105.62 1095.48, 3105.69 1095.85, 3106.07 1095.91, 3105.99 1095.52, 3105.76 1094.88, 3105.53 1094.59, 3105.12 1094.27, 3105.62 1093.49, 3105.92 1093.06, 3106.25 1092.76, 3106.64 1092.72, 3106.95 1092.17, 3107.24 1091.75, 3107.38 1091.54, 3107.52 1091.33, 3107.74 1090.98, 3107.93 1090.15, 3108.01 1089.59, 3108.47 1089.53, 3109.2 1089.44, 3109.52 1089.38, 3109.97 1089.31, 3110.36 1089.21, 3110.68 1089.11, 3110.97 1089, 3111.45 1088.85, 3111.63 1088.8, 3112.05 1088.7, 3112.75 1088.48, 3112.9 1088.42, 3113.78 1088.08, 3114.27 1087.95, 3114.66 1087.88, 3115.02 1087.6, 3115.3 1087.36, 3115.85 1086.87, 3116.19 1086.45, 3116.22 1086.4, 3116.26 1086.37, 3116.57 1086.13, 3116.42 1085.73, 3116.35 1085.49, 3116.18 1085.03, 3116.07 1084.66, 3115.92 1084.64, 3115.56 1084.49, 3115.15 1084.13, 3114.63 1083.71, 3114.16 1083.42, 3113.99 1083.08, 3113.87 1082.71, 3113.64 1081.83, 3113.65 1081.63, 3113.66 1081.63, 3113.66 1081.62, 3113.66 1081.61, 3113.67 1081.6, 3113.67 1081.6, 3113.67 1081.59, 3113.7 1081.54, 3113.71 1081.52, 3113.72 1081.5, 3113.65 1081.49, 3113.17 1081.6, 3112.9 1082.05, 3112.46 1082.84, 3112.31 1083.05, 3112.12 1082.82, 3112.09 1082.45, 3111.99 1082.03, 3111.81 1081.66, 3111.59 1081.27, 3111.42 1080.91, 3111.3 1080.55, 3111.19 1080.17, 3111.14 1079.72, 3111.13 1079.33, 3111.22 1078.79, 3111.27 1078.39, 3111.14 1077.97, 3110.85 1077.47, 3110.64 1077.14, 3110.41 1076.8, 3110.22 1076.47, 3110.05 1076.47, 3110.08 1076.28, 3109.63 1075.71, 3109.19 1075.13, 3109.04 1075.19, 3108.9 1075.04, 3108.94 1074.9, 3109.07 1074.87, 3109.22 1074.22, 3109.58 1072.51, 3109.61 1072.33, 3109.83 1071.53, 3109.89 1071.37, 3110.09 1070.88, 3110.26 1070.46, 3110.66 1069.47, 3110.73 1069.28, 3111.24 1069.52, 3111.85 1069.77, 3112.46 1068.57, 3112.55 1068.36, 3112.73 1068, 3113.77 1065.88, 3114.09 1065.48, 3113.98 1065.24, 3114.4 1064.69, 3114.65 1064.25, 3114.93 1063.83, 3115.23 1063.46, 3115.67 1062.96, 3115.95 1062.64, 3116.23 1062.32, 3116.56 1061.94, 3116.82 1061.66, 3117.13 1061.34, 3117.35 1061.1, 3117.97 1060.83, 3117.94 1060.72, 3118.24 1060.17, 3118.6 1059.53, 3119.28 1058.32, 3119.56 1057.82, 3119.93 1057.16, 3120.04 1056.99, 3120.74 1055.75, 3121.35 1055.97, 3121.76 1056.11, 3122.49 1056.37, 3123.06 1056.57, 3123.49 1056.72, 3123.88 1056.86, 3124.05 1056.74, 3124.7 1057.15, 3125.22 1057.33, 3125.37 1057.38, 3125.96 1057.54, 3126.78 1057.83, 3127.53 1058.11, 3127.61 1057.51, 3127.72 1057.09, 3127.8 1056.87, 3128.15 1055.95, 3128.67 1054.58, 3128.9 1053.95, 3129.3 1053.02, 3130.18 1051.48, 3130.72 1050.55, 3131 1050.07, 3131.41 1049.29, 3132.97 1045.59, 3132.18 1045.3, 3131.08 1044.99, 3130.49 1044.62, 3130.06 1044.49, 3129.21 1044.53, 3128.66 1044.51, 3127.22 1043.94, 3126.6 1043.48, 3126.04 1042.92, 3124.84 1041.97, 3124.52 1041.63, 3125.33 1041.24, 3126.37 1041.2, 3126.78 1040.22, 3127.53 1039.77, 3127.86 1039.52, 3127.86 1038.75, 3127.77 1038.18, 3127.73 1037.55, 3127.38 1037.28, 3127.03 1037.06, 3127.5 1036.3, 3127.79 1035.9, 3127.98 1035.79, 3128.05 1035.69, 3128.13 1034.56, 3128.32 1034.11, 3128.19 1033.88, 3128.02 1033.33, 3128.73 1032.89, 3128.73 1032.33, 3128.71 1032.29, 3128.44 1031.95, 3128.18 1031.67, 3127.84 1031.4, 3127.26 1030.95, 3126.46 1030.58, 3126.07 1030.37, 3125.01 1029.87, 3124.78 1029.7, 3124.72 1029.65, 3124.35 1029.49, 3123.89 1029.23, 3123.52 1028.78, 3122.69 1029.25, 3122.29 1029.41, 3121.82 1029.55, 3121.42 1029.71, 3121.06 1029.91, 3120.32 1030.43, 3120.05 1030.6, 3119.65 1030.83, 3119.31 1031.04, 3118.6 1031.44, 3117.95 1031.82, 3117.59 1032.05, 3117.05 1032.44, 3116.86 1032.6, 3116.48 1032.9, 3116.07 1033.14, 3115.75 1033.52, 3115.55 1033.73, 3115.06 1034.4, 3114.82 1034.83, 3114.58 1035.42, 3114.41 1035.88, 3114.22 1035.77, 3114.12 1035.48, 3113.93 1035.35, 3113.82 1035.22, 3113.67 1035, 3113.27 1034.24, 3113.23 1034.14, 3113.06 1033.48, 3112.9 1032.98, 3112.75 1032.83, 3112.7 1032.6, 3112.29 1032.13, 3112.23 1032.09, 3111.91 1031.7, 3111.93 1031.57, 3111.79 1031.48, 3111.24 1030.94, 3110.74 1030.63, 3109.86 1030.27, 3109.17 1030.13, 3108.63 1030.06, 3108.44 1029.96, 3108.22 1029.99, 3108 1029.98, 3106.94 1029.59, 3105.69 1029.33, 3105.25 1029.32, 3104.86 1029.35, 3104.73 1029.38, 3104.36 1029.5, 3104.02 1029.71, 3103.92 1029.77, 3103.63 1029.71, 3103.35 1029.47, 3102.72 1029.79, 3102.01 1030.04, 3101.77 1030.13, 3100.61 1030.66, 3099.96 1030.96, 3099.4 1031.18, 3099.03 1031.32, 3098.51 1031.51, 3098.04 1031.88, 3097.62 1032.19, 3097.31 1032.33, 3096.7 1032.43, 3096.36 1032.6, 3095.79 1032.97, 3095.3 1033.53, 3094.3 1034.13, 3094.2 1034.2, 3093.71 1034.58, 3093.22 1034.92, 3092.81 1035.13, 3092.46 1035.26, 3092.14 1035.26, 3092.06 1035.22, 3091.59 1035.55, 3091.16 1035.71, 3090.74 1035.86, 3090.22 1036.02, 3089.46 1036.37, 3088.7 1036.61, 3088.29 1036.86, 3087.99 1037.09, 3087.55 1037.5, 3087.26 1037.76, 3086.96 1038, 3086.65 1038.26, 3086.3 1038.55, 3086.27 1038.43, 3086.04 1038.78, 3085.89 1038.91, 3085.79 1038.7))",33.92545,5000,,,,,,
Alma Bridge,AB23,,AB23,"POLYGON ((3084 960, 3084 1037.14, 3084.27 1037.42, 3084.41 1037.58, 3084.8 1037.94, 3085.04 1038.09, 3085.39 1038.3, 3085.79 1038.7, 3085.89 1038.91, 3086.04 1038.78, 3086.27 1038.43, 3086.3 1038.55, 3086.65 1038.26, 3086.96 1038, 3087.26 1037.76, 3087.55 1037.5, 3087.99 1037.09, 3088.29 1036.86, 3088.7 1036.61, 3089.46 1036.37, 3090.22 1036.02, 3090.74 1035.86, 3091.16 1035.71, 3091.59 1035.55, 3092.06 1035.22, 3092.14 1035.26, 3092.46 1035.26, 3092.81 1035.13, 3093.22 1034.92, 3093.71 1034.58, 3094.2 1034.2, 3094.3 1034.13, 3095.3 1033.53, 3095.79 1032.97, 3096.36 1032.6, 3096.7 1032.43, 3097.31 1032.33, 3097.62 1032.19, 3098.04 1031.88, 3098.51 1031.51, 3099.03 1031.32, 3099.4 1031.18, 3099.96 1030.96, 3100.61 1030.66, 3101.77 1030.13, 3102.01 1030.04, 3102.72 1029.79, 3103.35 1029.47, 3103.63 1029.71, 3103.92 1029.77, 3104.02 1029.71, 3104.36 1029.5, 3104.73 1029.38, 3104.86 1029.35, 3105.25 1029.32, 3105.69 1029.33, 3106.94 1029.59, 3108 1029.98, 3108.22 1029.99, 3108.44 1029.96, 3108.63 1030.06, 3109.17 1030.13, 3109.86 1030.27, 3110.74 1030.63, 3111.24 1030.94, 3111.79 1031.48, 3111.93 1031.57, 3111.91 1031.7, 3112.23 1032.09, 3112.29 1032.13, 3112.7 1032.6, 3112.75 1032.83, 3112.9 1032.98, 3113.06 1033.48, 3113.23 1034.14, 3113.27 1034.24, 3113.67 1035, 3113.82 1035.22, 3113.93 1035.35, 3114.12 1035.48, 3114.22 1035.77, 3114.41 1035.88, 3114.58 1035.42, 3114.82 1034.83, 3115.06 1034.4, 3115.55 1033.73, 3115.75 1033.52, 3116.07 1033.14, 3116.48 1032.9, 3116.86 1032.6, 3117.05 1032.44, 3117.59 1032.05, 3117.95 1031.82, 3118.6 1031.44, 3119.31 1031.04, 3119.65 1030.83, 3120.05 1030.6, 3120.32 1030.43, 3121.06 1029.91, 3121.42 1029.71, 3121.82 1029.55, 3122.29 1029.41, 3122.69 1029.25, 3123.52 1028.78, 3123.69 1028.63, 3124.04 1028.43, 3124.57 1028.08, 3125.26 1027.63, 3125.62 1027.37, 3126.13 1027.02, 3126.74 1026.6, 3126.77 1026.38, 3126.9 1026.24, 3127.15 1025.92, 3127.78 1025.16, 3128.4 1024.37, 3128.59 1024.14, 3129.04 1023.51, 3129.64 1022.81, 3129.87 1022.52, 3130.07 1022.2, 3130.18 1021.81, 3130.3 1021.32, 3130.47 1020.61, 3130.57 1020.13, 3130.59 1020.04, 3130.65 1019.64, 3130.69 1019.15, 3130.73 1018.65, 3130.82 1018.07, 3130.9 1017.66, 3130.97 1017.24, 3131.02 1016.68, 3130.97 1016.23, 3130.98 1015.79, 3131.03 1015.06, 3131.06 1014.51, 3131.12 1014.13, 3131.41 1012.85, 3131.53 1012.31, 3131.65 1011.76, 3131.77 1011.32, 3131.91 1010.75, 3132.03 1010.2, 3132.15 1009.75, 3132.24 1009.38, 3132.33 1008.93, 3132.43 1008.53, 3132.62 1007.75, 3132.91 1006.46, 3133.08 1005.75, 3133.25 1005.03, 3133.45 1004.44, 3133.68 1003.96, 3133.9 1003.63, 3134.17 1003.26, 3134.5 1002.86, 3134.67 1002.42, 3134.81 1001.99, 3134.93 1001.6, 3134.96 1001.5, 3135 1001.32, 3135.07 1000.9, 3135.12 1000.52, 3135.54 999.58, 3135.85 998.95, 3136.1 998.45, 3136.33 998.02, 3136.44 997.9, 3136.67 997.49, 3136.88 997.1, 3137.05 996.73, 3137.21 996.07, 3137.26 995.67, 3137.14 995.17, 3136.87 994.59, 3136.54 993.57, 3136.51 993.13, 3136.54 992.61, 3136.69 991.56, 3136.75 991.17, 3136.84 990.74, 3137.03 990.29, 3137.42 989.48, 3137.82 988.67, 3138.07 988.15, 3138.37 987.54, 3138.88 986.47, 3138.32 985.86, 3138.06 985.56, 3137.82 985.22, 3137.63 984.89, 3137.42 984.53, 3136.84 983.39, 3136.64 983.04, 3136.3 982.61, 3135.45 981.85, 3134.93 980.9, 3134.68 980.62, 3134.41 980.31, 3134.29 980.17, 3133.83 979.65, 3133.53 979.47, 3132.87 979.26, 3132.65 979.18, 3132.45 979.1, 3132.15 978.87, 3131.87 978.6, 3131.56 978.25, 3131.35 977.9, 3131.29 977.64, 3131.25 976.86, 3131.24 976.38, 3131.22 975.58, 3131.18 974.29, 3131.07 973.55, 3130.93 973.51, 3130.91 973.05, 3130.65 972.37, 3130.15 971.31, 3129.71 970.7, 3129.19 970.03, 3129.49 968.64, 3129.7 967.8, 3129.94 966.96, 3130.09 966.61, 3130.33 966.08, 3130.46 965.92, 3130.7 965.66, 3131.05 965.31, 3131.63 964.76, 3131.68 964.71, 3132.74 963.87, 3132.83 963.79, 3133.48 963.42, 3134.13 963.84, 3134.33 963.47, 3135.98 964.28, 3136.65 963.98, 3137.21 964.04, 3137.87 963.92, 3138.14 963.61, 3138.46 963.02, 3138.81 962.62, 3138.94 962.27, 3139.14 961.66, 3139.59 961.27, 3139.94 961.11, 3140.31 961.06, 3140.49 960.57, 3140.95 960.29, 3141.12 960.18, 3141.49 960, 3084 960))",55.069496,500,,,,,,
Alma Bridge,AB22,,AB22,"POLYGON ((3139.14 961.66, 3138.94 962.27, 3138.81 962.62, 3138.46 963.02, 3138.14 963.61, 3137.87 963.92, 3137.21 964.04, 3136.65 963.98, 3135.98 964.28, 3134.33 963.47, 3134.13 963.84, 3133.48 963.42, 3132.83 963.79, 3132.74 963.87, 3131.68 964.71, 3131.63 964.76, 3131.05 965.31, 3130.7 965.66, 3130.46 965.92, 3130.33 966.08, 3130.09 966.61, 3129.94 966.96, 3129.7 967.8, 3129.49 968.64, 3129.19 970.03, 3129.71 970.7, 3130.15 971.31, 3130.65 972.37, 3130.91 973.05, 3130.93 973.51, 3131.07 973.55, 3131.18 974.29, 3131.22 975.58, 3131.24 976.38, 3131.25 976.86, 3131.29 977.64, 3131.35 977.9, 3131.56 978.25, 3131.87 978.6, 3132.15 978.87, 3132.45 979.1, 3132.65 979.18, 3132.87 979.26, 3133.53 979.47, 3133.83 979.65, 3134.29 980.17, 3134.41 980.31, 3134.68 980.62, 3134.93 980.9, 3135.45 981.85, 3136.3 982.61, 3136.64 983.04, 3136.84 983.39, 3137.42 984.53, 3137.63 984.89, 3137.82 985.22, 3138.06 985.56, 3138.32 985.86, 3138.88 986.47, 3138.37 987.54, 3138.07 988.15, 3137.82 988.67, 3137.42 989.48, 3137.03 990.29, 3136.84 990.74, 3136.75 991.17, 3136.69 991.56, 3136.54 992.61, 3136.51 993.13, 3136.54 993.57, 3136.87 994.59, 3137.14 995.17, 3137.26 995.67, 3137.21 996.07, 3137.05 996.73, 3136.88 997.1, 3136.67 997.49, 3136.44 997.9, 3136.33 998.02, 3136.1 998.45, 3135.85 998.95, 3135.54 999.58, 3135.12 1000.52, 3135.07 1000.9, 3135 1001.32, 3134.96 1001.5, 3134.93 1001.6, 3134.81 1001.99, 3134.67 1002.42, 3134.5 1002.86, 3134.17 1003.26, 3133.9 1003.63, 3133.68 1003.96, 3133.45 1004.44, 3133.25 1005.03, 3133.08 1005.75, 3132.91 1006.46, 3132.62 1007.75, 3133.59 1007.5, 3134.98 1007.33, 3136.61 1007.37, 3137.58 1007.51, 3138.84 1007.84, 3146.59 1010.1, 3152.31 1011.78, 3152.79 1011.91, 3153.05 1011.99, 3153.27 1012.05, 3156.34 1012.93, 3157.68 1013.13, 3158.63 1013.12, 3158.75 1013.11, 3159.49 1013.01, 3160.37 1012.77, 3161.34 1012.37, 3161.86 1012.08, 3162.38 1011.75, 3162.95 1011.3, 3163.77 1010.45, 3164.4 1009.58, 3164.86 1008.69, 3165.41 1007.33, 3165.91 1006.32, 3166.39 1005.55, 3166.86 1004.91, 3167.92 1003.78, 3168.24 1003.48, 3168.96 1002.93, 3170.07 1002.23, 3173.03 1000.54, 3175.25 999.33, 3175.74 999.11, 3177 998.76, 3178.25 998.63, 3178.97 998.65, 3179.76 998.76, 3180.6 998.99, 3181.24 999.24, 3181.85 999.54, 3183.17 1000.34, 3183.53 1000.52, 3184.53 1001.1, 3185.18 1001.26, 3185.86 1001.49, 3187.02 1001.79, 3188.16 1001.97, 3189.66 1002.06, 3192.24 1002.08, 3196.31 1002.09, 3196.52 1002.55, 3196.88 1003.17, 3197.19 1003.62, 3197.7 1004.22, 3198.45 1004.88, 3198.81 1005.05, 3199.18 1005.22, 3199.77 1005.45, 3200.17 1005.61, 3200.56 1005.8, 3201.16 1006.05, 3201.74 1006.35, 3202.21 1006.44, 3202.6 1006.55, 3203.09 1006.58, 3203.17 1006.62, 3203.69 1006.72, 3204.47 1006.8, 3204.89 1006.82, 3204.95 1005.54, 3205 1004, 3205 960, 3172 960, 3141.49 960, 3141.12 960.18, 3140.95 960.29, 3140.49 960.57, 3140.31 961.06, 3139.94 961.11, 3139.59 961.27, 3139.14 961.66))",50.300615,3500,,,,,,
Alma Bridge,AB18,,AB18,"POLYGON ((3164.61 1044.41, 3165.24 1044.74, 3165.87 1044.74, 3166.21 1044.99, 3166.24 1045.22, 3166.05 1045.87, 3165.99 1046.35, 3165.72 1046.41, 3165.76 1046.81, 3165.71 1047.41, 3165.66 1047.83, 3165.63 1048.2, 3165.65 1048.93, 3165.69 1050.1, 3165.55 1050.88, 3165.64 1051.37, 3165.94 1051.8, 3166.03 1052, 3166.09 1052.53, 3166.09 1053.04, 3166.13 1053.33, 3166.13 1054.21, 3166.18 1054.84, 3166.26 1055.43, 3166.4 1056.1, 3166.45 1056.32, 3166.52 1056.7, 3166.62 1057.42, 3166.48 1057.81, 3166.35 1058.15, 3166.36 1058.64, 3166.37 1058.73, 3166.41 1059.15, 3166.4 1059.6, 3166.13 1059.95, 3165.83 1060.4, 3165.37 1060.97, 3165.42 1061.13, 3165.91 1060.91, 3166.38 1060.76, 3167.35 1060.63, 3168.02 1060.52, 3169.16 1060.1, 3168.99 1060.71, 3168.79 1061.05, 3168.76 1061.28, 3169.52 1061.35, 3169.78 1061.88, 3170.17 1061.98, 3170.23 1062.8, 3170.59 1062.58, 3171.01 1062.33, 3171.42 1062.14, 3172.25 1061.76, 3172.44 1062.54, 3172.57 1063.15, 3172.68 1063.89, 3172.7 1064.37, 3172.66 1064.78, 3172.59 1065.21, 3172.59 1065.5, 3172.47 1065.93, 3172.37 1066.59, 3172.6 1066.98, 3172.64 1067.37, 3172.61 1067.85, 3172.6 1068.25, 3172.51 1068.82, 3172.21 1069.27, 3172.44 1069.69, 3172.01 1069.94, 3172 1069.95, 3172 1073.05, 3172.11 1076.18, 3171.08 1076.65, 3170.44 1078.71, 3171.02 1078.41, 3171.46 1078.22, 3172.1 1078.06, 3172.76 1077.89, 3173.2 1077.53, 3173.48 1077.92, 3173.5 1078.23, 3173.39 1078.64, 3173.28 1079.18, 3173.31 1079.46, 3173.44 1080.32, 3173.5 1080.93, 3173.57 1081.42, 3173.67 1081.8, 3173.77 1082.42, 3174.13 1084.11, 3173.74 1084.12, 3173.6 1084.14, 3172.79 1084.07, 3172.22 1084.35, 3172 1084.46, 3172 1092, 3171.99 1105.82, 3172 1116.15, 3176.16 1115.94, 3179.14 1115.83, 3179.1 1115.59, 3179.01 1114.74, 3179.03 1114.6, 3179.67 1113.67, 3180.29 1112.45, 3180.3 1112.19, 3180.31 1111.91, 3180.32 1111.46, 3180.89 1111.64, 3181.12 1111.56, 3181.3 1110.53, 3181.59 1109.56, 3181.38 1109.32, 3181.61 1109.16, 3181.86 1108.71, 3181.93 1108.55, 3182.39 1107.12, 3182.53 1106.2, 3182.52 1105.14, 3182.35 1104.34, 3181.79 1102.55, 3181.94 1102.46, 3182.22 1102.16, 3183.04 1101.87, 3184.25 1101.62, 3185.14 1101.72, 3185.83 1101.67, 3186.42 1101.35, 3186.85 1100.67, 3187.37 1100.07, 3187.4 1100.04, 3188.66 1099.05, 3188.86 1098.94, 3189.04 1098.66, 3189.29 1098.36, 3189.94 1097.71, 3190.42 1096.88, 3191.79 1095.95, 3191.9 1095.89, 3192.03 1095.81, 3192.92 1095.31, 3193.69 1094.48, 3193.91 1094.17, 3193.99 1094.03, 3194 1094.04, 3194.13 1093.95, 3194.15 1093.44, 3194.17 1093.35, 3194.35 1092.85, 3194.36 1092.73, 3194.61 1092.33, 3194.78 1092, 3205.57 1092, 3205.42 1091.89, 3205.35 1091.85, 3204.74 1091.52, 3204.08 1090.95, 3203.6 1090.23, 3203.3 1089.77, 3203.04 1089.36, 3202.78 1088.99, 3202.38 1088.41, 3201.82 1087.62, 3201.23 1086.84, 3200.4 1085.7, 3200.2 1085.46, 3199.94 1085.12, 3201 1084.28, 3201.59 1083.85, 3202.95 1082.8, 3203.87 1082.39, 3203.42 1081.12, 3203.33 1080.87, 3203.29 1080.73, 3203.06 1079.48, 3202.51 1077.93, 3202.33 1077.58, 3202.45 1077.07, 3202.76 1076.46, 3203.84 1074.99, 3204.18 1074.42, 3205.08 1072.83, 3205.57 1071.96, 3205.75 1071.58, 3205.98 1070.92, 3206.08 1070.41, 3206.11 1069.73, 3206.11 1069.05, 3205.65 1069.11, 3204.95 1069.6, 3204.34 1069.93, 3203.97 1070.18, 3203.35 1070.34, 3203.01 1070.18, 3202.73 1069.91, 3203.09 1069.44, 3203.26 1069.09, 3202.48 1068.93, 3202.08 1069.09, 3201.83 1069.22, 3201.28 1069.34, 3200.88 1069.19, 3200.41 1068.92, 3200.05 1068.85, 3199.6 1068.87, 3199.23 1068.9, 3198.64 1068.95, 3198.49 1068.95, 3198.35 1068.97, 3198.04 1068.98, 3197.37 1069.08, 3197.07 1069.06, 3196.89 1069.19, 3196.44 1069.31, 3196.17 1069.37, 3195.79 1069.44, 3195.67 1069.47, 3195.57 1069.48, 3195.29 1069.51, 3194.84 1069.34, 3194.64 1069.06, 3194.42 1068.64, 3194.03 1067.83, 3193.89 1067.51, 3193.66 1067, 3193.23 1066.09, 3192.9 1065.4, 3192.46 1064.63, 3192.08 1063.71, 3191.9 1063.25, 3191.71 1062.8, 3191.59 1062.44, 3191.65 1061.9, 3191.44 1061.69, 3191.32 1061.56, 3191.2 1061.44, 3191.02 1061.33, 3190.8 1061.19, 3191.52 1060.72, 3191.81 1060.44, 3191.89 1060.37, 3192.25 1060.01, 3192.55 1059.7, 3192.84 1059.45, 3193.37 1059.01, 3193.76 1058.67, 3193.96 1058.51, 3194.11 1058.33, 3194.69 1057.98, 3195.03 1057.76, 3195.77 1057.61, 3196.34 1057.33, 3196.45 1057.32, 3197.13 1057.23, 3197.69 1057.03, 3197.72 1057.02, 3198.01 1056.8, 3197.96 1056.63, 3197.68 1056.3, 3197.63 1056.28, 3197.52 1056.17, 3197.18 1056, 3196.86 1055.78, 3196.35 1055.56, 3196.06 1055.36, 3195.75 1055.08, 3195.64 1055.06, 3195.64 1054.97, 3194.87 1054.15, 3194.6 1053.88, 3193.74 1053.02, 3193.49 1052.73, 3193.37 1052.57, 3192.83 1052.22, 3193.2 1051.71, 3192.99 1051.05, 3192.76 1050.62, 3192.58 1049.92, 3192.51 1049.36, 3192.52 1048.76, 3192.63 1048.08, 3192.7 1047.73, 3192.82 1047, 3192.87 1046.62, 3192.91 1046.07, 3192.86 1045.61, 3192.7 1045.25, 3192.22 1044.53, 3192.11 1044.28, 3192.03 1043.84, 3191.97 1042.65, 3192.06 1041.67, 3192.06 1041.35, 3192.04 1041.33, 3191.91 1041.1, 3191.82 1041, 3191.62 1040.86, 3191.12 1040.73, 3190.55 1040.52, 3190.21 1040.29, 3189.58 1040.02, 3189.89 1040.52, 3189.95 1040.6, 3189.69 1041.02, 3189.32 1041.48, 3188.6 1042.36, 3188.36 1042.65, 3187.96 1043.13, 3186.68 1041.44, 3186.33 1040.95, 3186.08 1040.5, 3186.05 1040.4, 3185.51 1039.85, 3185.23 1039.48, 3184.59 1038.63, 3184.47 1038.34, 3184.19 1038.63, 3183.65 1039.25, 3183.33 1039.53, 3182.85 1039.82, 3181.78 1040.28, 3181.13 1040.51, 3180.89 1040.6, 3180.88 1040.59, 3179.94 1040.87, 3179.24 1041.07, 3178.87 1041.2, 3178.67 1041.3, 3178.33 1041.35, 3177.81 1041.37, 3177.43 1041.32, 3177.01 1041.26, 3176.96 1041.18, 3176.79 1041.16, 3176.22 1041.14, 3176.07 1041.12, 3175.52 1040.99, 3175.03 1040.75, 3174.22 1040.38, 3173.69 1040.14, 3173.35 1039.98, 3172.94 1039.78, 3171.63 1039.17, 3170.42 1038.59, 3168.2 1037.24, 3167.65 1036.88, 3166.95 1036.42, 3166.6 1036.14, 3166.29 1036.74, 3166.08 1037.17, 3165.83 1037.8, 3165.67 1038.23, 3165.5 1038.74, 3165.46 1038.94, 3165.35 1039.39, 3165.35 1039.57, 3165.35 1040.26, 3165.21 1040.8, 3165.14 1041.4, 3165.07 1041.86, 3164.88 1043.12, 3164.75 1043.75, 3164.61 1044.41))",27.555451,5000,,,,,,
Alma Bridge,AB19,,AB19,"POLYGON ((3181.85 999.54, 3181.24 999.24, 3180.6 998.99, 3179.76 998.76, 3178.97 998.65, 3178.25 998.63, 3177 998.76, 3175.74 999.11, 3175.25 999.33, 3173.03 1000.54, 3170.07 1002.23, 3168.96 1002.93, 3168.24 1003.48, 3167.92 1003.78, 3166.86 1004.91, 3166.39 1005.55, 3165.91 1006.32, 3165.41 1007.33, 3164.86 1008.69, 3164.4 1009.58, 3163.77 1010.45, 3162.95 1011.3, 3162.38 1011.75, 3161.86 1012.08, 3161.34 1012.37, 3160.37 1012.77, 3159.49 1013.01, 3158.75 1013.11, 3158.63 1013.12, 3158.79 1013.31, 3159.04 1013.59, 3159.23 1013.74, 3159.39 1013.91, 3159.48 1013.94, 3159.52 1013.99, 3159.72 1014.25, 3159.93 1014.53, 3160.36 1015.18, 3160.61 1015.5, 3160.82 1015.74, 3160.91 1015.85, 3161.22 1016.27, 3161.38 1016.45, 3162.02 1017.12, 3162.28 1017.42, 3163.18 1018.46, 3163.47 1018.74, 3163.82 1019.01, 3164.18 1019.23, 3164.53 1019.39, 3165.01 1019.61, 3165.49 1019.84, 3165.89 1020.03, 3166.61 1020.39, 3166.97 1020.6, 3167.32 1020.87, 3167.96 1020.3, 3168.42 1019.88, 3169.75 1018.72, 3169.95 1018.54, 3170.55 1019.48, 3171.03 1020.15, 3171.96 1021.21, 3172.75 1021.96, 3174.34 1023.19, 3176.47 1024.8, 3177.1 1025.37, 3177.96 1026.31, 3178.38 1026.85, 3179.13 1027.94, 3180.91 1030.97, 3182.11 1033, 3182.55 1033.62, 3182.94 1034.07, 3183.12 1034.25, 3183.51 1034.84, 3184.88 1036.27, 3185.03 1036.72, 3185.07 1036.86, 3184.99 1037.54, 3184.88 1037.73, 3184.45 1038.28, 3184.47 1038.34, 3184.59 1038.63, 3185.23 1039.48, 3185.51 1039.85, 3186.05 1040.4, 3186.08 1040.5, 3186.33 1040.95, 3186.68 1041.44, 3187.96 1043.13, 3188.36 1042.65, 3188.6 1042.36, 3189.32 1041.48, 3189.69 1041.02, 3189.95 1040.6, 3189.89 1040.52, 3189.58 1040.02, 3190.21 1040.29, 3190.28 1040.31, 3190.54 1040.19, 3190.69 1040.03, 3190.71 1039.91, 3190.71 1039.91, 3190.89 1039.55, 3191.13 1039.25, 3191.6 1038.65, 3189.81 1037.6, 3190.3 1036.75, 3190.3 1035.82, 3190.27 1033.69, 3190.25 1033.21, 3190.39 1032.77, 3190.53 1032.42, 3190.67 1032.01, 3190.6 1031.59, 3190.49 1031.22, 3190.3 1030.74, 3189.86 1030.1, 3189.64 1029.61, 3189.34 1028.99, 3188.96 1028.86, 3189.18 1027.85, 3189.36 1027.29, 3189.37 1027.28, 3189.61 1026.86, 3190.32 1025.98, 3190.4 1025.78, 3190.65 1025.69, 3190.81 1025.72, 3191.25 1025.65, 3191.81 1025.77, 3192.26 1025.93, 3193.21 1026.26, 3193.69 1026.43, 3194 1026.6, 3194 1026.48, 3194.28 1026.75, 3194.46 1026.89, 3194.93 1027.27, 3195.3 1027.56, 3195.61 1027.02, 3195.78 1026.6, 3195.82 1026.04, 3195.77 1025.02, 3195.55 1024.47, 3195.55 1023.24, 3195.59 1022.85, 3195.75 1021.99, 3196.01 1020.8, 3196.23 1020.1, 3196.58 1019.01, 3196.91 1018.01, 3197.1 1017.48, 3197.27 1017.01, 3197.44 1016.67, 3197.84 1016.11, 3198.2 1015.8, 3199.11 1015.32, 3199.61 1015.02, 3200.02 1014.82, 3200.55 1014.65, 3201.51 1014.54, 3201.96 1014.55, 3202.39 1014.57, 3203.09 1014.61, 3203.52 1014.61, 3204.01 1014.63, 3205.34 1014.7, 3205.88 1014.74, 3205.93 1014.36, 3206.19 1013.52, 3206.41 1012.9, 3206.53 1012.67, 3206.78 1012.07, 3207.03 1011.51, 3207.24 1010.98, 3206.99 1010.39, 3207.01 1010, 3207.39 1009.37, 3206.72 1008.97, 3205.72 1008.33, 3204.59 1007.67, 3203.44 1007, 3203.05 1006.92, 3203.09 1006.58, 3202.6 1006.55, 3202.21 1006.44, 3201.74 1006.35, 3201.16 1006.05, 3200.56 1005.8, 3200.17 1005.61, 3199.77 1005.45, 3199.18 1005.22, 3198.81 1005.05, 3198.45 1004.88, 3197.7 1004.22, 3197.19 1003.62, 3196.88 1003.17, 3196.52 1002.55, 3196.31 1002.09, 3192.24 1002.08, 3189.66 1002.06, 3188.16 1001.97, 3187.02 1001.79, 3185.86 1001.49, 3185.18 1001.26, 3184.53 1001.1, 3183.53 1000.52, 3183.17 1000.34, 3181.85 999.54))",14.972467,6500,,,,,,
Alma Bridge,AB15,,AB15,"POLYGON ((3164.39 1116.2, 3164.31 1116.22, 3162.72 1116.45, 3161.8 1116.64, 3161.41 1116.73, 3161 1116.88, 3160.63 1117.11, 3160.24 1117.34, 3160.01 1117.66, 3159.69 1118.21, 3159.42 1118.69, 3159.28 1119.03, 3159.15 1119.43, 3158.86 1119.76, 3158.6 1120.05, 3158.35 1120.4, 3157.96 1120.87, 3157.69 1121.15, 3157.09 1121.44, 3156.41 1121.78, 3155.5 1122.22, 3154.93 1122.5, 3154.99 1122.61, 3155.29 1122.8, 3155.27 1123.14, 3155.19 1123.55, 3155.07 1123.9, 3154.88 1124.21, 3154.53 1124.78, 3154.01 1125.75, 3153.6 1126.48, 3153.29 1127.05, 3153.23 1127.55, 3153.39 1127.98, 3153.46 1128.34, 3153.4 1128.71, 3153.09 1129.06, 3152.82 1129.35, 3152.34 1129.94, 3151.96 1130.42, 3150.78 1131.96, 3150.18 1132.73, 3149.29 1133.89, 3148.32 1135.16, 3147.92 1135.68, 3147.59 1136.09, 3147.34 1136.39, 3147.35 1136.42, 3147.07 1136.77, 3146.94 1137.16, 3146.8 1137.77, 3146.71 1138.19, 3146.59 1138.62, 3146.48 1139.11, 3146.27 1140.14, 3146.13 1140.78, 3146.04 1141.13, 3145.92 1141.65, 3145.94 1142.11, 3146.05 1143.1, 3146.38 1143.15, 3147.31 1143.44, 3147.67 1143.56, 3148.06 1143.67, 3148.09 1143.72, 3148.13 1143.7, 3149.3 1144.05, 3150.2 1144.32, 3151.4 1144.69, 3152.61 1145.06, 3154.15 1145.52, 3154.83 1145.73, 3155.49 1146.01, 3155.89 1146.29, 3156.26 1146.57, 3156.64 1146.85, 3157.08 1147.06, 3157.71 1147.27, 3158.17 1147.4, 3160.91 1148.22, 3161.51 1148.4, 3163.53 1149.01, 3165.18 1149.49, 3165.54 1149.6, 3166.41 1149.86, 3167.09 1150.07, 3167.74 1150.25, 3168.93 1150.48, 3169.92 1150.72, 3170.59 1150.91, 3171.55 1151.09, 3172.56 1151.37, 3172.94 1151.53, 3173.33 1151.84, 3173.7 1152.01, 3174.14 1152.22, 3174.72 1152.59, 3175.83 1153.37, 3176.47 1153.9, 3176.92 1154.26, 3177.44 1154.66, 3178.04 1155.2, 3178.44 1155.53, 3178.61 1155.66, 3178.97 1155.83, 3179.45 1155.96, 3179.76 1156.03, 3180.04 1156.1, 3180.2 1156.1, 3180.51 1156.06, 3180.81 1155.99, 3182.73 1155.67, 3183.4 1155.53, 3184.06 1155.42, 3184.07 1154.79, 3184.07 1153.79, 3184.05 1153.31, 3184.04 1152.9, 3184.04 1152.45, 3184.08 1152.05, 3184.13 1151.59, 3184.14 1151.46, 3184.14 1151.34, 3184.12 1150.96, 3184.1 1150.57, 3184.05 1150.18, 3183.91 1149.4, 3183.91 1148.8, 3183.75 1148.28, 3183.75 1147.62, 3183.85 1147.54, 3183.79 1147.03, 3183.8 1146.86, 3184.12 1146.1, 3184.22 1145.68, 3184.28 1145.21, 3184.28 1144.8, 3184.27 1144.68, 3184.18 1144.24, 3184.15 1144.04, 3184.08 1144.01, 3184.02 1143.8, 3183.91 1143.42, 3183.7 1142.86, 3183.61 1142.54, 3183.52 1141.98, 3183.44 1141.16, 3183.33 1140.66, 3183.21 1140.26, 3183.15 1140.11, 3182.99 1139.75, 3182.8 1139.43, 3182.62 1139.08, 3182.46 1138.71, 3182.24 1138.3, 3181.87 1137.69, 3181.84 1137.63, 3181.62 1137.25, 3181.52 1137.11, 3181.28 1136.79, 3181.12 1136.26, 3181.07 1136.01, 3180.06 1132.69, 3179.66 1129.99, 3179.51 1128.85, 3179.27 1127.57, 3179.1 1126.87, 3179 1126.05, 3178.92 1125.4, 3178.88 1125.07, 3178.83 1124.76, 3178.72 1124.03, 3178.65 1123.35, 3178.39 1121.99, 3178.13 1120.65, 3177.83 1119.21, 3177.81 1119.12, 3177.61 1118.11, 3177.58 1117.98, 3177.4 1117.1, 3178.14 1116.96, 3179.32 1116.74, 3179.14 1115.83, 3176.16 1115.94, 3172 1116.15, 3171.65 1116.14, 3171.14 1116.15, 3167.69 1116.49, 3167.31 1116.51, 3166.87 1116.59, 3166.4 1116.55, 3165.95 1116.61, 3165.83 1116.63, 3165.25 1116.69, 3164.45 1116.75, 3164.39 1116.2))",15.480016,8500,,,,,,
Alma Bridge,AB14,,AB14,"POLYGON ((3157.08 1147.06, 3156.64 1146.85, 3156.26 1146.57, 3155.89 1146.29, 3155.49 1146.01, 3155.14 1146.38, 3154.89 1146.76, 3154.77 1147.12, 3154.63 1147.52, 3154.48 1147.92, 3154.21 1148.39, 3154.21 1148.78, 3154.14 1149.52, 3154.1 1150.09, 3153.98 1150.6, 3154.08 1150.98, 3154.13 1151.54, 3154.09 1152.23, 3154.14 1152.89, 3154.02 1153.18, 3153.99 1153.25, 3153.67 1153.6, 3152.98 1154.07, 3152.75 1154.38, 3152.49 1154.35, 3152.32 1154.23, 3152.24 1154.44, 3152.05 1154.8, 3151.92 1155.24, 3151.67 1155.63, 3151.51 1155.81, 3151.18 1155.9, 3150.78 1156.31, 3150.65 1156.53, 3150.38 1156.97, 3150.01 1157.6, 3149.76 1158, 3149.78 1158, 3150.08 1158.95, 3150.21 1159.67, 3150.61 1161.76, 3150.73 1163.57, 3150.82 1165.24, 3150.84 1166.3, 3150.84 1167.08, 3150.86 1167.64, 3150.88 1168.05, 3150.9 1168.56, 3150.97 1169.86, 3151.03 1171.19, 3151.05 1171.87, 3151.04 1172.65, 3151.02 1173.18, 3150.99 1173.62, 3150.96 1174.11, 3150.96 1174.63, 3151.01 1175.08, 3151.38 1174.91, 3152.05 1174.73, 3152.26 1174.69, 3152.85 1174.66, 3153.35 1174.69, 3153.94 1174.82, 3154.52 1175.02, 3155.34 1175.41, 3156.11 1175.77, 3156.72 1176.06, 3157.46 1176.42, 3157.81 1176.53, 3158.02 1176.58, 3158.33 1176.66, 3158.85 1176.78, 3159.39 1176.82, 3159.86 1176.87, 3160.49 1176.96, 3160.61 1176.71, 3160.72 1176.21, 3160.81 1175.42, 3160.78 1175.33, 3160.79 1175.2, 3160.88 1174.6, 3161.05 1174.65, 3161.19 1174.66, 3162.88 1174.58, 3163.31 1174.41, 3164.19 1174.35, 3166 1174.22, 3166.14 1174.1, 3166.27 1174.18, 3166.49 1173.63, 3167.6 1174.12, 3168.95 1174.64, 3168.96 1174.61, 3169.4 1174.85, 3169.93 1175.13, 3170.85 1175.63, 3171.39 1175.93, 3171.45 1175.87, 3171.83 1176.2, 3171.91 1176.17, 3172.23 1176.47, 3172.35 1176.42, 3172.68 1176.71, 3173.07 1176.91, 3173.78 1177.31, 3174.59 1177.79, 3175.04 1178.04, 3177.49 1179.14, 3178.17 1179.45, 3178.99 1179.83, 3179.39 1180.01, 3179.76 1180.19, 3180.38 1180.47, 3180.86 1180.69, 3181.26 1180.87, 3181.78 1181.08, 3182.3 1181.1, 3182.87 1180.98, 3183.27 1180.82, 3183.4 1180.76, 3183.81 1180.34, 3184.12 1179.99, 3184.51 1179.74, 3185.07 1179.68, 3185.11 1178.44, 3185.12 1177.98, 3185.01 1177.65, 3184.97 1177.39, 3184.94 1177.21, 3184.89 1176.8, 3184.85 1176.39, 3184.71 1174.59, 3184.67 1174.06, 3184.64 1173.81, 3184.63 1173.68, 3184.59 1173.07, 3184.64 1172.87, 3184.61 1172.4, 3184.62 1172.16, 3184.63 1171.73, 3184.63 1171.63, 3184.58 1170.94, 3184.54 1170.39, 3184.55 1170.02, 3184.56 1169.82, 3184.56 1169.64, 3184.56 1169.26, 3184.53 1168.5, 3184.51 1167.8, 3184.49 1167.28, 3184.49 1167.25, 3184.47 1166.58, 3184.44 1165.46, 3184.43 1165.2, 3184.36 1164.29, 3184.37 1163.58, 3184.32 1163.08, 3184.3 1162.9, 3184.26 1162.45, 3184.23 1161.85, 3184.2 1161.12, 3184.18 1160.35, 3184.17 1160.32, 3184.12 1159.25, 3184.08 1158.58, 3184.07 1158.38, 3184.06 1157.91, 3184.07 1157.06, 3184.07 1156.04, 3184.06 1155.58, 3184.06 1155.42, 3183.4 1155.53, 3182.73 1155.67, 3180.81 1155.99, 3180.51 1156.06, 3180.2 1156.1, 3180.04 1156.1, 3179.76 1156.03, 3179.45 1155.96, 3178.97 1155.83, 3178.61 1155.66, 3178.44 1155.53, 3178.04 1155.2, 3177.44 1154.66, 3176.92 1154.26, 3176.47 1153.9, 3175.83 1153.37, 3174.72 1152.59, 3174.14 1152.22, 3173.7 1152.01, 3173.33 1151.84, 3172.94 1151.53, 3172.56 1151.37, 3171.55 1151.09, 3170.59 1150.91, 3169.92 1150.72, 3168.93 1150.48, 3167.74 1150.25, 3167.09 1150.07, 3166.41 1149.86, 3165.54 1149.6, 3165.18 1149.49, 3163.53 1149.01, 3161.51 1148.4, 3160.91 1148.22, 3158.17 1147.4, 3157.71 1147.27, 3157.08 1147.06))",13.251849,12000,,,,,,
Alma Bridge,AB28,,AB28,"POLYGON ((3030.8 1127.9, 3029.57 1127.87, 3029.1 1127.85, 3028.65 1127.84, 3028.23 1127.83, 3027.54 1127.83, 3027.09 1127.98, 3026.56 1128.11, 3025.8 1128.43, 3025.73 1128.46, 3024.53 1128.99, 3023.71 1129.37, 3022.97 1129.69, 3022.6 1129.92, 3022.68 1130.04, 3022.63 1130.58, 3022.42 1130.96, 3021.88 1131.76, 3021.65 1132.11, 3021.33 1132.68, 3021.29 1132.96, 3021.18 1133.78, 3021.13 1134.13, 3021.08 1134.58, 3020.93 1135.72, 3020.82 1136.17, 3020.74 1136.46, 3020.53 1136.85, 3020.56 1137.45, 3020.56 1137.81, 3020.46 1138.93, 3020.3 1139.46, 3020.16 1139.81, 3020.22 1140.71, 3020.14 1141.29, 3020.01 1142.15, 3019.82 1143.41, 3019.73 1144.07, 3019.62 1144.9, 3019.57 1145.27, 3019.5 1145.69, 3019.58 1146.45, 3019.9 1146.77, 3019.91 1146.8, 3020.01 1147.47, 3020.02 1147.52, 3019.17 1148.46, 3018.5 1149.2, 3018.15 1149.58, 3017.9 1149.88, 3017.59 1150.29, 3017.33 1150.68, 3016.86 1151.43, 3016.32 1152.29, 3015.93 1152.92, 3015.54 1153.52, 3015.25 1153.96, 3014.8 1154.65, 3013.88 1156.05, 3013.68 1156.36, 3013.62 1156.43, 3013.01 1157.14, 3012.31 1157.94, 3012.55 1158.3, 3012.94 1158.86, 3013.16 1159.16, 3013.46 1159.55, 3013.69 1159.79, 3013.98 1160.01, 3014.41 1160.22, 3014.52 1160.28, 3014.88 1160.44, 3015.45 1160.68, 3015.72 1160.87, 3015.88 1160.9, 3016.64 1161.15, 3017.07 1161.33, 3017.76 1161.59, 3019.17 1162.17, 3019.55 1162.38, 3020.57 1163.16, 3021.62 1164.06, 3023.45 1165.63, 3023.74 1165.92, 3024.12 1166.34, 3024.57 1167.07, 3024.8 1167.46, 3025.21 1168.23, 3025.5 1168.81, 3025.74 1169.3, 3026.43 1170.61, 3026.79 1170.45, 3027.29 1170.2, 3027.76 1169.96, 3027.97 1170.39, 3028.38 1171.26, 3028.59 1171.7, 3030.14 1170.9, 3030.49 1170.74, 3030.85 1170.65, 3031.41 1170.54, 3032.35 1170.36, 3034.98 1169.82, 3035.07 1169.81, 3035.5 1169.72, 3035.91 1169.63, 3036.26 1169.55, 3036.81 1169.44, 3037.22 1169.37, 3037.17 1169.1, 3037.8 1168.94, 3038.46 1169.02, 3038.81 1168.87, 3039.21 1168.67, 3039.55 1168.5, 3039.88 1168.33, 3040.55 1167.99, 3040.92 1167.8, 3041.35 1167.58, 3041.32 1167.47, 3041.19 1166.92, 3041.07 1166.22, 3041.67 1166.29, 3042.33 1166.36, 3042.66 1166.41, 3043.41 1166.5, 3045.92 1166.91, 3046.78 1167.26, 3046.83 1167.17, 3047.62 1167.44, 3047.98 1167.57, 3048.33 1167.68, 3048.95 1167.9, 3049.32 1168.03, 3049.83 1166.72, 3050.82 1167.3, 3050.81 1167.77, 3050.94 1167.9, 3051.42 1167.57, 3051.91 1167.11, 3052.21 1166.87, 3052.58 1166.62, 3052.9 1166.44, 3053.23 1166.71, 3053.59 1166.93, 3054.36 1167.07, 3054.31 1167.34, 3054.66 1167.8, 3054.98 1168.06, 3055.32 1168.29, 3055.9 1168.23, 3056.11 1167.41, 3056.28 1166.74, 3056.68 1166.7, 3057.17 1166.66, 3057.74 1166.67, 3058.68 1166.72, 3059.07 1166.72, 3059.53 1166.71, 3059.89 1166.65, 3060.17 1166.6, 3060.74 1166.47, 3062.61 1165.98, 3063.49 1165.71, 3063.85 1165.46, 3064.29 1166.19, 3064.77 1166.89, 3065.31 1167.49, 3065.86 1167.12, 3066.07 1166.98, 3067.37 1166.58, 3068.62 1166.1, 3068.96 1165.98, 3069.61 1165.82, 3070.58 1165.58, 3070.64 1166.03, 3070.73 1166.32, 3071.36 1166.55, 3071.95 1166.67, 3073.33 1166.93, 3075.06 1167.16, 3075.43 1167.18, 3075.54 1167.17, 3075.95 1167.14, 3076.44 1167.14, 3076.76 1167.18, 3077.19 1167.22, 3077.29 1167.22, 3077.75 1167.21, 3078.27 1167.16, 3078.68 1167.16, 3078.97 1167.21, 3079.21 1167.14, 3079.56 1166.99, 3079.93 1166.87, 3080.42 1166.75, 3080.8 1166.7, 3081.45 1166.65, 3082.26 1166.45, 3082.74 1166.32, 3083.31 1166.2, 3083.68 1166.13, 3084.1 1166.07, 3084.24 1166.06, 3084.55 1166.06, 3085.03 1166.07, 3085.6 1166.06, 3086.73 1165.9, 3087.18 1165.89, 3087.56 1165.84, 3088.35 1165.74, 3089.14 1165.71, 3089.89 1165.7, 3090.93 1165.63, 3091.61 1165.56, 3091.99 1165.53, 3092.79 1165.44, 3092.17 1164.41, 3091.9 1164, 3091.62 1163.56, 3091.09 1162.82, 3090.82 1162.43, 3090.53 1161.95, 3090.31 1161.6, 3090.06 1161.22, 3089.98 1161.13, 3089.66 1160.66, 3089.37 1160.28, 3089.07 1159.9, 3088.88 1159.71, 3088.47 1159.4, 3088.09 1159.02, 3088 1158.93, 3087.7 1158.68, 3087.39 1158.46, 3086.76 1158.29, 3086.25 1158.18, 3084.73 1157.88, 3083.95 1157.66, 3083.28 1157.16, 3082.5 1156.6, 3082.79 1156.22, 3082.94 1155.77, 3083.16 1155.38, 3083.49 1155.18, 3084 1155.12, 3084 1143.35, 3083.9 1137.96, 3082.11 1138.16, 3079.88 1138.21, 3078.03 1138.19, 3076.51 1138.04, 3076.46 1137.4, 3076.37 1136.83, 3076.27 1136.17, 3076.17 1135.8, 3076.07 1135.29, 3075.96 1135.22, 3075.85 1135.15, 3075.38 1135.76, 3075.05 1136.18, 3074.57 1135.77, 3074.4 1135.82, 3073.65 1136.62, 3073.52 1136.69, 3073.34 1136.69, 3072.76 1136.43, 3072.12 1136.42, 3071.08 1136.51, 3069.64 1136.65, 3069 1136.71, 3068.36 1136.56, 3067.04 1135.82, 3066.94 1135.8, 3066.88 1135.85, 3066.79 1136.03, 3066.55 1136.33, 3065.99 1136.2, 3065.75 1136.65, 3065.7 1136.23, 3065.45 1135.86, 3065.37 1135.72, 3065.3 1135.6, 3064.82 1134.79, 3064.31 1134.13, 3063.67 1133.5, 3063.48 1133.32, 3063.19 1133.06, 3062.79 1132.68, 3062.38 1132.28, 3061.81 1131.65, 3061.47 1131.22, 3060.94 1130.76, 3060.48 1130.45, 3060.09 1130.18, 3059.01 1129.93, 3058.11 1129.68, 3057.66 1129.6, 3057.2 1129.6, 3056.72 1129.65, 3056.25 1129.66, 3055.71 1129.62, 3055.31 1129.59, 3054.93 1129.39, 3054.52 1129.2, 3053.95 1129.08, 3053.39 1128.96, 3051.94 1128.62, 3050.99 1128.41, 3050.6 1128.31, 3048.59 1127.84, 3047.02 1127.49, 3046.29 1127.33, 3045.83 1127.29, 3045.43 1127.27, 3045.26 1127.26, 3044.63 1127.26, 3043.83 1127.27, 3042.17 1127.24, 3041.68 1127.24, 3041.14 1127.24, 3040.97 1127.23, 3040.08 1127.21, 3038.97 1127.19, 3038.34 1127.17, 3038.06 1127.16, 3037.6 1127.13, 3037.23 1127.1, 3036.95 1127.12, 3036.38 1127.03, 3035.88 1126.93, 3035.36 1126.93, 3034.74 1126.97, 3034.8 1127.14, 3034.28 1127.35, 3033.91 1127.51, 3033.34 1127.71, 3032.93 1127.83, 3032.38 1127.91, 3031.74 1127.92, 3031.33 1127.91, 3030.8 1127.9))",37.69838,5500,,,,,,
Alma Bridge,AB27,,AB27,"POLYGON ((3086.15 1092, 3084 1092, 2930 1092, 2930 1104.45, 2928.75 1103.63, 2927.49 1103.57, 2926.21 1103.71, 2925.08 1104.27, 2923.69 1104.49, 2921.5 1104.94, 2919.88 1103.58, 2919.07 1103.92, 2919.05 1104.13, 2917.53 1105.95, 2918.65 1108.15, 2918.17 1109.41, 2916.56 1110.38, 2916.51 1112.22, 2916.48 1114.03, 2916.52 1115.54, 2915.87 1116.85, 2915.44 1118.33, 2914.34 1118.57, 2914.13 1120.01, 2913.81 1122.11, 2916.5 1121.3, 2918.31 1121.91, 2918.51 1122.53, 2919.88 1123.21, 2921.3 1123.03, 2922.61 1122.63, 2923.74 1121.05, 2924.9 1120.13, 2926.23 1119.44, 2927.49 1118.96, 2929.33 1118.39, 2930.11 1118.01, 2931.65 1117.68, 2932.94 1117.47, 2935.69 1117.04, 2937.45 1116.93, 2939.2 1117, 2941.08 1116.92, 2942.2 1117.2, 2943.62 1117.55, 2944.22 1117.78, 2945.2 1117.88, 2946.16 1118.18, 2946.64 1118.27, 2947.28 1118.34, 2948.06 1118.28, 2948.46 1118.3, 2949.7 1118.81, 2950.43 1119.31, 2951.31 1119.83, 2952.36 1120.26, 2952.96 1120.87, 2953.34 1121.19, 2953.88 1121.35, 2954.62 1121.43, 2954.77 1121.86, 2954.99 1122.76, 2955.47 1123.19, 2956.39 1124.02, 2956.96 1124.45, 2957.46 1124.79, 2957.9 1125.18, 2958.2 1125.35, 2958.44 1125.39, 2958.96 1125.23, 2959.25 1124.9, 2959.28 1124.86, 2962.35 1126.29, 2962.92 1126.6, 2963.81 1127.16, 2964.63 1127.79, 2965.73 1128.84, 2966.95 1130.32, 2967.61 1131.39, 2968.26 1132.74, 2968.76 1132.71, 2969.84 1132.94, 2970.39 1133.19, 2971.07 1133.62, 2971.65 1134.09, 2971.94 1134.29, 2972.19 1134.41, 2972.78 1134.51, 2972.94 1134.66, 2973.59 1135.07, 2973.72 1135.2, 2974.08 1136.11, 2974.54 1136.81, 2975.22 1135.9, 2975.49 1135.52, 2976.73 1133.41, 2977.26 1132.63, 2977.52 1132.33, 2978.06 1131.86, 2979.29 1131.31, 2980.25 1130.99, 2980.61 1130.9, 2981.5 1130.66, 2981.95 1130.45, 2982.77 1130.03, 2983.22 1129.81, 2983.82 1129.49, 2984.12 1129.8, 2984.89 1130.23, 2985.56 1130.54, 2985.9 1130.8, 2986.26 1130.87, 2986.64 1131.01, 2987.12 1131.07, 2988.07 1131.03, 2989.34 1131.25, 2989.39 1131.26, 2990.4 1131.49, 2990.93 1131.56, 2991.51 1131.71, 2992.03 1131.83, 2992.55 1132.03, 2993.35 1132.29, 2993.72 1132.43, 2994.11 1132.56, 2994.46 1132.71, 2994.61 1132.74, 2994.71 1132.63, 2994.67 1132.1, 2994.97 1132.08, 2995.58 1132.1, 2996.04 1132.31, 2997.41 1133.1, 2997.73 1133.29, 2997.9 1133.39, 2998.21 1133.58, 2998.71 1133.67, 2999.1 1133.69, 2999.52 1133.62, 2999.91 1133.6, 3000.12 1133.62, 3000.65 1133.81, 3001.57 1134.24, 3002.56 1134.74, 3002.61 1134.75, 3003.52 1134.86, 3004.57 1135.04, 3005.01 1135.03, 3005.6 1135.01, 3006.41 1135.2, 3006.53 1135.22, 3007.44 1135.26, 3008.38 1135.32, 3008.52 1135.32, 3009.02 1135.32, 3009.84 1135.31, 3010.9 1135.29, 3011.87 1135.29, 3012.6 1135.26, 3013.26 1135.13, 3013.66 1135.13, 3013.92 1135.2, 3014.73 1135.39, 3015.43 1135.54, 3015.68 1135.96, 3016.04 1136.05, 3016.47 1136.22, 3017.1 1136.54, 3017.57 1136.99, 3017.74 1137.16, 3018.11 1137.54, 3018.36 1137.76, 3018.77 1138.11, 3019.33 1138.56, 3019.52 1138.78, 3019.72 1139.16, 3020.1 1139.74, 3020.16 1139.81, 3020.3 1139.46, 3020.46 1138.93, 3020.56 1137.81, 3020.56 1137.45, 3020.53 1136.85, 3020.74 1136.46, 3020.82 1136.17, 3020.93 1135.72, 3021.08 1134.58, 3021.13 1134.13, 3021.18 1133.78, 3021.29 1132.96, 3021.33 1132.68, 3021.65 1132.11, 3021.88 1131.76, 3022.42 1130.96, 3022.63 1130.58, 3022.68 1130.04, 3022.6 1129.92, 3022.97 1129.69, 3023.71 1129.37, 3024.53 1128.99, 3025.73 1128.46, 3025.8 1128.43, 3026.56 1128.11, 3027.09 1127.98, 3027.54 1127.83, 3028.23 1127.83, 3028.65 1127.84, 3029.1 1127.85, 3029.57 1127.87, 3030.8 1127.9, 3031.33 1127.91, 3031.74 1127.92, 3032.38 1127.91, 3032.93 1127.83, 3033.34 1127.71, 3033.91 1127.51, 3034.28 1127.35, 3034.8 1127.14, 3034.74 1126.97, 3035.36 1126.93, 3035.88 1126.93, 3036.38 1127.03, 3036.95 1127.12, 3037.23 1127.1, 3037.6 1127.13, 3038.06 1127.16, 3038.34 1127.17, 3038.97 1127.19, 3040.08 1127.21, 3040.97 1127.23, 3041.14 1127.24, 3041.68 1127.24, 3042.17 1127.24, 3043.83 1127.27, 3044.63 1127.26, 3045.26 1127.26, 3045.43 1127.27, 3045.83 1127.29, 3046.29 1127.33, 3047.02 1127.49, 3048.59 1127.84, 3050.6 1128.31, 3050.99 1128.41, 3051.94 1128.62, 3053.39 1128.96, 3053.95 1129.08, 3054.52 1129.2, 3054.93 1129.39, 3055.31 1129.59, 3055.71 1129.62, 3056.25 1129.66, 3056.72 1129.65, 3057.2 1129.6, 3057.66 1129.6, 3058.11 1129.68, 3059.01 1129.93, 3060.09 1130.18, 3060.48 1130.45, 3060.94 1130.76, 3061.47 1131.22, 3061.81 1131.65, 3062.38 1132.28, 3062.79 1132.68, 3063.19 1133.06, 3063.48 1133.32, 3063.67 1133.5, 3064.31 1134.13, 3064.82 1134.79, 3065.3 1135.6, 3065.37 1135.72, 3065.45 1135.86, 3065.7 1136.23, 3065.75 1136.65, 3065.99 1136.2, 3066.55 1136.33, 3066.79 1136.03, 3066.88 1135.85, 3066.94 1135.8, 3067.04 1135.82, 3068.36 1136.56, 3069 1136.71, 3069.64 1136.65, 3071.08 1136.51, 3072.12 1136.42, 3072.76 1136.43, 3073.34 1136.69, 3073.52 1136.69, 3073.65 1136.62, 3074.4 1135.82, 3074.57 1135.77, 3075.05 1136.18, 3075.38 1135.76, 3075.85 1135.15, 3075.96 1135.22, 3076.07 1135.29, 3075.96 1134.59, 3075.86 1133.85, 3075.86 1132.85, 3075.91 1132.33, 3076.02 1131.85, 3076.56 1130.67, 3076.88 1129.82, 3077.02 1129.33, 3077.31 1127.97, 3077.46 1127.05, 3077.53 1126.13, 3077.68 1125.55, 3077.91 1124.74, 3077.98 1124.43, 3078.16 1123.32, 3078.33 1122.52, 3078.61 1121.65, 3078.72 1121.1, 3078.78 1120.58, 3078.74 1120.16, 3078.71 1119.92, 3078.67 1119.38, 3078.67 1119.34, 3078.78 1118.55, 3078.87 1118.31, 3079.26 1117.09, 3079.4 1116.74, 3079.69 1116.01, 3079.9 1115.25, 3079.98 1114.83, 3080.06 1114.24, 3080.1 1113.88, 3080.18 1113.36, 3080.37 1112.29, 3080.54 1111.59, 3080.64 1111.07, 3080.67 1110.46, 3084 1109.97, 3084 1101.02, 3084.08 1101.02, 3084.19 1101.01, 3084.34 1099.22, 3084.52 1098.65, 3084.6 1098.26, 3084.65 1097.69, 3084.64 1097.13, 3084.67 1096.68, 3084.68 1096.29, 3084.71 1095.76, 3084.74 1095.35, 3084.82 1094.76, 3084.94 1094.24, 3085.02 1093.8, 3085.22 1093.36, 3085.38 1093.03, 3085.59 1092.69, 3085.77 1092.48, 3085.85 1092.37, 3086.15 1092))",91.158447,500,,,,,,
Alma Bridge,AB17,,AB17,"POLYGON ((3194.35 1092.85, 3194.17 1093.35, 3194.15 1093.44, 3194.13 1093.95, 3194 1094.04, 3193.99 1094.03, 3193.91 1094.17, 3193.69 1094.48, 3192.92 1095.31, 3192.03 1095.81, 3191.9 1095.89, 3191.79 1095.95, 3190.42 1096.88, 3189.94 1097.71, 3189.29 1098.36, 3189.04 1098.66, 3188.86 1098.94, 3188.66 1099.05, 3187.4 1100.04, 3187.37 1100.07, 3186.85 1100.67, 3186.42 1101.35, 3185.83 1101.67, 3185.14 1101.72, 3184.25 1101.62, 3183.04 1101.87, 3182.22 1102.16, 3181.94 1102.46, 3181.79 1102.55, 3182.35 1104.34, 3182.52 1105.14, 3182.53 1106.2, 3182.39 1107.12, 3181.93 1108.55, 3181.86 1108.71, 3181.61 1109.16, 3181.38 1109.32, 3181.59 1109.56, 3181.3 1110.53, 3181.12 1111.56, 3180.89 1111.64, 3180.32 1111.46, 3180.31 1111.91, 3180.3 1112.19, 3180.29 1112.45, 3179.67 1113.67, 3179.03 1114.6, 3179.01 1114.74, 3179.1 1115.59, 3179.14 1115.83, 3179.32 1116.74, 3178.14 1116.96, 3177.4 1117.1, 3177.58 1117.98, 3177.61 1118.11, 3177.81 1119.12, 3177.83 1119.21, 3178.13 1120.65, 3178.39 1121.99, 3178.65 1123.35, 3178.72 1124.03, 3178.83 1124.76, 3178.88 1125.07, 3178.92 1125.4, 3179 1126.05, 3179.1 1126.87, 3179.27 1127.57, 3179.51 1128.85, 3179.66 1129.99, 3180.06 1132.69, 3181.07 1136.01, 3182.89 1135.81, 3185.63 1136, 3188.05 1136.66, 3188.38 1136.9, 3188.69 1137.13, 3189.16 1137.43, 3189.43 1137.61, 3189.47 1137.22, 3189.52 1136.84, 3189.57 1136.39, 3189.59 1136.02, 3190.99 1136, 3193.05 1136, 3201.44 1136, 3202.63 1136.04, 3202.61 1136.58, 3202.58 1137.97, 3202.96 1137.98, 3203.32 1138.03, 3203.78 1138.02, 3204.17 1137.93, 3204.28 1137.9, 3204.63 1137.79, 3205.11 1137.64, 3205.44 1137.56, 3205.66 1137.54, 3206.13 1137.52, 3206.29 1137.54, 3206.53 1137.57, 3207.15 1137.69, 3207.28 1137.52, 3207.52 1137.25, 3207.86 1136.85, 3208.2 1136.46, 3208.38 1136.18, 3208.46 1136.18, 3209.39 1136.22, 3209.61 1136.05, 3209.92 1136, 3216.5 1136, 3217.1 1135.99, 3217.94 1136.04, 3218.71 1136.19, 3219.1 1136.27, 3219.75 1136.2, 3220.25 1136.32, 3220.41 1136.06, 3220.6 1136, 3220.84 1136, 3221.13 1135.99, 3221.48 1136, 3226 1136, 3226 1092, 3217.11 1092, 3217.07 1092.12, 3216.74 1093.12, 3216.29 1093.17, 3216.05 1093.19, 3215.36 1093.26, 3214.09 1093.39, 3213.8 1093.42, 3213.49 1093.46, 3212.39 1093.46, 3211.1 1093.39, 3209.73 1093.32, 3208.87 1093.44, 3207.49 1094.4, 3206.52 1094.75, 3206.59 1093.49, 3206.24 1092.56, 3206.04 1092.34, 3205.57 1092, 3194.78 1092, 3194.61 1092.33, 3194.36 1092.73, 3194.35 1092.85))",29.836932,10000,,,,,,
Alma Bridge,AB21,,AB21,"POLYGON ((3226 960, 3205 960, 3205 1004, 3204.95 1005.54, 3204.89 1006.82, 3205.93 1006.74, 3207.25 1006.66, 3207.4 1006.68, 3208.63 1006.83, 3209.61 1006.89, 3210.06 1006.92, 3210.6 1006.94, 3210.78 1006.92, 3211.04 1006.99, 3212.02 1006.98, 3212.45 1007.01, 3213.25 1007.16, 3214.11 1007.07, 3214.87 1006.78, 3215.09 1006.04, 3215.26 1005.29, 3215.34 1004.8, 3215.49 1004.31, 3215.53 1004, 3226 1004, 3226 960))",14.863324,4050,,,,,,
Alma Bridge,AB20,,AB20,"POLYGON ((3195.55 1024.47, 3195.77 1025.02, 3195.82 1026.04, 3195.78 1026.6, 3195.61 1027.02, 3195.3 1027.56, 3194.93 1027.27, 3194.46 1026.89, 3194.28 1026.75, 3194 1026.48, 3194 1026.6, 3193.69 1026.43, 3193.21 1026.26, 3192.26 1025.93, 3191.81 1025.77, 3191.25 1025.65, 3190.81 1025.72, 3190.65 1025.69, 3190.4 1025.78, 3190.32 1025.98, 3189.61 1026.86, 3189.36 1027.29, 3189.18 1027.85, 3188.96 1028.86, 3189.34 1028.99, 3189.64 1029.61, 3189.86 1030.1, 3190.3 1030.74, 3190.49 1031.22, 3190.6 1031.59, 3190.67 1032.01, 3190.53 1032.42, 3190.39 1032.77, 3190.25 1033.21, 3190.27 1033.69, 3190.3 1035.82, 3190.3 1036.75, 3189.81 1037.6, 3191.6 1038.65, 3191.13 1039.25, 3190.89 1039.55, 3190.71 1039.91, 3190.71 1039.91, 3190.69 1040.03, 3190.54 1040.19, 3190.28 1040.31, 3190.21 1040.29, 3190.55 1040.52, 3191.12 1040.73, 3191.62 1040.86, 3191.82 1041, 3191.91 1041.1, 3192.04 1041.33, 3192.06 1041.35, 3192.06 1041.67, 3191.97 1042.65, 3192.03 1043.84, 3192.11 1044.28, 3192.22 1044.53, 3192.7 1045.25, 3192.86 1045.61, 3192.91 1046.07, 3192.87 1046.62, 3192.82 1047, 3192.7 1047.73, 3192.63 1048.08, 3192.52 1048.76, 3192.51 1049.36, 3192.58 1049.92, 3192.76 1050.62, 3192.99 1051.05, 3193.2 1051.71, 3192.83 1052.22, 3193.37 1052.57, 3193.49 1052.73, 3193.74 1053.02, 3194.6 1053.88, 3194.87 1054.15, 3195.64 1054.97, 3195.64 1055.06, 3195.75 1055.08, 3196.06 1055.36, 3196.35 1055.56, 3196.86 1055.78, 3197.18 1056, 3197.52 1056.17, 3197.63 1056.28, 3197.68 1056.3, 3197.96 1056.63, 3198.01 1056.8, 3197.72 1057.02, 3197.69 1057.03, 3197.13 1057.23, 3196.45 1057.32, 3196.34 1057.33, 3195.77 1057.61, 3195.03 1057.76, 3194.69 1057.98, 3194.11 1058.33, 3193.96 1058.51, 3193.76 1058.67, 3193.37 1059.01, 3192.84 1059.45, 3192.55 1059.7, 3192.25 1060.01, 3191.89 1060.37, 3191.81 1060.44, 3191.52 1060.72, 3190.8 1061.19, 3191.02 1061.33, 3191.2 1061.44, 3191.32 1061.56, 3191.44 1061.69, 3191.65 1061.9, 3191.59 1062.44, 3191.71 1062.8, 3191.9 1063.25, 3192.08 1063.71, 3192.46 1064.63, 3192.9 1065.4, 3193.23 1066.09, 3193.66 1067, 3193.89 1067.51, 3194.03 1067.83, 3194.42 1068.64, 3194.64 1069.06, 3194.84 1069.34, 3195.29 1069.51, 3195.57 1069.48, 3195.67 1069.47, 3195.79 1069.44, 3196.17 1069.37, 3196.44 1069.31, 3196.89 1069.19, 3197.07 1069.06, 3197.37 1069.08, 3198.04 1068.98, 3198.35 1068.97, 3198.49 1068.95, 3198.64 1068.95, 3199.23 1068.9, 3199.6 1068.87, 3200.05 1068.85, 3200.41 1068.92, 3200.88 1069.19, 3201.28 1069.34, 3201.83 1069.22, 3202.08 1069.09, 3202.48 1068.93, 3203.26 1069.09, 3203.09 1069.44, 3202.73 1069.91, 3203.01 1070.18, 3203.35 1070.34, 3203.97 1070.18, 3204.34 1069.93, 3204.95 1069.6, 3205.65 1069.11, 3206.11 1069.05, 3206.11 1069.73, 3206.08 1070.41, 3205.98 1070.92, 3205.75 1071.58, 3205.57 1071.96, 3205.08 1072.83, 3204.18 1074.42, 3203.84 1074.99, 3202.76 1076.46, 3202.45 1077.07, 3202.33 1077.58, 3202.51 1077.93, 3203.06 1079.48, 3203.29 1080.73, 3203.33 1080.87, 3203.42 1081.12, 3203.87 1082.39, 3202.95 1082.8, 3201.59 1083.85, 3201 1084.28, 3199.94 1085.12, 3200.2 1085.46, 3200.4 1085.7, 3201.23 1086.84, 3201.82 1087.62, 3202.38 1088.41, 3202.78 1088.99, 3203.04 1089.36, 3203.3 1089.77, 3203.6 1090.23, 3204.08 1090.95, 3204.74 1091.52, 3205.35 1091.85, 3205.42 1091.89, 3205.57 1092, 3206.04 1092.34, 3206.24 1092.56, 3206.59 1093.49, 3206.52 1094.75, 3207.49 1094.4, 3208.87 1093.44, 3209.73 1093.32, 3211.1 1093.39, 3212.39 1093.46, 3213.49 1093.46, 3213.8 1093.42, 3214.09 1093.39, 3215.36 1093.26, 3216.05 1093.19, 3216.29 1093.17, 3216.74 1093.12, 3217.07 1092.12, 3217.11 1092, 3226 1092, 3226 1004, 3215.53 1004, 3215.49 1004.31, 3215.34 1004.8, 3215.26 1005.29, 3215.09 1006.04, 3214.87 1006.78, 3214.11 1007.07, 3213.25 1007.16, 3212.45 1007.01, 3212.02 1006.98, 3211.04 1006.99, 3210.78 1006.92, 3210.6 1006.94, 3210.06 1006.92, 3209.61 1006.89, 3208.63 1006.83, 3207.4 1006.68, 3207.25 1006.66, 3205.93 1006.74, 3204.89 1006.82, 3204.47 1006.8, 3203.69 1006.72, 3203.17 1006.62, 3203.09 1006.58, 3203.05 1006.92, 3203.44 1007, 3204.59 1007.67, 3205.72 1008.33, 3206.72 1008.97, 3207.39 1009.37, 3207.01 1010, 3206.99 1010.39, 3207.24 1010.98, 3207.03 1011.51, 3206.78 1012.07, 3206.53 1012.67, 3206.41 1012.9, 3206.19 1013.52, 3205.93 1014.36, 3205.88 1014.74, 3205.34 1014.7, 3204.01 1014.63, 3203.52 1014.61, 3203.09 1014.61, 3202.39 1014.57, 3201.96 1014.55, 3201.51 1014.54, 3200.55 1014.65, 3200.02 1014.82, 3199.61 1015.02, 3199.11 1015.32, 3198.2 1015.8, 3197.84 1016.11, 3197.44 1016.67, 3197.27 1017.01, 3197.1 1017.48, 3196.91 1018.01, 3196.58 1019.01, 3196.23 1020.1, 3196.01 1020.8, 3195.75 1021.99, 3195.59 1022.85, 3195.55 1023.24, 3195.55 1024.47))",39.153857,9250,,,,,,
Alma Bridge,AB16,,AB16,"POLYGON ((3188.69 1137.13, 3188.38 1136.9, 3188.05 1136.66, 3185.63 1136, 3182.89 1135.81, 3181.07 1136.01, 3181.12 1136.26, 3181.28 1136.79, 3181.52 1137.11, 3181.62 1137.25, 3181.84 1137.63, 3181.87 1137.69, 3182.24 1138.3, 3182.46 1138.71, 3182.62 1139.08, 3182.8 1139.43, 3182.99 1139.75, 3183.15 1140.11, 3183.21 1140.26, 3183.33 1140.66, 3183.44 1141.16, 3183.52 1141.98, 3183.61 1142.54, 3183.7 1142.86, 3183.91 1143.42, 3184.02 1143.8, 3184.08 1144.01, 3184.15 1144.04, 3184.18 1144.24, 3184.27 1144.68, 3184.28 1144.8, 3184.28 1145.21, 3184.22 1145.68, 3184.12 1146.1, 3183.8 1146.86, 3183.79 1147.03, 3183.85 1147.54, 3183.75 1147.62, 3183.75 1148.28, 3183.91 1148.8, 3183.91 1149.4, 3184.05 1150.18, 3184.1 1150.57, 3184.12 1150.96, 3184.14 1151.34, 3184.14 1151.46, 3184.13 1151.59, 3184.08 1152.05, 3184.04 1152.45, 3184.04 1152.9, 3184.05 1153.31, 3184.07 1153.79, 3184.07 1154.79, 3184.06 1155.42, 3184.83 1155.31, 3185.37 1155.24, 3185.76 1155.21, 3186.23 1155.17, 3186.75 1155.11, 3187.58 1155.05, 3188.16 1154.98, 3188.69 1154.94, 3189.35 1154.92, 3190 1154.94, 3190.66 1154.97, 3191.23 1154.96, 3191.63 1154.93, 3192.68 1154.81, 3194.38 1154.82, 3195.05 1154.8, 3196.14 1154.78, 3196.68 1154.62, 3197.32 1154.32, 3197.69 1154.14, 3198.07 1153.96, 3198.68 1153.64, 3199.27 1153.39, 3199.91 1153.07, 3200.11 1152.96, 3200.25 1152.89, 3200.78 1152.8, 3201.21 1152.7, 3201.89 1152.64, 3202.82 1152.74, 3203.8 1152.81, 3205.3 1152.9, 3206.79 1152.97, 3207.37 1152.99, 3209.11 1153.3, 3210.43 1153.39, 3211.74 1153.44, 3212.62 1153.42, 3213.33 1153.52, 3213.58 1153.54, 3213.79 1153.55, 3218.48 1153.73, 3222.13 1153.8, 3222.91 1156.01, 3224.06 1157.63, 3226 1157.75, 3226 1136, 3221.48 1136, 3221.13 1135.99, 3220.84 1136, 3220.6 1136, 3220.41 1136.06, 3220.25 1136.32, 3219.75 1136.2, 3219.1 1136.27, 3218.71 1136.19, 3217.94 1136.04, 3217.1 1135.99, 3216.5 1136, 3209.92 1136, 3209.61 1136.05, 3209.39 1136.22, 3208.46 1136.18, 3208.38 1136.18, 3208.2 1136.46, 3207.86 1136.85, 3207.52 1137.25, 3207.28 1137.52, 3207.15 1137.69, 3206.53 1137.57, 3206.29 1137.54, 3206.13 1137.52, 3205.66 1137.54, 3205.44 1137.56, 3205.11 1137.64, 3204.63 1137.79, 3204.28 1137.9, 3204.17 1137.93, 3203.78 1138.02, 3203.32 1138.03, 3202.96 1137.98, 3202.58 1137.97, 3202.61 1136.58, 3202.63 1136.04, 3201.44 1136, 3193.05 1136, 3191.07 1136.01, 3190.86 1136, 3190.83 1136.02, 3189.59 1136.02, 3189.57 1136.39, 3189.52 1136.84, 3189.47 1137.22, 3189.43 1137.61, 3189.16 1137.43, 3188.69 1137.13))",11.853456,10000,,,,,,
Alma Bridge,AB09,,AB09,"POLYGON ((3122.32 1161.85, 3122.2 1161.68, 3121.64 1161.71, 3121.34 1161.78, 3120.56 1161.9, 3120.01 1161.99, 3119.41 1162.09, 3119.02 1162.17, 3118.48 1162.27, 3117.78 1162.42, 3117.14 1162.58, 3116.74 1162.7, 3116.83 1163.15, 3116.84 1163.25, 3116.74 1163.87, 3116.69 1164.13, 3116.59 1164.75, 3116.55 1165.12, 3116.53 1165.53, 3116.53 1165.83, 3116.5 1166.25, 3116.48 1166.73, 3116.51 1167.11, 3116.52 1167.48, 3116.51 1167.54, 3116.48 1168.38, 3116.51 1168.66, 3116.39 1168.71, 3116.48 1169.3, 3116.54 1169.84, 3116.64 1170.59, 3116.69 1171.03, 3116.76 1171.59, 3116.77 1171.66, 3116.88 1172.03, 3117.32 1172.71, 3117.61 1172.99, 3118 1173.38, 3118.28 1173.7, 3118.7 1174.21, 3118.84 1174.39, 3118.89 1174.48, 3120.07 1176.1, 3120.49 1176.59, 3120.93 1177.06, 3121.21 1177.39, 3121.19 1177.82, 3121.23 1177.87, 3121.39 1177.82, 3121.76 1177.84, 3122.31 1177.86, 3122.74 1177.87, 3123.41 1177.91, 3124 1177.99, 3124.31 1178.09, 3124.32 1178.08, 3125 1178.12, 3125.5 1178.18, 3126.16 1178.16, 3126.87 1177.96, 3127.18 1178.22, 3127.44 1178.51, 3127.48 1179, 3128 1179, 3128 1181.82, 3128 1181.82, 3128.23 1181.96, 3128.74 1182.45, 3129.5 1183.36, 3129.81 1183.68, 3130.38 1183.67, 3130.96 1183.58, 3133.17 1183.21, 3133.37 1183.26, 3133.74 1183.09, 3134.34 1182.99, 3134.96 1182.89, 3135.74 1182.71, 3136.63 1182.54, 3137.27 1182.55, 3137.73 1182.57, 3138.29 1182.59, 3138.79 1182.68, 3139.04 1182.72, 3139.72 1182.83, 3140.22 1182.87, 3140.65 1182.89, 3141.1 1182.87, 3141.96 1182.94, 3142.54 1183.02, 3143.28 1183.23, 3143.46 1183.3, 3143.96 1183.38, 3144.87 1183.45, 3145.41 1183.64, 3146.21 1184.05, 3146.54 1184.2, 3146.95 1184.33, 3147.39 1184.47, 3147.83 1184.61, 3147.92 1184.64, 3147.99 1184.66, 3148.18 1184.72, 3149.02 1185.01, 3149.49 1185.45, 3150.79 1186.91, 3150.95 1186.34, 3150.97 1185.94, 3150.98 1185.16, 3150.98 1184.64, 3150.99 1184.24, 3151.01 1183.1, 3151.02 1182.67, 3151.04 1181.4, 3151.04 1180.7, 3151.05 1179.72, 3151.07 1178.29, 3151.08 1178.21, 3151.08 1177.75, 3151.08 1177.53, 3151.09 1176.92, 3151.09 1176.66, 3151.07 1176.17, 3151.05 1175.68, 3151.01 1175.08, 3150.96 1174.63, 3150.96 1174.11, 3150.99 1173.62, 3151.02 1173.18, 3151.04 1172.65, 3151.05 1171.87, 3151.03 1171.19, 3150.97 1169.86, 3150.9 1168.56, 3150.88 1168.05, 3150.86 1167.64, 3150.84 1167.08, 3150.84 1166.3, 3150.82 1165.24, 3150.73 1163.57, 3150.61 1161.76, 3150.21 1159.67, 3150.08 1158.95, 3149.78 1158, 3149.76 1158, 3149.4 1157.06, 3147.75 1156.11, 3147.7 1156.1, 3147.2 1155.65, 3146.99 1155.66, 3146.67 1155.9, 3146.32 1156.08, 3144.73 1157.11, 3143.31 1157.96, 3143.05 1158.2, 3142.53 1158.74, 3141.86 1159.1, 3141.42 1159.39, 3141.02 1159.74, 3140.36 1160.43, 3139.72 1160.92, 3138.89 1161.23, 3137.88 1161.54, 3137.49 1161.65, 3136.98 1161.79, 3136.34 1161.9, 3135.86 1161.98, 3134.87 1162.16, 3133.86 1162.34, 3133.27 1162.46, 3132.27 1162.72, 3131.67 1162.92, 3131.09 1163.25, 3130.6 1163.45, 3130.09 1163.8, 3129.52 1164.1, 3129.08 1164.26, 3128.58 1164.35, 3128 1164.42, 3127.79 1164.39, 3127.61 1164.19, 3126.91 1163.95, 3126.48 1163.81, 3126.13 1163.63, 3125.49 1163.27, 3125.1 1162.95, 3124.8 1162.69, 3124.32 1162.31, 3124.07 1162.14, 3123.68 1161.97, 3123.28 1161.9, 3122.9 1161.82, 3122.54 1161.73, 3122.32 1161.85))",10.803664,6000,,,,,,
Alma Bridge,AB08,,AB08,"POLYGON ((3114.7 1184.05, 3114.35 1184.2, 3113.49 1184.57, 3113.05 1184.87, 3112.65 1185.29, 3112.68 1185.45, 3112.57 1185.51, 3112.51 1185.79, 3111.7 1186.16, 3111.22 1186.38, 3110.85 1186.71, 3110.71 1187.3, 3110.21 1187.47, 3109.37 1188.79, 3109.24 1189.01, 3108.94 1189.47, 3108.85 1189.61, 3108.9 1189.67, 3108.72 1189.99, 3108.64 1190.08, 3108.38 1190.4, 3108.16 1190.66, 3107.79 1191.06, 3107.44 1191.41, 3106.66 1192.17, 3106.4 1192.43, 3106.03 1192.93, 3106.58 1193.19, 3107.05 1193.53, 3107.69 1193.95, 3108.41 1194.43, 3108.61 1194.56, 3109.36 1195.06, 3110.26 1195.71, 3110.63 1195.99, 3110.99 1196.33, 3111.42 1196.79, 3111.43 1196.79, 3112.45 1198.01, 3112.95 1198.82, 3113.22 1199.32, 3113.4 1199.68, 3113.69 1200.32, 3114.15 1201.24, 3114.31 1201.31, 3114.34 1201.48, 3114.26 1201.6, 3114.48 1201.98, 3114.86 1202.82, 3115.16 1203.4, 3115.56 1204.18, 3115.8 1203.91, 3116 1203.49, 3116.21 1203.35, 3116.66 1202.61, 3116.8 1202.28, 3116.96 1201.9, 3117.07 1201.66, 3117.48 1200.81, 3117.99 1201.06, 3118.55 1201.34, 3118.39 1201.74, 3119.3 1202.08, 3119.76 1202.28, 3119.69 1202.47, 3119.5 1203.05, 3119.9 1203.19, 3120.59 1203.44, 3120.98 1203.56, 3121.61 1203.73, 3122.32 1203.88, 3123.33 1204.2, 3123.39 1204.22, 3123.94 1204.45, 3124.81 1204.93, 3125.49 1205.42, 3126.52 1206.2, 3126.8 1206.41, 3128.13 1207.36, 3128.26 1207.46, 3129.84 1208.56, 3130.71 1208.98, 3131.28 1209.18, 3131.85 1209.33, 3133.42 1209.59, 3134.47 1209.6, 3136.1 1209.42, 3135.92 1208.88, 3135.73 1208.47, 3135.49 1208, 3135.05 1207.77, 3134.9 1207.64, 3134.61 1206.76, 3134.37 1206.06, 3134.05 1205.25, 3133.86 1204.77, 3133.69 1204.24, 3133.54 1203.74, 3133.37 1203.16, 3133.29 1202.76, 3133.14 1202.05, 3133.02 1201.54, 3132.87 1200.95, 3132.75 1200.53, 3132.61 1199.52, 3132.54 1199.01, 3132.35 1197.79, 3132.23 1197.33, 3132.11 1197, 3131.94 1196.45, 3131.93 1196.41, 3131.88 1196.2, 3131.77 1195.49, 3131.73 1195.03, 3131.64 1194.53, 3131.62 1194.24, 3131.63 1193.97, 3131.61 1193.66, 3131.54 1193.09, 3131.2 1193.05, 3131.21 1192.77, 3131.13 1191.55, 3131.09 1191.05, 3131.07 1190.76, 3130.97 1189.97, 3130.96 1189.2, 3130.84 1188.69, 3130.46 1188.04, 3130.18 1187.6, 3130.04 1187.22, 3130.33 1186.51, 3130.43 1186.05, 3130.39 1185.57, 3130.09 1184.75, 3129.92 1184.3, 3129.81 1183.68, 3129.5 1183.36, 3128.74 1182.45, 3128.23 1181.96, 3128 1181.82, 3128 1181.82, 3128 1179, 3127.48 1179, 3127.44 1178.51, 3127.18 1178.22, 3126.87 1177.96, 3126.16 1178.16, 3125.5 1178.18, 3125 1178.12, 3124.32 1178.08, 3124.31 1178.09, 3124 1177.99, 3123.41 1177.91, 3122.74 1177.87, 3122.31 1177.86, 3121.76 1177.84, 3121.39 1177.82, 3121.23 1177.87, 3121.13 1178.04, 3120.76 1178.24, 3120.63 1178.28, 3119.96 1178.69, 3119.24 1179.27, 3118.92 1179.51, 3118.62 1179.75, 3118.29 1180, 3117.87 1180.33, 3117.38 1180.78, 3116.19 1181.88, 3115.95 1182.13, 3115.12 1182.9, 3114.94 1183.5, 3114.92 1183.76, 3114.7 1184.05))",7.933728,10000,,,,,,
Alma Bridge,AB02,,AB02,"POLYGON ((3054.98 1168.06, 3054.66 1167.8, 3054.31 1167.34, 3054.36 1167.07, 3053.59 1166.93, 3053.23 1166.71, 3052.9 1166.44, 3052.58 1166.62, 3052.21 1166.87, 3051.91 1167.11, 3051.42 1167.57, 3050.94 1167.9, 3050.8 1168.04, 3051.16 1168.42, 3050.84 1168.87, 3050.33 1169.64, 3049.93 1169.43, 3049.32 1169.34, 3049.22 1169.39, 3049.31 1169.8, 3049.34 1170.54, 3049.4 1170.97, 3049.48 1171.48, 3049.59 1172.03, 3049.62 1172.23, 3049.68 1172.58, 3049.86 1173.68, 3049.91 1174.08, 3050.02 1175.09, 3050.13 1175.52, 3049.97 1175.67, 3049.52 1176.07, 3048.5 1176.53, 3047.32 1177.17, 3046.34 1177.81, 3045.49 1178.44, 3044.93 1178.93, 3044.16 1179.7, 3043.99 1180.11, 3043.67 1180.87, 3043.3 1181.13, 3042.98 1181.44, 3042.74 1182.16, 3042.78 1182.37, 3043.29 1182.7, 3042.7 1182.67, 3042.61 1182.74, 3042.44 1183.12, 3042.38 1183.53, 3042.39 1183.85, 3042.17 1185.04, 3041.91 1186.22, 3041.78 1186.96, 3041.72 1187.31, 3041.71 1187.47, 3041.73 1187.75, 3041.7 1187.94, 3041.46 1187.97, 3041.22 1188.31, 3041.04 1188.71, 3040.73 1189.55, 3040.3 1190.16, 3039.84 1190.62, 3039.85 1190.82, 3039.73 1190.97, 3039.29 1191.55, 3038.95 1192.13, 3038.49 1192.8, 3038.31 1193.05, 3037.99 1193.6, 3037.76 1194.06, 3037.72 1194.25, 3037.61 1194.3, 3037.06 1195.41, 3036.88 1195.74, 3036.41 1196.67, 3036.21 1197.1, 3036.17 1197.19, 3036.16 1197.65, 3036.17 1197.72, 3036.23 1197.83, 3036.61 1198.23, 3036.76 1198.44, 3037.28 1199.21, 3037.83 1200.01, 3038.26 1200.58, 3039.12 1200, 3039.76 1199.58, 3040.96 1198.78, 3041.54 1198.38, 3041.95 1198.14, 3042.37 1198.13, 3042.78 1198.27, 3043.13 1198.42, 3043.1 1198.03, 3043.06 1197.61, 3043.79 1197.85, 3044.19 1197.86, 3044.36 1197.81, 3044.51 1198.05, 3045.25 1198.2, 3045.75 1198.29, 3046.25 1198.31, 3046.45 1198.31, 3046.58 1198.5, 3047.05 1198.44, 3047.41 1198.33, 3047.77 1198.2, 3048.35 1198.01, 3048.6 1197.95, 3049.13 1197.82, 3049.6 1197.74, 3050.13 1198.09, 3050.3 1198.22, 3050.73 1198.64, 3050.88 1198.8, 3051.29 1199.21, 3051.77 1199.77, 3052 1200.1, 3052.4 1200.41, 3052.82 1200.62, 3053.08 1201, 3053.61 1201.27, 3054.49 1201.49, 3054.96 1201.53, 3055.97 1201.61, 3056.09 1201.62, 3056.48 1201.65, 3056.86 1201.66, 3057.28 1201.67, 3057.64 1201.68, 3057.92 1201.68, 3058.48 1201.7, 3058.87 1201.68, 3059.48 1201.54, 3060.13 1201.34, 3060.48 1201.16, 3060.9 1200.52, 3061.16 1200.23, 3061.53 1199.96, 3061.89 1199.76, 3062.27 1199.56, 3062.74 1199.3, 3063.45 1198.96, 3063.93 1198.88, 3064.74 1198.85, 3065.24 1198.82, 3065.39 1198.82, 3066.12 1198.76, 3066.58 1198.77, 3066.72 1198.77, 3067.37 1198.82, 3068.15 1198.97, 3069.51 1199.14, 3070.08 1199.44, 3071.34 1199.61, 3073.02 1199.9, 3074.2 1200.28, 3075.36 1200.34, 3077.22 1200.34, 3078.67 1200.28, 3079.38 1200.32, 3080.53 1200.35, 3080.98 1200.3, 3081.97 1200.27, 3082.8 1200.42, 3084.21 1200.95, 3085.48 1201, 3088.62 1201, 3088.97 1200.97, 3089.73 1201, 3090.95 1201, 3091.3 1201.11, 3091.37 1200.6, 3091.42 1200.17, 3091.47 1199.78, 3091.52 1199.38, 3091.59 1198.88, 3091.67 1198.45, 3091.7 1197.83, 3091.68 1197.33, 3091.63 1196.94, 3091.57 1196.56, 3091.42 1196.08, 3091.24 1195.64, 3091.04 1195.3, 3090.73 1194.9, 3090.38 1194.54, 3089.87 1194.13, 3089.48 1193.88, 3089.06 1193.58, 3088.74 1193.28, 3088.5 1193, 3088.31 1192.77, 3087.93 1192.31, 3087.02 1191.24, 3086.77 1190.96, 3086.14 1190.21, 3085.69 1189.68, 3085.39 1189.31, 3085.08 1188.95, 3084.78 1188.59, 3084.43 1188.18, 3084.22 1187.89, 3083.5 1186.87, 3083.19 1186.42, 3082.68 1185.71, 3082.26 1185.2, 3081.74 1184.67, 3081.36 1184.42, 3080.86 1184.1, 3080.52 1183.82, 3080.21 1183.49, 3079.92 1183.13, 3079.66 1182.83, 3079.45 1182.99, 3078.84 1182.28, 3078.46 1181.83, 3078.28 1181.49, 3078.13 1181.05, 3078.01 1180.67, 3077.82 1180.33, 3077.72 1179.89, 3077.85 1179.78, 3078.25 1179.53, 3078.37 1179.13, 3078.73 1178.46, 3078.94 1177.68, 3078.95 1177.3, 3078.95 1176.75, 3078.91 1176.53, 3078.8 1175.69, 3078.77 1174.97, 3078.76 1174.84, 3078.52 1174.56, 3078.33 1174.23, 3078.11 1173.89, 3077.92 1173.53, 3078.08 1172.74, 3078.29 1171.98, 3078.42 1171.7, 3078.5 1171.54, 3078.65 1170.95, 3078.68 1170.58, 3078.71 1170.05, 3078.74 1169.67, 3078.77 1169.24, 3078.75 1168.23, 3078.97 1167.21, 3078.68 1167.16, 3078.27 1167.16, 3077.75 1167.21, 3077.29 1167.22, 3077.19 1167.22, 3076.76 1167.18, 3076.44 1167.14, 3075.95 1167.14, 3075.54 1167.17, 3075.43 1167.18, 3075.06 1167.16, 3073.33 1166.93, 3071.95 1166.67, 3071.36 1166.55, 3070.73 1166.32, 3070.64 1166.03, 3070.58 1165.58, 3069.61 1165.82, 3068.96 1165.98, 3068.62 1166.1, 3067.37 1166.58, 3066.07 1166.98, 3065.86 1167.12, 3065.31 1167.49, 3064.77 1166.89, 3064.29 1166.19, 3063.85 1165.46, 3063.49 1165.71, 3062.61 1165.98, 3060.74 1166.47, 3060.17 1166.6, 3059.89 1166.65, 3059.53 1166.71, 3059.07 1166.72, 3058.68 1166.72, 3057.74 1166.67, 3057.17 1166.66, 3056.68 1166.7, 3056.28 1166.74, 3056.11 1167.41, 3055.9 1168.23, 3055.32 1168.29, 3054.98 1168.06))",20.31515,16000,,,,,,
Alma Bridge,AB06,,AB06,"POLYGON ((3043.13 1198.42, 3042.78 1198.27, 3042.37 1198.13, 3041.95 1198.14, 3041.54 1198.38, 3040.96 1198.78, 3039.76 1199.58, 3039.12 1200, 3038.26 1200.58, 3038.6 1201.02, 3038.93 1201.47, 3039.23 1201.85, 3038.84 1202.09, 3038.53 1202.29, 3038.2 1202.47, 3037.82 1202.59, 3037.73 1202.76, 3037.58 1202.7, 3037.09 1202.85, 3036.56 1202.95, 3036.83 1204.16, 3037.04 1204.84, 3037.39 1205.56, 3037.31 1205.61, 3036.67 1205.86, 3035.79 1205.9, 3035.83 1206.33, 3035.87 1206.8, 3035.73 1207.3, 3035.56 1207.93, 3035.42 1208.5, 3035.12 1209.72, 3034.97 1210.9, 3034.82 1210.86, 3034.55 1210.77, 3034.37 1210.75, 3034.32 1210.81, 3034.4 1211.29, 3034.52 1212.02, 3034.77 1212.13, 3034.82 1212.6, 3034.89 1213.06, 3034.96 1213.61, 3034.96 1213.99, 3034.6 1214, 3091.04 1214, 3091.04 1213.63, 3091.01 1211.26, 3091.6 1210.68, 3091.83 1210.13, 3092.03 1209.64, 3092.07 1209.05, 3092.29 1209.06, 3092.34 1207.31, 3092.34 1207.19, 3092.28 1206.8, 3092.33 1206.27, 3092.37 1205.69, 3092 1205.45, 3091.7 1205.19, 3091.34 1204.91, 3091.02 1204.72, 3091.44 1204.3, 3091.85 1203.68, 3091.53 1203.48, 3091.2 1203.35, 3091.19 1203.27, 3091.13 1202.65, 3091.15 1202.23, 3091.18 1201.98, 3091.23 1201.53, 3091.3 1201.11, 3090.95 1201, 3089.73 1201, 3088.97 1200.97, 3088.62 1201, 3085.48 1201, 3084.21 1200.95, 3082.8 1200.42, 3081.97 1200.27, 3080.98 1200.3, 3080.53 1200.35, 3079.38 1200.32, 3078.67 1200.28, 3077.22 1200.34, 3075.36 1200.34, 3074.2 1200.28, 3073.02 1199.9, 3071.34 1199.61, 3070.08 1199.44, 3069.51 1199.14, 3068.15 1198.97, 3067.37 1198.82, 3066.72 1198.77, 3066.58 1198.77, 3066.12 1198.76, 3065.39 1198.82, 3065.24 1198.82, 3064.74 1198.85, 3063.93 1198.88, 3063.45 1198.96, 3062.74 1199.3, 3062.27 1199.56, 3061.89 1199.76, 3061.53 1199.96, 3061.16 1200.23, 3060.9 1200.52, 3060.48 1201.16, 3060.13 1201.34, 3059.48 1201.54, 3058.87 1201.68, 3058.48 1201.7, 3057.92 1201.68, 3057.64 1201.68, 3057.28 1201.67, 3056.86 1201.66, 3056.48 1201.65, 3056.09 1201.62, 3055.97 1201.61, 3054.96 1201.53, 3054.49 1201.49, 3053.61 1201.27, 3053.08 1201, 3052.82 1200.62, 3052.4 1200.41, 3052 1200.1, 3051.77 1199.77, 3051.29 1199.21, 3050.88 1198.8, 3050.73 1198.64, 3050.3 1198.22, 3050.13 1198.09, 3049.6 1197.74, 3049.13 1197.82, 3048.6 1197.95, 3048.35 1198.01, 3047.77 1198.2, 3047.41 1198.33, 3047.05 1198.44, 3046.58 1198.5, 3046.45 1198.31, 3046.25 1198.31, 3045.75 1198.29, 3045.25 1198.2, 3044.51 1198.05, 3044.36 1197.81, 3044.19 1197.86, 3043.79 1197.85, 3043.06 1197.61, 3043.1 1198.03, 3043.13 1198.42))",12.174531,15500,,,,,,
Alma Bridge,AB29,,AB29,"POLYGON ((2942.2 1117.2, 2941.08 1116.92, 2939.2 1117, 2937.45 1116.93, 2935.69 1117.04, 2932.94 1117.47, 2931.65 1117.68, 2930.11 1118.01, 2929.33 1118.39, 2927.49 1118.96, 2926.23 1119.44, 2924.9 1120.13, 2923.74 1121.05, 2922.61 1122.63, 2921.3 1123.03, 2919.88 1123.21, 2918.51 1122.53, 2918.31 1121.91, 2916.5 1121.3, 2913.81 1122.11, 2913.88 1124.74, 2914.01 1127.97, 2914.2 1129.46, 2914.27 1131.14, 2914.33 1133.08, 2913.92 1134.86, 2913.23 1136, 2916.79 1136, 2916.84 1136.73, 2917.15 1138.23, 2917.87 1139.56, 2919.2 1140.98, 2921.76 1140.56, 2923.36 1139.73, 2924.95 1140.61, 2924.21 1141.39, 2924.37 1141.74, 2924.9 1142.63, 2924.9 1142.64, 2924.5 1144.55, 2924.34 1145.75, 2925.55 1146.28, 2926.48 1147.1, 2927.35 1147.94, 2930 1147.69, 2930 1151.4, 2929.63 1151.79, 2928.78 1153.24, 2928.37 1153.85, 2927 1153.83, 2925.71 1154.18, 2924.18 1154.76, 2923.68 1155.49, 2922.65 1157.12, 2924.3 1159.35, 2924.94 1160.6, 2926.15 1160.52, 2927.23 1161.06, 2927.36 1161.15, 2928.9 1162.12, 2929.29 1162.33, 2930.42 1162.71, 2931.37 1162.55, 2931.81 1162.33, 2932.23 1161.93, 2932.61 1161.35, 2932.92 1160.87, 2932.94 1160.88, 2933.1 1160.89, 2933.54 1161.07, 2933.64 1160.8, 2934.8 1160.4, 2936.01 1159.69, 2936.96 1158.94, 2937.33 1159.42, 2937.32 1159.44, 2938.22 1160.3, 2939.84 1161.1, 2940.64 1161.56, 2942.21 1162.51, 2944.13 1163.05, 2944.45 1162.83, 2945.06 1161.79, 2945.27 1161.03, 2946.08 1160.54, 2946.79 1161.06, 2947.29 1161.41, 2947.79 1161.75, 2949.01 1162.49, 2950.92 1163.46, 2951.98 1164.02, 2952.18 1163.71, 2952.54 1163.49, 2952.99 1163.23, 2953.11 1163.15, 2953.77 1162.61, 2953.98 1162.93, 2954.47 1163.54, 2955.11 1163.67, 2955.35 1163.58, 2955.57 1163.7, 2956.33 1163.84, 2956.7 1163.9, 2956.88 1164.09, 2957.25 1164.41, 2957.31 1164.38, 2957.65 1164.57, 2958.04 1164.7, 2958.53 1164.67, 2958.9 1164.63, 2958.97 1164.88, 2959.38 1165.16, 2960.29 1165.42, 2960.51 1165.5, 2961.16 1165.9, 2961.42 1166.26, 2962.27 1165.97, 2962.69 1165.86, 2962.94 1165.79, 2964.25 1165.5, 2965.5 1165.12, 2965.57 1165.2, 2966.61 1164.97, 2966.64 1164.96, 2966.84 1163.73, 2966.98 1162.7, 2967.23 1161.82, 2967.48 1160.69, 2969.53 1161.04, 2970.02 1161.18, 2971.04 1161.56, 2972.2 1162.11, 2972.24 1162.13, 2972.24 1162.13, 2972.2 1162.37, 2972.14 1162.68, 2972.08 1162.83, 2972.21 1162.88, 2972.97 1163.24, 2973.23 1163.66, 2973.29 1163.85, 2973.35 1164.38, 2974 1164.61, 2974.57 1165.08, 2975.71 1165.68, 2976.65 1166.61, 2977.74 1167.24, 2978.8 1167.83, 2980.2 1167.99, 2981.84 1168.14, 2982.88 1167.02, 2983.77 1166.13, 2983.89 1165.89, 2985.06 1165.61, 2985.55 1165.46, 2986.04 1165.34, 2986.82 1165.18, 2988.19 1165.08, 2989.27 1165.03, 2989.62 1165.14, 2989.97 1164.96, 2990.22 1164.92, 2990.69 1164.82, 2990.85 1164.81, 2991.04 1164.68, 2991.14 1164.8, 2991.32 1164.37, 2991.43 1164.18, 2991.81 1164.33, 2992.19 1164.2, 2992.83 1164.23, 2992.96 1164.36, 2993.32 1164.79, 2993.28 1165.31, 2993.73 1165.79, 2994.04 1166.09, 2994.25 1166.29, 2994.69 1166.66, 2995.28 1167.07, 2995.69 1167.4, 2996.12 1168.1, 2996.62 1167.84, 2996.8 1167.74, 2997.12 1167.59, 2997.4 1167.54, 2997.78 1167.45, 2998.18 1167.67, 2998.19 1167.67, 2998.19 1167.68, 2998.49 1167.87, 2998.64 1168.03, 2998.92 1168.26, 2999.52 1168.66, 2999.89 1168.89, 3000.53 1169.34, 3000.89 1169.54, 3001.28 1169.58, 3001.66 1169.71, 3002.01 1169.73, 3002.33 1169.36, 3002.61 1169.07, 3003.17 1168.36, 3003.36 1167.82, 3003.37 1167.79, 3003.43 1166.74, 3003.45 1166.39, 3003.45 1166.33, 3003.41 1165.69, 3003.47 1165.3, 3003.82 1164.77, 3004.21 1164.44, 3005.08 1163.84, 3005.62 1163.47, 3005.96 1163.06, 3006.2 1162.68, 3006.38 1162.45, 3006.39 1162.44, 3006.79 1162.14, 3007.03 1162.16, 3007.37 1162.18, 3007.44 1161.79, 3007.57 1161.38, 3007.78 1160.95, 3008.06 1160.49, 3008.31 1159.96, 3008.62 1159.47, 3009.15 1158.69, 3009.27 1158.32, 3009.43 1157.97, 3009.5 1157.65, 3009.89 1156.9, 3010.05 1156.56, 3010.18 1156.21, 3010.4 1155.49, 3010.5 1155.12, 3010.62 1154.72, 3010.86 1155.09, 3011.45 1156, 3011.61 1156.46, 3011.69 1156.86, 3011.84 1157.19, 3012.07 1157.58, 3012.31 1157.94, 3013.01 1157.14, 3013.62 1156.43, 3013.68 1156.36, 3013.88 1156.05, 3014.8 1154.65, 3015.25 1153.96, 3015.54 1153.52, 3015.93 1152.92, 3016.32 1152.29, 3016.86 1151.43, 3017.33 1150.68, 3017.59 1150.29, 3017.9 1149.88, 3018.15 1149.58, 3018.5 1149.2, 3019.17 1148.46, 3020.02 1147.52, 3020.01 1147.47, 3019.91 1146.8, 3019.9 1146.77, 3019.58 1146.45, 3019.5 1145.69, 3019.57 1145.27, 3019.62 1144.9, 3019.73 1144.07, 3019.82 1143.41, 3020.01 1142.15, 3020.14 1141.29, 3020.22 1140.71, 3020.16 1139.81, 3020.1 1139.74, 3019.72 1139.16, 3019.52 1138.78, 3019.33 1138.56, 3018.77 1138.11, 3018.36 1137.76, 3018.11 1137.54, 3017.74 1137.16, 3017.57 1136.99, 3017.1 1136.54, 3016.47 1136.22, 3016.04 1136.05, 3015.68 1135.96, 3015.43 1135.54, 3014.73 1135.39, 3013.92 1135.2, 3013.66 1135.13, 3013.26 1135.13, 3012.6 1135.26, 3011.87 1135.29, 3010.9 1135.29, 3009.84 1135.31, 3009.02 1135.32, 3008.52 1135.32, 3008.38 1135.32, 3007.44 1135.26, 3006.53 1135.22, 3006.41 1135.2, 3005.6 1135.01, 3005.01 1135.03, 3004.57 1135.04, 3003.52 1134.86, 3002.61 1134.75, 3002.56 1134.74, 3001.57 1134.24, 3000.65 1133.81, 3000.12 1133.62, 2999.91 1133.6, 2999.52 1133.62, 2999.1 1133.69, 2998.71 1133.67, 2998.21 1133.58, 2997.9 1133.39, 2997.73 1133.29, 2997.41 1133.1, 2996.04 1132.31, 2995.58 1132.1, 2994.97 1132.08, 2994.67 1132.1, 2994.71 1132.63, 2994.61 1132.74, 2994.46 1132.71, 2994.11 1132.56, 2993.72 1132.43, 2993.35 1132.29, 2992.55 1132.03, 2992.03 1131.83, 2991.51 1131.71, 2990.93 1131.56, 2990.4 1131.49, 2989.39 1131.26, 2989.34 1131.25, 2988.07 1131.03, 2987.12 1131.07, 2986.64 1131.01, 2986.26 1130.87, 2985.9 1130.8, 2985.56 1130.54, 2984.89 1130.23, 2984.12 1129.8, 2983.82 1129.49, 2983.22 1129.81, 2982.77 1130.03, 2981.95 1130.45, 2981.5 1130.66, 2980.61 1130.9, 2980.25 1130.99, 2979.29 1131.31, 2978.06 1131.86, 2977.52 1132.33, 2977.26 1132.63, 2976.73 1133.41, 2975.49 1135.52, 2975.22 1135.9, 2974.54 1136.81, 2974.08 1136.11, 2973.72 1135.2, 2973.59 1135.07, 2972.94 1134.66, 2972.78 1134.51, 2972.19 1134.41, 2971.94 1134.29, 2971.65 1134.09, 2971.07 1133.62, 2970.39 1133.19, 2969.84 1132.94, 2968.76 1132.71, 2968.26 1132.74, 2967.61 1131.39, 2966.95 1130.32, 2965.73 1128.84, 2964.63 1127.79, 2963.81 1127.16, 2962.92 1126.6, 2962.35 1126.29, 2959.28 1124.86, 2959.25 1124.9, 2958.96 1125.23, 2958.44 1125.39, 2958.2 1125.35, 2957.9 1125.18, 2957.46 1124.79, 2956.96 1124.45, 2956.39 1124.02, 2955.47 1123.19, 2954.99 1122.76, 2954.77 1121.86, 2954.62 1121.43, 2953.88 1121.35, 2953.34 1121.19, 2952.96 1120.87, 2952.36 1120.26, 2951.31 1119.83, 2950.43 1119.31, 2949.7 1118.81, 2948.46 1118.3, 2948.06 1118.28, 2947.28 1118.34, 2946.64 1118.27, 2946.16 1118.18, 2945.2 1117.88, 2944.22 1117.78, 2943.62 1117.55, 2942.2 1117.2))",54.494786,3500,,,,,,
Alma Bridge,AB03,,AB03,"POLYGON ((3018.94 1183.69, 3017.55 1184.97, 3017.29 1185.22, 3017.19 1185.33, 3017.16 1185.38, 3017.09 1185.49, 3016.87 1185.52, 3016.66 1185.91, 3016.34 1186.13, 3016.06 1186.44, 3015.77 1186.77, 3015.27 1187.34, 3014.53 1188.23, 3013.78 1189.12, 3013.54 1189.39, 3012.82 1190.23, 3012.24 1190.95, 3012.01 1191.48, 3011.89 1191.86, 3011.77 1192.22, 3011.66 1192.6, 3011.57 1192.96, 3011.4 1193.34, 3011.17 1193.8, 3011.11 1194.21, 3011.1 1194.4, 3011.01 1195.6, 3011.05 1195.65, 3010.99 1195.86, 3010.93 1196.5, 3010.92 1196.7, 3010.86 1197.11, 3010.78 1197.42, 3010.71 1197.47, 3010.37 1198.17, 3010.25 1198.55, 3010.13 1198.97, 3010.22 1199.39, 3010.8 1199.34, 3011.44 1199.19, 3011.89 1199.25, 3012.34 1199.39, 3012.46 1199.76, 3012.61 1200.1, 3012.8 1200.49, 3012.98 1200.89, 3013.33 1201.05, 3013.9 1201.35, 3014.24 1201.59, 3014.62 1201.86, 3015.31 1202.36, 3016.07 1202.78, 3016.38 1203.03, 3016.69 1203.41, 3016.75 1203.48, 3017.22 1203.69, 3017.49 1204.01, 3017.8 1204.36, 3018.12 1204.64, 3018.18 1204.7, 3018.76 1204.96, 3019.13 1205.12, 3019.37 1205.22, 3019.79 1205.41, 3020.38 1205.66, 3020.74 1205.82, 3021.81 1206.26, 3022.33 1206.33, 3022.85 1206.37, 3023.06 1206.39, 3023.5 1206.4, 3023.84 1206.41, 3024.47 1206.41, 3024.6 1206.4, 3025.33 1206.4, 3025.85 1206.39, 3026.21 1206.37, 3026.82 1206.29, 3027.01 1206.27, 3027.57 1206.25, 3028.42 1206.16, 3028.8 1206.14, 3029.82 1206.11, 3030.03 1206.35, 3030.52 1206.02, 3031.13 1206.12, 3031.15 1206.12, 3031.78 1206.1, 3033.5 1206.02, 3034.14 1205.98, 3034.56 1205.96, 3035.79 1205.9, 3036.67 1205.86, 3037.31 1205.61, 3037.39 1205.56, 3037.04 1204.84, 3036.83 1204.16, 3036.56 1202.95, 3037.09 1202.85, 3037.58 1202.7, 3037.73 1202.76, 3037.82 1202.59, 3038.2 1202.47, 3038.53 1202.29, 3038.84 1202.09, 3039.23 1201.85, 3038.93 1201.47, 3038.6 1201.02, 3038.26 1200.58, 3037.83 1200.01, 3037.28 1199.21, 3036.76 1198.44, 3036.61 1198.23, 3036.23 1197.83, 3036.17 1197.72, 3036.16 1197.65, 3036.17 1197.19, 3036.21 1197.1, 3036.41 1196.67, 3036.88 1195.74, 3037.06 1195.41, 3037.61 1194.3, 3037.72 1194.25, 3037.76 1194.06, 3037.99 1193.6, 3038.31 1193.05, 3038.49 1192.8, 3038.95 1192.13, 3039.29 1191.55, 3039.73 1190.97, 3039.85 1190.82, 3039.84 1190.62, 3040.3 1190.16, 3040.73 1189.55, 3041.04 1188.71, 3041.22 1188.31, 3041.46 1187.97, 3041.7 1187.94, 3041.73 1187.75, 3041.71 1187.47, 3041.72 1187.31, 3041.78 1186.96, 3041.91 1186.22, 3042.17 1185.04, 3042.39 1183.85, 3042.38 1183.53, 3042.44 1183.12, 3042.61 1182.74, 3042.7 1182.67, 3043.29 1182.7, 3042.78 1182.37, 3042.74 1182.16, 3042.98 1181.44, 3043.3 1181.13, 3043.67 1180.87, 3043.99 1180.11, 3044.16 1179.7, 3044.93 1178.93, 3045.49 1178.44, 3046.34 1177.81, 3047.32 1177.17, 3048.5 1176.53, 3049.52 1176.07, 3049.97 1175.67, 3050.13 1175.52, 3050.02 1175.09, 3049.91 1174.08, 3049.86 1173.68, 3049.68 1172.58, 3049.62 1172.23, 3049.59 1172.03, 3049.48 1171.48, 3049.4 1170.97, 3049.34 1170.54, 3049.31 1169.8, 3049.22 1169.39, 3049.32 1169.34, 3049.93 1169.43, 3050.33 1169.64, 3050.84 1168.87, 3051.16 1168.42, 3050.8 1168.04, 3050.94 1167.9, 3050.81 1167.77, 3050.82 1167.3, 3049.83 1166.72, 3049.32 1168.03, 3048.95 1167.9, 3048.33 1167.68, 3047.98 1167.57, 3047.62 1167.44, 3046.83 1167.17, 3046.78 1167.26, 3045.92 1166.91, 3043.41 1166.5, 3042.66 1166.41, 3042.33 1166.36, 3041.67 1166.29, 3041.07 1166.22, 3041.19 1166.92, 3041.32 1167.47, 3041.35 1167.58, 3040.92 1167.8, 3040.55 1167.99, 3039.88 1168.33, 3039.55 1168.5, 3039.21 1168.67, 3038.81 1168.87, 3038.46 1169.02, 3037.8 1168.94, 3037.17 1169.1, 3037.22 1169.37, 3036.81 1169.44, 3036.26 1169.55, 3035.91 1169.63, 3035.5 1169.72, 3035.07 1169.81, 3034.98 1169.82, 3032.35 1170.36, 3031.41 1170.54, 3030.85 1170.65, 3030.49 1170.74, 3030.14 1170.9, 3028.59 1171.7, 3028.38 1171.26, 3027.97 1170.39, 3027.76 1169.96, 3027.29 1170.2, 3026.79 1170.45, 3026.43 1170.61, 3026.45 1170.67, 3026.7 1171.12, 3026.84 1171.38, 3027.03 1171.75, 3027.22 1172.13, 3027.3 1172.28, 3027.49 1172.67, 3027.88 1173.41, 3028.07 1173.78, 3028.82 1175.2, 3029 1175.64, 3029.28 1176.65, 3029.35 1177.01, 3029.46 1177.53, 3029.46 1177.67, 3029.42 1177.8, 3029.38 1177.79, 3029.28 1177.72, 3028.49 1177.64, 3028.02 1177.91, 3027.86 1177.97, 3027.57 1178.21, 3027.56 1178.22, 3026.83 1178.71, 3025.21 1179.95, 3024.51 1180.44, 3024.29 1180.47, 3024.27 1180.52, 3024.08 1180.69, 3023.65 1180.94, 3023.33 1181.12, 3023.23 1181.28, 3023.19 1181.29, 3022.87 1181.33, 3021.63 1181.67, 3021.11 1181.75, 3020.92 1182.13, 3020.73 1182.39, 3020.38 1182.68, 3019.9 1182.96, 3019.45 1183.25, 3018.94 1183.69))",13.615997,12000,,,,,,
Alma Bridge,AB07,,AB07,"POLYGON ((3105.97 1197.32, 3103.84 1196.89, 3103.05 1196.69, 3102.87 1197.37, 3102.37 1199.31, 3102.69 1199.57, 3102.96 1199.85, 3103.23 1200.24, 3103.53 1200.6, 3103.74 1201, 3103.78 1201.06, 3103.84 1201.16, 3103.89 1201.29, 3104.3 1202.01, 3102.37 1202.74, 3101.66 1202.76, 3100.97 1202.71, 3100.93 1202.71, 3100.79 1202.69, 3100.27 1202.41, 3099.91 1202.46, 3099.36 1202.61, 3099 1202.63, 3099.04 1203.26, 3097.39 1203.22, 3096.22 1203.09, 3095.72 1203.03, 3095.4 1203.46, 3094.87 1203.15, 3094.39 1202.65, 3094.21 1202.33, 3093.93 1201.93, 3092.8 1201.56, 3092.45 1201.46, 3092.03 1201.47, 3091.67 1201.23, 3091.3 1201.11, 3091.23 1201.53, 3091.18 1201.98, 3091.15 1202.23, 3091.13 1202.65, 3091.19 1203.27, 3091.2 1203.35, 3091.53 1203.48, 3091.85 1203.68, 3091.44 1204.3, 3091.02 1204.72, 3091.34 1204.91, 3091.7 1205.19, 3092 1205.45, 3092.37 1205.69, 3092.33 1206.27, 3092.28 1206.8, 3092.34 1207.19, 3092.34 1207.31, 3092.29 1209.06, 3092.07 1209.05, 3092.03 1209.64, 3091.83 1210.13, 3091.6 1210.68, 3091.01 1211.26, 3091.04 1213.63, 3091.04 1214, 3150.25 1214, 3150.3 1211.52, 3150.25 1208.04, 3149.48 1208.32, 3148.8 1208.28, 3148.75 1207.75, 3146.57 1207.95, 3145.65 1208.03, 3144.26 1208.16, 3142.98 1208.33, 3136.52 1209.35, 3136.1 1209.42, 3134.47 1209.6, 3133.42 1209.59, 3131.85 1209.33, 3131.28 1209.18, 3130.71 1208.98, 3129.84 1208.56, 3128.26 1207.46, 3128.13 1207.36, 3126.8 1206.41, 3126.52 1206.2, 3125.49 1205.42, 3124.81 1204.93, 3123.94 1204.45, 3123.39 1204.22, 3123.33 1204.2, 3122.32 1203.88, 3121.61 1203.73, 3120.98 1203.56, 3120.59 1203.44, 3119.9 1203.19, 3119.5 1203.05, 3119.69 1202.47, 3119.76 1202.28, 3119.3 1202.08, 3118.39 1201.74, 3118.55 1201.34, 3117.99 1201.06, 3117.48 1200.81, 3117.07 1201.66, 3116.96 1201.9, 3116.8 1202.28, 3116.66 1202.61, 3116.21 1203.35, 3116 1203.49, 3115.8 1203.91, 3115.56 1204.18, 3115.16 1203.4, 3114.86 1202.82, 3114.48 1201.98, 3114.26 1201.6, 3114.34 1201.48, 3114.31 1201.31, 3114.15 1201.24, 3113.69 1200.32, 3113.4 1199.68, 3113.22 1199.32, 3112.95 1198.82, 3112.45 1198.01, 3111.43 1196.79, 3111.42 1196.79, 3110.99 1196.33, 3110.63 1195.99, 3110.26 1195.71, 3109.36 1195.06, 3108.61 1194.56, 3108.41 1194.43, 3107.69 1193.95, 3107.05 1193.53, 3106.58 1193.19, 3106.03 1192.93, 3105.97 1192.97, 3105.97 1193.04, 3106 1193.39, 3106.09 1193.87, 3106.28 1195.01, 3106.38 1195.57, 3106.57 1196.64, 3106.71 1197.46, 3105.97 1197.32))",9.122703,16000,,,,,,
Alma Bridge,AB10,,AB10,"POLYGON ((3141.1 1182.87, 3140.65 1182.89, 3140.22 1182.87, 3139.72 1182.83, 3139.04 1182.72, 3138.79 1182.68, 3138.29 1182.59, 3137.73 1182.57, 3137.27 1182.55, 3136.63 1182.54, 3135.74 1182.71, 3134.96 1182.89, 3134.34 1182.99, 3133.74 1183.09, 3133.37 1183.26, 3133.17 1183.21, 3130.96 1183.58, 3130.38 1183.67, 3129.81 1183.68, 3129.92 1184.3, 3130.09 1184.75, 3130.39 1185.57, 3130.43 1186.05, 3130.33 1186.51, 3130.04 1187.22, 3130.18 1187.6, 3130.46 1188.04, 3130.84 1188.69, 3130.96 1189.2, 3130.97 1189.97, 3131.07 1190.76, 3131.09 1191.05, 3131.13 1191.55, 3131.21 1192.77, 3131.2 1193.05, 3131.54 1193.09, 3131.61 1193.66, 3131.63 1193.97, 3131.62 1194.24, 3131.64 1194.53, 3131.73 1195.03, 3131.77 1195.49, 3131.88 1196.2, 3131.93 1196.41, 3131.94 1196.45, 3132.11 1197, 3132.23 1197.33, 3132.35 1197.79, 3132.54 1199.01, 3132.61 1199.52, 3132.75 1200.53, 3132.87 1200.95, 3133.02 1201.54, 3133.14 1202.05, 3133.29 1202.76, 3133.37 1203.16, 3133.54 1203.74, 3133.69 1204.24, 3133.86 1204.77, 3134.05 1205.25, 3134.37 1206.06, 3134.61 1206.76, 3134.9 1207.64, 3135.05 1207.77, 3135.49 1208, 3135.73 1208.47, 3135.92 1208.88, 3136.1 1209.42, 3136.52 1209.35, 3142.98 1208.33, 3144.26 1208.16, 3145.65 1208.03, 3146.57 1207.95, 3148.75 1207.75, 3148.65 1207.28, 3148.51 1206.37, 3148.45 1205.8, 3148.4 1205.22, 3148.38 1204.76, 3148.38 1204.35, 3148.37 1203.95, 3148.33 1203.15, 3148.3 1202.53, 3148.43 1201.9, 3148.72 1200.61, 3148.84 1200.2, 3148.92 1199.92, 3149.03 1199.16, 3149.25 1198.59, 3149.72 1197.93, 3149.88 1197.4, 3150.16 1196.24, 3150.3 1195.67, 3150.42 1195.18, 3150.55 1194.52, 3150.74 1193.62, 3150.85 1193, 3150.95 1192.51, 3151.07 1192.06, 3151.24 1191.57, 3151.47 1191.19, 3151.59 1190.79, 3151.69 1190.67, 3151.62 1190.56, 3151.64 1190.15, 3151.59 1189.61, 3151.51 1189.04, 3151.35 1188.31, 3151.23 1187.83, 3150.99 1187.21, 3150.79 1186.91, 3149.49 1185.45, 3149.02 1185.01, 3148.18 1184.72, 3147.99 1184.66, 3147.92 1184.64, 3147.83 1184.61, 3147.39 1184.47, 3146.95 1184.33, 3146.54 1184.2, 3146.21 1184.05, 3145.41 1183.64, 3144.87 1183.45, 3143.96 1183.38, 3143.46 1183.3, 3143.28 1183.23, 3142.54 1183.02, 3141.96 1182.94, 3141.1 1182.87))",6.931288,8000,,,,,,
Alma Bridge,AB11,,AB11,"POLYGON ((3151.07 1176.17, 3151.09 1176.66, 3151.09 1176.92, 3151.08 1177.53, 3151.08 1177.75, 3151.08 1178.21, 3151.07 1178.29, 3151.05 1179.72, 3151.04 1180.7, 3151.04 1181.4, 3151.02 1182.67, 3151.01 1183.1, 3150.99 1184.24, 3150.98 1184.64, 3150.98 1185.16, 3150.97 1185.94, 3150.95 1186.34, 3150.79 1186.91, 3150.99 1187.21, 3151.23 1187.83, 3151.35 1188.31, 3151.51 1189.04, 3151.59 1189.61, 3151.64 1190.15, 3151.62 1190.56, 3151.69 1190.67, 3151.59 1190.79, 3151.47 1191.19, 3151.24 1191.57, 3151.07 1192.06, 3150.95 1192.51, 3150.85 1193, 3150.74 1193.62, 3150.55 1194.52, 3150.42 1195.18, 3150.3 1195.67, 3150.16 1196.24, 3149.88 1197.4, 3149.72 1197.93, 3149.25 1198.59, 3149.03 1199.16, 3148.92 1199.92, 3148.84 1200.2, 3148.72 1200.61, 3148.43 1201.9, 3148.3 1202.53, 3148.33 1203.15, 3148.37 1203.95, 3148.38 1204.35, 3148.38 1204.76, 3148.4 1205.22, 3148.45 1205.8, 3148.51 1206.37, 3148.65 1207.28, 3148.75 1207.75, 3148.8 1208.28, 3149.48 1208.32, 3150.25 1208.04, 3150.3 1211.52, 3150.25 1214, 3188.12 1214, 3188.11 1213.35, 3187.12 1213.14, 3186.26 1213.08, 3186.38 1212.21, 3186.51 1211.19, 3186.55 1210.71, 3186.58 1209.66, 3186.56 1208.71, 3186.55 1208.17, 3186.54 1207.55, 3186.56 1207.51, 3186.59 1207.28, 3186.6 1206.66, 3186.6 1206.66, 3186.55 1206.39, 3186.52 1206.22, 3186.44 1205.75, 3186.34 1205.28, 3186.22 1204.84, 3186.1 1204.38, 3185.98 1203.77, 3185.92 1203.06, 3185.89 1202.63, 3185.87 1202.24, 3185.87 1202.19, 3185.79 1200.73, 3185.76 1200.33, 3185.71 1199.86, 3185.66 1199.43, 3185.61 1199.04, 3185.53 1198.66, 3185.41 1198.1, 3185.25 1197.41, 3185.24 1197.31, 3185.14 1196.81, 3185.09 1196.43, 3184.96 1195.65, 3184.95 1195.27, 3184.91 1194.77, 3184.9 1194.49, 3184.88 1194.01, 3184.79 1192.42, 3184.73 1191.69, 3184.66 1190.73, 3184.63 1190.24, 3184.68 1189.83, 3184.74 1189.59, 3184.8 1189.33, 3184.94 1188.84, 3184.97 1188.7, 3185.14 1188.05, 3185.18 1187.57, 3185.17 1187.03, 3185.15 1186.55, 3185.17 1186.53, 3185.1 1186.07, 3185.06 1185.57, 3185.01 1185, 3185.03 1184.06, 3185.04 1183.91, 3185.04 1183.27, 3185.07 1181.79, 3185.09 1180.39, 3185.07 1179.76, 3185.07 1179.68, 3184.51 1179.74, 3184.12 1179.99, 3183.81 1180.34, 3183.4 1180.76, 3183.27 1180.82, 3182.87 1180.98, 3182.3 1181.1, 3181.78 1181.08, 3181.26 1180.87, 3180.86 1180.69, 3180.38 1180.47, 3179.76 1180.19, 3179.39 1180.01, 3178.99 1179.83, 3178.17 1179.45, 3177.49 1179.14, 3175.04 1178.04, 3174.59 1177.79, 3173.78 1177.31, 3173.07 1176.91, 3172.68 1176.71, 3172.35 1176.42, 3172.23 1176.47, 3171.91 1176.17, 3171.83 1176.2, 3171.45 1175.87, 3171.39 1175.93, 3170.85 1175.63, 3169.93 1175.13, 3169.4 1174.85, 3168.96 1174.61, 3168.95 1174.64, 3167.6 1174.12, 3166.49 1173.63, 3166.27 1174.18, 3166.14 1174.1, 3166 1174.22, 3164.19 1174.35, 3163.31 1174.41, 3162.88 1174.58, 3161.19 1174.66, 3161.05 1174.65, 3160.88 1174.6, 3160.79 1175.2, 3160.78 1175.33, 3160.81 1175.42, 3160.72 1176.21, 3160.61 1176.71, 3160.49 1176.96, 3159.86 1176.87, 3159.39 1176.82, 3158.85 1176.78, 3158.33 1176.66, 3158.02 1176.58, 3157.81 1176.53, 3157.46 1176.42, 3156.72 1176.06, 3156.11 1175.77, 3155.34 1175.41, 3154.52 1175.02, 3153.94 1174.82, 3153.35 1174.69, 3152.85 1174.66, 3152.26 1174.69, 3152.05 1174.73, 3151.38 1174.91, 3151.01 1175.08, 3151.05 1175.68, 3151.07 1176.17))",20.536033,10500,,,,,,
Alma Bridge,AB13,,AB13,"POLYGON ((3188.69 1154.94, 3188.16 1154.98, 3187.58 1155.05, 3186.75 1155.11, 3186.23 1155.17, 3185.76 1155.21, 3185.37 1155.24, 3184.83 1155.31, 3184.06 1155.42, 3184.06 1155.58, 3184.07 1156.04, 3184.07 1157.06, 3184.06 1157.91, 3184.07 1158.38, 3184.08 1158.58, 3184.12 1159.25, 3184.17 1160.32, 3184.18 1160.35, 3184.2 1161.12, 3184.23 1161.85, 3184.26 1162.45, 3184.3 1162.9, 3184.32 1163.08, 3184.37 1163.58, 3184.36 1164.29, 3184.43 1165.2, 3184.44 1165.46, 3184.47 1166.58, 3184.49 1167.25, 3184.49 1167.28, 3184.51 1167.8, 3184.53 1168.5, 3184.56 1169.26, 3184.56 1169.64, 3184.56 1169.82, 3184.55 1170.02, 3184.54 1170.39, 3184.58 1170.94, 3184.63 1171.63, 3184.63 1171.73, 3184.62 1172.16, 3184.61 1172.4, 3184.64 1172.87, 3184.59 1173.07, 3184.63 1173.68, 3184.64 1173.81, 3184.67 1174.06, 3184.71 1174.59, 3184.85 1176.39, 3184.89 1176.8, 3184.94 1177.21, 3184.97 1177.39, 3185.01 1177.65, 3185.12 1177.98, 3185.11 1178.44, 3185.07 1179.68, 3185.07 1179.76, 3185.09 1180.39, 3185.07 1181.79, 3185.04 1183.27, 3185.04 1183.91, 3185.03 1184.06, 3185.01 1185, 3185.06 1185.57, 3185.1 1186.07, 3185.17 1186.53, 3185.41 1186.25, 3185.76 1186.09, 3185.94 1186.02, 3186.46 1185.83, 3187.01 1185.73, 3187.21 1185.7, 3187.95 1185.35, 3188.96 1184.59, 3189.07 1184.51, 3189.5 1184.21, 3189.76 1183.93, 3189.78 1184.37, 3189.82 1184.45, 3190.25 1184.81, 3190.84 1185.26, 3191.23 1185.58, 3191.94 1185.51, 3192.69 1185.75, 3192.84 1185.85, 3193.41 1186.19, 3193.6 1186.48, 3194.15 1186.6, 3194.35 1187.09, 3194.73 1187.79, 3195.17 1188.44, 3195.38 1188.83, 3195.59 1189.25, 3195.83 1189.74, 3196.29 1190.11, 3196.5 1190.33, 3196.65 1190.51, 3197.31 1190.98, 3197.74 1191.25, 3198.44 1191.5, 3199.53 1191.87, 3200.24 1192.05, 3200.84 1192.31, 3201.21 1192.56, 3201.57 1192.8, 3201.59 1192.81, 3202.03 1193.02, 3202.22 1193.08, 3202.73 1193.29, 3202.91 1193.36, 3203.76 1193.65, 3204.88 1194.14, 3204.69 1194.47, 3205.13 1194.65, 3205.62 1194.87, 3206.21 1195.07, 3207.14 1195.42, 3207.72 1195.72, 3207.98 1195.28, 3208.6 1195.63, 3208.8 1195.75, 3209.04 1195.89, 3209.56 1196.17, 3210.16 1196.39, 3210.63 1196.55, 3211.47 1196.84, 3211.93 1197, 3212.34 1197.14, 3212.83 1197.34, 3212.98 1197.39, 3213.16 1197.47, 3213.52 1197.58, 3213.83 1197.69, 3214.07 1197.77, 3214.47 1197.91, 3214.57 1197.94, 3215.16 1198.04, 3215.66 1198.14, 3215.85 1198.19, 3216.15 1198.44, 3216.52 1198.83, 3216.78 1199.23, 3217.04 1199.51, 3217.4 1199.71, 3218.05 1199.94, 3218.08 1200.12, 3218.82 1200.46, 3219.53 1200.76, 3219.57 1201.9, 3219.6 1203.04, 3222.89 1203.23, 3226 1203.57, 3226 1157.75, 3224.06 1157.63, 3222.91 1156.01, 3222.13 1153.8, 3218.48 1153.73, 3213.79 1153.55, 3213.58 1153.54, 3213.33 1153.52, 3212.62 1153.42, 3211.74 1153.44, 3210.43 1153.39, 3209.11 1153.3, 3207.37 1152.99, 3206.79 1152.97, 3205.3 1152.9, 3203.8 1152.81, 3202.82 1152.74, 3201.89 1152.64, 3201.21 1152.7, 3200.78 1152.8, 3200.25 1152.89, 3200.11 1152.96, 3199.91 1153.07, 3199.27 1153.39, 3198.68 1153.64, 3198.07 1153.96, 3197.69 1154.14, 3197.32 1154.32, 3196.68 1154.62, 3196.14 1154.78, 3195.05 1154.8, 3194.38 1154.82, 3192.68 1154.81, 3191.63 1154.93, 3191.23 1154.96, 3190.66 1154.97, 3190 1154.94, 3189.35 1154.92, 3188.69 1154.94))",25.715785,9500,,,,,,
Alma Bridge,AB12,,AB12,"POLYGON ((3187.95 1185.35, 3187.21 1185.7, 3187.01 1185.73, 3186.46 1185.83, 3185.94 1186.02, 3185.76 1186.09, 3185.41 1186.25, 3185.17 1186.53, 3185.15 1186.55, 3185.17 1187.03, 3185.18 1187.57, 3185.14 1188.05, 3184.97 1188.7, 3184.94 1188.84, 3184.8 1189.33, 3184.74 1189.59, 3184.68 1189.83, 3184.63 1190.24, 3184.66 1190.73, 3184.73 1191.69, 3184.79 1192.42, 3184.88 1194.01, 3184.9 1194.49, 3184.91 1194.77, 3184.95 1195.27, 3184.96 1195.65, 3185.09 1196.43, 3185.14 1196.81, 3185.24 1197.31, 3185.25 1197.41, 3185.41 1198.1, 3185.53 1198.66, 3185.61 1199.04, 3185.66 1199.43, 3185.71 1199.86, 3185.76 1200.33, 3185.79 1200.73, 3185.87 1202.19, 3185.87 1202.24, 3185.89 1202.63, 3185.92 1203.06, 3185.98 1203.77, 3186.1 1204.38, 3186.22 1204.84, 3186.34 1205.28, 3186.44 1205.75, 3186.52 1206.22, 3186.55 1206.39, 3186.6 1206.66, 3186.6 1206.66, 3186.59 1207.28, 3186.56 1207.51, 3186.54 1207.55, 3186.55 1208.17, 3186.56 1208.71, 3186.58 1209.66, 3186.55 1210.71, 3186.51 1211.19, 3186.38 1212.21, 3186.26 1213.08, 3187.12 1213.14, 3188.11 1213.35, 3188.12 1214, 3226 1214, 3226 1203.57, 3222.89 1203.23, 3219.6 1203.04, 3219.57 1201.9, 3219.53 1200.76, 3218.82 1200.46, 3218.08 1200.12, 3218.05 1199.94, 3217.4 1199.71, 3217.04 1199.51, 3216.78 1199.23, 3216.52 1198.83, 3216.15 1198.44, 3215.85 1198.19, 3215.66 1198.14, 3215.16 1198.04, 3214.57 1197.94, 3214.47 1197.91, 3214.07 1197.77, 3213.83 1197.69, 3213.52 1197.58, 3213.16 1197.47, 3212.98 1197.39, 3212.83 1197.34, 3212.34 1197.14, 3211.93 1197, 3211.47 1196.84, 3210.63 1196.55, 3210.16 1196.39, 3209.56 1196.17, 3209.04 1195.89, 3208.8 1195.75, 3208.6 1195.63, 3207.98 1195.28, 3207.72 1195.72, 3207.14 1195.42, 3206.21 1195.07, 3205.62 1194.87, 3205.13 1194.65, 3204.69 1194.47, 3204.88 1194.14, 3203.76 1193.65, 3202.91 1193.36, 3202.73 1193.29, 3202.22 1193.08, 3202.03 1193.02, 3201.59 1192.81, 3201.57 1192.8, 3201.21 1192.56, 3200.84 1192.31, 3200.24 1192.05, 3199.53 1191.87, 3198.44 1191.5, 3197.74 1191.25, 3197.31 1190.98, 3196.65 1190.51, 3196.5 1190.33, 3196.29 1190.11, 3195.83 1189.74, 3195.59 1189.25, 3195.38 1188.83, 3195.17 1188.44, 3194.73 1187.79, 3194.35 1187.09, 3194.15 1186.6, 3193.6 1186.48, 3193.41 1186.19, 3192.84 1185.85, 3192.69 1185.75, 3191.94 1185.51, 3191.23 1185.58, 3190.84 1185.26, 3190.25 1184.81, 3189.82 1184.45, 3189.78 1184.37, 3189.76 1183.93, 3189.5 1184.21, 3189.07 1184.51, 3188.96 1184.59, 3187.95 1185.35))",12.409731,14000,,,,,,
Alma Bridge,AB01,,AB01,"POLYGON ((3091.61 1165.56, 3090.93 1165.63, 3089.89 1165.7, 3089.14 1165.71, 3088.35 1165.74, 3087.56 1165.84, 3087.18 1165.89, 3086.73 1165.9, 3085.6 1166.06, 3085.03 1166.07, 3084.55 1166.06, 3084.24 1166.06, 3084.1 1166.07, 3083.68 1166.13, 3083.31 1166.2, 3082.74 1166.32, 3082.26 1166.45, 3081.45 1166.65, 3080.8 1166.7, 3080.42 1166.75, 3079.93 1166.87, 3079.56 1166.99, 3079.21 1167.14, 3078.97 1167.21, 3078.75 1168.23, 3078.77 1169.24, 3078.74 1169.67, 3078.71 1170.05, 3078.68 1170.58, 3078.65 1170.95, 3078.5 1171.54, 3078.42 1171.7, 3078.29 1171.98, 3078.08 1172.74, 3077.92 1173.53, 3078.11 1173.89, 3078.33 1174.23, 3078.52 1174.56, 3078.76 1174.84, 3078.77 1174.97, 3078.8 1175.69, 3078.91 1176.53, 3078.95 1176.75, 3078.95 1177.3, 3078.94 1177.68, 3078.73 1178.46, 3078.37 1179.13, 3078.25 1179.53, 3077.85 1179.78, 3077.72 1179.89, 3077.82 1180.33, 3078.01 1180.67, 3078.13 1181.05, 3078.28 1181.49, 3078.46 1181.83, 3078.84 1182.28, 3079.45 1182.99, 3079.66 1182.83, 3079.92 1183.13, 3080.21 1183.49, 3080.52 1183.82, 3080.86 1184.1, 3081.36 1184.42, 3081.74 1184.67, 3082.26 1185.2, 3082.68 1185.71, 3083.19 1186.42, 3083.5 1186.87, 3084.22 1187.89, 3084.43 1188.18, 3084.78 1188.59, 3085.08 1188.95, 3085.39 1189.31, 3085.69 1189.68, 3086.14 1190.21, 3086.77 1190.96, 3087.02 1191.24, 3087.93 1192.31, 3088.31 1192.77, 3088.5 1193, 3088.74 1193.28, 3089.06 1193.58, 3089.48 1193.88, 3089.87 1194.13, 3090.38 1194.54, 3090.73 1194.9, 3091.04 1195.3, 3091.24 1195.64, 3091.42 1196.08, 3091.57 1196.56, 3091.63 1196.94, 3091.68 1197.33, 3091.7 1197.83, 3091.67 1198.45, 3091.59 1198.88, 3091.52 1199.38, 3091.47 1199.78, 3091.42 1200.17, 3091.37 1200.6, 3091.3 1201.11, 3091.67 1201.23, 3092.03 1201.47, 3092.45 1201.46, 3092.8 1201.56, 3093.93 1201.93, 3094.21 1202.33, 3094.39 1202.65, 3094.87 1203.15, 3095.4 1203.46, 3095.72 1203.03, 3096.22 1203.09, 3097.39 1203.22, 3099.04 1203.26, 3099 1202.63, 3099.36 1202.61, 3099.91 1202.46, 3100.27 1202.41, 3100.79 1202.69, 3100.93 1202.71, 3100.97 1202.71, 3101.66 1202.76, 3102.37 1202.74, 3104.3 1202.01, 3103.89 1201.29, 3103.84 1201.16, 3103.78 1201.06, 3103.74 1201, 3103.53 1200.6, 3103.23 1200.24, 3102.96 1199.85, 3102.69 1199.57, 3102.37 1199.31, 3102.87 1197.37, 3103.05 1196.69, 3103.84 1196.89, 3105.97 1197.32, 3106.71 1197.46, 3106.57 1196.64, 3106.38 1195.57, 3106.28 1195.01, 3106.09 1193.87, 3106 1193.39, 3105.97 1193.04, 3105.97 1192.97, 3106.03 1192.93, 3106.4 1192.43, 3106.66 1192.17, 3107.44 1191.41, 3107.79 1191.06, 3108.16 1190.66, 3108.38 1190.4, 3108.64 1190.08, 3108.72 1189.99, 3108.9 1189.67, 3108.85 1189.61, 3108.94 1189.47, 3109.24 1189.01, 3109.37 1188.79, 3110.21 1187.47, 3110.71 1187.3, 3110.85 1186.71, 3111.22 1186.38, 3111.7 1186.16, 3112.51 1185.79, 3112.57 1185.51, 3112.68 1185.45, 3112.65 1185.29, 3113.05 1184.87, 3113.49 1184.57, 3114.35 1184.2, 3114.7 1184.05, 3114.92 1183.76, 3114.94 1183.5, 3115.12 1182.9, 3115.95 1182.13, 3116.19 1181.88, 3117.38 1180.78, 3117.87 1180.33, 3118.29 1180, 3118.62 1179.75, 3118.92 1179.51, 3119.24 1179.27, 3119.96 1178.69, 3120.63 1178.28, 3120.76 1178.24, 3121.13 1178.04, 3121.23 1177.87, 3121.19 1177.82, 3121.21 1177.39, 3120.93 1177.06, 3120.93 1177.06, 3120.49 1176.59, 3120.07 1176.1, 3118.89 1174.48, 3118.84 1174.39, 3118.7 1174.21, 3118.28 1173.7, 3118 1173.38, 3117.61 1172.99, 3117.32 1172.71, 3116.88 1172.03, 3116.77 1171.66, 3116.76 1171.59, 3116.69 1171.03, 3116.64 1170.59, 3116.54 1169.84, 3116.48 1169.3, 3116.39 1168.71, 3116.51 1168.66, 3116.48 1168.38, 3116.51 1167.54, 3116.52 1167.48, 3116.51 1167.11, 3116.48 1166.73, 3116.5 1166.25, 3116.53 1165.83, 3116.53 1165.53, 3116.55 1165.12, 3116.59 1164.75, 3116.69 1164.13, 3116.74 1163.87, 3116.84 1163.25, 3116.83 1163.15, 3116.74 1162.7, 3116.52 1162.77, 3115.99 1162.95, 3115.43 1163.15, 3114.87 1163.41, 3114.26 1163.59, 3113.87 1163.71, 3113.5 1163.79, 3112.97 1163.85, 3112.38 1163.93, 3111.99 1163.99, 3111.54 1164.05, 3110.44 1164.18, 3109.95 1164.21, 3109.24 1164.22, 3108.62 1164.18, 3108.58 1164.18, 3108.02 1164.15, 3107.65 1164.13, 3106.9 1164.1, 3106.42 1164.12, 3106.42 1164.12, 3105.84 1164.14, 3105.19 1164.17, 3104.83 1164.2, 3104.42 1164.23, 3103.97 1164.25, 3103.58 1164.21, 3103.16 1164, 3102.93 1164.37, 3102.45 1164.23, 3102.06 1164.24, 3101.44 1164.26, 3100.67 1164.4, 3099.31 1164.65, 3098.65 1164.72, 3098.04 1164.76, 3097.72 1164.76, 3097.19 1164.77, 3096.81 1164.81, 3096 1164.82, 3095.87 1164.83, 3095.08 1164.96, 3094.69 1165.03, 3093.76 1165.27, 3093.46 1165.33, 3092.79 1165.44, 3091.99 1165.53, 3091.61 1165.56))",17.092145,15000,,,,,,
Alma Forest,AF01,,AF01_001,"POLYGON ((2831 814, 2831 738, 2908 738, 2908 814, 2831 814))",91.209334,350,,,,,,
Alma Forest,AF02,,AF02_001,"POLYGON ((2831 894, 2831 854, 2831 814, 2908 814, 2908 894, 2831 894))",96.009825,350,,,,,,
Alma Forest,AF03,,AF03_001,"POLYGON ((2831 960, 2831 894, 2908 894, 2908 960, 2831 960))",79.208106,125,,,,,,
Alma Forest,AF04,,AF04_001,"POLYGON ((2754 960, 2754 894, 2831 894, 2831 960, 2754 960))",79.208106,300,,,,,,
Alma Forest,AF05,,AF05_001,"POLYGON ((2754 1014, 2908 1014, 2908 960, 2831 960, 2754 960, 2754 1014))",129.613264,80,,,,,,
Alma Forest,AF06,,AF06_001,"POLYGON ((2908 1014, 2754 1014, 2754 1092, 2842 1092, 2908 1092, 2908 1014))",187.21916,30,,,,,,
Alma Forest,AF07,,AF07_001,"POLYGON ((2908 1092, 2908 1014, 2908 960, 3084 960, 3084 1092, 2996 1092, 2930 1092, 2908 1092))",362.094199,30,,,,,,
Alma Forest,AF08,,AF08_001,"POLYGON ((2908 960, 2908 894, 2908 814, 3084 814, 3084 960, 2908 960))",400.498129,20,,,,,,
Alma Forest,AF09,,AF09_001,"POLYGON ((2754 738, 2754 563, 2908 563, 3084 563, 3084 696, 3084 814, 2908 814, 2908 738, 2831 738, 2754 738))",1108.570591,10,,,,,,
Alma Forest,AF10,,AF10_001,"POLYGON ((2576 738, 2576 608, 2576 563, 2754 563, 2754 738, 2677 738, 2576 738))",485.504231,200,,,,,,
Alma Forest,AF11,,AF11_001,"POLYGON ((2908 349, 2576 349, 2576 563, 2754 563, 2908 563, 2908 432, 2908 349))",1107.354883,15,,,,,,
Alma Forest,AF12,,AF12_001,"POLYGON ((2404 349, 2404 410, 2404 542, 2404 608, 2576 608, 2576 563, 2576 349, 2404 349))",694.325601,15,,,,,,
Alma Forest,AF13,,AF13_001,"POLYGON ((2404 608, 2404 674, 2404 814, 2576 814, 2677 814, 2677 738, 2576 738, 2576 608, 2404 608))",671.881746,10,,,,,,
Alma Heath,AH01,,AH01_001,"POLYGON ((2576 814, 2576 1014, 2754 1014, 2754 960, 2754 894, 2677 894, 2677 814, 2576 814))",458.852153,70,,,,,,
Alma Heath,AH02,,AH02_001,"POLYGON ((2576 814, 2404 814, 2404 1014, 2576 1014, 2576 814))",536.158765,20,,,,,,
Alma Heath,AH03,,AH03_001,"POLYGON ((2404 1214, 2404 1136, 2404 1014, 2576 1014, 2576 1214, 2446 1214, 2404 1214))",536.158765,60,,,,,,
Alma Heath,AH04,,AH04_001,"POLYGON ((2576 1014, 2576 1214, 2754 1214, 2754 1179, 2754 1092, 2754 1014, 2576 1014))",554.861978,15,,,,,,
Alma Junction,AN01,,AN01_001,"POLYGON ((2754 814, 2754 776, 2793 776, 2793 814, 2754 814))",23.098468,5000,,,,,,
Alma Junction,AN02,,AN02_001,"POLYGON ((2716 814, 2716 776, 2754 776, 2754 814, 2716 814))",22.506199,4550,,,,,,
Alma Junction,AN03,,AN03_001,"POLYGON ((2716 854, 2716 814, 2754 814, 2754 854, 2716 854))",23.690736,2550,,,,,,
Alma Junction,AN04,,AN04_001,"POLYGON ((2754 854, 2754 814, 2793 814, 2793 854, 2754 854))",24.314177,6250,,,,,,
Alma Junction,AN05,,AN05_001,"POLYGON ((2754 894, 2754 854, 2793 854, 2793 814, 2831 814, 2831 854, 2831 894, 2754 894))",71.695649,1500,,,,,,
Alma Junction,AN06,,AN06_001,"POLYGON ((2716 814, 2677 814, 2677 894, 2754 894, 2754 854, 2716 854, 2716 814))",72.319089,350,,,,,,
Alma Junction,AN07,,AN07_001,"POLYGON ((2677 814, 2677 738, 2754 738, 2754 776, 2716 776, 2716 814, 2677 814))",68.703135,500,,,,,,
Alma Junction,AN08,,AN08_001,"POLYGON ((2754 776, 2754 738, 2831 738, 2831 814, 2793 814, 2793 776, 2754 776))",68.110866,1750,,,,,,
Aqua Bay,AQ01,,AQ01_001,"POLYGON ((1273 1180, 1273 1152, 1304 1152, 1304 1180, 1273 1180))",13.528657,900,,,,,,
Aqua Bay,AQ02,,AQ02_001,"POLYGON ((1273 1152, 1273 1125, 1304 1125, 1304 1152, 1273 1152))",13.045491,1250,,,,,,
Aqua Bay,AQ03,,AQ03_001,"POLYGON ((1273 1125, 1273 1097, 1304 1097, 1304 1125, 1273 1125))",13.528657,2000,,,,,,
Aqua Bay,AQ04,,AQ04_001,"POLYGON ((1273 1097, 1273 1070, 1304 1070, 1304 1097, 1273 1097))",13.045491,1000,,,,,,
Aqua Bay,AQ05,,AQ05_001,"POLYGON ((1304 1125, 1304 1097, 1304 1070, 1334 1070, 1334 1125, 1304 1125))",25.716918,500,,,,,,
Aqua Bay,AQ06,,AQ06_001,"POLYGON ((1304 1125, 1304 1152, 1304 1180, 1334 1180, 1334 1125, 1304 1125))",25.716918,350,,,,,,
Aqua Bay,AQ07,,AQ07_001,"POLYGON ((1273 1262, 1273 1180, 1304 1180, 1334 1180, 1334 1262, 1273 1262))",77.961225,150,,,,,,
Aqua Bay,AQ08,,AQ08_001,"POLYGON ((1334 1125, 1469 1125, 1469 1202, 1469 1262, 1334 1262, 1334 1180, 1334 1125))",288.263266,15,,,,,,
Aqua Bay,AQ09,,AQ09_001,"POLYGON ((1334 967, 1334 1070, 1334 1125, 1469 1125, 1469 1060, 1469 967, 1334 967))",332.449607,15,,,,,,
Aqua Bay,AQ10,,AQ10_001,"POLYGON ((1273 1070, 1304 1070, 1334 1070, 1334 967, 1273 967, 1273 1070))",97.926905,50,,,,,,
Aqua Bay,AQ11,,AQ11_001,"POLYGON ((1273 885, 1273 967, 1334 967, 1469 967, 1569 967, 1569 885, 1273 885))",378.30365,5,,,,,,
Aqua Bay,AQ12,,AQ12_001,"POLYGON ((1795 945, 1795 967, 1698 967, 1569 967, 1569 885, 1754 885, 1774 885, 1774 945, 1795 945))",269.201575,20,,,,,,
Aqua Bay,AQ13,,AQ13_001,"POLYGON ((1698 1125, 1698 1092, 1698 967, 1795 967, 1795 1125, 1698 1125))",238.871199,12,,,,,,
Aqua Bay,AQ14,,AQ14_001,"POLYGON ((1698 1125, 1698 1202, 1698 1277, 1795 1277, 1795 1125, 1698 1125))",229.800141,10,,,,,,
Aqua Bay,AQ15,,AQ15_001,"POLYGON ((1273 1646, 1273 1539, 1469 1539, 1469 1262, 1469 1202, 1583 1202, 1698 1202, 1698 1277, 1795 1277, 1795 1305, 1775 1305, 1775 1646, 1273 1646))",2363.166516,8,,,,,,
Aqua Bay,AQ16,,AQ16_001,"POLYGON ((1273 1539, 1469 1539, 1469 1262, 1334 1262, 1273 1262, 1273 1539))",846.195689,3,,,,,,
Aqua Bay,AQ17,,AQ17_001,"POLYGON ((1469 1125, 1469 1202, 1583 1202, 1583 1158, 1555 1158, 1555 1125, 1469 1125))",122.412527,25,,,,,,
Aqua Bay,AQ18,,AQ18_001,"POLYGON ((1583 1202, 1583 1158, 1583 1125, 1612 1125, 1612 1092, 1698 1092, 1698 1125, 1698 1202, 1583 1202))",182.247222,20,,,,,,
Aqua Bay,AQ19,,AQ19_001,"POLYGON ((1569 967, 1569 1060, 1583 1060, 1583 1092, 1612 1092, 1698 1092, 1698 967, 1569 967))",244.341888,15,,,,,,
Aqua Bay,AQ20,,AQ20_001,"POLYGON ((1469 1060, 1469 967, 1569 967, 1569 1060, 1555 1060, 1469 1060))",144.949899,20,,,,,,
Aqua Bay,AQ21,,AQ21_001,"POLYGON ((1469 1060, 1469 1125, 1555 1125, 1555 1092, 1555 1060, 1469 1060))",87.125799,40,,,,,,
Aqua Bay,AQ22,,AQ22_001,"POLYGON ((1555 1060, 1555 1092, 1583 1092, 1583 1060, 1569 1060, 1555 1060))",13.965066,80,,,,,,
Aqua Bay,AQ23,,AQ23_001,"POLYGON ((1555 1125, 1555 1092, 1583 1092, 1583 1125, 1555 1125))",14.401474,2600,,,,,,
Aqua Bay,AQ24,,AQ24_001,"POLYGON ((1555 1158, 1555 1125, 1583 1125, 1583 1158, 1555 1158))",14.401474,55,,,,,,
Aqua Bay,AQ25,,AQ25_001,"POLYGON ((1583 1125, 1583 1092, 1612 1092, 1612 1125, 1583 1125))",14.915812,450,,,,,,
Bayes Valley,B01,,B01_001,"POLYGON ((3205 960, 3205 916, 3226 916, 3226 960, 3205 960))",14.401474,2500,,,,,,
Bayes Valley,B02,,B02_001,"POLYGON ((3172 960, 3205 960, 3205 916, 3172 916, 3172 960))",22.630887,1500,,,,,,
Bayes Valley,B03,,B03_001,"POLYGON ((3226 814, 3226 916, 3205 916, 3172 916, 3172 960, 3084 960, 3084 814, 3161 814, 3226 814))",286.096811,100,,,,,,
Bayes Valley,B04,,B04_001,"POLYGON ((3084 696, 3084 814, 3161 814, 3161 718, 3150 718, 3150 696, 3128 696, 3084 696))",137.842678,50,,,,,,
Bayes Valley,B05,,B05_001,"POLYGON ((3161 563, 3161 652, 3150 652, 3150 674, 3128 674, 3128 696, 3084 696, 3084 563, 3161 563))",144.529076,75.3213895,,,,,,
Bayes Valley,B06,,B06_001,"POLYGON ((3150 718, 3150 696, 3128 696, 3128 674, 3150 674, 3150 652, 3161 652, 3172 652, 3172 674, 3194 674, 3194 696, 3172 696, 3172 718, 3161 718, 3150 718))",37.718146,3500,,,,,,
Bayes Valley,B07,,B07_001,"POLYGON ((3161 718, 3172 718, 3172 696, 3194 696, 3227 696, 3227 779, 3226 779, 3226 814, 3161 814, 3161 718))",117.066526,220.3213895,,,,,,
Bayes Valley,B08,,B08_001,"POLYGON ((3161 563, 3161 652, 3172 652, 3172 674, 3194 674, 3194 696, 3227 696, 3227 563, 3161 563))",121.726743,85.3213895,,,,,,
Bayes Valley,B09,,B09_001,"POLYGON ((3370 563, 3281 563, 3227 563, 3227 696, 3326 696, 3326 652, 3370 652, 3370 563))",266.255819,25.3213895,,,,,,
Bayes Valley,B10,,B10_001,"POLYGON ((3227 779, 3227 696, 3326 696, 3326 718, 3370 718, 3370 779, 3227 779))",169.903102,40.3213895,,,,,,
Bayes Valley,B11,,B11_001,"POLYGON ((3370 779, 3370 718, 3414 718, 3414 652, 3549 652, 3549 779, 3370 779))",309.055005,30,,,,,,
Bayes Valley,B12,,B12_001,"POLYGON ((3370 563, 3370 652, 3414 652, 3549 652, 3549 563, 3370 563))",248.300735,50,,,,,,
Bayes Valley,B13,,B13_001,"POLYGON ((3370 718, 3370 652, 3414 652, 3414 718, 3370 718))",45.261775,500,,,,,,
Bayes Valley,B14,,B14_001,"POLYGON ((3326 718, 3370 718, 3370 652, 3326 652, 3326 696, 3326 718))",45.261775,2000,,,,,,
Central,C01,,C01_001,"POLYGON ((2908 1378, 2930 1378, 2930 1356, 2908 1356, 2908 1378))",7.543629,13000,,,,,,
Central,C02,,C02_001,"POLYGON ((2908 1356, 2930 1356, 2930 1334, 2908 1334, 2908 1356))",7.543629,14000,,,,,,
Central,C03,,C03_001,"POLYGON ((2908 1334, 2908 1312, 2952 1312, 2952 1334, 2952 1356, 2952 1378, 2930 1378, 2930 1356, 2930 1334, 2908 1334))",30.174517,6250,,,,,,
Central,C04,,C04_001,"POLYGON ((2908 1378, 2908 1400, 2952 1400, 2952 1378, 2930 1378, 2908 1378))",15.087258,9500,,,,,,
Central,C05,,C05_001,"POLYGON ((2952 1356, 2952 1378, 2952 1400, 2996 1400, 2996 1378, 2974 1378, 2974 1356, 2952 1356))",22.630887,4250,,,,,,
Central,C06,,C06_001,"POLYGON ((2996 1400, 2996 1378, 3018 1378, 3018 1356, 3040 1356, 3040 1378, 3040 1400, 2996 1400))",22.630887,4250,,,,,,
Central,C07,,C07_001,"POLYGON ((2974 1356, 2974 1378, 2996 1378, 3018 1378, 3018 1356, 2974 1356))",15.087258,3000,,,,,,
Central,C08,,C08_001,"POLYGON ((2974 1356, 3018 1356, 3018 1334, 2996 1334, 2974 1334, 2974 1356))",15.087258,3250,,,,,,
Central,C09,,C09_001,"POLYGON ((2952 1356, 2952 1334, 2974 1334, 2974 1356, 2952 1356))",7.543629,8500,,,,,,
Central,C10,,C10_001,"POLYGON ((2952 1334, 2952 1312, 2996 1312, 2996 1334, 2974 1334, 2952 1334))",15.087258,4550,,,,,,
Central,C11,,C11_001,"POLYGON ((2996 1334, 3018 1334, 3018 1312, 2996 1312, 2996 1334))",7.543629,4750,,,,,,
Central,C12,,C12_001,"POLYGON ((3018 1334, 3040 1334, 3040 1312, 3018 1312, 3018 1334))",7.543629,5250,,,,,,
Central,C13,,C13_001,"POLYGON ((3018 1356, 3040 1356, 3040 1334, 3018 1334, 3018 1356))",7.543629,5000,,,,,,
Central,C14,,C14_001,"POLYGON ((3040 1334, 3062 1334, 3062 1356, 3040 1356, 3040 1334))",7.543629,11500,,,,,,
Central,C15,,C15_001,"POLYGON ((3062 1334, 3040 1334, 3040 1312, 3062 1312, 3062 1334))",7.543629,11000,,,,,,
Central,C16,,C16_001,"POLYGON ((3062 1334, 3062 1312, 3084 1312, 3084 1334, 3062 1334))",7.543629,9500,,,,,,
Central,C17,,C17_001,"POLYGON ((3062 1356, 3084 1356, 3084 1334, 3062 1334, 3062 1356))",7.543629,9750,,,,,,
Central,C18,,C18_001,"POLYGON ((3084 1356, 3106 1356, 3106 1334, 3084 1334, 3084 1356))",7.543629,6500,,,,,,
Central,C19,,C19_001,"POLYGON ((3084 1334, 3106 1334, 3106 1356, 3128 1356, 3128 1334, 3128 1312, 3084 1312, 3084 1334))",22.630887,3250,,,,,,
Central,C20,,C20_001,"POLYGON ((3084 1400, 3084 1378, 3106 1378, 3106 1356, 3128 1356, 3128 1400, 3084 1400))",22.630887,3550,,,,,,
Central,C21,,C21_001,"POLYGON ((3062 1356, 3062 1378, 3084 1378, 3106 1378, 3106 1356, 3084 1356, 3062 1356))",15.087258,6500,,,,,,
Central,C22,,C22_001,"POLYGON ((3040 1356, 3040 1378, 3062 1378, 3062 1356, 3040 1356))",7.543629,4550,,,,,,
Central,C23,,C23_001,"POLYGON ((3040 1378, 3040 1400, 3084 1400, 3084 1378, 3062 1378, 3040 1378))",15.087258,3550,,,,,,
Central,C24,,C24_001,"POLYGON ((3084 1444, 3128 1444, 3128 1400, 3084 1400, 3084 1444))",30.174517,1750,,,,,,
Central,C25,,C25_001,"POLYGON ((3040 1444, 3084 1444, 3084 1400, 3040 1400, 3040 1444))",30.174517,2150,,,,,,
Central,C26,,C26_001,"POLYGON ((2996 1444, 2996 1400, 3040 1400, 3040 1444, 2996 1444))",30.174517,3250,,,,,,
Central,C27,,C27_001,"POLYGON ((2952 1444, 2952 1400, 2996 1400, 2996 1444, 2952 1444))",30.174517,5000,,,,,,
Denton Town,D01,,D01_001,"POLYGON ((3117 1488, 3117 1510, 3139 1510, 3139 1488, 3128 1488, 3117 1488))",7.543629,13000,,,,,,
Denton Town,D02,,D02_001,"POLYGON ((3106 1466, 3106 1488, 3117 1488, 3128 1488, 3128 1466, 3106 1466))",7.543629,7250,,,,,,
Denton Town,D03,,D03_001,"POLYGON ((3128 1466, 3128 1488, 3139 1488, 3150 1488, 3150 1466, 3128 1466))",7.543629,7750,,,,,,
Denton Town,D04,,D04_001,"POLYGON ((3139 1488, 3139 1510, 3172 1510, 3172 1466, 3150 1466, 3150 1488, 3139 1488))",18.859073,2500,,,,,,
Denton Town,D05,,D05_001,"POLYGON ((3128 1444, 3128 1466, 3150 1466, 3172 1466, 3172 1444, 3128 1444))",15.087258,4200,,,,,,
Denton Town,D06,,D06_001,"POLYGON ((3084 1466, 3084 1444, 3128 1444, 3128 1466, 3106 1466, 3084 1466))",15.087258,4200,,,,,,
Denton Town,D07,,D07_001,"POLYGON ((3084 1510, 3117 1510, 3117 1488, 3106 1488, 3106 1466, 3084 1466, 3084 1510))",18.859073,4200,,,,,,
Denton Town,D08,,D08_001,"POLYGON ((3040 1444, 3040 1488, 3040 1510, 3084 1510, 3084 1466, 3084 1444, 3040 1444))",45.261775,3250,,,,,,
Denton Town,D09,,D09_001,"POLYGON ((3040 1510, 3084 1510, 3084 1537, 3040 1537, 3040 1510))",18.516181,3000,,,,,,
Denton Town,D10,,D10_001,"POLYGON ((3084 1510, 3084 1537, 3172 1537, 3172 1510, 3139 1510, 3117 1510, 3084 1510))",37.032361,400,,,,,,
Denton Town,D11,,D11_001,"POLYGON ((3172 1444, 3172 1466, 3172 1510, 3172 1537, 3235 1537, 3235 1491.3153, 3235 1445.8297, 3235 1444, 3194 1444, 3172 1444))",91.318436,500,,,,,,
Dressingham,DS01,,DS01_001,"POLYGON ((2116 814, 2100 814, 1822 814, 1822 410, 2079 410, 2100 410, 2100 542, 2100 586, 2100 630, 2100 674, 2100 740, 2116 740, 2116 814))",1768.949861,30,,,,,,
Dressingham,DS02,,DS02_001,"POLYGON ((2116 740, 2116 674, 2100 674, 2100 740, 2116 740))",16.458827,1250,,,,,,
Dressingham,DS03,,DS03_001,"POLYGON ((2100 674, 2100 630, 2138 630, 2160 630, 2160 674, 2116 674, 2100 674))",41.147068,600,,,,,,
Dressingham,DS04,,DS04_001,"POLYGON ((2100 630, 2100 586, 2138 586, 2138 630, 2100 630))",26.05981,1500,,,,,,
Dressingham,DS05,,DS05_001,"POLYGON ((2138 630, 2138 586, 2160 586, 2160 608, 2160 630, 2138 630))",15.087258,1500,,,,,,
Dressingham,DS06,,DS06_001,"POLYGON ((2100 586, 2100 542, 2116 542, 2160 542, 2160 586, 2138 586, 2100 586))",41.147068,400,,,,,,
Dressingham,DS07,,DS07_001,"POLYGON ((2100 542, 2100 410, 2116 410, 2116 542, 2100 542))",32.917654,650,,,,,,
Dressingham,DS08,,DS08_001,"POLYGON ((2116 410, 2116 542, 2160 542, 2270 542, 2270 410, 2138 410, 2116 410))",316.832424,65,,,,,,
Dressingham,DS09,,DS09_001,"POLYGON ((2160 608, 2160 586, 2160 542, 2270 542, 2270 608, 2160 608))",113.154437,45,,,,,,
Dressingham,DS10,,DS10_001,"POLYGON ((2160 674, 2160 630, 2160 608, 2270 608, 2270 674, 2160 674))",113.154437,40,,,,,,
Dressingham,DS11,,DS11_001,"POLYGON ((2116 814, 2116 740, 2116 674, 2160 674, 2270 674, 2270 795, 2248 795, 2248 814, 2116 814))",329.519437,25,,,,,,
Dressingham,DS12,,DS12_001,"POLYGON ((2248 814, 2248 795, 2270 795, 2292 795, 2292 814, 2270 814, 2248 814))",13.029905,1250,,,,,,
Dressingham,DS13,,DS13_001,"POLYGON ((2270 795, 2270 674, 2404 674, 2404 814, 2292 814, 2292 795, 2270 795))",285.878607,15,,,,,,
Dressingham,DS14,,DS14_001,"POLYGON ((2404 542, 2404 608, 2404 674, 2270 674, 2270 608, 2270 542, 2404 542))",275.685356,10,,,,,,
Dressingham,DS15,,DS15_001,"POLYGON ((2270 410, 2270 542, 2404 542, 2404 410, 2270 410))",275.685356,15,,,,,,
Dressingham,DS16,,DS16_001,"POLYGON ((2270 410, 2404 410, 2404 349, 2403 349, 2403 198, 2336 198, 2270 198, 2270 410))",440.413902,15,,,,,,
Dressingham,DS17,,DS17_001,"POLYGON ((2138 198, 2138 300, 2138 410, 2270 410, 2270 198, 2138 198))",436.158921,15,,,,,,
Dressingham,DS18,,DS18_001,"POLYGON ((2138 300, 2138 410, 2116 410, 2100 410, 2079 410, 2079 366, 2094 366, 2094 322, 2116 322, 2116 300, 2138 300))",78.179429,80,,,,,,
Dressingham,DS19,,DS19_001,"POLYGON ((2079 234, 2079 198, 2138 198, 2138 300, 2116 300, 2116 278, 2094 278, 2094 234, 2079 234))",70.822832,75,,,,,,
Dressingham,DS20,,DS20_001,"POLYGON ((2094 322, 2094 300, 2094 278, 2116 278, 2116 300, 2116 322, 2094 322))",15.087258,700,,,,,,
Dressingham,DS21,,DS21_001,"POLYGON ((2079 300, 2079 366, 2094 366, 2094 322, 2094 300, 2079 300))",15.430151,1700,,,,,,
Dressingham,DS22,,DS22_001,"POLYGON ((2079 234, 2094 234, 2094 278, 2094 300, 2079 300, 2079 234))",15.430151,1650,,,,,,
Dressingham,DS23,,DS23_001,"POLYGON ((1822 410, 1822 198, 2079 198, 2079 234, 2079 300, 2079 366, 2079 410, 1822 410))",849.188203,15,,,,,,
Durdham Mews,DR01,,DR01_001,"POLYGON ((2798 1378, 2776 1378, 2776 1356, 2776 1334, 2798 1334, 2798 1356, 2798 1378))",15.087258,9000,,,,,,
Durdham Mews,DR02,,DR02_001,"POLYGON ((2798 1400, 2754 1400, 2754 1356, 2754 1312, 2798 1312, 2798 1334, 2776 1334, 2776 1356, 2776 1378, 2798 1378, 2798 1400))",45.261775,3200,,,,,,
Durdham Mews,DR03,,DR03_001,"POLYGON ((2754 1356, 2688 1356, 2688 1444, 2732 1444, 2798 1444, 2798 1400, 2754 1400, 2754 1356))",120.698066,675,,,,,,
Durdham Mews,DR04,,DR04_001,"POLYGON ((2754 1356, 2688 1356, 2688 1268, 2754 1268, 2754 1312, 2754 1356))",90.52355,775,,,,,,
Durdham Mews,DR05,,DR05_001,"POLYGON ((2688 1356, 2688 1268, 2754 1268, 2754 1223, 2688 1223, 2585 1223, 2585 1356, 2688 1356))",259.803211,300,,,,,,
Durdham Mews,DR06,,DR06_001,"POLYGON ((2585 1356, 2585 1444, 2644 1444, 2688 1444, 2688 1356, 2585 1356))",141.2716,375,,,,,,
Durdham Mews,DR07,,DR07_001,"POLYGON ((2585 1444, 2585 1537, 2688 1537, 2688 1510, 2644 1510, 2644 1444, 2585 1444))",104.036621,475,,,,,,
Durdham Mews,DR08,,DR08_001,"POLYGON ((2688 1444, 2688 1477, 2732 1477, 2732 1510, 2688 1510, 2644 1510, 2644 1444, 2688 1444))",67.892662,2500,,,,,,
Durdham Mews,DR09,,DR09_001,"POLYGON ((2688 1444, 2688 1477, 2732 1477, 2732 1444, 2688 1444))",22.630887,7000,,,,,,
Durdham Mews,DR10,,DR10_001,"POLYGON ((2688 1510, 2688 1537, 2798 1537, 2798 1510, 2798 1488, 2798 1444, 2732 1444, 2732 1477, 2732 1510, 2688 1510))",114.183114,375,,,,,,
Eton Gate,E01,,E01_001,"POLYGON ((1566 -162, 1566 -184, 1588 -184, 1588 -162, 1566 -162))",7.5436,2250,,,,,,
Eton Gate,E02,,E02_001,"POLYGON ((1566 -184, 1566 -206, 1588 -206, 1588 -184, 1566 -184))",7.5436,1750,,,,,,
Eton Gate,E03,,E03_001,"POLYGON ((1588 -184, 1588 -206, 1610 -206, 1610 -184, 1588 -184))",7.5436,7800,,,,,,
Eton Gate,E04,,E04_001,"POLYGON ((1588 -162, 1588 -184, 1610 -184, 1610 -162, 1588 -162))",7.5436,8000,,,,,,
Eton Gate,E05,,E05_001,"POLYGON ((1610 -162, 1632 -162, 1632 -184, 1610 -184, 1610 -162))",7.5436,6000,,,,,,
Eton Gate,E06,,E06_001,"POLYGON ((1610 -184, 1610 -206, 1632 -206, 1632 -184, 1610 -184))",7.5436,5550,,,,,,
Eton Gate,E07,,E07_001,"POLYGON ((1632 -184, 1632 -206, 1654 -206, 1654 -184, 1632 -184))",7.5436,725,,,,,,
Eton Gate,E08,,E08_001,"POLYGON ((1610 -140, 1610 -162, 1632 -162, 1632 -184, 1654 -184, 1654 -140, 1610 -140))",22.6309,200,,,,,,
Eton Gate,E09,,E09_001,"POLYGON ((1566 -140, 1566 -162, 1588 -162, 1610 -162, 1610 -140, 1588 -140, 1566 -140))",15.0873,400,,,,,,
Weslington South,E10,,E10_001,"POLYGON ((1522 -140, 1522 -184, 1566 -184, 1566 -162, 1566 -140, 1522 -140))",30.1745,70,,,,,,
Weslington South,E11,,E11_001,"POLYGON ((1522 -184, 1566 -184, 1566 -206, 1588 -206, 1588 -228, 1522 -228, 1522 -184))",37.7181,55,,,,,,
Weslington South,E12,,E12_001,"POLYGON ((1588 -206, 1588 -228, 1632 -228, 1632 -206, 1610 -206, 1588 -206))",15.0873,375,,,,,,
Weslington South,E13,,E13_001,"POLYGON ((1632 -206, 1654 -206, 1654 -228, 1632 -228, 1632 -206))",7.5436,5000,,,,,,
Weslington South,E14,,E14_001,"POLYGON ((1586 -357, 1822 -357, 1822 -184, 1654 -184, 1654 -206, 1654 -228, 1632 -228, 1588 -228, 1586 -357))",587.7017,40,,,,,,
Weslington South,E15,,E15_001,"POLYGON ((1386 -357, 1386 -140, 1522 -140, 1522 -184, 1522 -228, 1588 -228, 1586 -357, 1386 -357))",590.663,20,,,,,,
Weslington South,E16,,E16_001,"POLYGON ((1197 -357, 1197 -140, 1386 -140, 1386 -357, 1197 -357))",639.2291,3,,,,,,
Weslington South,E17,,E17_001,"POLYGON ((1282 91, 1282 93, 1456 93, 1456 58, 1386 58, 1386 -37, 1386 -140, 1197 -140, 1197 91, 1282 91))",721.8973,3,,,,,,
Weslington South,E18,,E18_001,"POLYGON ((1456 93, 1456 58, 1555 58, 1555 80, 1522 80, 1522 93, 1456 93))",47.3191,100,,,,,,
Weslington South,E19,,E19_001,"POLYGON ((1386 -37, 1577 -37, 1577 -27, 1588 -27, 1588 36, 1555 36, 1555 58, 1456 58, 1386 58, 1386 -37))",286.0656,15,,,,,,
Eton Gate,E20,,E20_001,"POLYGON ((1599 -37, 1599 -27, 1588 -27, 1588 36, 1621 36, 1654 36, 1654 -37, 1599 -37))",73.3789,250,,,,,,
Eton Gate,E21,,E21_001,"POLYGON ((1577 -48, 1577 -37, 1577 -27, 1588 -27, 1599 -27, 1599 -37, 1599 -48, 1588 -48, 1577 -48))",7.2007,4000,,,,,,
Eton Gate,E22,,E22_001,"POLYGON ((1386 -37, 1386 -140, 1522 -140, 1566 -140, 1588 -140, 1588 -48, 1577 -48, 1577 -37, 1386 -37))",322.3966,10,,,,,,
Eton Gate,E23,,E23_001,"POLYGON ((1588 -140, 1588 -48, 1599 -48, 1599 -37, 1654 -37, 1654 -140, 1610 -140, 1588 -140))",104.0678,30,,,,,,
Eton Gate,E24,,E24_001,"POLYGON ((1654 -37, 1654 -140, 1654 -184, 1822 -184, 1822 -37, 1654 -37))",384.9121,125,,,,,,
Eton Gate,E25,,E25_001,"POLYGON ((1654 -37, 1654 36, 1730 36, 1730 93, 1730 111, 1774 111, 1822 111, 1822 -37, 1654 -37))",298.6903,75,,,,,,
Eton Gate,E26,,E26_001,"POLYGON ((1621 36, 1621 58, 1654 58, 1654 93, 1730 93, 1730 36, 1654 36, 1621 36))",78.834,200,,,,,,
Eton Gate,E27,,E27_001,"POLYGON ((1621 93, 1621 58, 1654 58, 1654 93, 1621 93))",18.0018,300,,,,,,
Eton Gate,E28,,E28_001,"POLYGON ((1588 80, 1588 58, 1621 58, 1621 93, 1605 93, 1605 80, 1588 80))",14.5573,3500,,,,,,
Eton Gate,E29,,E29_001,"POLYGON ((1572 93, 1572 80, 1588 80, 1605 80, 1605 93, 1588 93, 1572 93))",6.6864,5500,,,,,,
Eton Gate,E30,,E30_001,"POLYGON ((1555 93, 1555 80, 1555 58, 1588 58, 1588 80, 1572 80, 1572 93, 1555 93))",14.76,4000,,,,,,
Eton Gate,E31,,E31_001,"POLYGON ((1522 93, 1522 80, 1555 80, 1555 93, 1522 93))",6.6864,175,,,,,,
Eton Gate,E32,,E32_001,"POLYGON ((1555 58, 1555 36, 1588 36, 1588 58, 1555 58))",11.3154,1000,,,,,,
Eton Gate,E33,,E33_001,"POLYGON ((1588 58, 1588 36, 1621 36, 1621 58, 1588 58))",11.3154,800,,,,,,
Gorton Quarters,GR01,,GR01_001,"POLYGON ((3205 1334, 3172 1334, 3172 1356, 3194 1356, 3205 1356, 3205 1334))",11.315444,9000,,,,,,
Gorton Quarters,GR02,,GR02_001,"POLYGON ((3172 1334, 3172 1312, 3205 1312, 3205 1334, 3172 1334))",11.315444,10000,,,,,,
Gorton Quarters,GR03,,GR03_001,"POLYGON ((3150 1334, 3150 1312, 3172 1312, 3172 1334, 3150 1334))",7.543629,10500,,,,,,
Gorton Quarters,GR04,,GR04_001,"POLYGON ((3128 1334, 3128 1312, 3150 1312, 3150 1334, 3128 1334))",7.543629,11500,,,,,,
Gorton Quarters,GR04,,GR04_001,"POLYGON ((3172 1356, 3172 1400, 3194 1400, 3194 1356, 3172 1356))",15.087258,11500,,,,,,
Gorton Quarters,GR05,,GR05_001,"POLYGON ((3150 1334, 3150 1356, 3128 1356, 3128 1334, 3150 1334))",7.543629,11500,,,,,,
Gorton Quarters,GR06,,GR06_001,"POLYGON ((3150 1356, 3150 1334, 3172 1334, 3172 1356, 3150 1356))",7.543629,13500,,,,,,
Gorton Quarters,GR07,,GR07_001,"POLYGON ((3172 1356, 3150 1356, 3128 1356, 3128 1400, 3172 1400, 3172 1356))",30.174517,6000,,,,,,
Gorton Quarters,GR08,,GR08_001,"POLYGON ((3128 1400, 3128 1444, 3172 1444, 3194 1444, 3194 1400, 3172 1400, 3128 1400))",45.261775,3000,,,,,,
Gorton Quarters,GR09,,GR09_001,"POLYGON ((3194 1444, 3194 1400, 3235 1400, 3235 1407.312, 3235 1429.2481, 3235 1444, 3194 1444))",28.117163,3500,,,,,,
Gorton Quarters,GR10,,GR10_001,"POLYGON ((3205 1312, 3205 1334, 3205 1356, 3194 1356, 3194 1400, 3235 1400, 3235 1396.2103, 3235 1387.6731, 3235 1379.8507, 3235 1363.2988, 3235 1361.4741, 3235 1356, 3235 1341.9342, 3235 1337.2456, 3235 1328.8607, 3235 1322.5104, 3235 1318.0141, 3235 1312, 3205 1312))",48.690697,8000,,,,,,
Leighton,L01,,L01_001,"POLYGON ((3549 1627, 3482 1627, 3482 1597, 3482 1567, 3549 1567, 3549 1627))",62.655763,835,,,,,,
Leighton,L02,,L02_001,"POLYGON ((3482 1627, 3549 1627, 3549 1657, 3482 1657, 3414 1657, 3414 1537, 3468.5109 1537, 3482 1537, 3549 1537, 3549 1567, 3482 1567, 3482 1597, 3482 1627))",189.837609,30,,,,,,
Leighton,L03,,L03_001,"POLYGON ((3235 1537, 3292.0744 1537, 3322.2567 1537, 3383.9098 1537, 3414 1537, 3414 1657, 3235 1657, 3235 1537))",334.787508,10,,,,,,
Leighton,L04,,L04_001,"POLYGON ((3040 1537, 3084 1537, 3172 1537, 3235 1537, 3235 1657, 3040 1657, 3040 1537))",364.712649,40,,,,,,
Leighton,L05,,L05_001,"POLYGON ((2895 1537, 2895 1657, 3040 1657, 3040 1537, 2952 1537, 2895 1537))",271.196585,110,,,,,,
Northfields Market,N01,,N01_001,"POLYGON ((3161 388, 3161 377, 3172 377, 3183 377, 3183 388, 3161 388))",3.771815,11500,,,,,,
Northfields Market,N02,,N02_001,"POLYGON ((3150 388, 3150 366, 3172 366, 3172 377, 3161 377, 3161 388, 3150 388))",5.657722,7500,,,,,,
Northfields Market,N03,,N03_001,"POLYGON ((3183 388, 3183 377, 3172 377, 3172 366, 3194 366, 3194 388, 3183 388))",5.657722,8500,,,,,,
Northfields Market,N04,,N04_001,"POLYGON ((3183 408, 3183 388, 3194 388, 3194 408, 3183 408))",3.428922,7300,,,,,,
Northfields Market,N05,,N05_001,"POLYGON ((3150 388, 3150 399, 3161 399, 3161 408, 3183 408, 3183 388, 3161 388, 3150 388))",8.743752,4250,,,,,,
Northfields Market,N06,,N06_001,"POLYGON ((3161 408, 3161 432, 3194 432, 3194 408, 3183 408, 3161 408))",12.34412,2500,,,,,,
Northfields Market,N07,,N07_001,"POLYGON ((3128 388, 3128 432, 3161 432, 3161 408, 3161 399, 3150 399, 3150 388, 3128 388))",20.74498,1500,,,,,,
Northfields Market,N08,,N08_001,"POLYGON ((3128 388, 3128 366, 3150 366, 3150 388, 3128 388))",7.543629,4650,,,,,,
Northfields Market,N09,,N09_001,"POLYGON ((3084 388, 3084 366, 3128 366, 3128 388, 3084 388))",15.087258,1000,,,,,,
Northfields Market,N10,,N10_001,"POLYGON ((2996 349, 2996 388, 3084 388, 3084 366, 3018 366, 3018 349, 2996 349))",36.003685,200,,,,,,
Northfields Market,N11,,N11_001,"POLYGON ((3018 349, 3018 366, 3084 366, 3084 349, 3018 349))",17.487504,900,,,,,,
Northfields Market,N12,,N12_001,"POLYGON ((3084 366, 3128 366, 3128 349, 3084 349, 3084 366))",11.658336,3200,,,,,,
Northfields Market,N13,,N13_001,"POLYGON ((3128 349, 3128 366, 3150 366, 3150 349, 3128 349))",5.829168,5500,,,,,,
Northfields Market,N14,,N14_001,"POLYGON ((3150 366, 3150 349, 3172 349, 3172 366, 3150 366))",5.829168,9500,,,,,,
Northfields Market,N15,,N15_001,"POLYGON ((3172 366, 3172 349, 3194 349, 3194 366, 3172 366))",5.829168,9500,,,,,,
Northfields Market,N16,,N16_001,"POLYGON ((3194 366, 3194 349, 3216 349, 3216 366, 3194 366))",5.829168,7500,,,,,,
Northfields Market,N17,,N17_001,"POLYGON ((3216 366, 3216 349, 3238 349, 3238 366, 3216 366))",5.829168,7000,,,,,,
Northfields Market,N18,,N18_001,"POLYGON ((3194 388, 3194 366, 3216 366, 3238 366, 3238 388, 3194 388))",15.087258,3300,,,,,,
Northfields Market,N19,,N19_001,"POLYGON ((3281 388, 3238 388, 3238 366, 3238 349, 3281 349, 3281 388))",26.13774,1150,,,,,,
Northfields Market,N20,,N20_001,"POLYGON ((3194 432, 3194 408, 3194 388, 3238 388, 3281 388, 3281 432, 3194 432))",59.663249,180,,,,,,
Northfields Market,N21,,N21_001,"POLYGON ((3161 432, 3161 498, 3172 498, 3194 498, 3194 520, 3281 520, 3281 432, 3194 432, 3161 432))",153.272828,125,,,,,,
Northfields Market,N22,,N22_001,"POLYGON ((3161 563, 3161 542, 3194 542, 3194 520, 3281 520, 3281 563, 3227 563, 3161 563))",69.108371,100,,,,,,
Northfields Market,N23,,N23_001,"POLYGON ((3084 563, 3084 498, 3128 498, 3128 520, 3128 542, 3161 542, 3161 563, 3084 563))",55.377096,125,,,,,,
Northfields Market,N24,,N24_001,"POLYGON ((3128 498, 3128 520, 3128 542, 3161 542, 3161 520, 3150 520, 3150 498, 3128 498))",18.859073,3250,,,,,,
Northfields Market,N25,,N25_001,"POLYGON ((3161 520, 3161 542, 3194 542, 3194 520, 3194 498, 3172 498, 3172 520, 3161 520))",18.859073,2750,,,,,,
Northfields Market,N26,,N26_001,"POLYGON ((3150 498, 3150 520, 3161 520, 3172 520, 3172 498, 3161 498, 3150 498))",7.543629,9000,,,,,,
Northfields Market,N27,,N27_001,"POLYGON ((3084 498, 3084 432, 3128 432, 3161 432, 3161 498, 3150 498, 3128 498, 3084 498))",79.208106,140,,,,,,
Northfields Market,N28,,N28_001,"POLYGON ((2996 388, 2996 432, 3084 432, 3128 432, 3128 388, 3084 388, 2996 388))",90.52355,125,,,,,,
Northfields Market,N29,,N29_001,"POLYGON ((2908 432, 2908 563, 3084 563, 3084 498, 3084 432, 2996 432, 2908 432))",359.351061,50,,,,,,
Northfields Market,N30,,N30_001,"POLYGON ((2908 432, 2908 349, 2996 349, 2996 388, 2996 432, 2908 432))",113.840222,100,,,,,,
Oakfield Bush,AK01,,AK01_001,"POLYGON ((1940 1136, 1940 1114, 1962 1114, 1984 1114, 1984 1136, 1940 1136))",15.087258,3000,,,,,,
Oakfield Bush,AK02,,AK02_001,"POLYGON ((1940 1158, 1940 1136, 1984 1136, 1984 1158, 1962 1158, 1940 1158))",15.087258,4000,,,,,,
Oakfield Bush,AK03,,AK03_001,"POLYGON ((1918 1136, 1918 1180, 1962 1180, 1962 1158, 1940 1158, 1940 1136, 1918 1136))",22.630887,35,,,,,,
Oakfield Bush,AK04,,AK04_001,"POLYGON ((1984 1136, 1984 1158, 1962 1158, 1962 1180, 2006 1180, 2006 1136, 1984 1136))",22.630887,50,,,,,,
Oakfield Bush,AK05,,AK05_001,"POLYGON ((1962 1092, 1962 1114, 1984 1114, 1984 1136, 2006 1136, 2006 1092, 1962 1092))",22.630887,50,,,,,,
Oakfield Bush,AK06,,AK06_001,"POLYGON ((1962 1092, 1962 1114, 1940 1114, 1940 1136, 1918 1136, 1918 1125, 1918 1092, 1962 1092))",22.630887,45,,,,,,
Oakfield Bush,AK07,,AK07_001,"POLYGON ((1961 944, 1962 1092, 1918 1092, 1918 1125, 1795 1125, 1795 967, 1795 945, 1795 944, 1822 944, 1961 944))",447.334091,10,,,,,,
Oakfield Bush,AK08,,AK08_001,"POLYGON ((1795 1125, 1795 1277, 1795 1305, 1822 1305, 1962 1305, 1962 1180, 1918 1180, 1918 1136, 1918 1125, 1795 1125))",430.797334,10,,,,,,
Oakfield Bush,AK09,,AK09_001,"POLYGON ((1962 1305, 2100 1305, 2100 1290, 2100 1136, 2006 1136, 2006 1180, 1962 1180, 1962 1305))",333.322423,20,,,,,,
Oakfield Bush,AK10,,AK10_001,"POLYGON ((1961 944, 1962 1092, 2006 1092, 2006 1136, 2100 1136, 2100 1004, 2100 944, 1961 944))",383.945786,15,,,,,,
Oakfield Bush,AK11,,AK11_001,"POLYGON ((1822 944, 1822 814, 2100 814, 2100 944, 1961 944, 1822 944))",563.278424,5,,,,,,
Oakfield Bush,AK12,,AK12_001,"POLYGON ((2270 814, 2270 982, 2248 982, 2248 1004, 2100 1004, 2100 944, 2100 814, 2116 814, 2248 814, 2270 814))",495.884514,15,,,,,,
Oakfield Bush,AK13,,AK13_001,"POLYGON ((2270 814, 2270 982, 2292 982, 2292 1014, 2404 1014, 2404 814, 2292 814, 2270 814))",406.732533,20,,,,,,
Oakfield Bush,AK14,,AK14_001,"POLYGON ((2248 1026, 2248 1004, 2248 982, 2270 982, 2292 982, 2292 1014, 2292 1026, 2270 1026, 2248 1026))",30.174517,2500,,,,,,
Oakfield Bush,AK15,,AK15_001,"POLYGON ((2270 1026, 2270 1136, 2100 1136, 2100 1004, 2248 1004, 2248 1026, 2270 1026))",342.206449,15,,,,,,
Oakfield Bush,AK16,,AK16_001,"POLYGON ((2292 1014, 2404 1014, 2404 1136, 2270 1136, 2270 1026, 2292 1026, 2292 1014))",250.685395,20,,,,,,
Oakfield Bush,AK17,,AK17_001,"POLYGON ((2100 1136, 2100 1290, 2312 1290, 2312 1214, 2404 1214, 2404 1136, 2270 1136, 2100 1136))",620.697287,10,,,,,,
Oakfield Bush,AK18,,AK18_001,"POLYGON ((1822 1305, 1822 1537, 2312 1537, 2312 1387, 2312 1290, 2100 1290, 2100 1305, 1962 1305, 1822 1305))",1821.381201,5,,,,,,
Readington,R01,,R01_001,"POLYGON ((2435 1345, 2435 1334, 2435 1323, 2446 1323, 2457 1323, 2457 1334, 2457 1345, 2446 1345, 2435 1345))",7.543629,9500,,,,,,
Readington,R02,,R02_001,"POLYGON ((2402 1334, 2402 1356, 2424 1356, 2446 1356, 2446 1345, 2435 1345, 2435 1334, 2424 1334, 2402 1334))",13.201351,4200,,,,,,
Readington,R03,,R03_001,"POLYGON ((2490 1356, 2490 1334, 2468 1334, 2457 1334, 2457 1345, 2446 1345, 2446 1356, 2468 1356, 2490 1356))",13.201351,4750,,,,,,
Readington,R04,,R04_001,"POLYGON ((2446 1323, 2446 1312, 2468 1312, 2468 1334, 2457 1334, 2457 1323, 2446 1323))",5.657722,6000,,,,,,
Readington,R05,,R05_001,"POLYGON ((2424 1334, 2424 1312, 2446 1312, 2446 1323, 2435 1323, 2435 1334, 2424 1334))",5.657722,6000,,,,,,
Readington,R06,,R06_001,"POLYGON ((2380 1290, 2380 1356, 2402 1356, 2402 1334, 2424 1334, 2424 1312, 2446 1312, 2446 1290, 2380 1290))",45.261775,599.6321828,,,,,,
Readington,R07,,R07_001,"POLYGON ((2446 1290, 2446 1312, 2468 1312, 2468 1334, 2490 1334, 2490 1356, 2512 1356, 2512 1290, 2446 1290))",45.261775,399.6321828,,,,,,
Readington,R08,,R08_001,"POLYGON ((2468 1387, 2468 1378, 2468 1356, 2490 1356, 2512 1356, 2512 1387, 2468 1387))",21.259318,499.6321828,,,,,,
Readington,R09,,R09_001,"POLYGON ((2424 1378, 2424 1356, 2446 1356, 2468 1356, 2468 1378, 2424 1378))",15.087258,3500,,,,,,
Readington,R10,,R10_001,"POLYGON ((2380 1387, 2380 1356, 2402 1356, 2424 1356, 2424 1378, 2424 1387, 2380 1387))",21.259318,799.6321828,,,,,,
Readington,R11,,R11_001,"POLYGON ((2312 1537, 2312 1387, 2380 1387, 2424 1387, 2424 1378, 2468 1378, 2468 1387, 2512 1387, 2576 1387, 2576 1537, 2312 1537))",623.378081,40,,,,,,
Readington,R12,,R12_001,"POLYGON ((2312 1387, 2312 1290, 2380 1290, 2380 1356, 2380 1387, 2312 1387))",102.805326,50,,,,,,
Readington,R13,,R13_001,"POLYGON ((2312 1290, 2312 1214, 2404 1214, 2446 1214, 2446 1290, 2380 1290, 2312 1290))",158.727932,30,,,,,,
Readington,R14,,R14_001,"POLYGON ((2446 1290, 2446 1214, 2576 1214, 2576 1290, 2512 1290, 2446 1290))",153.989785,55,,,,,,
Readington,R15,,R15_001,"POLYGON ((2512 1387, 2512 1356, 2512 1290, 2576 1290, 2576 1387, 2512 1387))",96.757954,50,,,,,,
Storport,ST01,,ST01_001,"POLYGON ((1555 93, 1555 118, 1588 118, 1588 93, 1572 93, 1555 93))",12.858459,3200,,,,,,
Storport,ST02,,ST02_001,"POLYGON ((1555 118, 1555 144, 1588 144, 1621 144, 1621 118, 1588 118, 1555 118))",26.745594,550,,,,,,
Storport,ST03,,ST03_001,"POLYGON ((1588 118, 1588 93, 1605 93, 1621 93, 1621 118, 1588 118))",12.858459,3000,,,,,,
Storport,ST04,,ST04_001,"POLYGON ((1621 93, 1621 118, 1621 144, 1654 144, 1654 93, 1621 93))",26.231256,250,,,,,,
Storport,ST05,,ST05_001,"POLYGON ((1456 336, 1456 144, 1522 144, 1555 144, 1588 144, 1588 336, 1456 336))",395.011853,10,,,,,,
Storport,ST06,,ST06_001,"POLYGON ((1522 93, 1522 144, 1555 144, 1555 118, 1555 93, 1522 93))",26.231256,150,,,,,,
Storport,ST07,,ST07_001,"POLYGON ((1456 144, 1456 93, 1522 93, 1522 144, 1456 144))",52.462512,75,,,,,,
Storport,ST08,,ST08_001,"POLYGON ((1282 336, 1282 93, 1456 93, 1456 144, 1456 336, 1282 336))",659.007701,5,,,,,,
Storport,ST09,,ST09_001,"POLYGON ((1197 448, 1456 448, 1456 336, 1282 336, 1282 93, 1282 91, 1197 91, 1197 448))",776.697667,2,,,,,,
Storport,ST10,,ST10_001,"POLYGON ((1456 448, 1456 336, 1588 336, 1730 336, 1730 111, 1774 111, 1774 448, 1456 448))",709.412859,8,,,,,,
Storport,ST11,,ST11_001,"POLYGON ((1588 144, 1588 336, 1730 336, 1730 111, 1730 93, 1654 93, 1654 144, 1621 144, 1588 144))",485.348371,10,,,,,,
Techno Garden,T01,,T01_001,"POLYGON ((2842 1400, 2842 1422, 2853 1422, 2864 1422, 2864 1400, 2842 1400))",7.543629,16000,,,,,,
Techno Garden,T02,,T02_001,"POLYGON ((2798 1400, 2798 1444, 2820 1444, 2853 1444, 2853 1422, 2842 1422, 2842 1400, 2820 1400, 2798 1400))",33.946331,9000,,,,,,
Techno Garden,T03,,T03_001,"POLYGON ((2864 1400, 2864 1422, 2853 1422, 2853 1444, 2908 1444, 2908 1400, 2886 1400, 2864 1400))",33.946331,13000,,,,,,
Techno Garden,T04,,T04_001,"POLYGON ((2908 1400, 2908 1444, 2952 1444, 2952 1400, 2908 1400))",30.174517,10000,,,,,,
Techno Garden,T05,,T05_001,"POLYGON ((2853 1444, 2853 1488, 2874 1488, 2952 1488, 2952 1444, 2908 1444, 2853 1444))",67.892662,10000,,,,,,
Techno Garden,T06,,T06_001,"POLYGON ((2874 1537, 2874 1488, 2853 1488, 2853 1444, 2820 1444, 2798 1444, 2798 1488, 2798 1510, 2798 1537, 2874 1537))",95.760449,2000,,,,,,
Techno Garden,T07,,T07_001,"POLYGON ((2874 1488, 2874 1537, 2895 1537, 2952 1537, 2952 1488, 2874 1488))",59.569733,3000,,,,,,
Techno Garden,T08,,T08_001,"POLYGON ((2952 1537, 3040 1537, 3040 1510, 3040 1488, 2952 1488, 2952 1537))",67.206878,2550,,,,,,
Techno Garden,T09,,T09_001,"POLYGON ((2952 1488, 2952 1444, 2996 1444, 3040 1444, 3040 1488, 2952 1488))",60.349033,6500,,,,,,
Tedding Temple,TD01,,TD01_001,"POLYGON ((2952 1312, 2996 1312, 2996 1290, 2996 1268, 2952 1268, 2952 1312))",30.174517,7000,,,,,,
Tedding Temple,TD02,,TD02_001,"POLYGON ((2996 1268, 2996 1290, 3018 1290, 3018 1268, 2996 1268))",7.543629,9500,,,,,,
Tedding Temple,TD03,,TD03_001,"POLYGON ((2996 1312, 3018 1312, 3018 1290, 2996 1290, 2996 1312))",7.543629,6500,,,,,,
Tedding Temple,TD04,,TD04_001,"POLYGON ((3040 1290, 3018 1290, 3018 1312, 3040 1312, 3040 1290))",7.543629,8000,,,,,,
Tedding Temple,TD05,,TD05_001,"POLYGON ((3040 1268, 3018 1268, 3018 1290, 3040 1290, 3040 1268))",7.543629,12500,,,,,,
Tedding Temple,TD06,,TD06_001,"POLYGON ((3062 1268, 3040 1268, 3040 1290, 3062 1290, 3062 1268))",7.543629,15000,,,,,,
Tedding Temple,TD07,,TD07_001,"POLYGON ((3040 1312, 3062 1312, 3062 1290, 3040 1290, 3040 1312))",7.543629,11000,,,,,,
Tedding Temple,TD08,,TD08_001,"POLYGON ((3062 1290, 3062 1312, 3084 1312, 3084 1290, 3062 1290))",7.543629,10000,,,,,,
Tedding Temple,TD09,,TD09_001,"POLYGON ((3062 1268, 3062 1290, 3084 1290, 3084 1268, 3062 1268))",7.543629,16000,,,,,,
Tedding Temple,TD10,,TD10_001,"POLYGON ((3062 1268, 3084 1268, 3084 1246, 3062 1246, 3062 1268))",7.543629,14000,,,,,,
Tedding Temple,TD11,,TD11_001,"POLYGON ((3084 1223, 3062 1223, 3062 1246, 3084 1246, 3084 1223))",7.886521,14000,,,,,,
Tedding Temple,TD12,,TD12_001,"POLYGON ((3040 1246, 3040 1223, 3062 1223, 3062 1246, 3040 1246))",7.886521,13000,,,,,,
Tedding Temple,TD13,,TD13_001,"POLYGON ((3062 1246, 3040 1246, 3040 1268, 3062 1268, 3062 1246))",7.543629,14500,,,,,,
Tedding Temple,TD14,,TD14_001,"POLYGON ((3040 1246, 3018 1246, 3018 1268, 3040 1268, 3040 1246))",7.543629,12000,,,,,,
Tedding Temple,TD15,,TD15_001,"POLYGON ((3018 1246, 3018 1223, 3040 1223, 3040 1246, 3018 1246))",7.886521,10000,,,,,,
Tedding Temple,TD16,,TD16_001,"POLYGON ((2996 1246, 2996 1223, 3018 1223, 3018 1246, 2996 1246))",7.886521,7500,,,,,,
Tedding Temple,TD17,,TD17_001,"POLYGON ((2952 1268, 2952 1246, 2996 1246, 3018 1246, 3018 1268, 2996 1268, 2952 1268))",22.630887,9000,,,,,,
Tedding Temple,TD18,,TD18_001,"POLYGON ((2952 1246, 2952 1223, 2996 1223, 2996 1246, 2952 1246))",15.773043,6000,,,,,,
Tedding Temple,TD19,,TD19_001,"POLYGON ((2908 1268, 2952 1268, 2952 1246, 2952 1223, 2908 1223, 2908 1268))",30.860301,10000,,,,,,
Tedding Temple,TD20,,TD20_001,"POLYGON ((2908 1312, 2952 1312, 2952 1268, 2908 1268, 2908 1312))",30.174517,10000,,,,,,
Twicken Meads,TM01,,TM01_001,"POLYGON ((3150 1268, 3150 1290, 3172 1290, 3172 1268, 3150 1268))",7.543629,16500,,,,,,
Twicken Meads,TM02,,TM02_001,"POLYGON ((3084 1312, 3084 1290, 3106 1290, 3106 1268, 3128 1268, 3150 1268, 3150 1290, 3172 1290, 3172 1312, 3150 1312, 3128 1312, 3084 1312))",45.261775,10000,,,,,,
Twicken Meads,TM03,,TM03_001,"POLYGON ((3084 1290, 3106 1290, 3106 1268, 3084 1268, 3084 1290))",7.543629,15000,,,,,,
Twicken Meads,TM04,,TM04_001,"POLYGON ((3084 1268, 3106 1268, 3106 1246, 3084 1246, 3084 1268))",7.543629,15000,,,,,,
Twicken Meads,TM05,,TM05_001,"POLYGON ((3084 1246, 3084 1223, 3106 1223, 3106 1246, 3084 1246))",7.886521,14000,,,,,,
Twicken Meads,TM06,,TM06_001,"POLYGON ((3106 1223, 3106 1246, 3106 1268, 3128 1268, 3128 1223, 3106 1223))",15.430151,12500,,,,,,
Twicken Meads,TM07,,TM07_001,"POLYGON ((3128 1268, 3150 1268, 3150 1246, 3150 1223, 3128 1223, 3128 1268))",15.430151,10500,,,,,,
Twicken Meads,TM08,,TM08_001,"POLYGON ((3150 1246, 3150 1223, 3205 1223, 3205 1246, 3150 1246))",19.716303,6500,,,,,,
Twicken Meads,TM09,,TM09_001,"POLYGON ((3205 1246, 3235 1246, 3235 1234.6817, 3235 1223, 3205 1223, 3205 1246))",10.754347,10000,,,,,,
Twicken Meads,TM10,,TM10_001,"POLYGON ((3205 1290, 3235 1290, 3235 1282.6625, 3235 1278.9937, 3235 1275.3249, 3235 1262.1168, 3235 1258.607, 3235 1253.204, 3235 1246, 3205 1246, 3205 1290))",20.573534,6000,,,,,,
Twicken Meads,TM11,,TM11_001,"POLYGON ((3150 1268, 3150 1246, 3205 1246, 3205 1290, 3172 1290, 3172 1268, 3150 1268))",30.174517,5000,,,,,,
Twicken Meads,TM12,,TM12_001,"POLYGON ((3172 1312, 3172 1290, 3205 1290, 3205 1312, 3172 1312))",11.315444,9500,,,,,,
Twicken Meads,TM13,,TM13_001,"POLYGON ((3205 1312, 3205 1290, 3235 1290, 3235 1301.8228, 3235 1312, 3205 1312))",10.286767,10000,,,,,,
Waltham Grove,WG01,,WG01_001,"POLYGON ((2336 198, 2403 198, 2403 58, 2336 58, 2336 102, 2336 198))",146.19678,250,,,,,,
Waltham Grove,WG02,,WG02_001,"POLYGON ((2292 102, 2292 168, 2270 168, 2270 198, 2336 198, 2336 102, 2292 102))",76.122076,50,,,,,,
Waltham Grove,WG03,,WG03_001,"POLYGON ((2248 168, 2248 146, 2270 146, 2270 102, 2292 102, 2292 168, 2270 168, 2248 168))",30.174517,1250,,,,,,
Waltham Grove,WG04,,WG04_001,"POLYGON ((2270 102, 2270 146, 2248 146, 2248 168, 2270 168, 2270 198, 2138 198, 2138 111, 2138 102, 2270 102))",189.962297,30,,,,,,
Waltham Grove,WG05,,WG05_001,"POLYGON ((2270 102, 2270 -37, 2138 -37, 2138 102, 2270 102))",285.972123,20,,,,,,
Waltham Grove,WG06,,WG06_001,"POLYGON ((2270 102, 2270 -37, 2403 -37, 2403 58, 2336 58, 2336 102, 2292 102, 2270 102))",242.191019,25,,,,,,
Waltham Grove,WG07,,WG07_001,"POLYGON ((2292 -206, 2292 -162, 2270 -162, 2270 -37, 2403 -37, 2403 -206, 2292 -206))",335.239502,20,,,,,,
Waltham Grove,WG08,,WG08_001,"POLYGON ((2248 -184, 2248 -206, 2292 -206, 2292 -162, 2270 -162, 2270 -184, 2248 -184))",22.630887,1250,,,,,,
Waltham Grove,WG09,,WG09_001,"POLYGON ((2270 -162, 2270 -37, 2138 -37, 2138 -184, 2248 -184, 2270 -184, 2270 -162))",302.43095,25,,,,,,
Waltham Grove,WG10,,WG10_001,"POLYGON ((2138 -357, 2138 -184, 2248 -184, 2248 -206, 2292 -206, 2403 -206, 2403 -357, 2138 -357))",661.392361,10,,,,,,
Waltham Grove,WG11,,WG11_001,"POLYGON ((1822 -357, 1822 -184, 2138 -184, 2138 -357, 1822 -357))",852.056029,18,,,,,,
Waltham Grove,WG12,,WG12_001,"POLYGON ((1822 -184, 1822 -37, 2138 -37, 2138 -184, 1822 -184))",724.001365,30,,,,,,
Waltham Grove,WG13,,WG13_001,"POLYGON ((1822 -37, 1822 111, 2138 111, 2138 102, 2138 -37, 1822 -37))",728.926545,25,,,,,,
Waltham Grove,WG14,,WG14_001,"POLYGON ((1822 198, 1822 111, 2138 111, 2138 198, 2079 198, 1822 198))",428.490604,2,,,,,,
Waterstone,WA01,,WA01_001,"POLYGON ((1754 758, 1698 758, 1698 703, 1698 647, 1754 647, 1754 478, 1774 478, 1774 885, 1754 885, 1754 758))",223.752768,100,,,,,,
Waterstone,WA02,,WA02_001,"POLYGON ((1569 814, 1569 703, 1698 703, 1698 758, 1698 814, 1569 814))",223.176086,35,,,,,,
Waterstone,WA03,,WA03_001,"POLYGON ((1569 703, 1569 592, 1698 592, 1698 647, 1698 703, 1569 703))",223.176086,40,,,,,,
Waterstone,WA04,,WA04_001,"POLYGON ((1456 592, 1456 660, 1456 814, 1569 814, 1569 703, 1569 592, 1456 592))",390.990662,20,,,,,,
Waterstone,WA05,,WA05_001,"POLYGON ((1456 592, 1456 478, 1754 478, 1754 647, 1698 647, 1698 592, 1569 592, 1456 592))",577.492866,5,,,,,,
Waterstone,WA06,,WA06_001,"POLYGON ((1365 660, 1365 569, 1365 478, 1456 478, 1456 592, 1456 660, 1365 660))",258.135508,10,,,,,,
Waterstone,WA07,,WA07_001,"POLYGON ((1273 569, 1273 478, 1365 478, 1365 569, 1273 569))",130.486081,20,,,,,,
Waterstone,WA08,,WA08_001,"POLYGON ((1273 569, 1273 660, 1365 660, 1365 569, 1273 569))",130.486081,20,,,,,,
Waterstone,WA09,,WA09_001,"POLYGON ((1456 660, 1365 660, 1273 660, 1273 885, 1569 885, 1569 814, 1456 814, 1456 660))",766.80055,3,,,,,,
Waterstone,WA10,,WA10_001,"POLYGON ((1569 885, 1569 814, 1698 814, 1698 758, 1754 758, 1754 885, 1569 885))",253.599979,15,,,,,,
Cotham Heights,NC1,,NC1_001,"POLYGON ((3279.2822 1418.0581, 3282.2663 1409.5076, 3285.4326 1412.5559, 3279.2822 1418.0581))",0.281872,11245,Capital,Inner City,UNI,0.99,3470,Ward 4
Cotham Heights,NC1,,NC1_002,"POLYGON ((3271.8507 1401.4118, 3270.4074 1400, 3266.3454 1400, 3262.3242 1400, 3267.2913 1405.1833, 3271.8507 1401.4118))",0.419092,8520,Capital,Inner City,E1,0.99,3231,Ward 5
Cotham Heights,NC1,,NC1_003,"POLYGON ((3273.0993 1402.6033, 3271.8507 1401.4118, 3267.2913 1405.1833, 3270.9469 1409.1657, 3273.2972 1407.1178, 3270.8585 1404.3637, 3273.0993 1402.6033))",0.337079,8205,Capital,Inner City,UNI,0.97,2656,Ward 5
Cotham Heights,NC1,,NC1_004,"POLYGON ((3262.3242 1400, 3267.2913 1405.1833, 3264.4583 1408.2401, 3259.9356 1404.4049, 3262.3242 1400))",0.459402,8210,Capital,Inner City,UNI,0.93,3708,Ward 5
Cotham Heights,NC1,,NC1_005,"POLYGON ((3276.1418 1410.6351, 3273.9828 1412.4149, 3272.923 1411.2863, 3271.8631 1410.1577, 3270.9469 1409.1657, 3273.2972 1407.1178, 3276.1418 1410.6351))",0.206866,9255,Capital,Inner City,UNI,0.9,1787,Ward 4
Cotham Heights,NC1,,NC1_006,"POLYGON ((3254.7648 1410.555, 3254.3863 1400, 3262.3242 1400, 3259.9356 1404.4049, 3254.7648 1410.555))",0.715953,7800,Capital,Inner City,B1,0.98,5562,Ward 5
Cotham Heights,NC1,,NC1_007,"POLYGON ((3264.4583 1408.2401, 3267.2913 1405.1833, 3270.9469 1409.1657, 3266.9768 1410.5089, 3264.4583 1408.2401))",0.271561,10645,Capital,Inner City,UNI,0.93,2500,Ward 5
Cotham Heights,NC1,,NC1_008,"POLYGON ((3277.4771 1409.5152, 3282.2663 1409.5076, 3279.2822 1418.0581, 3275.0814 1413.636, 3277.1225 1411.9098, 3277.4771 1409.5152))",0.50309,7355,Capital,Inner City,UNI,0.91,3412,Ward 4
Cotham Heights,NC1,,NC1_009,"POLYGON ((3275.0814 1413.636, 3273.9828 1412.4149, 3276.1418 1410.6351, 3277.4771 1409.5152, 3277.1225 1411.9098, 3275.0814 1413.636))",0.091075,15360,Capital,Inner City,UNI,0.86,1242,Ward 4
Cotham Heights,NC1,,NC1_010,"POLYGON ((3235 1407.312, 3235 1400, 3242.2313 1400, 3254.3863 1400, 3254.7648 1410.555, 3244.7654 1408.2097, 3235 1407.312))",2.612342,3545,Capital,Inner City,B1,0.86,8433,Ward 3
Cotham Heights,NC1,,NC1_011,"POLYGON ((3264.4583 1408.2401, 3260.8942 1412.4308, 3254.7648 1410.555, 3259.9356 1404.4049, 3264.4583 1408.2401))",0.623582,7165,Capital,Inner City,C1,0.95,4314,Ward 5
Cotham Heights,NC1,,NC1_012,"POLYGON ((3270.8696 1415.5324, 3267.5605 1414.4777, 3267.0235 1414.3066, 3266.9768 1410.5089, 3270.9469 1409.1657, 3271.8631 1410.1577, 3272.923 1411.2863, 3273.9828 1412.4149, 3270.8696 1415.5324))",0.461866,4665,Capital,Inner City,UNI,0.88,1764,Ward 4
Cotham Heights,NC1,,NC1_013,"POLYGON ((3267.0235 1414.3066, 3260.8942 1412.4308, 3264.4583 1408.2401, 3266.9768 1410.5089, 3267.0235 1414.3066))",0.325983,9810,Capital,Inner City,C1,0.91,2974,Ward 5
Cotham Heights,NC1,,NC1_014,"POLYGON ((3273.9828 1412.4149, 3270.8696 1415.5324, 3276.0804 1417.2404, 3279.2822 1418.0581, 3275.0814 1413.636, 3273.9828 1412.4149))",0.272955,7495,Capital,Inner City,UNI,0.96,1931,Ward 4
Cotham Heights,NC1,,NC1_015,"POLYGON ((3267.0864 1417.1247, 3267.0235 1414.3066, 3267.5605 1414.4777, 3270.8696 1415.5324, 3270.9388 1418.9048, 3267.0864 1417.1247))",0.184152,10630,Capital,Inner City,UNI,0.97,1821,Ward 2
Cotham Heights,NC1,,NC1_016,"POLYGON ((3254.7648 1410.555, 3252.2346 1429.1798, 3235 1429.2481, 3235 1407.312, 3244.7654 1408.2097, 3254.7648 1410.555))",5.987422,695,Capital,Suburb,A1,0.92,3449,Ward 3
Cotham Heights,NC1,,NC1_017,"POLYGON ((3252.2346 1429.1798, 3254.7648 1410.555, 3260.8942 1412.4308, 3261.0055 1418.3507, 3263.502 1423.4337, 3256.9047 1425.4821, 3252.2346 1429.1798))",1.78321,3655,Capital,Inner City,A1,0.89,6241,Ward 3
Cotham Heights,NC1,,NC1_018,"POLYGON ((3267.0864 1417.1247, 3267.0235 1414.3066, 3260.8942 1412.4308, 3261.0055 1418.3507, 3263.502 1423.4337, 3267.0749 1424.2379, 3272.6433 1425.4912, 3270.9477 1424.2628, 3269.242 1422.4823, 3267.1493 1419.9427, 3267.0864 1417.1247))",1.043555,4335,Capital,Inner City,C2,0.98,4436,Ward 2
Cotham Heights,NC1,,NC1_019,"POLYGON ((3270.9388 1418.9048, 3272.3786 1420.3784, 3274.3599 1418.6605, 3276.0804 1417.2404, 3270.8696 1415.5324, 3270.9388 1418.9048))",0.212638,9405,Capital,Inner City,UNI,0.96,1776,Ward 2
Cotham Heights,NC1,,NC1_020,"POLYGON ((3270.9388 1418.9048, 3269.7646 1419.6889, 3267.1493 1419.9427, 3267.0864 1417.1247, 3270.9388 1418.9048))",0.097387,17210,Capital,Inner City,UNI,0.88,1526,Ward 2
Cotham Heights,NC1,,NC1_021,"POLYGON ((3269.7646 1419.6889, 3270.9256 1421.3853, 3272.3786 1420.3784, 3270.9388 1418.9048, 3269.7646 1419.6889))",0.050601,26985,Capital,Inner City,UNI,0.99,1381,Ward 2
Cotham Heights,NC1,,NC1_022,"POLYGON ((3270.9256 1421.3853, 3269.242 1422.4823, 3267.1493 1419.9427, 3269.7646 1419.6889, 3270.9256 1421.3853))",0.088081,19295,Capital,Inner City,UNI,0.91,1477,Ward 2
Cotham Heights,NC1,,NC1_023,"POLYGON ((3273.762 1422.3246, 3272.3786 1420.3784, 3274.3599 1418.6605, 3275.8266 1420.7273, 3273.762 1422.3246))",0.100081,16790,Capital,Inner City,UNI,0.93,1661,Ward 2
Cotham Heights,NC1,,NC1_024,"POLYGON ((3270.9477 1424.2628, 3269.242 1422.4823, 3270.9256 1421.3853, 3272.3786 1420.3784, 3273.762 1422.3246, 3270.9477 1424.2628))",0.134278,14860,Capital,Inner City,UNI,0.94,1792,Ward 2
Cotham Heights,NC1,,NC1_025,"POLYGON ((3274.3599 1418.6605, 3276.0804 1417.2404, 3279.2822 1418.0581, 3278.3413 1423.6307, 3275.8266 1420.7273, 3274.3599 1418.6605))",0.26306,9150,Capital,Inner City,UNI,0.93,2248,Ward 2
Cotham Heights,NC1,,NC1_026,"POLYGON ((3235 1429.2481, 3235 1444, 3283.7878 1444, 3276.9731 1435.393, 3259.339 1435.393, 3252.2346 1429.1798, 3235 1429.2481))",8.091532,330,Capital,Suburb,B1,0.86,2228,Ward 3
Cotham Heights,NC1,,NC1_027,"POLYGON ((3278.3413 1423.6307, 3276.7544 1424.9131, 3277.3682 1425.731, 3276.631 1426.3887, 3272.6433 1425.4912, 3267.0749 1424.2379, 3263.502 1423.4337, 3256.9047 1425.4821, 3252.2346 1429.1798, 3259.339 1435.393, 3276.9731 1435.393, 3278.1277 1426.7256, 3278.3413 1423.6307))",3.686073,1325,Capital,Inner City,A1,0.87,3951,Ward 3
Cotham Heights,NC1,,NC1_028,"POLYGON ((3273.762 1422.3246, 3276.631 1426.3887, 3272.6433 1425.4912, 3270.9477 1424.2628, 3273.762 1422.3246))",0.158782,14290,Capital,Inner City,UNI,0.99,2129,Ward 2
Cotham Heights,NC1,,NC1_029,"POLYGON ((3275.8266 1420.7273, 3278.3413 1423.6307, 3276.7544 1424.9131, 3277.3682 1425.731, 3276.631 1426.3887, 3273.762 1422.3246, 3275.8266 1420.7273))",0.184678,12595,Capital,Inner City,UNI,0.96,2357,Ward 2
Cotham Heights,NC1,,NC1_030,"POLYGON ((3293.2399 1419.7031, 3285.4326 1412.5559, 3279.2822 1418.0581, 3278.3413 1423.6307, 3278.1277 1426.7256, 3281.8778 1427.4826, 3289.3724 1422.4839, 3293.2399 1419.7031))",1.954472,860,Capital,Inner City,B1,0.88,1585,Ward 1
Cotham Heights,NC1,,NC1_031,"POLYGON ((3289.3724 1422.4839, 3297.0463 1426.0208, 3298.4962 1426.689, 3304.421 1430.4402, 3306.8845 1432, 3311.9803 1435.1395, 3313.5774 1435.6719, 3315.2584 1435.3665, 3326 1444, 3322.0443 1444, 3283.7878 1444, 3276.9731 1435.393, 3278.1277 1426.7256, 3281.8778 1427.4826, 3289.3724 1422.4839))",9.648676,160,Capital,Suburb,B1,0.96,1601,Ward 1
Cotham Heights,NC1,,NC1_032,"POLYGON ((3296.0098 1421.1187, 3293.2399 1419.7031, 3289.3724 1422.4839, 3297.0463 1426.0208, 3298.4962 1426.689, 3304.421 1430.4402, 3301.6354 1426.9481, 3298.8499 1423.4559, 3296.0098 1421.1187))",0.654887,4930,Capital,Inner City,UNI,0.9,2851,Ward 1
Cotham Heights,NC1,,NC1_033,"POLYGON ((3301.6354 1426.9481, 3304.421 1430.4402, 3306.8845 1432, 3311.9803 1435.1395, 3313.5774 1435.6719, 3315.2584 1435.3665, 3315.1565 1433.687, 3313.883 1432.8727, 3309.8188 1425.8827, 3305.3882 1426.3515, 3301.6354 1426.9481))",0.984058,4830,Capital,Inner City,UNI,0.89,3635,Ward 1
Cotham Heights,NC1,,NC1_034,"POLYGON ((3301.1236 1421.3046, 3298.8499 1423.4559, 3301.6354 1426.9481, 3305.3882 1426.3515, 3303.8919 1420.703, 3301.1236 1421.3046))",0.404877,6165,Capital,Inner City,UNI,0.98,2679,Ward 1
Cotham Heights,NC1,,NC1_035,"POLYGON ((3299.1878 1419.3142, 3301.1236 1421.3046, 3298.8499 1423.4559, 3296.0098 1421.1187, 3299.1878 1419.3142))",0.165544,11590,Capital,Inner City,UNI,0.98,1765,Ward 1
Cotham Heights,NC1,,NC1_036,"POLYGON ((3306.9724 1420.3551, 3303.8919 1420.703, 3305.3882 1426.3515, 3309.8188 1425.8827, 3308.547 1423.3453, 3306.9724 1420.3551))",0.342411,7680,Capital,Inner City,UNI,0.95,2450,Ward 1
Cotham Heights,NC1,,NC1_037,"POLYGON ((3296.0098 1421.1187, 3293.2399 1419.7031, 3295.923 1417.8425, 3297.2519 1417.3237, 3299.1878 1419.3142, 3296.0098 1421.1187))",0.180562,12350,Capital,Inner City,UNI,0.87,1686,Ward 1
Cotham Heights,NC1,,NC1_038,"POLYGON ((3302.4582 1415.291, 3326 1415.0677, 3326 1444, 3315.2584 1435.3665, 3315.1565 1433.687, 3313.883 1432.8727, 3309.8188 1425.8827, 3308.547 1423.3453, 3306.9724 1420.3551, 3302.4582 1415.291))",5.928538,475,Capital,Suburb,B1,0.85,2549,Ward 1
Cotham Heights,NC1,,NC1_039,"POLYGON ((3306.9724 1420.3551, 3302.4582 1415.291, 3297.2519 1417.3237, 3299.1878 1419.3142, 3301.1236 1421.3046, 3303.8919 1420.703, 3306.9724 1420.3551))",0.480133,5645,Capital,Inner City,UNI,0.9,2293,Ward 1
Cotham Heights,NC1,,NC1_040,"POLYGON ((3302.4582 1415.291, 3293.1578 1405.3195, 3288.8737 1409.3166, 3285.4326 1412.5559, 3293.2399 1419.7031, 3295.923 1417.8425, 3297.2519 1417.3237, 3302.4582 1415.291))",1.866228,840,Capital,Inner City,B1,0.95,1456,Ward 1
Cotham Heights,NC1,,NC1_041,"POLYGON ((3326 1415.0677, 3302.4582 1415.291, 3293.1578 1405.3195, 3300.3951 1401.4096, 3308.1309 1398.2921, 3326 1415.0677))",4.841512,695,Capital,Suburb,B1,0.94,3004,Ward 7
Cotham Heights,NC1,,NC1_042,"POLYGON ((3308.1309 1398.2921, 3314.7197 1393.3875, 3326 1386.1353, 3326 1415.0677, 3308.1309 1398.2921))",4.087728,1630,Capital,Suburb,B1,0.9,6112,Ward 7
Cotham Heights,NC1,,NC1_043,"POLYGON ((3315 1378, 3326 1378, 3326 1386.1353, 3314.7197 1393.3875, 3314.2545 1385.7604, 3315 1378))",2.106662,5560,Capital,Suburb,E2,0.97,10626,Ward 7
Cotham Heights,NC1,,NC1_044,"POLYGON ((3295.9573 1383.9817, 3304 1378, 3315 1378, 3314.2545 1385.7604, 3314.7197 1393.3875, 3308.1309 1398.2921, 3295.9573 1383.9817))",3.910845,1370,Capital,Suburb,A1,0.94,4644,Ward 7
Cotham Heights,NC1,,NC1_045,"POLYGON ((3308.1309 1398.2921, 3300.3951 1401.4096, 3293.1578 1405.3195, 3287.4373 1399.6869, 3284.0713 1396.4693, 3282 1394.3331, 3286.7938 1389.4092, 3295.9573 1383.9817, 3308.1309 1398.2921))",4.524643,800,Capital,Suburb,UNI,0.99,3695,Ward 7
Cotham Heights,NC1,,NC1_046,"POLYGON ((3293.3658 1379.0751, 3293.3871 1378, 3304 1378, 3295.9573 1383.9817, 3293.3658 1379.0751))",0.517252,7400,Capital,Inner City,UNI,0.96,4005,Ward 8
Cotham Heights,NC1,,NC1_047,"POLYGON ((3287.4373 1399.6869, 3281.7959 1403.8036, 3283.8626 1405.0118, 3288.8737 1409.3166, 3293.1578 1405.3195, 3287.4373 1399.6869))",0.813527,7725,Capital,Inner City,UNI,0.9,5353,Ward 4
Cotham Heights,NC1,,NC1_048,"POLYGON ((3287.2886 1379.0369, 3287.2504 1379.8009, 3284.7277 1383.7358, 3284.6825 1384.8884, 3286.7938 1389.4092, 3295.9573 1383.9817, 3293.3658 1379.0751, 3287.2886 1379.0369))",1.146964,3365,Capital,Inner City,A1,0.93,3624,Ward 8
Cotham Heights,NC1,,NC1_049,"POLYGON ((3282 1379.937, 3282 1378, 3293.3871 1378, 3293.3658 1379.0751, 3287.2886 1379.0369, 3287.2504 1379.8009, 3282 1379.937))",0.253988,8310,Capital,Inner City,UNI,0.93,2021,Ward 8
Cotham Heights,NC1,,NC1_050,"POLYGON ((3288.8737 1409.3166, 3285.4326 1412.5559, 3282.2663 1409.5076, 3283.8626 1405.0118, 3288.8737 1409.3166))",0.390794,10200,Capital,Inner City,UNI,0.96,3538,Ward 4
Cotham Heights,NC1,,NC1_051,"POLYGON ((3287.2504 1379.8009, 3282 1379.937, 3282 1383.9193, 3282 1385.9646, 3284.6825 1384.8884, 3284.7277 1383.7358, 3287.2504 1379.8009))",0.310171,6770,Capital,Inner City,UNI,0.99,2097,Ward 8
Cotham Heights,NC1,,NC1_052,"POLYGON ((3286.7938 1389.4092, 3282 1394.3331, 3282 1390.0552, 3282 1385.9646, 3284.6825 1384.8884, 3286.7938 1389.4092))",0.424845,6750,Capital,Inner City,UNI,0.91,2584,Ward 8
Cotham Heights,NC1,,NC1_053,"POLYGON ((3282 1400, 3284.0713 1399.97, 3284.0713 1396.4693, 3287.4373 1399.6869, 3281.7959 1403.8036, 3282 1400))",0.248717,13290,Capital,Inner City,UNI,0.92,2892,Ward 6
Cotham Heights,NC1,,NC1_054,"POLYGON ((3282 1400, 3282 1397.2014, 3282 1394.3331, 3284.0713 1396.4693, 3284.0713 1399.97, 3282 1400))",0.14798,17305,Capital,Inner City,UNI,0.88,2261,Ward 6
Cotham Heights,NC1,,NC1_055,"POLYGON ((3276.3707 1400, 3279.6308 1402.4045, 3281.7959 1403.8036, 3282 1400, 3280.1236 1400, 3276.3707 1400))",0.171886,14895,Capital,Inner City,UNI,0.99,2351,Ward 6
Cotham Heights,NC1,,NC1_056,"POLYGON ((3279.6308 1402.4045, 3275.7911 1405.2066, 3277.4771 1409.5152, 3282.2663 1409.5076, 3283.8626 1405.0118, 3281.7959 1403.8036, 3279.6308 1402.4045))",0.609553,2245,Capital,Inner City,UNI,0.98,1336,Ward 4
Cotham Heights,NC1,,NC1_057,"POLYGON ((3273.0993 1402.6033, 3271.8507 1401.4118, 3270.4074 1400, 3272.716 1400, 3276.3707 1400, 3279.6308 1402.4045, 3273.0993 1402.6033))",0.248756,11210,Capital,Inner City,UNI,0.93,2556,Ward 6
Cotham Heights,NC1,,NC1_058,"POLYGON ((3275.7911 1405.2066, 3273.0993 1402.6033, 3279.6308 1402.4045, 3275.7911 1405.2066))",0.136678,15280,Capital,Inner City,UNI,0.98,2359,Ward 6
Cotham Heights,NC1,,NC1_059,"POLYGON ((3273.0993 1402.6033, 3275.7911 1405.2066, 3273.2972 1407.1178, 3270.8585 1404.3637, 3273.0993 1402.6033))",0.172236,12370,Capital,Inner City,UNI,0.94,2149,Ward 5
Cotham Heights,NC1,,NC1_060,"POLYGON ((3273.2972 1407.1178, 3275.7911 1405.2066, 3277.4771 1409.5152, 3276.1418 1410.6351, 3273.2972 1407.1178))",0.170276,11320,Capital,Inner City,UNI,0.98,1974,Ward 4
Cotham Heights,NC2,,NC2_001,"POLYGON ((3254.7229 1384.9488, 3253.0267 1380.4545, 3253.7841 1380.1364, 3255.8646 1381.7103, 3256.8007 1383.954, 3254.7229 1384.9488))",0.14083,16900,Capital,Inner City,B1,0.99,2268,Ward 14
Cotham Heights,NC2,,NC2_002,"POLYGON ((3262.296 1390.9468, 3256.9308 1393.6068, 3255.7346 1387.9868, 3259.3216 1386.1943, 3262.296 1390.9468))",0.434173,8545,Capital,Inner City,C1,0.98,3960,Ward 15
Cotham Heights,NC2,,NC2_003,"POLYGON ((3259.6275 1396.8034, 3256.9308 1393.6068, 3262.296 1390.9468, 3263.6861 1393.4315, 3259.6275 1396.8034))",0.30467,10485,Capital,Inner City,UNI,0.96,3354,Ward 10
Cotham Heights,NC2,,NC2_004,"POLYGON ((3262.3242 1400, 3259.6275 1396.8034, 3263.6861 1393.4315, 3265.0761 1395.9161, 3262.3242 1400))",0.269488,11280,Capital,Inner City,UNI,0.86,2426,Ward 10
Cotham Heights,NC2,,NC2_005,"POLYGON ((3259.3216 1386.1943, 3255.7346 1387.9868, 3254.7229 1384.9488, 3256.8007 1383.954, 3257.8586 1383.2837, 3258.4315 1384.5171, 3259.3216 1386.1943))",0.185444,14190,Capital,Inner City,B1,0.98,2605,Ward 14
Cotham Heights,NC2,,NC2_006,"POLYGON ((3266.3454 1400, 3262.3242 1400, 3265.0761 1395.9161, 3267.7374 1395.9326, 3266.3454 1400))",0.212513,13035,Capital,Inner City,UNI,0.99,2852,Ward 10
Cotham Heights,NC2,,NC2_007,"POLYGON ((3267.7374 1395.9326, 3266.3454 1400, 3270.4074 1400, 3270.3986 1395.949, 3267.7374 1395.9326))",0.212766,13025,Capital,Inner City,E1,0.87,2285,Ward 10
Cotham Heights,NC2,,NC2_008,"POLYGON ((3268.41 1389.687, 3263.6861 1393.4315, 3265.0761 1395.9161, 3267.7374 1395.9326, 3268.3116 1394.1979, 3268.41 1389.687))",0.2805,11015,Capital,Inner City,A1,0.92,2648,Ward 10
Cotham Heights,NC2,,NC2_009,"POLYGON ((3272.7486 1393.3571, 3270.4155 1393.3357, 3270.3986 1395.949, 3270.4074 1400, 3272.716 1400, 3272.7139 1396.6649, 3272.7486 1393.3571))",0.240439,12085,Capital,Inner City,UNI,0.95,2705,Ward 10
Cotham Heights,NC2,,NC2_010,"POLYGON ((3263.6861 1393.4315, 3262.296 1390.9468, 3266.3416 1388.1555, 3268.41 1389.687, 3263.6861 1393.4315))",0.225312,12575,Capital,Inner City,B1,0.88,2389,Ward 10
Cotham Heights,NC2,,NC2_011,"POLYGON ((3276.3707 1400, 3272.716 1400, 3272.7139 1396.6649, 3276.9923 1396.6196, 3275.0066 1398.953, 3276.3707 1400))",0.166469,15185,Capital,Inner City,UNI,0.99,2501,Ward 6
Cotham Heights,NC2,,NC2_012,"POLYGON ((3268.3116 1394.1979, 3268.41 1389.687, 3270.4784 1391.2184, 3270.4155 1393.3357, 3270.3986 1395.949, 3267.7374 1395.9326, 3268.3116 1394.1979))",0.18696,14110,Capital,Inner City,A1,0.98,2700,Ward 10
Cotham Heights,NC2,,NC2_013,"POLYGON ((3262.9086 1384.4017, 3266.3416 1388.1555, 3262.296 1390.9468, 3259.3216 1386.1943, 3262.9086 1384.4017))",0.367425,9400,Capital,Inner City,B1,0.97,3370,Ward 15
Cotham Heights,NC2,,NC2_014,"POLYGON ((3276.9923 1396.6196, 3278.0118 1396.6196, 3280.1236 1400, 3276.3707 1400, 3275.0066 1398.953, 3276.9923 1396.6196))",0.166729,15170,Capital,Inner City,UNI,0.97,2588,Ward 6
Cotham Heights,NC2,,NC2_015,"POLYGON ((3276.9923 1396.6196, 3272.7139 1396.6649, 3272.7486 1393.3571, 3274.5518 1393.4291, 3275.4448 1395.0911, 3276.0092 1394.891, 3276.9923 1396.6196))",0.15347,15990,Capital,Inner City,UNI,0.87,2049,Ward 6
Cotham Heights,NC2,,NC2_016,"POLYGON ((3282 1397.2014, 3282 1400, 3280.1236 1400, 3278.0118 1396.6196, 3282 1397.2014))",0.136412,17255,Capital,Inner City,UNI,0.96,2342,Ward 6
Cotham Heights,NC2,,NC2_017,"POLYGON ((3274.5518 1393.4291, 3272.6903 1390.0583, 3270.4784 1391.2184, 3270.4155 1393.3357, 3272.7486 1393.3571, 3274.5518 1393.4291))",0.14222,16795,Capital,Inner City,B1,0.86,2127,Ward 10
Cotham Heights,NC2,,NC2_018,"POLYGON ((3258.4315 1384.5171, 3260.6922 1383.3187, 3262.9086 1384.4017, 3259.3216 1386.1943, 3258.4315 1384.5171))",0.099097,21300,Capital,Inner City,A2,0.89,1922,Ward 14
Cotham Heights,NC2,,NC2_019,"POLYGON ((3279.4628 1392.6742, 3276.9256 1391.0152, 3275.8603 1393.0258, 3274.5518 1393.4291, 3275.4448 1395.0911, 3276.0092 1394.891, 3276.9923 1396.6196, 3278.0118 1396.6196, 3279.4628 1392.6742))",0.229343,12440,Capital,Inner City,UNI,0.92,2424,Ward 6
Cotham Heights,NC2,,NC2_020,"POLYGON ((3278.0118 1396.6196, 3279.4628 1392.6742, 3282 1394.3331, 3282 1397.2014, 3278.0118 1396.6196))",0.185915,14165,Capital,Inner City,UNI,1,2560,Ward 6
Cotham Heights,NC2,,NC2_021,"POLYGON ((3272.6903 1390.0583, 3274.5518 1393.4291, 3275.8603 1393.0258, 3276.9256 1391.0152, 3274.7927 1389.9488, 3272.6903 1390.0583))",0.13382,17470,Capital,Inner City,B1,0.94,2191,Ward 10
Cotham Heights,NC2,,NC2_022,"POLYGON ((3274.7927 1389.9488, 3276.9256 1391.0152, 3276.4515 1387.7916, 3271.0678 1387.2816, 3268.41 1389.687, 3270.4784 1391.2184, 3272.6903 1390.0583, 3274.7927 1389.9488))",0.326641,10065,Capital,Inner City,UNI,1,3514,Ward 15
Cotham Heights,NC2,,NC2_023,"POLYGON ((3268.41 1389.687, 3266.3416 1388.1555, 3269.4452 1384.5049, 3271.0678 1387.2816, 3268.41 1389.687))",0.183813,14265,Capital,Inner City,B1,0.96,2561,Ward 15
Cotham Heights,NC2,,NC2_024,"POLYGON ((3281.7294 1390.1258, 3276.9256 1391.0152, 3279.4628 1392.6742, 3282 1394.3331, 3282 1390.0552, 3281.7294 1390.1258))",0.168403,15075,Capital,Inner City,UNI,0.99,2620,Ward 8
Cotham Heights,NC2,,NC2_025,"POLYGON ((3255.8646 1381.7103, 3259.5378 1381.5005, 3260.6922 1383.3187, 3258.4315 1384.5171, 3257.8586 1383.2837, 3256.8007 1383.954, 3255.8646 1381.7103))",0.138602,17075,Capital,Inner City,C1,0.86,2051,Ward 14
Cotham Heights,NC2,,NC2_026,"POLYGON ((3282 1385.9646, 3282 1390.0552, 3281.7294 1390.1258, 3276.9256 1391.0152, 3276.4515 1387.7916, 3279.5443 1387.6709, 3282 1385.9646))",0.269851,11270,Capital,Inner City,UNI,0.89,2470,Ward 8
Cotham Heights,NC2,,NC2_027,"POLYGON ((3271.0678 1387.2816, 3269.4452 1384.5049, 3275.9775 1384.568, 3276.4515 1387.7916, 3271.0678 1387.2816))",0.273916,11170,Capital,Inner City,UNI,0.86,2497,Ward 15
Cotham Heights,NC2,,NC2_028,"POLYGON ((3276.4515 1387.7916, 3275.9775 1384.568, 3282 1383.9193, 3282 1385.9646, 3279.5443 1387.6709, 3276.4515 1387.7916))",0.280944,11005,Capital,Inner City,UNI,0.91,3006,Ward 8
Cotham Heights,NC2,,NC2_029,"POLYGON ((3262.8073 1381.2727, 3262.9086 1384.4017, 3260.6922 1383.3187, 3259.5378 1381.5005, 3262.8073 1381.2727))",0.101566,20945,Capital,Inner City,C2,0.99,2236,Ward 14
Cotham Heights,NC2,,NC2_030,"POLYGON ((3275.7547 1383.3384, 3275.9775 1384.568, 3269.4452 1384.5049, 3270.8241 1381.2525, 3275.0565 1381.1937, 3275.7547 1383.3384))",0.280929,11005,Capital,Inner City,UNI,0.98,2836,Ward 15
Cotham Heights,NC2,,NC2_031,"POLYGON ((3266.1015 1378, 3272.2029 1378, 3270.8241 1381.2525, 3269.4452 1384.5049, 3266.3416 1388.1555, 3262.9086 1384.4017, 3265.0948 1382.3247, 3266.1015 1378))",0.76904,5735,Capital,Inner City,E2,0.9,4077,Ward 15
Cotham Heights,NC2,,NC2_032,"POLYGON ((3282 1379.937, 3282 1383.9193, 3275.9775 1384.568, 3275.7547 1383.3384, 3277.6055 1383.1561, 3276.9798 1380.7851, 3282 1379.937))",0.309361,10390,Capital,Inner City,UNI,0.99,3263,Ward 8
Cotham Heights,NC2,,NC2_033,"POLYGON ((3282 1379.937, 3282 1378, 3274.0169 1378, 3275.0565 1381.1937, 3275.7547 1383.3384, 3277.6055 1383.1561, 3276.9798 1380.7851, 3282 1379.937))",0.369681,9365,Capital,Inner City,F1,0.88,3041,Ward 15
Cotham Heights,NC2,,NC2_034,"POLYGON ((3270.8241 1381.2525, 3272.2029 1378, 3274.0169 1378, 3275.0565 1381.1937, 3270.8241 1381.2525))",0.151794,16105,Capital,Inner City,A2,0.88,2310,Ward 15
Cotham Heights,NC2,,NC2_035,"POLYGON ((3262.9086 1384.4017, 3262.8073 1381.2727, 3260 1378, 3266.1015 1378, 3265.0948 1382.3247, 3262.9086 1384.4017))",0.29591,10670,Capital,Inner City,C2,0.85,2640,Ward 14
Cotham Heights,NC2,,NC2_036,"POLYGON ((3256.4194 1377.4248, 3260 1376.0115, 3260 1378, 3262.8073 1381.2727, 3259.5378 1381.5005, 3256.4194 1377.4248))",0.243604,11990,Capital,Inner City,E1,0.99,2935,Ward 14
Cotham Heights,NC2,,NC2_037,"POLYGON ((3252.6539 1378.1336, 3253.7841 1380.1364, 3255.8646 1381.7103, 3259.5378 1381.5005, 3256.4194 1377.4248, 3252.6539 1378.1336))",0.263068,11445,Capital,Inner City,C2,0.88,2532,Ward 14
Cotham Heights,NC2,,NC2_038,"POLYGON ((3254.0659 1371.0844, 3255.446 1374.3581, 3256.4194 1377.4248, 3260 1376.0115, 3260 1370.4548, 3255.7926 1370.9622, 3254.0659 1371.0844))",0.448838,8385,Capital,Inner City,C2,0.99,3833,Ward 13
Cotham Heights,NC2,,NC2_039,"POLYGON ((3255.71 1367.5352, 3260 1367.258, 3260 1370.4548, 3255.7926 1370.9622, 3255.71 1367.5352))",0.219567,12775,Capital,Inner City,F1,0.89,2499,Ward 13
Cotham Heights,NC2,,NC2_040,"POLYGON ((3251.7854 1364.5318, 3252.0102 1361.3229, 3260 1358.3375, 3260 1363.5139, 3255.8927 1364.0228, 3251.7854 1364.5318))",0.525942,6925,Capital,Inner City,D2,0.91,3285,Ward 11
Cotham Heights,NC2,,NC2_041,"POLYGON ((3260 1367.258, 3260 1363.5139, 3255.8927 1364.0228, 3251.7854 1364.5318, 3251.4201 1367.8123, 3255.71 1367.5352, 3260 1367.258))",0.457457,7545,Capital,Inner City,E2,0.87,3110,Ward 11
Cotham Heights,NC2,,NC2_042,"POLYGON ((3251.7414 1356, 3260 1356, 3260 1358.3375, 3252.0102 1361.3229, 3251.7414 1356))",0.488122,8000,Capital,Inner City,E2,0.96,3808,Ward 11
Cotham Heights,NC2,,NC2_043,"POLYGON ((3255.7926 1370.9622, 3254.0659 1371.0844, 3254.1806 1369.8651, 3251.2195 1370.0794, 3251.4201 1367.8123, 3255.71 1367.5352, 3255.7926 1370.9622))",0.185212,14200,Capital,Inner City,D2,0.89,2337,Ward 13
Cotham Heights,NC2,,NC2_044,"POLYGON ((3252.6571 1371.2455, 3254.0659 1371.0844, 3255.446 1374.3581, 3252.6322 1374.2191, 3252.6571 1371.2455))",0.102906,20770,Capital,Inner City,C1,0.98,1901,Ward 13
Cotham Heights,NC2,,NC2_045,"POLYGON ((3252.6322 1374.2191, 3250.6897 1373.917, 3251.2195 1370.0794, 3254.1806 1369.8651, 3254.0659 1371.0844, 3252.6571 1371.2455, 3252.6322 1374.2191))",0.135433,17335,Capital,Inner City,C1,0.93,2139,Ward 13
Cotham Heights,NC2,,NC2_046,"POLYGON ((3247.9906 1361.7202, 3252.0102 1361.3229, 3251.7854 1364.5318, 3251.4201 1367.8123, 3248.2926 1368.0291, 3247.9906 1361.7202))",0.359115,9525,Capital,Inner City,E1,0.87,2842,Ward 11
Cotham Heights,NC2,,NC2_047,"POLYGON ((3247.9906 1361.7202, 3243.8268 1361.8969, 3243.4828 1356, 3251.7414 1356, 3252.0102 1361.3229, 3247.9906 1361.7202))",0.727538,6440,Capital,Inner City,E1,0.89,4265,Ward 11
Cotham Heights,NC2,,NC2_048,"POLYGON ((3256.4194 1377.4248, 3255.446 1374.3581, 3252.6322 1374.2191, 3250.6897 1373.917, 3249.704 1378.3153, 3252.6539 1378.1336, 3256.4194 1377.4248))",0.340102,9830,Capital,Inner City,C1,0.97,3238,Ward 13
Cotham Heights,NC2,,NC2_049,"POLYGON ((3248.2926 1368.0291, 3247.5417 1368, 3242.767 1364.7803, 3243.8268 1361.8969, 3247.9906 1361.7202, 3248.2926 1368.0291))",0.373883,9305,Capital,Inner City,E2,0.97,3688,Ward 11
Cotham Heights,NC2,,NC2_050,"POLYGON ((3251.2195 1370.0794, 3250.6897 1373.917, 3245.9274 1373.2765, 3246.5539 1370.401, 3247.7444 1370.2779, 3248.2926 1368.0291, 3251.4201 1367.8123, 3251.2195 1370.0794))",0.364509,9445,Capital,Inner City,D1,0.95,3110,Ward 13
Cotham Heights,NC2,,NC2_051,"POLYGON ((3235 1361.4741, 3235 1356, 3243.4828 1356, 3243.8268 1361.8969, 3235 1361.4741))",0.766372,5745,Capital,Inner City,D2,0.97,4067,Ward 11
Cotham Heights,NC2,,NC2_052,"POLYGON ((3235 1361.4741, 3243.8268 1361.8969, 3242.767 1364.7803, 3237.5364 1363.4676, 3235 1363.2988, 3235 1361.4741))",0.293213,10730,Capital,Inner City,D1,0.98,3101,Ward 11
Cotham Heights,NC2,,NC2_053,"POLYGON ((3241.1243 1372.7781, 3241.9456 1368.7792, 3242.767 1364.7803, 3247.5417 1368, 3248.2926 1368.0291, 3247.7444 1370.2779, 3246.5539 1370.401, 3245.9274 1373.2765, 3241.1243 1372.7781))",0.566784,7365,Capital,Inner City,C2,1,4282,Ward 12
Cotham Heights,NC2,,NC2_054,"POLYGON ((3237.5364 1363.4676, 3242.767 1364.7803, 3241.9456 1368.7792, 3237.4851 1368.2382, 3237.5364 1363.4676))",0.337452,9875,Capital,Inner City,D2,0.9,3250,Ward 12
Cotham Heights,NC2,,NC2_055,"POLYGON ((3250.6897 1373.917, 3249.704 1378.3153, 3247.0064 1377.1577, 3245.6081 1376.3134, 3245.9274 1373.2765, 3250.6897 1373.917))",0.275205,11140,Capital,Inner City,C1,0.86,2571,Ward 13
Cotham Heights,NC2,,NC2_056,"POLYGON ((3237.4851 1368.2382, 3237.2408 1380.3133, 3235 1379.8507, 3235 1363.2988, 3237.5364 1363.4676, 3237.4851 1368.2382))",0.626658,6975,Capital,Inner City,E2,0.92,4179,Ward 12
Cotham Heights,NC2,,NC2_057,"POLYGON ((3239.4816 1380.7759, 3237.2408 1380.3133, 3237.4851 1368.2382, 3241.9456 1368.7792, 3241.1243 1372.7781, 3240.5594 1376.5411, 3239.4816 1380.7759))",0.652112,6830,Capital,Inner City,E2,0.94,4212,Ward 12
Cotham Heights,NC2,,NC2_058,"POLYGON ((3242.411 1380.3634, 3239.4816 1380.7759, 3240.5594 1376.5411, 3241.1243 1372.7781, 3245.9274 1373.2765, 3245.6081 1376.3134, 3245.0038 1380.2477, 3242.411 1380.3634))",0.587798,7220,Capital,Inner City,C1,0.97,3790,Ward 12
Cotham Heights,NC2,,NC2_059,"POLYGON ((3253.0267 1380.4545, 3253.7841 1380.1364, 3252.6539 1378.1336, 3249.704 1378.3153, 3248.3514 1383.429, 3249.0455 1382.8714, 3251.0361 1381.663, 3253.0267 1380.4545))",0.219242,12790,Capital,Inner City,C1,0.98,2900,Ward 13
Cotham Heights,NC2,,NC2_060,"POLYGON ((3249.704 1378.3153, 3247.0064 1377.1577, 3245.6081 1376.3134, 3245.0038 1380.2477, 3242.411 1380.3634, 3244.5467 1385.4681, 3248.3514 1383.429, 3249.704 1378.3153))",0.549403,7495,Capital,Inner City,B1,0.89,3564,Ward 13
Cotham Heights,NC2,,NC2_061,"POLYGON ((3239.8408 1387.5919, 3235 1387.6731, 3235 1379.8507, 3237.2408 1380.3133, 3239.4816 1380.7759, 3239.8408 1387.5919))",0.530555,7640,Capital,Inner City,E2,0.9,3748,Ward 12
Cotham Heights,NC2,,NC2_062,"POLYGON ((3239.4816 1380.7759, 3242.411 1380.3634, 3244.5467 1385.4681, 3239.8408 1387.5919, 3239.4816 1380.7759))",0.379309,9230,Capital,Inner City,F2,0.85,3123,Ward 12
Cotham Heights,NC2,,NC2_063,"POLYGON ((3240.6165 1389.8756, 3239.8408 1387.5919, 3235 1387.6731, 3235 1396.2103, 3238.9801 1395.7802, 3239.3291 1393.8512, 3241.1362 1392.7687, 3240.6165 1389.8756))",0.674555,6705,Capital,Inner City,C2,0.94,4176,Ward 9
Cotham Heights,NC2,,NC2_064,"POLYGON ((3238.9801 1395.7802, 3239.3291 1393.8512, 3241.1362 1392.7687, 3244.6639 1395.0502, 3238.9801 1395.7802))",0.145347,16565,Capital,Inner City,C1,0.97,2205,Ward 9
Cotham Heights,NC2,,NC2_065,"POLYGON ((3238.9801 1395.7802, 3235 1396.2103, 3235 1400, 3242.2313 1400, 3241.9102 1397.9904, 3239.9032 1397.1851, 3238.9801 1395.7802))",0.379522,9225,Capital,Inner City,E2,0.93,3147,Ward 9
Cotham Heights,NC2,,NC2_066,"POLYGON ((3248.3514 1383.429, 3244.5467 1385.4681, 3239.8408 1387.5919, 3240.6165 1389.8756, 3241.1362 1392.7687, 3244.6639 1395.0502, 3249.8436 1395.1476, 3254.3138 1394.6838, 3253.1183 1390.7124, 3246.924 1392.5962, 3245.9731 1388.5909, 3248.3514 1383.429))",1.181506,4610,Capital,Inner City,C1,0.93,5006,Ward 9
Cotham Heights,NC2,,NC2_067,"POLYGON ((3244.6639 1395.0502, 3244.0383 1397.4156, 3241.9102 1397.9904, 3239.9032 1397.1851, 3238.9801 1395.7802, 3244.6639 1395.0502))",0.167174,15140,Capital,Inner City,C1,0.89,2434,Ward 9
Cotham Heights,NC2,,NC2_068,"POLYGON ((3254.7229 1384.9488, 3253.0267 1380.4545, 3251.0361 1381.663, 3249.0455 1382.8714, 3248.3514 1383.429, 3245.9731 1388.5909, 3246.924 1392.5962, 3253.1183 1390.7124, 3254.3138 1394.6838, 3256.9308 1393.6068, 3255.7346 1387.9868, 3254.7229 1384.9488))",1.360981,4300,Capital,Inner City,C1,1,5770,Ward 9
Cotham Heights,NC2,,NC2_069,"POLYGON ((3254.3138 1394.6838, 3249.8436 1395.1476, 3244.6639 1395.0502, 3244.0383 1397.4156, 3241.9102 1397.9904, 3242.2313 1400, 3254.3863 1400, 3254.4442 1398.9676, 3254.3138 1394.6838))",0.863783,5400,Capital,Inner City,B1,0.96,4269,Ward 9
Cotham Heights,NC2,,NC2_070,"POLYGON ((3262.3242 1400, 3254.3863 1400, 3254.4442 1398.9676, 3254.3138 1394.6838, 3256.9308 1393.6068, 3259.6275 1396.8034, 3262.3242 1400))",0.501531,7880,Capital,Inner City,E1,0.96,3909,Ward 10
Cotham Heights,NC3,,NC3_001,"POLYGON ((3254.7865 1332.6313, 3250.7995 1332.687, 3252.2801 1331.0529, 3253.0509 1329.7505, 3254.968 1330.1255, 3259.9552 1329.8724, 3260.0161 1332.5661, 3254.7865 1332.6313))",0.329859,9590,Capital,Inner City,E1,0.95,3032,Ward 34
Cotham Heights,NC3,,NC3_002,"POLYGON ((3264.7557 1334, 3260 1334, 3260.0161 1332.5661, 3263.1742 1330.5047, 3264.7557 1334))",0.164571,14655,Capital,Inner City,C1,0.99,2397,Ward 37
Cotham Heights,NC3,,NC3_003,"POLYGON ((3268.8998 1334, 3269.0018 1329.3888, 3265.3165 1329.8843, 3263.1742 1330.5047, 3264.7557 1334, 3268.8998 1334))",0.330954,9570,Capital,Inner City,C2,0.99,3163,Ward 37
Cotham Heights,NC3,,NC3_004,"POLYGON ((3274.9842 1329.4391, 3273.0439 1334, 3268.8998 1334, 3269.0018 1329.3888, 3274.9842 1329.4391))",0.362312,9080,Capital,Inner City,C1,0.96,3170,Ward 37
Cotham Heights,NC3,,NC3_005,"POLYGON ((3278.0397 1320.7672, 3278.0397 1323.2454, 3274.9842 1329.4391, 3273.0439 1334, 3282 1334, 3282 1320.8237, 3278.0397 1320.7672))",1.248704,4380,Capital,Inner City,C1,0.99,6183,Ward 37
Cotham Heights,NC3,,NC3_006,"POLYGON ((3259.9043 1326.7739, 3259.9552 1329.8724, 3260.0161 1332.5661, 3263.1742 1330.5047, 3261.4511 1327.786, 3259.9043 1326.7739))",0.163932,14695,Capital,Inner City,C1,1,2228,Ward 37
Cotham Heights,NC3,,NC3_007,"POLYGON ((3269.1023 1326.1731, 3269.0018 1329.3888, 3265.3165 1329.8843, 3264.2791 1327.0894, 3269.1023 1326.1731))",0.204426,12795,Capital,Inner City,A2,0.95,2621,Ward 37
Cotham Heights,NC3,,NC3_008,"POLYGON ((3261.4511 1327.786, 3262.8359 1327.0894, 3264.2791 1327.0894, 3265.3165 1329.8843, 3263.1742 1330.5047, 3261.4511 1327.786))",0.128781,17160,Capital,Inner City,A2,0.99,2024,Ward 37
Cotham Heights,NC3,,NC3_009,"POLYGON ((3269.0018 1329.3888, 3269.1023 1326.1731, 3270.2714 1323.3126, 3275.3477 1323.1731, 3278.0397 1323.2454, 3274.9842 1329.4391, 3269.0018 1329.3888))",0.689976,6350,Capital,Inner City,C1,0.86,3565,Ward 37
Cotham Heights,NC3,,NC3_010,"POLYGON ((3275.3026 1320.7952, 3278.0397 1320.7672, 3278.0397 1323.2454, 3275.3477 1323.1731, 3275.3026 1320.7952))",0.102721,19930,Capital,Inner City,C1,0.87,1801,Ward 36
Cotham Heights,NC3,,NC3_011,"POLYGON ((3277.8571 1312, 3282 1312, 3282 1314.6195, 3282 1320.8237, 3278.0397 1320.7672, 3277.9208 1314.6222, 3277.8571 1312))",0.554757,7145,Capital,Inner City,E2,0.9,4081,Ward 36
Cotham Heights,NC3,,NC3_012,"POLYGON ((3275.3443 1318.2315, 3273.6179 1318.2315, 3271.0848 1318.2934, 3267.6233 1318.5066, 3269.1169 1320.9948, 3270.2714 1323.3126, 3275.3477 1323.1731, 3275.3026 1320.7952, 3275.3443 1318.2315))",0.490319,7650,Capital,Inner City,C2,0.92,3288,Ward 36
Cotham Heights,NC3,,NC3_013,"POLYGON ((3275.3443 1318.2315, 3275.4013 1314.634, 3277.9208 1314.6222, 3278.0397 1320.7672, 3275.3026 1320.7952, 3275.3443 1318.2315))",0.252033,11255,Capital,Inner City,E1,0.87,2390,Ward 36
Cotham Heights,NC3,,NC3_014,"POLYGON ((3269.1169 1320.9948, 3259.5426 1322.2181, 3259.769 1324.9708, 3259.9043 1326.7739, 3261.4511 1327.786, 3262.8359 1327.0894, 3264.2791 1327.0894, 3269.1023 1326.1731, 3270.2714 1323.3126, 3269.1169 1320.9948))",0.827021,5395,Capital,Inner City,D1,0.96,4137,Ward 35
Cotham Heights,NC3,,NC3_015,"POLYGON ((3271.5645 1314.709, 3273.704 1314.6739, 3275.4013 1314.634, 3275.3443 1318.2315, 3273.6179 1318.2315, 3273.6179 1316.4708, 3271.6448 1316.5412, 3271.5645 1314.709))",0.154765,15240,Capital,Inner City,F1,0.88,1902,Ward 36
Cotham Heights,NC3,,NC3_016,"POLYGON ((3275.4013 1314.634, 3273.704 1314.6739, 3273.7142 1312, 3277.8571 1312, 3277.9208 1314.6222, 3275.4013 1314.634))",0.171896,14260,Capital,Inner City,E2,0.99,2215,Ward 36
Cotham Heights,NC3,,NC3_017,"POLYGON ((3271.5645 1314.709, 3271.6448 1316.5412, 3273.6179 1316.4708, 3273.6179 1318.2315, 3271.0848 1318.2934, 3267.6233 1318.5066, 3267.5576 1314.6957, 3271.5645 1314.709))",0.28537,10445,Capital,Inner City,F1,0.87,2683,Ward 36
Cotham Heights,NC3,,NC3_018,"POLYGON ((3259.9043 1326.7739, 3259.9552 1329.8724, 3254.968 1330.1255, 3253.0509 1329.7505, 3253.1806 1327.3008, 3256.6066 1327.25, 3259.9043 1326.7739))",0.301444,10115,Capital,Inner City,E1,0.88,2711,Ward 34
Cotham Heights,NC3,,NC3_019,"POLYGON ((3273.7142 1312, 3267.4747 1312, 3267.5576 1314.6957, 3271.5645 1314.709, 3273.704 1314.6739, 3273.7142 1312))",0.26047,11035,Capital,Inner City,E2,0.88,2713,Ward 36
Cotham Heights,NC3,,NC3_020,"POLYGON ((3269.1169 1320.9948, 3267.6233 1318.5066, 3261.1639 1319.4273, 3259.4538 1319.9221, 3259.5426 1322.2181, 3269.1169 1320.9948))",0.359681,9120,Capital,Inner City,D1,0.95,3296,Ward 35
Cotham Heights,NC3,,NC3_021,"POLYGON ((3267.6233 1318.5066, 3261.1639 1319.4273, 3261.1395 1316.7149, 3261.1626 1313.2296, 3261.094 1312, 3267.4747 1312, 3267.5576 1314.6957, 3267.6233 1318.5066))",0.69685,6315,Capital,Inner City,F1,0.97,4197,Ward 35
Cotham Heights,NC3,,NC3_022,"POLYGON ((3261.094 1312, 3260 1312, 3260.0079 1313.2757, 3259.0842 1313.2988, 3259.2228 1316.6918, 3259.4538 1319.9221, 3261.1639 1319.4273, 3261.1395 1316.7149, 3261.1626 1313.2296, 3261.094 1312))",0.213387,12460,Capital,Inner City,E2,0.99,2645,Ward 35
Cotham Heights,NC3,,NC3_023,"POLYGON ((3259.4538 1319.9221, 3253.1402 1320.7829, 3253.1892 1323.4748, 3256.7766 1324.7572, 3259.9043 1326.7739, 3259.769 1324.9708, 3259.5426 1322.2181, 3259.4538 1319.9221))",0.45159,8010,Capital,Inner City,E2,0.92,3236,Ward 35
Cotham Heights,NC3,,NC3_024,"POLYGON ((3259.9043 1326.7739, 3256.6066 1327.25, 3253.1806 1327.3008, 3253.1892 1323.4748, 3256.7766 1324.7572, 3259.9043 1326.7739))",0.236967,11685,Capital,Inner City,D2,0.85,2363,Ward 34
Cotham Heights,NC3,,NC3_025,"POLYGON ((3259.2228 1316.6918, 3253.6321 1316.8681, 3253.715 1312, 3260 1312, 3260.0079 1313.2757, 3259.0842 1313.2988, 3259.2228 1316.6918))",0.425347,8285,Capital,Inner City,E2,0.93,3333,Ward 35
Cotham Heights,NC3,,NC3_026,"POLYGON ((3253.1892 1323.4748, 3251.1668 1323.7579, 3251.1469 1319.4435, 3253.6321 1316.8681, 3259.2228 1316.6918, 3259.4538 1319.9221, 3253.1402 1320.7829, 3253.1892 1323.4748))",0.505664,7520,Capital,Inner City,E2,0.85,3467,Ward 35
Cotham Heights,NC3,,NC3_027,"POLYGON ((3251.5711 1312, 3250.7388 1316.21, 3249.6421 1320.2298, 3251.1469 1319.4435, 3253.6321 1316.8681, 3253.715 1312, 3251.5711 1312))",0.291761,10310,Capital,Inner City,E1,0.96,2791,Ward 35
Cotham Heights,NC3,,NC3_028,"POLYGON ((3247.9978 1312, 3247.1225 1314.7069, 3247.139 1316.0988, 3250.7388 1316.21, 3251.5711 1312, 3247.9978 1312))",0.242806,11515,Capital,Inner City,F2,0.87,2293,Ward 32
Cotham Heights,NC3,,NC3_029,"POLYGON ((3249.6421 1320.2298, 3251.1469 1319.4435, 3251.1668 1323.7579, 3248.0653 1323.7467, 3249.6421 1320.2298))",0.135858,16575,Capital,Inner City,E1,0.91,1983,Ward 33
Cotham Heights,NC3,,NC3_030,"POLYGON ((3249.9415 1327.2404, 3250.9911 1324.6899, 3251.1668 1323.7579, 3253.1892 1323.4748, 3253.1806 1327.3008, 3249.9415 1327.2404))",0.144633,15920,Capital,Inner City,E2,0.97,2364,Ward 34
Cotham Heights,NC3,,NC3_031,"POLYGON ((3247.1225 1314.7069, 3241.3549 1314.8009, 3241.2424 1312, 3243.686 1312, 3247.9978 1312, 3247.1225 1314.7069))",0.268479,10835,Capital,Inner City,F2,0.98,2685,Ward 32
Cotham Heights,NC3,,NC3_032,"POLYGON ((3243.9464 1320.2984, 3243.9464 1316.1144, 3247.139 1316.0988, 3250.7388 1316.21, 3249.6421 1320.2298, 3243.9464 1320.2984))",0.402516,8550,Capital,Inner City,F2,0.87,2993,Ward 33
Cotham Heights,NC3,,NC3_033,"POLYGON ((3241.4141 1317.9096, 3241.4599 1320.3351, 3243.9464 1320.2984, 3243.9464 1316.1144, 3247.139 1316.0988, 3247.1225 1314.7069, 3241.3549 1314.8009, 3241.4141 1317.9096))",0.287325,10405,Capital,Inner City,D2,0.96,2762,Ward 32
Cotham Heights,NC3,,NC3_034,"POLYGON ((3249.6421 1320.2298, 3243.9464 1320.2984, 3243.918 1323.77, 3248.0653 1323.7467, 3249.6421 1320.2298))",0.267457,10860,Capital,Inner City,E2,0.91,2582,Ward 33
Cotham Heights,NC3,,NC3_035,"POLYGON ((3235 1312, 3235 1318.0141, 3241.4141 1317.9096, 3241.3549 1314.8009, 3241.2424 1312, 3235 1312))",0.589533,6910,Capital,Inner City,D2,0.85,3411,Ward 32
Cotham Heights,NC3,,NC3_036,"POLYGON ((3251.1668 1323.7579, 3250.9911 1324.6899, 3249.9415 1327.2404, 3247.9508 1327.3226, 3246.3995 1327.3538, 3248.0653 1323.7467, 3251.1668 1323.7579))",0.187014,13525,Capital,Inner City,E1,0.94,2481,Ward 33
Cotham Heights,NC3,,NC3_037,"POLYGON ((3243.9464 1320.2984, 3241.4599 1320.3351, 3239.8263 1320.4461, 3239.8173 1322.4627, 3241.6202 1322.392, 3241.6202 1323.8053, 3243.918 1323.77, 3243.9464 1320.2984))",0.182333,13740,Capital,Inner City,D2,0.92,2075,Ward 32
Cotham Heights,NC3,,NC3_038,"POLYGON ((3249.4365 1329.8208, 3249.9415 1327.2404, 3253.1806 1327.3008, 3253.0509 1329.7505, 3249.4365 1329.8208))",0.134303,16700,Capital,Inner City,E2,0.96,2340,Ward 34
Cotham Heights,NC3,,NC3_039,"POLYGON ((3241.4141 1317.9096, 3241.4599 1320.3351, 3239.8263 1320.4461, 3239.8173 1322.4627, 3235 1322.5104, 3235 1318.0141, 3241.4141 1317.9096))",0.401226,8565,Capital,Inner City,D1,0.86,2766,Ward 32
Cotham Heights,NC3,,NC3_040,"POLYGON ((3248.0653 1323.7467, 3246.3995 1327.3538, 3243.4115 1327.3995, 3243.918 1323.77, 3248.0653 1323.7467))",0.200613,12945,Capital,Inner City,D1,0.93,2339,Ward 33
Cotham Heights,NC3,,NC3_041,"POLYGON ((3243.918 1323.77, 3241.6202 1323.8053, 3241.6202 1322.392, 3239.8173 1322.4627, 3239.7782 1326.4641, 3239.7984 1327.4378, 3239.7782 1328.8644, 3243.3602 1328.8349, 3243.4115 1327.3995, 3243.918 1323.77))",0.33769,9460,Capital,Inner City,C2,0.86,2917,Ward 32
Cotham Heights,NC3,,NC3_042,"POLYGON ((3235 1328.8607, 3235 1322.5104, 3239.8173 1322.4627, 3239.7782 1326.4641, 3239.7984 1327.4378, 3239.7782 1328.8644, 3235 1328.8607))",0.476423,7770,Capital,Inner City,D1,0.88,3400,Ward 32
Cotham Heights,NC3,,NC3_043,"POLYGON ((3246.3995 1327.3538, 3243.4684 1331.3994, 3243.3602 1328.8349, 3243.4115 1327.3995, 3246.3995 1327.3538))",0.095396,20940,Capital,Inner City,D1,0.99,1906,Ward 33
Cotham Heights,NC3,,NC3_044,"POLYGON ((3246.5647 1332.6658, 3245.0116 1332.1769, 3243.4684 1331.3994, 3246.3995 1327.3538, 3247.9508 1327.3226, 3249.9415 1327.2404, 3249.4365 1329.8208, 3246.5424 1329.9615, 3246.5647 1332.6658))",0.261875,11000,Capital,Inner City,F1,0.92,2598,Ward 33
Cotham Heights,NC3,,NC3_045,"POLYGON ((3243.3602 1328.8349, 3243.4684 1331.3994, 3239.8221 1331.4971, 3239.7782 1328.8644, 3243.3602 1328.8349))",0.146455,15790,Capital,Inner City,C1,0.87,2003,Ward 32
Cotham Heights,NC3,,NC3_046,"POLYGON ((3239.7782 1328.8644, 3235 1328.8607, 3235 1337.2456, 3237.7659 1335.6782, 3238.3092 1335.3703, 3239.7298 1334.3598, 3241.1873 1333.3231, 3243.4684 1331.3994, 3239.8221 1331.4971, 3239.7782 1328.8644))",0.606561,6805,Capital,Inner City,F2,0.92,3991,Ward 32
Cotham Heights,NC3,,NC3_047,"POLYGON ((3249.4611 1332.7, 3249.461 1332.7, 3249.3807 1333.8711, 3250.1295 1333.5426, 3250.7995 1332.687, 3252.2801 1331.0529, 3253.0509 1329.7505, 3249.4365 1329.8208, 3249.4611 1332.7))",0.132209,16875,Capital,Inner City,F2,0.85,1910,Ward 34
Cotham Heights,NC3,,NC3_048,"POLYGON ((3249.4611 1332.7, 3249.4365 1329.8208, 3246.5424 1329.9615, 3246.5647 1332.6658, 3246.5734 1333.868, 3247.1584 1334.3498, 3248.1517 1334.3701, 3249.3807 1333.8711, 3249.4611 1332.7))",0.193338,13245,Capital,Inner City,F2,0.9,2485,Ward 33
Cotham Heights,NC3,,NC3_049,"POLYGON ((3235 1341.9342, 3235 1337.2456, 3237.7659 1335.6782, 3238.3092 1335.3703, 3239.7298 1334.3598, 3241.1873 1333.3231, 3243.4684 1331.3994, 3243.4036 1342.7234, 3239.0726 1342.8601, 3239.1336 1341.7934, 3235 1341.9342))",1.018954,4850,Capital,Inner City,F2,0.94,4461,Ward 33
Cotham Heights,NC3,,NC3_050,"POLYGON ((3249.3807 1333.8711, 3249.2129 1342.5455, 3243.4036 1342.7234, 3243.4684 1331.3994, 3245.0116 1332.1769, 3246.5647 1332.6658, 3246.5734 1333.868, 3247.1584 1334.3498, 3248.1517 1334.3701, 3249.3807 1333.8711))",0.872348,5250,Capital,Inner City,D1,0.92,4655,Ward 33
Cotham Heights,NC3,,NC3_051,"POLYGON ((3235 1341.9342, 3235 1356, 3243.4828 1356, 3243.4155 1352.0716, 3243.4036 1350.4573, 3243.4036 1342.7234, 3239.0726 1342.8601, 3239.1336 1341.7934, 3235 1341.9342))",1.792279,3200,Capital,Inner City,F2,0.92,5392,Ward 31
Cotham Heights,NC3,,NC3_052,"POLYGON ((3243.4036 1342.7234, 3243.4036 1350.4573, 3249.096 1350.1811, 3249.2129 1342.5455, 3243.4036 1342.7234))",0.688599,6355,Capital,Inner City,F1,0.94,3955,Ward 31
Cotham Heights,NC3,,NC3_053,"POLYGON ((3250.7995 1332.687, 3254.7865 1332.6313, 3254.6151 1342.5657, 3251.9289 1342.6633, 3249.2129 1342.5455, 3249.3807 1333.8711, 3250.1295 1333.5426, 3250.7995 1332.687))",0.819497,5420,Capital,Inner City,F1,0.91,4147,Ward 34
Cotham Heights,NC3,,NC3_054,"POLYGON ((3251.7823 1350.1323, 3251.7414 1356, 3243.4828 1356, 3243.4155 1352.0716, 3243.4036 1350.4573, 3249.096 1350.1811, 3251.7823 1350.1323))",0.743853,6100,Capital,Inner City,A2,0.99,4512,Ward 31
Cotham Heights,NC3,,NC3_055,"POLYGON ((3254.6151 1342.5657, 3251.9289 1342.6633, 3249.2129 1342.5455, 3249.096 1350.1811, 3251.7823 1350.1323, 3254.7437 1350.0725, 3254.664 1346.471, 3254.6151 1342.5657))",0.646515,6575,Capital,Inner City,F2,0.9,3836,Ward 31
Cotham Heights,NC3,,NC3_056,"POLYGON ((3260 1351.2527, 3260 1356, 3251.7414 1356, 3251.7823 1350.1323, 3254.7437 1350.0725, 3257.2049 1350.111, 3257.2737 1351.3141, 3260 1351.2527))",0.706813,6270,Capital,Inner City,F2,0.93,4139,Ward 31
Cotham Heights,NC3,,NC3_057,"POLYGON ((3254.7437 1350.0725, 3254.664 1346.471, 3260 1346.379, 3260 1351.2527, 3257.2737 1351.3141, 3257.2049 1350.111, 3254.7437 1350.0725))",0.353993,9205,Capital,Inner City,D2,0.92,2859,Ward 31
Cotham Heights,NC3,,NC3_058,"POLYGON ((3254.664 1346.471, 3254.6151 1342.5657, 3260 1340.8212, 3260 1346.379, 3254.664 1346.471))",0.395662,8630,Capital,Inner City,F2,0.91,3086,Ward 31
Cotham Heights,NC3,,NC3_059,"POLYGON ((3260.0161 1332.5661, 3260 1334, 3260 1340.8212, 3254.6151 1342.5657, 3254.7865 1332.6313, 3260.0161 1332.5661))",0.750129,5680,Capital,Inner City,F1,0.91,3606,Ward 34
Cotham Heights,NC4,,NC4_001,"POLYGON ((3285.852 1359.6343, 3282.8971 1359.6968, 3283.2155 1355.2007, 3285.7691 1355.0163, 3285.852 1359.6343))",0.195397,16300,Capital,Inner City,C1,0.87,2771,Ward 57
Cotham Heights,NC4,,NC4_002,"POLYGON ((3300.8441 1369.0238, 3300.7734 1366.2103, 3304 1366.0443, 3304 1369.245, 3300.8441 1369.0238))",0.149555,13190,Capital,Inner City,B1,0.88,1714,Ward 50
Cotham Heights,NC4,,NC4_003,"POLYGON ((3297.6103 1369.3118, 3295.9227 1369.1267, 3296.1341 1364.9376, 3293.7851 1364.9512, 3293.7995 1362.2403, 3293.814 1359.5294, 3297.6388 1359.4313, 3297.6103 1369.3118))",0.432258,12175,Capital,Inner City,C1,0.86,4494,Ward 50
Cotham Heights,NC4,,NC4_004,"POLYGON ((3288.8568 1362.2966, 3288.8069 1359.5719, 3291.281 1359.5032, 3293.814 1359.5294, 3293.7995 1362.2403, 3288.8568 1362.2966))",0.21261,18025,Capital,Inner City,C1,0.99,3850,Ward 51
Cotham Heights,NC4,,NC4_005,"POLYGON ((3300.7734 1366.2103, 3300.5052 1360.3928, 3297.6388 1359.4313, 3297.6103 1369.3118, 3300.8441 1369.0238, 3300.7734 1366.2103))",0.441869,12095,Capital,Inner City,C1,0.88,4686,Ward 50
Cotham Heights,NC4,,NC4_006,"POLYGON ((3304 1366.0443, 3300.7734 1366.2103, 3300.5052 1360.3928, 3304 1360.2887, 3304 1366.0443))",0.303381,17635,Capital,Inner City,B1,0.98,5007,Ward 50
Cotham Heights,NC4,,NC4_007,"POLYGON ((3293.814 1359.5294, 3293.6491 1357.1615, 3291.2997 1357.2338, 3288.7208 1357.366, 3288.8069 1359.5719, 3291.281 1359.5032, 3293.814 1359.5294))",0.176415,9730,Capital,Inner City,D2,0.97,1607,Ward 57
Cotham Heights,NC4,,NC4_008,"POLYGON ((3293.6179 1355.4125, 3297.4569 1355.1789, 3297.6388 1359.4313, 3293.814 1359.5294, 3293.6491 1357.1615, 3293.6179 1355.4125))",0.252085,12560,Capital,Inner City,D1,0.97,3165,Ward 57
Cotham Heights,NC4,,NC4_009,"POLYGON ((3297.4569 1355.1789, 3301.7936 1355.0846, 3304 1352.8593, 3304 1360.2887, 3300.5052 1360.3928, 3297.6388 1359.4313, 3297.4569 1355.1789))",0.543344,5655,Capital,Inner City,C1,0.96,2652,Ward 57
Cotham Heights,NC4,,NC4_010,"POLYGON ((3288.6489 1352.553, 3285.6787 1352.7251, 3285.7691 1355.0163, 3285.852 1359.6343, 3288.8069 1359.5719, 3288.7208 1357.366, 3288.6807 1354.8123, 3288.6489 1352.553))",0.318023,14670,Capital,Inner City,C1,0.98,4238,Ward 57
Cotham Heights,NC4,,NC4_011,"POLYGON ((3291.1966 1354.6749, 3288.6807 1354.8123, 3288.7208 1357.366, 3291.2997 1357.2338, 3293.6491 1357.1615, 3293.6179 1355.4125, 3291.281 1355.6567, 3291.1966 1354.6749))",0.163336,11530,Capital,Inner City,D1,0.87,1773,Ward 57
Cotham Heights,NC4,,NC4_012,"POLYGON ((3293.6131 1352.0273, 3291.8439 1352.3804, 3293.5198 1353.6971, 3293.6179 1355.4125, 3297.4569 1355.1789, 3297.2669 1350.3021, 3297.2669 1350.3021, 3297.2669 1350.3021, 3297.2669 1350.3021, 3297.2669 1350.3021, 3293.6131 1352.0273))",0.267991,11740,Capital,Inner City,C2,0.87,2604,Ward 56
Cotham Heights,NC4,,NC4_013,"POLYGON ((3288.6489 1352.553, 3291.8439 1352.3804, 3293.5198 1353.6971, 3293.6179 1355.4125, 3291.281 1355.6567, 3291.1966 1354.6749, 3288.6807 1354.8123, 3288.6489 1352.553))",0.187044,10585,Capital,Inner City,D1,0.92,1827,Ward 57
Cotham Heights,NC4,,NC4_014,"POLYGON ((3297.2669 1350.3021, 3299.8531 1347.372, 3304 1349.3015, 3304 1352.8593, 3301.7936 1355.0846, 3297.4569 1355.1789, 3297.2669 1350.3021))",0.64595,5150,Capital,Inner City,C1,0.91,3080,Ward 56
Cotham Heights,NC4,,NC4_015,"POLYGON ((3297.4809 1344.5811, 3299.0921 1344.6147, 3299.8531 1347.372, 3297.2669 1350.3021, 3297.4809 1344.5811))",0.144838,12450,Capital,Inner City,C2,0.89,1679,Ward 56
Cotham Heights,NC4,,NC4_016,"POLYGON ((3304 1341.014, 3300.7346 1341.9332, 3299.1256 1342.7696, 3299.0921 1344.6147, 3299.8531 1347.372, 3304 1349.3015, 3304 1342.5398, 3304 1341.014))",0.474027,6100,Capital,Inner City,C2,0.92,2658,Ward 56
Cotham Heights,NC4,,NC4_017,"POLYGON ((3291.8439 1352.3804, 3291.9734 1348.583, 3290.4441 1348.5707, 3291.786 1346.0114, 3294.6335 1345.2963, 3297.2669 1350.3021, 3293.6131 1352.0273, 3291.8439 1352.3804))",0.432079,6425,Capital,Inner City,D1,0.91,2408,Ward 56
Cotham Heights,NC4,,NC4_018,"POLYGON ((3294.6335 1345.2963, 3297.4809 1344.5811, 3297.2669 1350.3021, 3294.6335 1345.2963))",0.125755,13640,Capital,Inner City,D2,0.86,1453,Ward 56
Cotham Heights,NC4,,NC4_019,"POLYGON ((3288.6489 1352.553, 3285.6787 1352.7251, 3285.6515 1350.6125, 3290.3327 1350.3522, 3291.8439 1352.3804, 3288.6489 1352.553))",0.178339,21905,Capital,Inner City,A2,0.94,3682,Ward 56
Cotham Heights,NC4,,NC4_020,"POLYGON ((3285.6515 1350.6125, 3285.6658 1348.6223, 3290.4441 1348.5707, 3291.9734 1348.583, 3291.8439 1352.3804, 3290.3327 1350.3522, 3285.6515 1350.6125))",0.206879,20690,Capital,Inner City,B1,0.89,4031,Ward 56
Cotham Heights,NC4,,NC4_021,"POLYGON ((3300.7346 1341.9332, 3299.1256 1342.7696, 3299.0921 1344.6147, 3297.4809 1344.5811, 3297.4623 1340.1063, 3297.6514 1334, 3304 1334, 3304 1341.014, 3300.7346 1341.9332))",0.854418,4935,Capital,Inner City,F2,0.96,4326,Ward 55
Cotham Heights,NC4,,NC4_022,"POLYGON ((3290.1276 1343.9432, 3289.8395 1340.3439, 3294.2763 1340.2335, 3297.4623 1340.1063, 3297.4809 1344.5811, 3294.6335 1345.2963, 3292.7347 1343.9645, 3290.1276 1343.9432))",0.49742,5940,Capital,Inner City,D2,0.94,2550,Ward 55
Cotham Heights,NC4,,NC4_023,"POLYGON ((3285.7691 1355.0163, 3283.2155 1355.2007, 3283.5338 1350.7046, 3285.6515 1350.6125, 3285.6787 1352.7251, 3285.7691 1355.0163))",0.160775,17640,Capital,Inner City,C1,0.88,2456,Ward 57
Cotham Heights,NC4,,NC4_024,"POLYGON ((3294.6335 1345.2963, 3292.7347 1343.9645, 3290.1276 1343.9432, 3285.3379 1343.9308, 3285.6212 1345.9889, 3285.6658 1348.6223, 3290.4441 1348.5707, 3291.786 1346.0114, 3294.6335 1345.2963))",0.479012,6065,Capital,Inner City,D1,0.92,2717,Ward 55
Cotham Heights,NC4,,NC4_025,"POLYGON ((3294.2763 1340.2335, 3289.8395 1340.3439, 3285.0651 1340.2083, 3284.6445 1337.1528, 3284.4901 1334, 3297.6514 1334, 3297.4623 1340.1063, 3294.2763 1340.2335))",1.251759,4070,Capital,Inner City,D2,0.88,4293,Ward 55
Cotham Heights,NC4,,NC4_026,"POLYGON ((3285.3379 1343.9308, 3285.0651 1340.2083, 3289.8395 1340.3439, 3290.1276 1343.9432, 3285.3379 1343.9308))",0.272535,10155,Capital,Inner City,F1,1,2988,Ward 55
Cotham Heights,NC4,,NC4_027,"POLYGON ((3285.6658 1348.6223, 3285.6212 1345.9889, 3285.3379 1343.9308, 3281.2826 1344.1383, 3281.2282 1345.9858, 3283.7291 1345.9858, 3283.6748 1347.9421, 3283.5338 1350.7046, 3285.6515 1350.6125, 3285.6658 1348.6223))",0.274604,8365,Capital,Inner City,D1,0.94,2237,Ward 55
Cotham Heights,NC4,,NC4_028,"POLYGON ((3281.2826 1344.1383, 3279.6823 1344.8138, 3278.6238 1345.5262, 3280.4632 1350.739, 3283.5338 1350.7046, 3283.6748 1347.9421, 3283.7291 1345.9858, 3281.2282 1345.9858, 3281.2826 1344.1383))",0.346699,7290,Capital,Inner City,D1,0.96,2516,Ward 55
Cotham Heights,NC4,,NC4_029,"POLYGON ((3272.9078 1339.7132, 3273.0439 1334, 3282 1334, 3284.4901 1334, 3284.6445 1337.1528, 3285.0651 1340.2083, 3285.3379 1343.9308, 3281.2826 1344.1383, 3281.2272 1339.6666, 3278.7424 1339.802, 3272.9078 1339.7132))",1.311884,3980,Capital,Inner City,C1,0.88,4615,Ward 53
Cotham Heights,NC4,,NC4_030,"POLYGON ((3281.2826 1344.1383, 3279.6823 1344.8138, 3278.6238 1345.5262, 3272.7716 1345.4264, 3272.9078 1339.7132, 3278.7424 1339.802, 3281.2272 1339.6666, 3281.2826 1344.1383))",0.721679,8550,Capital,Inner City,C2,0.9,5195,Ward 53
Cotham Heights,NC4,,NC4_031,"POLYGON ((3269.1814 1340.1319, 3267.4888 1337.662, 3266.1676 1335.7726, 3264.7557 1334, 3268.8998 1334, 3273.0439 1334, 3272.9078 1339.7132, 3269.1814 1340.1319))",0.554685,5590,Capital,Inner City,C1,0.88,2783,Ward 53
Cotham Heights,NC4,,NC4_032,"POLYGON ((3272.9078 1339.7132, 3272.7716 1345.4264, 3269.1814 1340.1319, 3272.9078 1339.7132))",0.165466,17430,Capital,Inner City,F2,0.97,2779,Ward 53
Cotham Heights,NC4,,NC4_033,"POLYGON ((3269.1814 1340.1319, 3260 1340.8212, 3260 1334, 3264.7557 1334, 3266.1676 1335.7726, 3267.4888 1337.662, 3269.1814 1340.1319))",0.722158,4850,Capital,Inner City,E1,0.93,3201,Ward 53
Cotham Heights,NC4,,NC4_034,"POLYGON ((3278.6238 1345.5262, 3272.7716 1345.4264, 3274.5681 1348.7307, 3275.5576 1351.2228, 3276.9251 1357.299, 3276.5598 1359.8292, 3282.8971 1359.6968, 3283.2155 1355.2007, 3283.5338 1350.7046, 3280.4632 1350.739, 3278.6238 1345.5262))",1.407442,7295,Capital,Inner City,C1,0.95,9805,Ward 54
Cotham Heights,NC4,,NC4_035,"POLYGON ((3268.2389 1346.5386, 3270.109 1346.5782, 3270.2995 1350.8711, 3275.5576 1351.2228, 3274.5681 1348.7307, 3272.7716 1345.4264, 3268.2339 1345.3553, 3268.2389 1346.5386))",0.389525,6820,Capital,Inner City,C2,0.93,2465,Ward 54
Cotham Heights,NC4,,NC4_036,"POLYGON ((3272.7716 1345.4264, 3269.1814 1340.1319, 3260 1340.8212, 3260 1346.379, 3268.2389 1346.5386, 3268.2339 1345.3553, 3272.7716 1345.4264))",0.98648,4885,Capital,Inner City,F2,0.95,4477,Ward 53
Cotham Heights,NC4,,NC4_037,"POLYGON ((3265.6983 1350.8029, 3265.4836 1348.199, 3268.3604 1348.118, 3268.2389 1346.5386, 3270.109 1346.5782, 3270.2995 1350.8711, 3265.6983 1350.8029))",0.239965,14075,Capital,Inner City,C1,0.94,3331,Ward 54
Cotham Heights,NC4,,NC4_038,"POLYGON ((3260 1346.379, 3268.2389 1346.5386, 3268.3604 1348.118, 3265.4836 1348.199, 3265.6983 1350.8029, 3262.8492 1351.0278, 3260 1351.2527, 3260 1346.379))",0.470175,6130,Capital,Inner City,D2,0.93,2593,Ward 53
Cotham Heights,NC4,,NC4_039,"POLYGON ((3276.9251 1357.299, 3275.5576 1351.2228, 3270.2995 1350.8711, 3265.6983 1350.8029, 3266.0644 1355.4365, 3266.1749 1357.6182, 3271.319 1357.2394, 3276.9251 1357.299))",1.023172,7500,Capital,Inner City,B1,0.97,6899,Ward 52
Cotham Heights,NC4,,NC4_040,"POLYGON ((3262.8492 1351.0278, 3265.6983 1350.8029, 3266.0644 1355.4365, 3263.0322 1355.7182, 3262.8492 1351.0278))",0.214757,15210,Capital,Inner City,E2,0.99,2980,Ward 52
Cotham Heights,NC4,,NC4_041,"POLYGON ((3260 1356, 3260 1351.2527, 3262.8492 1351.0278, 3263.0322 1355.7182, 3260 1356))",0.216644,15160,Capital,Inner City,C2,0.91,3049,Ward 52
Cotham Heights,NC4,,NC4_042,"POLYGON ((3266.0644 1355.4365, 3266.1749 1357.6182, 3260 1358.3375, 3260 1356, 3263.0322 1355.7182, 3266.0644 1355.4365))",0.216077,15175,Capital,Inner City,C2,0.86,2861,Ward 52
Cotham Heights,NC4,,NC4_043,"POLYGON ((3266.1957 1360.3769, 3266.1749 1357.6182, 3271.319 1357.2394, 3271.3778 1360.1031, 3266.1957 1360.3769))",0.226426,14655,Capital,Inner City,A1,0.99,3405,Ward 52
Cotham Heights,NC4,,NC4_044,"POLYGON ((3260 1358.3375, 3266.1749 1357.6182, 3266.1957 1360.3769, 3266.2165 1363.1356, 3260 1363.5139, 3260 1358.3375))",0.516508,5815,Capital,Inner City,E1,0.93,2763,Ward 52
Cotham Heights,NC4,,NC4_045,"POLYGON ((3276.9251 1357.299, 3276.5598 1359.8292, 3271.3778 1360.1031, 3271.319 1357.2394, 3276.9251 1357.299))",0.226481,14650,Capital,Inner City,A1,0.87,2900,Ward 52
Cotham Heights,NC4,,NC4_046,"POLYGON ((3266.1089 1367.1881, 3260 1367.258, 3260 1363.5139, 3266.2165 1363.1356, 3266.1089 1367.1881))",0.374251,6975,Capital,Inner City,F2,0.97,2548,Ward 48
Cotham Heights,NC4,,NC4_047,"POLYGON ((3271.6667 1363.0041, 3269.1649 1362.8736, 3266.2165 1363.1356, 3266.1957 1360.3769, 3271.3778 1360.1031, 3276.5598 1359.8292, 3275.6304 1366.6448, 3271.6667 1363.0041))",0.581523,7200,Capital,Inner City,A2,0.88,3696,Ward 52
Cotham Heights,NC4,,NC4_048,"POLYGON ((3266.2165 1363.1356, 3269.1649 1362.8736, 3268.7 1367.1825, 3266.1089 1367.1881, 3266.2165 1363.1356))",0.179881,14345,Capital,Inner City,E2,0.95,2637,Ward 48
Cotham Heights,NC4,,NC4_049,"POLYGON ((3260 1370.4548, 3260 1367.258, 3266.1089 1367.1881, 3268.7 1367.1825, 3268.2841 1370.1871, 3260 1370.4548))",0.410989,6610,Capital,Inner City,D2,0.95,2552,Ward 48
Cotham Heights,NC4,,NC4_050,"POLYGON ((3268.7 1367.1825, 3269.1649 1362.8736, 3271.6667 1363.0041, 3275.6304 1366.6448, 3272.1652 1366.9137, 3268.7 1367.1825))",0.297723,11725,Capital,Inner City,E2,0.99,3436,Ward 48
Cotham Heights,NC4,,NC4_051,"POLYGON ((3268.2841 1370.1871, 3260 1370.4548, 3260 1376.0115, 3267.2967 1374.7993, 3268.2841 1370.1871))",0.611667,5300,Capital,Inner City,E2,0.86,2733,Ward 48
Cotham Heights,NC4,,NC4_052,"POLYGON ((3271.4165 1370.1847, 3268.2841 1370.1871, 3268.7 1367.1825, 3272.1652 1366.9137, 3271.4165 1370.1847))",0.1601,12675,Capital,Inner City,D2,0.86,1845,Ward 48
Cotham Heights,NC4,,NC4_053,"POLYGON ((3270.3402 1374.838, 3267.2967 1374.7993, 3268.2841 1370.1871, 3271.4165 1370.1847, 3270.3402 1374.838))",0.223261,9735,Capital,Inner City,D2,0.94,2186,Ward 48
Cotham Heights,NC4,,NC4_054,"POLYGON ((3260 1376.0115, 3260 1378, 3266.1015 1378, 3272.2029 1378, 3273.3836 1374.8767, 3270.3402 1374.838, 3267.2967 1374.7993, 3260 1376.0115))",0.566317,5530,Capital,Inner City,D1,0.93,2795,Ward 48
Cotham Heights,NC4,,NC4_055,"POLYGON ((3272.1652 1366.9137, 3275.6304 1366.6448, 3274.9338 1370.5235, 3271.4165 1370.1847, 3272.1652 1366.9137))",0.194918,11315,Capital,Inner City,E2,0.94,1989,Ward 48
Cotham Heights,NC4,,NC4_056,"POLYGON ((3274.9338 1370.5235, 3273.3836 1374.8767, 3270.3402 1374.838, 3271.4165 1370.1847, 3274.9338 1370.5235))",0.234104,9465,Capital,Inner City,E2,0.92,2084,Ward 48
Cotham Heights,NC4,,NC4_057,"POLYGON ((3281.0465 1369.4668, 3279.3451 1369.64, 3278.327 1367.9324, 3275.6304 1366.6448, 3276.5598 1359.8292, 3282.8971 1359.6968, 3282.6518 1364.4942, 3281.0465 1369.4668))",0.858277,8025,Capital,Inner City,C1,0.91,6178,Ward 54
Cotham Heights,NC4,,NC4_058,"POLYGON ((3280.458 1371.0443, 3281.0465 1369.4668, 3279.3451 1369.64, 3278.327 1367.9324, 3275.6304 1366.6448, 3274.9338 1370.5235, 3273.3836 1374.8767, 3277.3564 1374.8388, 3279.2795 1374.0219, 3280.458 1371.0443))",0.577653,7220,Capital,Inner City,C1,0.91,4144,Ward 49
Cotham Heights,NC4,,NC4_059,"POLYGON ((3282 1378, 3274.0169 1378, 3272.2029 1378, 3273.3836 1374.8767, 3277.3564 1374.8388, 3279.2795 1374.0219, 3280.458 1371.0443, 3282.3616 1371.0752, 3282.0917 1375.5367, 3282 1378))",0.615125,6285,Capital,Inner City,C2,0.91,3404,Ward 49
Cotham Heights,NC4,,NC4_060,"POLYGON ((3285.7169 1369.2049, 3281.0465 1369.4668, 3282.6518 1364.4942, 3282.8971 1359.6968, 3285.852 1359.6343, 3285.6969 1361.3237, 3285.7069 1365.2643, 3285.7169 1369.2049))",0.511838,7345,Capital,Inner City,D1,0.97,3843,Ward 51
Cotham Heights,NC4,,NC4_061,"POLYGON ((3285.7169 1369.2049, 3281.0465 1369.4668, 3280.458 1371.0443, 3282.3616 1371.0752, 3290.507 1371.1585, 3290.3397 1369.0476, 3285.7169 1369.2049))",0.281918,8235,Capital,Inner City,B1,0.85,1850,Ward 49
Cotham Heights,NC4,,NC4_062,"POLYGON ((3293.6311 1375.4662, 3293.3871 1378, 3282 1378, 3282.0917 1375.5367, 3293.6311 1375.4662))",0.446315,6310,Capital,Inner City,C2,0.9,2488,Ward 49
Cotham Heights,NC4,,NC4_063,"POLYGON ((3282.0917 1375.5367, 3282.3616 1371.0752, 3290.507 1371.1585, 3292.0649 1372.9077, 3293.651 1372.895, 3293.6311 1375.4662, 3282.0917 1375.5367))",0.713963,5580,Capital,Inner City,B1,0.99,4027,Ward 49
Cotham Heights,NC4,,NC4_064,"POLYGON ((3295.6632 1371.152, 3295.0989 1372.8777, 3293.651 1372.895, 3292.0649 1372.9077, 3290.507 1371.1585, 3295.6632 1371.152))",0.111107,20805,Capital,Inner City,B1,0.92,2129,Ward 49
Cotham Heights,NC4,,NC4_065,"POLYGON ((3291.6996 1368.9919, 3295.9227 1369.1267, 3295.6632 1371.152, 3290.507 1371.1585, 3290.3397 1369.0476, 3291.6996 1368.9919))",0.176368,16980,Capital,Inner City,B1,0.95,2760,Ward 49
Cotham Heights,NC4,,NC4_066,"POLYGON ((3293.7851 1364.9512, 3296.1341 1364.9376, 3295.9227 1369.1267, 3291.6996 1368.9919, 3290.3397 1369.0476, 3285.7169 1369.2049, 3285.7069 1365.2643, 3288.9066 1365.0213, 3293.7851 1364.9512))",0.652693,7620,Capital,Inner City,D1,0.88,4212,Ward 51
Cotham Heights,NC4,,NC4_067,"POLYGON ((3288.9066 1365.0213, 3285.7069 1365.2643, 3285.6969 1361.3237, 3285.852 1359.6343, 3288.8069 1359.5719, 3288.8568 1362.2966, 3288.9066 1365.0213))",0.270542,16695,Capital,Inner City,C1,1,4518,Ward 51
Cotham Heights,NC4,,NC4_068,"POLYGON ((3304 1371.6332, 3304 1378, 3293.3871 1378, 3293.6311 1375.4662, 3293.651 1372.895, 3295.0989 1372.8777, 3295.6632 1371.152, 3300.7967 1371.164, 3304 1371.6332))",1.051063,4840,Capital,Inner City,E2,0.9,4097,Ward 50
Cotham Heights,NC4,,NC4_069,"POLYGON ((3300.8441 1369.0238, 3300.7967 1371.164, 3295.6632 1371.152, 3295.9227 1369.1267, 3297.6103 1369.3118, 3300.8441 1369.0238))",0.154639,11940,Capital,Inner City,B1,0.95,1793,Ward 50
Cotham Heights,NC4,,NC4_070,"POLYGON ((3293.7995 1362.2403, 3293.7851 1364.9512, 3288.9066 1365.0213, 3288.8568 1362.2966, 3293.7995 1362.2403))",0.208029,19655,Capital,Inner City,C1,0.97,3986,Ward 51
Cotham Heights,NC4,,NC4_071,"POLYGON ((3304 1369.245, 3304 1371.6332, 3300.7967 1371.164, 3300.8441 1369.0238, 3304 1369.245))",0.112335,15700,Capital,Inner City,B1,0.89,1466,Ward 50
Cotham Heights,NC5,,NC5_001,"POLYGON ((3315.9924 1356.1931, 3314.5865 1356.1916, 3314.4893 1353.9003, 3315.913 1353.8908, 3315.9924 1356.1931))",0.050652,31100,Capital,Inner City,F2,0.89,1350,Ward 45
Cotham Heights,NC5,,NC5_002,"POLYGON ((3320.9251 1341.3547, 3320.9068 1339.8528, 3321.0458 1337.5175, 3318.4595 1339.7191, 3315.5435 1341.3949, 3317.1414 1342.9981, 3318.6871 1342.6062, 3320.9251 1341.3547))",0.218653,11740,Capital,Inner City,F1,0.86,2320,Ward 42
Cotham Heights,NC5,,NC5_003,"POLYGON ((3316.1721 1337.5491, 3316.5527 1334, 3321.9381 1334, 3321.0458 1337.5175, 3316.1721 1337.5491))",0.282328,10060,Capital,Inner City,F2,0.99,2705,Ward 42
Cotham Heights,NC5,,NC5_004,"POLYGON ((3315.5435 1341.3949, 3317.1414 1342.9981, 3318.6871 1342.6062, 3319.8901 1345.2822, 3317.4385 1348.3437, 3314.5362 1344.7116, 3315.5435 1341.3949))",0.311507,9490,Capital,Inner City,B1,0.88,2811,Ward 46
Cotham Heights,NC5,,NC5_005,"POLYGON ((3317.2327 1353.8652, 3315.5041 1352.641, 3314.3916 1352.6873, 3314.4893 1353.9003, 3315.913 1353.8908, 3316.5729 1353.878, 3317.2327 1353.8652))",0.037383,38830,Capital,Inner City,C2,0.86,1286,Ward 45
Cotham Heights,NC5,,NC5_006,"POLYGON ((3321.0458 1337.5175, 3316.1721 1337.5491, 3315.5435 1341.3949, 3318.4595 1339.7191, 3321.0458 1337.5175))",0.162166,14150,Capital,Inner City,F2,0.96,2233,Ward 42
Cotham Heights,NC5,,NC5_007,"POLYGON ((3315.5435 1341.3949, 3312.3998 1340.1836, 3311.9283 1337.6559, 3316.1721 1337.5491, 3315.5435 1341.3949))",0.18414,13065,Capital,Inner City,E2,0.98,2355,Ward 42
Cotham Heights,NC5,,NC5_008,"POLYGON ((3314.5362 1344.7116, 3317.4385 1348.3437, 3314.8125 1349.8856, 3313.2964 1350.3364, 3311.4213 1347.0346, 3314.5362 1344.7116))",0.285399,9995,Capital,Inner City,C2,0.86,2592,Ward 46
Cotham Heights,NC5,,NC5_009,"POLYGON ((3311.6338 1341.0795, 3312.3998 1340.1836, 3315.5435 1341.3949, 3314.5362 1344.7116, 3311.6338 1341.0795))",0.132709,16100,Capital,Inner City,B1,0.98,2154,Ward 47
Cotham Heights,NC5,,NC5_010,"POLYGON ((3316.1721 1337.5491, 3311.9283 1337.6559, 3308.9923 1337.6632, 3308.9729 1334, 3316.5527 1334, 3316.1721 1337.5491))",0.416827,8015,Capital,Inner City,E2,0.98,3212,Ward 42
Cotham Heights,NC5,,NC5_011,"POLYGON ((3311.4213 1347.0346, 3310.3693 1343.8078, 3311.2485 1342.0764, 3311.6338 1341.0795, 3314.5362 1344.7116, 3311.4213 1347.0346))",0.193243,12675,Capital,Inner City,B1,0.97,2232,Ward 47
Cotham Heights,NC5,,NC5_012,"POLYGON ((3308.9923 1337.6632, 3311.9283 1337.6559, 3312.3998 1340.1836, 3311.6338 1341.0795, 3309.6474 1340.9982, 3309.1228 1339.7883, 3308.9923 1337.6632))",0.155365,14540,Capital,Inner City,B1,0.96,2268,Ward 47
Cotham Heights,NC5,,NC5_013,"POLYGON ((3309.6995 1342.0848, 3309.6474 1340.9982, 3311.6338 1341.0795, 3311.2485 1342.0764, 3310.3693 1343.8078, 3309.6995 1342.0848))",0.049639,31595,Capital,Inner City,B1,0.95,1430,Ward 47
Cotham Heights,NC5,,NC5_014,"POLYGON ((3308.9923 1337.6632, 3306.3086 1337.6967, 3306.2802 1340.7844, 3307.914 1340.8713, 3309.6474 1340.9982, 3309.1228 1339.7883, 3308.9923 1337.6632))",0.143091,15335,Capital,Inner City,C1,0.89,1797,Ward 47
Cotham Heights,NC5,,NC5_015,"POLYGON ((3304 1341.014, 3306.2802 1340.7844, 3306.3086 1337.6967, 3308.9923 1337.6632, 3308.9729 1334, 3304 1334, 3304 1341.014))",0.400884,8195,Capital,Inner City,B1,0.96,2981,Ward 47
Cotham Heights,NC5,,NC5_016,"POLYGON ((3309.6474 1340.9982, 3307.914 1340.8713, 3306.2802 1340.7844, 3306.3935 1343.1769, 3308.7869 1343.814, 3310.3693 1343.8078, 3309.6995 1342.0848, 3309.6474 1340.9982))",0.149535,14905,Capital,Inner City,D1,0.95,2057,Ward 47
Cotham Heights,NC5,,NC5_017,"POLYGON ((3306.8486 1349.5071, 3306.3935 1343.1769, 3308.7869 1343.814, 3310.3693 1343.8078, 3311.4213 1347.0346, 3309.4723 1348.1585, 3306.8486 1349.5071))",0.323676,9275,Capital,Inner City,F2,0.88,2677,Ward 47
Cotham Heights,NC5,,NC5_018,"POLYGON ((3306.3935 1343.1769, 3304 1342.5398, 3304 1341.014, 3306.2802 1340.7844, 3306.3935 1343.1769))",0.071177,24470,Capital,Inner City,D1,0.98,1841,Ward 47
Cotham Heights,NC5,,NC5_019,"POLYGON ((3308.9895 1351.0448, 3306.8486 1349.5071, 3309.4723 1348.1585, 3311.4213 1347.0346, 3313.2964 1350.3364, 3312.0785 1351.046, 3308.9895 1351.0448))",0.231816,11330,Capital,Inner City,B1,0.94,2569,Ward 47
Cotham Heights,NC5,,NC5_020,"POLYGON ((3306.8486 1349.5071, 3304 1349.3015, 3304 1342.5398, 3306.3935 1343.1769, 3306.8486 1349.5071))",0.265919,10425,Capital,Inner City,D2,0.89,2371,Ward 47
Cotham Heights,NC5,,NC5_021,"POLYGON ((3306.8486 1349.5071, 3306.8796 1352.9556, 3310.1689 1353.0912, 3312.6793 1353.3665, 3312.926 1353.8869, 3314.4893 1353.9003, 3314.3916 1352.6873, 3313.2964 1350.3364, 3312.0785 1351.046, 3308.9895 1351.0448, 3306.8486 1349.5071))",0.287264,9955,Capital,Inner City,F2,0.87,2518,Ward 45
Cotham Heights,NC5,,NC5_022,"POLYGON ((3312.926 1353.8869, 3314.4893 1353.9003, 3314.5865 1356.1916, 3312.9172 1356.1957, 3312.926 1353.8869))",0.057939,28290,Capital,Inner City,F2,0.94,1510,Ward 45
Cotham Heights,NC5,,NC5_023,"POLYGON ((3306.8796 1352.9556, 3304 1352.8593, 3304 1349.3015, 3306.8486 1349.5071, 3306.8796 1352.9556))",0.156344,14490,Capital,Inner City,D1,0.96,2242,Ward 45
Cotham Heights,NC5,,NC5_024,"POLYGON ((3310.9423 1356.2449, 3312.9172 1356.1957, 3312.926 1353.8869, 3312.6793 1353.3665, 3310.1689 1353.0912, 3306.8796 1352.9556, 3306.8979 1356.527, 3308.5959 1356.2974, 3310.1479 1356.2825, 3310.9423 1356.2449))",0.297632,9750,Capital,Inner City,D2,0.92,2601,Ward 45
Cotham Heights,NC5,,NC5_025,"POLYGON ((3306.8796 1352.9556, 3304 1352.8593, 3304 1360.2887, 3305.847 1360.2875, 3307.1046 1360.2867, 3306.8979 1356.527, 3306.8796 1352.9556))",0.338878,9030,Capital,Inner City,D1,0.87,2812,Ward 45
Cotham Heights,NC5,,NC5_026,"POLYGON ((3310.9423 1356.2449, 3310.1479 1356.2825, 3308.5959 1356.2974, 3308.5846 1357.7087, 3310.1664 1357.5997, 3311.0391 1357.5997, 3310.9423 1356.2449))",0.050695,31100,Capital,Inner City,F2,0.94,1443,Ward 45
Cotham Heights,NC5,,NC5_027,"POLYGON ((3310.9423 1356.2449, 3311.0391 1357.5997, 3312.9155 1357.4852, 3312.8531 1358.5833, 3314.6058 1358.4799, 3314.5865 1356.1916, 3312.9172 1356.1957, 3310.9423 1356.2449))",0.101459,19215,Capital,Inner City,E2,0.88,1686,Ward 45
Cotham Heights,NC5,,NC5_028,"POLYGON ((3311.0391 1357.5997, 3310.1664 1357.5997, 3308.5846 1357.7087, 3308.5959 1356.2974, 3306.8979 1356.527, 3307.1046 1360.2867, 3310.348 1360.4176, 3314.581 1360.4949, 3314.6058 1358.4799, 3312.8531 1358.5833, 3312.9155 1357.4852, 3311.0391 1357.5997))",0.337552,9050,Capital,Inner City,C1,0.98,3200,Ward 45
Cotham Heights,NC5,,NC5_029,"POLYGON ((3307.1046 1360.2867, 3305.847 1360.2875, 3304 1360.2887, 3304 1366.0443, 3307.1744 1365.9109, 3307.1642 1365.3285, 3307.1046 1360.2867))",0.278327,10145,Capital,Inner City,C1,0.97,2930,Ward 43
Cotham Heights,NC5,,NC5_030,"POLYGON ((3304 1369.245, 3304 1366.0443, 3307.1744 1365.9109, 3307.3911 1369.9466, 3304 1369.245))",0.184645,19040,Capital,Inner City,B1,0.89,3388,Ward 43
Cotham Heights,NC5,,NC5_031,"POLYGON ((3314.6377 1363.6135, 3314.581 1360.4949, 3310.348 1360.4176, 3307.1046 1360.2867, 3307.1642 1365.3285, 3307.1744 1365.9109, 3310.5698 1366.5746, 3310.478 1363.5323, 3314.6377 1363.6135))",0.508566,7170,Capital,Inner City,B1,0.9,3208,Ward 43
Cotham Heights,NC5,,NC5_032,"POLYGON ((3307.3911 1369.9466, 3306.3133 1372.2457, 3304 1371.6332, 3304 1369.245, 3307.3911 1369.9466))",0.109704,24245,Capital,Inner City,B1,0.92,2632,Ward 43
Cotham Heights,NC5,,NC5_033,"POLYGON ((3304 1371.6332, 3304 1378, 3305.8506 1376.9068, 3308.3838 1375.4103, 3306.3133 1372.2457, 3304 1371.6332))",0.264677,10455,Capital,Inner City,D2,0.89,2337,Ward 43
Cotham Heights,NC5,,NC5_034,"POLYGON ((3312.0549 1367.1077, 3310.5698 1366.5746, 3307.1744 1365.9109, 3307.3911 1369.9466, 3306.3133 1372.2457, 3308.3838 1375.4103, 3310.9575 1373.8899, 3312.9797 1372.8312, 3312.0549 1367.1077))",0.662968,6205,Capital,Inner City,B1,0.9,3833,Ward 43
Cotham Heights,NC5,,NC5_035,"POLYGON ((3314.6377 1363.6135, 3314.9364 1367.9082, 3312.0549 1367.1077, 3310.5698 1366.5746, 3310.478 1363.5323, 3314.6377 1363.6135))",0.244309,10970,Capital,Inner City,UNI,0.98,2702,Ward 43
Cotham Heights,NC5,,NC5_036,"POLYGON ((3315 1378, 3304 1378, 3305.8506 1376.9068, 3308.3838 1375.4103, 3310.9575 1373.8899, 3312.9797 1372.8312, 3315.1079 1371.4884, 3314.8788 1375.3042, 3315 1378))",0.548902,6875,Capital,Inner City,C2,0.9,3367,Ward 44
Cotham Heights,NC5,,NC5_037,"POLYGON ((3312.0549 1367.1077, 3314.9364 1367.9082, 3315.1079 1371.4884, 3312.9797 1372.8312, 3312.0549 1367.1077))",0.183928,13070,Capital,Inner City,UNI,0.98,2331,Ward 43
Cotham Heights,NC5,,NC5_038,"POLYGON ((3316.9787 1363.0425, 3317.439 1367.3033, 3314.9364 1367.9082, 3314.6377 1363.6135, 3316.9787 1363.0425))",0.164946,14005,Capital,Inner City,B1,0.89,2005,Ward 44
Cotham Heights,NC5,,NC5_039,"POLYGON ((3314.6377 1363.6135, 3314.581 1360.4949, 3317.0855 1360.1561, 3316.9787 1363.0425, 3314.6377 1363.6135))",0.1132,17870,Capital,Inner City,B1,0.9,1968,Ward 44
Cotham Heights,NC5,,NC5_040,"POLYGON ((3317.439 1367.3033, 3314.9364 1367.9082, 3315.1079 1371.4884, 3319.6392 1369.3978, 3319.2394 1366.7683, 3317.439 1367.3033))",0.219,11730,Capital,Inner City,B1,0.96,2481,Ward 44
Cotham Heights,NC5,,NC5_041,"POLYGON ((3314.6058 1358.4799, 3315.5516 1358.455, 3317.1288 1358.3731, 3317.0855 1360.1561, 3314.581 1360.4949, 3314.6058 1358.4799))",0.073986,23825,Capital,Inner City,C1,0.97,1681,Ward 45
Cotham Heights,NC5,,NC5_042,"POLYGON ((3326 1366.4538, 3326 1378, 3315 1378, 3314.8788 1375.3042, 3315.1079 1371.4884, 3319.6392 1369.3978, 3326 1366.4538))",1.546349,3645,Capital,Suburb,F1,0.94,5622,Ward 44
Cotham Heights,NC5,,NC5_043,"POLYGON ((3319.8063 1359.8313, 3317.0855 1360.1561, 3316.9787 1363.0425, 3317.439 1367.3033, 3319.2394 1366.7683, 3319.0934 1364.6284, 3320.9424 1362.7803, 3322.9032 1359.2974, 3319.8063 1359.8313))",0.378712,8470,Capital,Inner City,B1,0.97,3245,Ward 44
Cotham Heights,NC5,,NC5_044,"POLYGON ((3317.1288 1358.3731, 3317.3022 1356.1705, 3315.9924 1356.1931, 3314.5865 1356.1916, 3314.6058 1358.4799, 3315.5516 1358.455, 3317.1288 1358.3731))",0.091629,20590,Capital,Inner City,D1,0.96,1686,Ward 45
Cotham Heights,NC5,,NC5_045,"POLYGON ((3326 1358.7634, 3322.9032 1359.2974, 3320.9424 1362.7803, 3319.0934 1364.6284, 3319.2394 1366.7683, 3319.6392 1369.3978, 3326 1366.4538, 3326 1362.6086, 3326 1358.7634))",0.757392,5520,Capital,Inner City,C2,0.87,3664,Ward 44
Cotham Heights,NC5,,NC5_046,"POLYGON ((3317.3022 1356.1705, 3317.1288 1358.3731, 3317.0855 1360.1561, 3319.8063 1359.8313, 3319.7247 1358.3503, 3319.6337 1357.3194, 3318.0418 1355.2986, 3317.3022 1356.1705))",0.152578,14710,Capital,Inner City,B1,0.93,2148,Ward 46
Cotham Heights,NC5,,NC5_047,"POLYGON ((3322.836 1355.4253, 3322.9032 1359.2974, 3319.8063 1359.8313, 3319.7247 1358.3503, 3319.6337 1357.3194, 3321.377 1357.0192, 3322.836 1355.4253))",0.140328,15530,Capital,Inner City,B1,0.86,1939,Ward 46
Cotham Heights,NC5,,NC5_048,"POLYGON ((3322.836 1355.4253, 3326 1355.2874, 3326 1358.7634, 3322.9032 1359.2974, 3322.836 1355.4253))",0.179434,13275,Capital,Inner City,B1,0.91,2064,Ward 46
Cotham Heights,NC5,,NC5_049,"POLYGON ((3318.0418 1355.2986, 3317.899 1354.3518, 3317.2327 1353.8652, 3321.8309 1353.7992, 3322.836 1355.4253, 3321.377 1357.0192, 3319.6337 1357.3194, 3318.0418 1355.2986))",0.199335,12435,Capital,Inner City,B1,0.95,2394,Ward 46
Cotham Heights,NC5,,NC5_050,"POLYGON ((3326 1355.2874, 3326 1352.7565, 3326 1347.6948, 3321.7517 1348.7162, 3319.6347 1351.0715, 3321.8309 1353.7992, 3322.836 1355.4253, 3326 1355.2874))",0.542083,6920,Capital,Inner City,C2,0.94,3378,Ward 46
Cotham Heights,NC5,,NC5_051,"POLYGON ((3317.3022 1356.1705, 3318.0418 1355.2986, 3317.899 1354.3518, 3317.2327 1353.8652, 3316.5729 1353.878, 3315.913 1353.8908, 3315.9924 1356.1931, 3317.3022 1356.1705))",0.065371,25960,Capital,Inner City,C1,0.9,1492,Ward 45
Cotham Heights,NC5,,NC5_052,"POLYGON ((3319.8901 1345.2822, 3326 1345.1639, 3326 1347.6948, 3321.7517 1348.7162, 3319.8901 1345.2822))",0.249015,10845,Capital,Inner City,C2,0.85,2339,Ward 46
Cotham Heights,NC5,,NC5_053,"POLYGON ((3319.6347 1351.0715, 3317.4385 1348.3437, 3319.8901 1345.2822, 3321.7517 1348.7162, 3319.6347 1351.0715))",0.195336,12590,Capital,Inner City,C1,0.85,2146,Ward 46
Cotham Heights,NC5,,NC5_054,"POLYGON ((3326 1339.5863, 3326 1345.1639, 3319.8901 1345.2822, 3318.6871 1342.6062, 3320.9251 1341.3547, 3320.9068 1339.8528, 3323.4166 1339.6212, 3326 1339.5863))",0.528673,7015,Capital,Inner City,F2,0.86,3433,Ward 42
Cotham Heights,NC5,,NC5_055,"POLYGON ((3317.2327 1353.8652, 3321.8309 1353.7992, 3319.6347 1351.0715, 3317.4385 1348.3437, 3314.8125 1349.8856, 3313.2964 1350.3364, 3314.3916 1352.6873, 3315.5041 1352.641, 3317.2327 1353.8652))",0.394552,8270,Capital,Inner City,B1,0.94,3074,Ward 46
Cotham Heights,NC5,,NC5_056,"POLYGON ((3320.9068 1339.8528, 3321.0458 1337.5175, 3321.9381 1334, 3326 1334, 3326 1334.0087, 3326 1339.5863, 3323.4166 1339.6212, 3320.9068 1339.8528))",0.415443,8030,Capital,Inner City,F1,0.91,2693,Ward 42
Cotham Heights,NC6,,NC6_001,"POLYGON ((3304.0806 1324.3194, 3299.9569 1324.395, 3301.7814 1323.1502, 3301.9724 1321.5664, 3302.1633 1319.9826, 3303.9128 1319.8865, 3304.0806 1324.3194))",0.159726,13640,Capital,Inner City,D2,0.91,2091,Ward 41
Cotham Heights,NC6,,NC6_002,"POLYGON ((3295.8405 1318.6187, 3298.0209 1318.6282, 3297.6503 1321.8283, 3295.473 1321.8192, 3295.8405 1318.6187))",0.108734,17520,Capital,Inner City,D1,0.9,1602,Ward 39
Cotham Heights,NC6,,NC6_003,"POLYGON ((3291.1883 1314.6332, 3282 1314.6195, 3282 1320.8237, 3290.7069 1321.0204, 3291.0517 1318.6389, 3291.1883 1314.6332))",0.886605,4965,Capital,Inner City,C1,0.9,3847,Ward 38
Cotham Heights,NC6,,NC6_004,"POLYGON ((3295.473 1321.8192, 3295.8405 1318.6187, 3291.0517 1318.6389, 3290.7069 1321.0204, 3293.0776 1322.6039, 3295.5202 1323.4656, 3295.473 1321.8192))",0.285062,9545,Capital,Inner City,E1,0.99,2673,Ward 39
Cotham Heights,NC6,,NC6_005,"POLYGON ((3295.5202 1323.4656, 3295.473 1321.8192, 3297.6503 1321.8283, 3301.9724 1321.5664, 3301.7814 1323.1502, 3299.9569 1324.395, 3297.4223 1323.8822, 3295.5202 1323.4656))",0.212424,11410,Capital,Inner City,D2,0.87,2154,Ward 39
Cotham Heights,NC6,,NC6_006,"POLYGON ((3295.5202 1323.4656, 3293.0776 1322.6039, 3290.7069 1321.0204, 3291.4626 1326.4132, 3293.5934 1327.2123, 3295.5202 1323.4656))",0.247876,10380,Capital,Inner City,F1,0.9,2413,Ward 39
Cotham Heights,NC6,,NC6_007,"POLYGON ((3284.4901 1334, 3282 1334, 3282 1320.8237, 3290.7069 1321.0204, 3291.4626 1326.4132, 3289.0005 1327.0997, 3286.5384 1327.7863, 3284.7081 1330.7917, 3284.4901 1334))",1.226445,4215,Capital,Inner City,C1,0.96,4939,Ward 39
Cotham Heights,NC6,,NC6_008,"POLYGON ((3295.5202 1323.4656, 3297.4223 1323.8822, 3297.4198 1324.4514, 3297.4616 1326.4501, 3297.5033 1328.4488, 3293.5934 1327.2123, 3295.5202 1323.4656))",0.19971,11855,Capital,Inner City,D1,0.93,2092,Ward 39
Cotham Heights,NC6,,NC6_009,"POLYGON ((3291.4626 1326.4132, 3289.0005 1327.0997, 3286.5384 1327.7863, 3284.7081 1330.7917, 3284.4901 1334, 3297.6514 1334, 3297.5033 1328.4488, 3293.5934 1327.2123, 3291.4626 1326.4132))",1.290493,4110,Capital,Inner City,F1,0.96,5188,Ward 39
Cotham Heights,NC6,,NC6_010,"POLYGON ((3297.4223 1323.8822, 3297.4198 1324.4514, 3297.4616 1326.4501, 3302.6583 1326.8581, 3304.0806 1324.3194, 3299.9569 1324.395, 3297.4223 1323.8822))",0.222696,11080,Capital,Inner City,D1,0.98,2352,Ward 41
Cotham Heights,NC6,,NC6_011,"POLYGON ((3297.4616 1326.4501, 3297.5033 1328.4488, 3299.7495 1328.972, 3301.236 1329.3968, 3302.2208 1329.8049, 3307.7803 1329.959, 3307.0711 1327.1723, 3302.6583 1326.8581, 3297.4616 1326.4501))",0.410089,7725,Capital,Inner City,D2,0.96,3086,Ward 41
Cotham Heights,NC6,,NC6_012,"POLYGON ((3301.236 1329.3968, 3299.7495 1328.972, 3297.5033 1328.4488, 3297.6514 1334, 3304 1334, 3308.9729 1334, 3309.539 1329.9415, 3307.7803 1329.959, 3302.2208 1329.8049, 3301.236 1329.3968))",0.807806,5210,Capital,Inner City,E2,0.88,3634,Ward 41
Cotham Heights,NC6,,NC6_013,"POLYGON ((3302.6583 1326.8581, 3304.0806 1324.3194, 3306.362 1324.3855, 3308.0068 1323.877, 3307.0711 1327.1723, 3302.6583 1326.8581))",0.178498,12715,Capital,Inner City,F1,0.97,2312,Ward 41
Cotham Heights,NC6,,NC6_014,"POLYGON ((3309.539 1329.9415, 3312.2733 1330.2736, 3316.7026 1330.8116, 3316.5527 1334, 3308.9729 1334, 3309.539 1329.9415))",0.418746,7630,Capital,Inner City,F2,0.92,2901,Ward 42
Cotham Heights,NC6,,NC6_015,"POLYGON ((3311.0842 1327.1149, 3312.2733 1330.2736, 3309.539 1329.9415, 3307.7803 1329.959, 3307.0711 1327.1723, 3311.0842 1327.1149))",0.190228,12220,Capital,Inner City,D1,0.97,2166,Ward 41
Cotham Heights,NC6,,NC6_016,"POLYGON ((3323.0928 1331.1021, 3321.9381 1334, 3316.5527 1334, 3316.7026 1330.8116, 3323.0928 1331.1021))",0.280738,9635,Capital,Inner City,E1,0.97,2464,Ward 42
Cotham Heights,NC6,,NC6_017,"POLYGON ((3310.9223 1323.8621, 3311.0842 1327.1149, 3307.0711 1327.1723, 3308.0068 1323.877, 3310.9223 1323.8621))",0.176563,12800,Capital,Inner City,D1,0.95,2207,Ward 41
Cotham Heights,NC6,,NC6_018,"POLYGON ((3326 1330.9582, 3326 1334, 3321.9381 1334, 3323.0928 1331.1021, 3326 1330.9582))",0.160646,13595,Capital,Inner City,E1,0.96,2134,Ward 42
Cotham Heights,NC6,,NC6_019,"POLYGON ((3319.5224 1328.2591, 3324.2475 1328.2042, 3323.0928 1331.1021, 3316.7026 1330.8116, 3319.5224 1328.2591))",0.23971,10595,Capital,Inner City,D1,0.94,2523,Ward 40
Cotham Heights,NC6,,NC6_020,"POLYGON ((3310.9223 1323.8621, 3311.0842 1327.1149, 3312.2733 1330.2736, 3316.7026 1330.8116, 3319.5224 1328.2591, 3319.254 1325.5706, 3315.2296 1324.5472, 3312.2413 1323.7671, 3310.9223 1323.8621))",0.70358,5735,Capital,Inner City,D2,0.86,3486,Ward 40
Cotham Heights,NC6,,NC6_021,"POLYGON ((3324.2475 1328.2042, 3326 1328.288, 3326 1330.9582, 3323.0928 1331.1021, 3324.2475 1328.2042))",0.100827,18425,Capital,Inner City,F1,0.91,1639,Ward 42
Cotham Heights,NC6,,NC6_022,"POLYGON ((3324.2219 1323.0532, 3324.2475 1328.2042, 3319.5224 1328.2591, 3319.254 1325.5706, 3319.4675 1323.0422, 3324.2219 1323.0532))",0.392733,7915,Capital,Inner City,D1,0.95,3049,Ward 40
Cotham Heights,NC6,,NC6_023,"POLYGON ((3326 1322.9477, 3326 1328.288, 3324.2475 1328.2042, 3324.2219 1323.0532, 3326 1322.9477))",0.144331,14555,Capital,Inner City,F2,0.86,1831,Ward 40
Cotham Heights,NC6,,NC6_024,"POLYGON ((3324.2219 1323.0532, 3319.4675 1323.0422, 3320.4569 1321.0364, 3323.2813 1320.4348, 3326 1320.2775, 3326 1322.9477, 3324.2219 1323.0532))",0.230073,10860,Capital,Inner City,D1,0.87,2110,Ward 40
Cotham Heights,NC6,,NC6_025,"POLYGON ((3311.7621 1318.9065, 3310.9556 1318.8729, 3310.9223 1323.8621, 3312.2413 1323.7671, 3315.2296 1324.5472, 3319.254 1325.5706, 3319.4675 1323.0422, 3320.4569 1321.0364, 3317.9616 1320.402, 3315.7659 1319.5618, 3312.6806 1319.0315, 3311.7621 1318.9065))",0.669613,5890,Capital,Inner City,D1,0.86,3257,Ward 40
Cotham Heights,NC6,,NC6_026,"POLYGON ((3321.484 1312, 3323.2813 1320.4348, 3326 1320.2775, 3326 1312, 3321.484 1312))",0.472222,7130,Capital,Inner City,C2,0.85,3144,Ward 40
Cotham Heights,NC6,,NC6_027,"POLYGON ((3313.6375 1316.5167, 3312.2153 1317.6466, 3311.7621 1318.9065, 3312.6806 1319.0315, 3315.7659 1319.5618, 3317.9616 1320.402, 3320.4569 1321.0364, 3319.6182 1318.0476, 3317.0655 1316.7354, 3313.6375 1316.5167))",0.345669,8520,Capital,Inner City,D1,0.98,2717,Ward 40
Cotham Heights,NC6,,NC6_028,"POLYGON ((3310.9223 1323.8621, 3308.0068 1323.877, 3307.4675 1321.9821, 3307.1184 1319.634, 3307.1098 1318.1337, 3310.9556 1318.8729, 3310.9223 1323.8621))",0.295131,9350,Capital,Inner City,E1,1,2820,Ward 41
Cotham Heights,NC6,,NC6_029,"POLYGON ((3317.0655 1316.7354, 3318.2874 1312, 3321.484 1312, 3323.2813 1320.4348, 3320.4569 1321.0364, 3319.6182 1318.0476, 3317.0655 1316.7354))",0.534416,6660,Capital,Inner City,D1,0.94,3507,Ward 40
Cotham Heights,NC6,,NC6_030,"POLYGON ((3303.9128 1319.8865, 3307.1184 1319.634, 3307.4675 1321.9821, 3308.0068 1323.877, 3306.362 1324.3855, 3304.0806 1324.3194, 3303.9128 1319.8865))",0.24913,10350,Capital,Inner City,F2,0.96,2513,Ward 41
Cotham Heights,NC6,,NC6_031,"POLYGON ((3317.0655 1316.7354, 3318.2874 1312, 3313.2862 1312, 3312.9126 1314.2829, 3313.6375 1316.5167, 3317.0655 1316.7354))",0.324022,8850,Capital,Inner City,D2,0.9,2779,Ward 40
Cotham Heights,NC6,,NC6_032,"POLYGON ((3310.9556 1318.8729, 3311.7621 1318.9065, 3312.2153 1317.6466, 3313.6375 1316.5167, 3312.9126 1314.2829, 3309.4215 1315.67, 3310.9556 1318.8729))",0.169257,13145,Capital,Inner City,C2,0.85,1902,Ward 38
Cotham Heights,NC6,,NC6_033,"POLYGON ((3304.016 1315.6838, 3309.4215 1315.67, 3310.9556 1318.8729, 3307.1098 1318.1337, 3304.0914 1318.3229, 3304.016 1315.6838))",0.252879,10255,Capital,Inner City,C1,0.86,2234,Ward 38
Cotham Heights,NC6,,NC6_034,"POLYGON ((3312.9126 1314.2829, 3313.2862 1312, 3300.5503 1312, 3300.6301 1313.2091, 3300.6383 1315.8177, 3304.016 1315.6838, 3309.4215 1315.67, 3312.9126 1314.2829))",0.676913,5855,Capital,Inner City,C1,0.98,3871,Ward 38
Cotham Heights,NC6,,NC6_035,"POLYGON ((3307.1184 1319.634, 3303.9128 1319.8865, 3302.1633 1319.9826, 3302.1161 1318.418, 3304.0914 1318.3229, 3307.1098 1318.1337, 3307.1184 1319.634))",0.119316,16475,Capital,Inner City,F2,0.94,1708,Ward 41
Cotham Heights,NC6,,NC6_036,"POLYGON ((3298.0209 1318.6282, 3298.1638 1316.013, 3300.6383 1315.8177, 3304.016 1315.6838, 3304.0914 1318.3229, 3302.1161 1318.418, 3298.0209 1318.6282))",0.246289,10420,Capital,Inner City,D1,0.99,2711,Ward 38
Cotham Heights,NC6,,NC6_037,"POLYGON ((3300.6301 1313.2091, 3299.5819 1313.2399, 3298.2255 1313.3015, 3298.1853 1314.5016, 3298.1638 1316.013, 3300.6383 1315.8177, 3300.6301 1313.2091))",0.101533,18340,Capital,Inner City,C1,0.97,1806,Ward 38
Cotham Heights,NC6,,NC6_038,"POLYGON ((3300.6301 1313.2091, 3300.5503 1312, 3291.2752 1312, 3291.1883 1314.6332, 3296.3828 1314.5684, 3298.1853 1314.5016, 3298.2255 1313.3015, 3299.5819 1313.2399, 3300.6301 1313.2091))",0.327307,8795,Capital,Inner City,E1,0.94,2763,Ward 38
Cotham Heights,NC6,,NC6_039,"POLYGON ((3302.1161 1318.418, 3298.0209 1318.6282, 3297.6503 1321.8283, 3301.9724 1321.5664, 3302.1633 1319.9826, 3302.1161 1318.418))",0.210182,11485,Capital,Inner City,D2,0.99,2376,Ward 39
Cotham Heights,NC6,,NC6_040,"POLYGON ((3298.1638 1316.013, 3298.0209 1318.6282, 3295.8405 1318.6187, 3291.0517 1318.6389, 3291.1883 1314.6332, 3296.3828 1314.5684, 3298.1853 1314.5016, 3298.1638 1316.013))",0.441141,7410,Capital,Inner City,C1,0.96,3099,Ward 38
Cotham Heights,NC6,,NC6_041,"POLYGON ((3282 1314.6195, 3282 1312, 3291.2752 1312, 3291.1883 1314.6332, 3282 1314.6195))",0.3779,8095,Capital,Inner City,D1,0.92,2794,Ward 38
Cotham Heights,NC7,,NC7_001,"POLYGON ((3372.0814 1373.2089, 3370.7261 1375.2785, 3369.7315 1378.0598, 3375.196 1381.5022, 3375.6655 1378.1148, 3372.0814 1373.2089))",0.395512,12510,Capital,Outer City,D2,0.89,4777,Ward 18
Cotham Heights,NC7,,NC7_002,"POLYGON ((3372.0814 1373.2089, 3373.2297 1370.8515, 3374.6663 1369.2982, 3381 1377.8475, 3375.6655 1378.1148, 3372.0814 1373.2089))",0.58915,6615,Capital,Outer City,F1,0.91,3604,Ward 18
Cotham Heights,NC7,,NC7_003,"POLYGON ((3374.6663 1369.2982, 3376.1471 1367, 3381 1367, 3381 1377.8475, 3374.6663 1369.2982))",0.622332,6420,Capital,Outer City,D1,0.9,3917,Ward 18
Cotham Heights,NC7,,NC7_004,"POLYGON ((3365.6411 1370.711, 3365.9856 1367, 3376.1471 1367, 3374.6663 1369.2982, 3373.2297 1370.8515, 3365.6411 1370.711))",0.532638,6990,Capital,Outer City,D1,0.94,3639,Ward 18
Cotham Heights,NC7,,NC7_005,"POLYGON ((3369.7315 1378.0598, 3365.4377 1377.1386, 3365.6411 1370.711, 3373.2297 1370.8515, 3372.0814 1373.2089, 3370.7261 1375.2785, 3369.7315 1378.0598))",0.63308,9360,Capital,Outer City,E2,0.89,5515,Ward 18
Cotham Heights,NC7,,NC7_006,"POLYGON ((3359 1367, 3359 1377.256, 3365.4377 1377.1386, 3365.6411 1370.711, 3365.9856 1367, 3359 1367))",1.055093,4655,Capital,Outer City,C2,0.86,4129,Ward 18
Cotham Heights,NC7,,NC7_007,"POLYGON ((3368.8093 1384.8749, 3359 1383.8329, 3359 1377.256, 3365.4377 1377.1386, 3365.2762 1381.6592, 3368.8093 1384.8749))",0.765456,5485,Capital,Outer City,F1,0.87,3657,Ward 17
Cotham Heights,NC7,,NC7_008,"POLYGON ((3365.4377 1377.1386, 3369.7315 1378.0598, 3368.8093 1384.8749, 3365.2762 1381.6592, 3365.4377 1377.1386))",0.36318,13175,Capital,Outer City,E2,0.96,4778,Ward 17
Cotham Heights,NC7,,NC7_009,"POLYGON ((3368.8093 1384.8749, 3366.5123 1389, 3359 1389, 3359 1383.8329, 3368.8093 1384.8749))",0.636491,5840,Capital,Outer City,D1,0.95,3738,Ward 17
Cotham Heights,NC7,,NC7_010,"POLYGON ((3381 1389, 3366.5123 1389, 3368.8093 1384.8749, 3372.1683 1385.6417, 3376.1808 1387.0041, 3381 1389))",0.512113,6890,Capital,Outer City,E2,0.95,3564,Ward 17
Cotham Heights,NC7,,NC7_011,"POLYGON ((3368.8093 1384.8749, 3369.7315 1378.0598, 3375.196 1381.5022, 3372.1683 1385.6417, 3368.8093 1384.8749))",0.441411,11510,Capital,Outer City,E2,1,5593,Ward 17
Cotham Heights,NC7,,NC7_012,"POLYGON ((3375.196 1381.5022, 3381 1389, 3376.1808 1387.0041, 3372.1683 1385.6417, 3375.196 1381.5022))",0.352897,8820,Capital,Outer City,E1,1,3122,Ward 17
Cotham Heights,NC7,,NC7_013,"POLYGON ((3381 1377.8475, 3375.6655 1378.1148, 3375.196 1381.5022, 3381 1389, 3381 1377.8475))",0.644277,6300,Capital,Outer City,D1,0.94,3781,Ward 18
Cotham Heights,NC8,,NC8_001,"POLYGON ((3371.1702 1361.0413, 3380.5137 1362.6041, 3376.1471 1367, 3365.9856 1367, 3371.1702 1361.0413))",0.845124,5480,Capital,Outer City,E2,0.97,4665,Ward 19
Cotham Heights,NC8,,NC8_002,"POLYGON ((3361.5976 1333.988, 3393.4249 1323.7232, 3385.536 1345.4162, 3380.5137 1362.6041, 3371.1702 1361.0413, 3361.7982 1359.6244, 3361.6962 1345.0861, 3361.5976 1333.988))",12.124275,250,Capital,Rural,C1,0.96,2999,Ward 20
Cotham Heights,NC8,,NC8_003,"POLYGON ((3341.9061 1323.5133, 3345.1042 1312, 3392.9471 1312, 3393.4249 1323.7232, 3361.5976 1333.988, 3361.5301 1323.3039, 3341.9061 1323.5133))",11.53775,280,Capital,Rural,C1,0.96,2947,Ward 20
Cotham Heights,NC8,,NC8_004,"POLYGON ((3340.5863 1334.066, 3341.9061 1323.5133, 3361.5301 1323.3039, 3361.5976 1333.988, 3340.5863 1334.066))",3.361138,1015,Capital,Suburb,C1,0.96,3520,Ward 19
Cotham Heights,NC8,,NC8_005,"POLYGON ((3359 1367, 3365.9856 1367, 3371.1702 1361.0413, 3361.7982 1359.6244, 3358.9338 1363.1482, 3359 1367))",0.981766,5510,Capital,Outer City,C2,0.89,4483,Ward 19
Cotham Heights,NC8,,NC8_006,"POLYGON ((3334.0431 1323.4858, 3334.2434 1320.3951, 3335.5973 1317.4663, 3335.5521 1312, 3345.1042 1312, 3341.9061 1323.5133, 3334.0431 1323.4858))",1.520888,3975,Capital,Suburb,B1,0.94,5866,Ward 22
Cotham Heights,NC8,,NC8_007,"POLYGON ((3337.2422 1344.8077, 3340.5863 1334.066, 3361.5976 1333.988, 3361.6962 1345.0861, 3337.2422 1344.8077))",3.871579,925,Capital,Suburb,C1,0.86,3040,Ward 19
Cotham Heights,NC8,,NC8_008,"POLYGON ((3326 1320.2775, 3326 1312, 3335.5521 1312, 3335.5973 1317.4663, 3334.2434 1320.3951, 3326 1320.2775))",1.215388,4635,Capital,Suburb,B1,0.96,5759,Ward 22
Cotham Heights,NC8,,NC8_009,"POLYGON ((3341.9061 1323.5133, 3340.5863 1334.066, 3333.2932 1334.0374, 3333.3111 1331.0035, 3334.0518 1325.6134, 3334.0431 1323.4858, 3341.9061 1323.5133))",1.250395,3135,Capital,Suburb,C1,0.86,3176,Ward 22
Cotham Heights,NC8,,NC8_010,"POLYGON ((3326 1320.2775, 3334.2434 1320.3951, 3334.0431 1323.4858, 3330.9539 1323.5199, 3326 1320.2775))",0.278107,8905,Capital,Suburb,E2,0.94,2453,Ward 22
Cotham Heights,NC8,,NC8_011,"POLYGON ((3330.9539 1323.5199, 3334.0431 1323.4858, 3334.0518 1325.6134, 3330.8426 1325.6613, 3330.9539 1323.5199))",0.104736,14980,Capital,Suburb,E2,0.92,1475,Ward 22
Cotham Heights,NC8,,NC8_012,"POLYGON ((3326 1322.9477, 3326 1320.2775, 3330.9539 1323.5199, 3330.8426 1325.6613, 3327.7292 1325.6134, 3327.6622 1322.9099, 3326 1322.9477))",0.215244,9795,Capital,Suburb,F1,0.91,1884,Ward 22
Cotham Heights,NC8,,NC8_013,"POLYGON ((3335.3501 1350.9839, 3334.4287 1354.3014, 3334.1785 1355.2024, 3346.5196 1357.0268, 3361.7982 1359.6244, 3361.6962 1345.0861, 3337.2422 1344.8077, 3337.2422 1344.8077, 3337.2422 1344.8077, 3337.2422 1344.8077, 3337.2422 1344.8077, 3336.2714 1347.6663, 3335.3501 1350.9839))",5.091072,540,Capital,Suburb,E2,0.85,2175,Ward 19
Cotham Heights,NC8,,NC8_014,"POLYGON ((3327.6622 1322.9099, 3326 1322.9477, 3326 1328.288, 3327.7638 1328.314, 3327.7292 1325.6134, 3327.6622 1322.9099))",0.144117,11760,Capital,Suburb,F1,0.91,1420,Ward 22
Cotham Heights,NC8,,NC8_015,"POLYGON ((3327.7292 1325.6134, 3330.8426 1325.6613, 3330.7947 1329.0603, 3326 1330.9582, 3326 1328.288, 3327.7638 1328.314, 3327.7292 1325.6134))",0.25549,7475,Capital,Suburb,F1,0.9,1905,Ward 22
Cotham Heights,NC8,,NC8_016,"POLYGON ((3334.0518 1325.6134, 3330.8426 1325.6613, 3330.7947 1329.0603, 3326 1330.9582, 3326 1334, 3333.2932 1334.0374, 3333.3111 1331.0035, 3334.0518 1325.6134))",0.657481,3970,Capital,Suburb,F1,0.89,2292,Ward 22
Cotham Heights,NC8,,NC8_017,"POLYGON ((3333.2932 1334.0374, 3340.5863 1334.066, 3337.2422 1344.8077, 3331.0808 1345.0436, 3331.2642 1339.7043, 3333.2932 1334.0374))",1.211982,2310,Capital,Suburb,F1,0.91,2731,Ward 21
Cotham Heights,NC8,,NC8_018,"POLYGON ((3326 1334, 3326 1334.0087, 3326 1339.5863, 3331.2642 1339.7043, 3333.2932 1334.0374, 3326 1334))",0.551847,3540,Capital,Suburb,F1,0.93,1766,Ward 21
Cotham Heights,NC8,,NC8_019,"POLYGON ((3326 1345.1639, 3326 1339.5863, 3331.2642 1339.7043, 3331.0808 1345.0436, 3326 1345.1639))",0.440051,3575,Capital,Suburb,E2,0.9,1393,Ward 21
Cotham Heights,NC8,,NC8_020,"POLYGON ((3337.2422 1344.8077, 3336.2714 1347.6663, 3335.4553 1347.6548, 3330.9034 1347.4931, 3326 1347.6948, 3326 1345.1639, 3331.0808 1345.0436, 3337.2422 1344.8077))",0.432335,4055,Capital,Suburb,B1,0.94,1591,Ward 21
Cotham Heights,NC8,,NC8_021,"POLYGON ((3335.4553 1347.6548, 3330.9034 1347.4931, 3330.469 1352.5762, 3333.0386 1352.4043, 3332.9806 1355.0426, 3334.1785 1355.2024, 3334.4287 1354.3014, 3335.3501 1350.9839, 3336.2714 1347.6663, 3335.4553 1347.6548))",0.440439,4715,Capital,Suburb,C2,0.88,1758,Ward 21
Cotham Heights,NC8,,NC8_022,"POLYGON ((3330.469 1352.5762, 3326 1352.7565, 3326 1347.6948, 3330.9034 1347.4931, 3330.469 1352.5762))",0.369837,5065,Capital,Suburb,A1,0.91,1598,Ward 21
Cotham Heights,NC8,,NC8_023,"POLYGON ((3332.9806 1355.0426, 3330.1247 1354.9891, 3330.469 1352.5762, 3333.0386 1352.4043, 3332.9806 1355.0426))",0.106599,12475,Capital,Suburb,C1,0.94,1393,Ward 21
Cotham Heights,NC8,,NC8_024,"POLYGON ((3330.1247 1354.9891, 3330.469 1352.5762, 3326 1352.7565, 3326 1355.2874, 3330.1247 1354.9891))",0.164903,9445,Capital,Suburb,C1,0.87,1408,Ward 21
Cotham Heights,NC8,,NC8_025,"POLYGON ((3333.385 1357.484, 3334.1785 1355.2024, 3332.9806 1355.0426, 3330.1247 1354.9891, 3329.9632 1358.0399, 3331.852 1357.7745, 3333.385 1357.484))",0.158213,10575,Capital,Suburb,C2,0.98,1581,Ward 21
Cotham Heights,NC8,,NC8_026,"POLYGON ((3329.9632 1358.0399, 3327.7619 1358.4544, 3326 1358.7634, 3326 1355.2874, 3330.1247 1354.9891, 3329.9632 1358.0399))",0.205436,9115,Capital,Suburb,C2,0.9,1668,Ward 21
Cotham Heights,NC8,,NC8_027,"POLYGON ((3326 1362.6086, 3326 1358.7634, 3327.7619 1358.4544, 3329.9632 1358.0399, 3329.8644 1360.0767, 3329.7425 1362.2712, 3326 1362.6086))",0.241442,9380,Capital,Suburb,C1,0.96,2188,Ward 21
Cotham Heights,NC8,,NC8_028,"POLYGON ((3329.9632 1358.0399, 3331.852 1357.7745, 3333.385 1357.484, 3331.0045 1364.3289, 3326 1366.4538, 3326 1362.6086, 3329.7425 1362.2712, 3329.8644 1360.0767, 3329.9632 1358.0399))",0.429311,7095,Capital,Suburb,C2,0.97,2867,Ward 21
Cotham Heights,NC8,,NC8_029,"POLYGON ((3358.9338 1363.1482, 3361.7982 1359.6244, 3346.5196 1357.0268, 3334.1785 1355.2024, 3333.385 1357.484, 3331.0045 1364.3289, 3326 1366.4538, 3326 1378, 3359 1377.256, 3359 1367, 3358.9338 1363.1482))",9.860559,185,Capital,Suburb,E2,0.92,1783,Ward 19
Cotham Heights,NC8,,NC8_030,"POLYGON ((3359 1377.256, 3359 1383.8329, 3347 1384.6701, 3338 1385.2981, 3326 1386.1353, 3326 1378, 3359 1377.256))",3.783524,760,Capital,Suburb,F1,0.88,2519,Ward 16
Cotham Heights,NC8,,NC8_031,"POLYGON ((3351.9683 1415.0984, 3326 1415.0677, 3326 1386.1353, 3338 1385.2981, 3347 1384.6701, 3359 1383.8329, 3359 1389, 3366.5123 1389, 3363.3906 1398.8572, 3361.3328 1409.1421, 3354.6352 1409.2548, 3351.9683 1415.0984))",16.415184,95,Capital,Rural,D1,0.99,1672,Ward 16
Cotham Heights,NC8,,NC8_032,"POLYGON ((3351.9683 1415.0984, 3326 1415.0677, 3326 1444, 3356.3841 1444, 3358.7914 1428.0662, 3351.6606 1421.3521, 3351.9683 1415.0984))",13.425378,110,Capital,Rural,C1,0.89,1409,Ward 16
Cotham Heights,NC8,,NC8_033,"POLYGON ((3351.9683 1415.0984, 3354.6352 1409.2548, 3361.3328 1409.1421, 3360.5661 1415.0718, 3351.9683 1415.0984))",0.699808,2890,Capital,Town,D2,0.89,1844,Ward 16
Cotham Heights,NC8,,NC8_034,"POLYGON ((3360.5661 1415.0718, 3358.7914 1428.0662, 3351.6606 1421.3521, 3351.9683 1415.0984, 3360.5661 1415.0718))",1.233912,2230,Capital,Town,C1,0.94,2757,Ward 16
Cotham Heights,NC8,,NC8_035,"POLYGON ((3358.7914 1428.0662, 3360.5661 1415.0718, 3361.3328 1409.1421, 3363.3906 1398.8572, 3366.5123 1389, 3381 1389, 3386.0702 1390.9763, 3392.5382 1392.2642, 3402 1394.1482, 3414 1394.4862, 3414 1444, 3356.3841 1444, 3358.7914 1428.0662))",43.770521,100,Capital,Rural,D1,0.96,4422,Ward 16
Cotham Heights,NC8,,NC8_036,"POLYGON ((3386.0702 1390.9763, 3381 1389, 3386.7691 1385.0559, 3392.5382 1392.2642, 3386.0702 1390.9763))",0.550125,4660,Capital,Outer City,C1,0.89,2269,Ward 16
Cotham Heights,NC8,,NC8_037,"POLYGON ((3402 1394.1482, 3394.8968 1380.0016, 3394.0797 1383.6971, 3386.7691 1385.0559, 3392.5382 1392.2642, 3402 1394.1482))",1.420739,2265,Capital,Outer City,E2,0.86,2692,Ward 16
Cotham Heights,NC8,,NC8_038,"POLYGON ((3387.6413 1381.317, 3381 1377.8475, 3381 1389, 3386.7691 1385.0559, 3387.6413 1381.317))",0.718493,3075,Capital,Outer City,E2,0.98,2282,Ward 16
Cotham Heights,NC8,,NC8_039,"POLYGON ((3386.7691 1385.0559, 3387.6413 1381.317, 3394.8968 1380.0016, 3394.0797 1383.6971, 3386.7691 1385.0559))",0.404351,7020,Capital,Outer City,E2,0.88,2534,Ward 16
Cotham Heights,NC8,,NC8_040,"POLYGON ((3381 1377.8475, 3388.1963 1369.3254, 3394.8968 1380.0016, 3387.6413 1381.317, 3381 1377.8475))",1.307981,2380,Capital,Outer City,E2,0.95,2903,Ward 19
Cotham Heights,NC8,,NC8_041,"POLYGON ((3381 1367, 3381 1377.8475, 3388.1963 1369.3254, 3380.5137 1362.6041, 3376.1471 1367, 3381 1367))",1.012297,3640,Capital,Outer City,E2,0.95,3600,Ward 19
Cotham Heights,NC8,,NC8_042,"POLYGON ((3388.1963 1369.3254, 3380.5137 1362.6041, 3385.536 1345.4162, 3393.4249 1323.7232, 3403.1491 1317.5382, 3414 1312, 3414 1394.4862, 3402 1394.1482, 3394.8968 1380.0016, 3388.1963 1369.3254))",28.873603,115,Capital,Rural,F1,0.87,3113,Ward 20
Cotham Heights,NC8,,NC8_043,"POLYGON ((3393.4249 1323.7232, 3392.9471 1312, 3414 1312, 3403.1491 1317.5382, 3393.4249 1323.7232))",1.820049,6205,Capital,Town,C1,0.97,11214,Ward 20
Cotham Heights,NC9,,NC9_001,"POLYGON ((3406.2517 1261.0343, 3404.3806 1255.4403, 3400.5937 1260.1433, 3388.312 1248.9992, 3360.1433 1255.8091, 3352.4454 1287.994, 3364.3489 1287.8545, 3372.273 1285.2658, 3380.2763 1283.9347, 3388.5144 1286.3334, 3393.5267 1278.4114, 3402 1274.4009, 3408.1227 1266.6282, 3406.2517 1261.0343))",22.690818,90,Capital,Rural,D1,0.99,1889,Ward 30
Cotham Heights,NC9,,NC9_002,"POLYGON ((3414 1242.7026, 3414 1267.225, 3408.1227 1266.6282, 3406.2517 1261.0343, 3404.3806 1255.4403, 3393.2247 1245.523, 3414 1242.7026))",4.184148,885,Capital,Suburb,F1,0.92,3714,Ward 30
Cotham Heights,NC9,,NC9_003,"POLYGON ((3393.2247 1245.523, 3404.3806 1255.4403, 3400.5937 1260.1433, 3388.312 1248.9992, 3393.2247 1245.523))",1.460902,3965,Capital,Town,D2,0.85,5098,Ward 30
Cotham Heights,NC9,,NC9_004,"POLYGON ((3386.1567 1239.1906, 3393.2247 1245.523, 3388.312 1248.9992, 3385.2415 1246.6476, 3387.4932 1244.6028, 3384.1155 1241.4743, 3386.1567 1239.1906))",0.622723,6415,Capital,Town,D2,0.86,3373,Ward 30
Cotham Heights,NC9,,NC9_005,"POLYGON ((3393.2247 1245.523, 3386.1567 1239.1906, 3372.859 1228.0767, 3365.8061 1223, 3414 1223, 3414 1242.7026, 3393.2247 1245.523))",11.451735,135,Capital,Rural,F1,0.94,1466,Ward 30
Cotham Heights,NC9,,NC9_006,"POLYGON ((3388.312 1248.9992, 3360.1433 1255.8091, 3362.4659 1239.2485, 3365.8061 1223, 3372.859 1228.0767, 3386.1567 1239.1906, 3384.1155 1241.4743, 3387.4932 1244.6028, 3385.2415 1246.6476, 3388.312 1248.9992))",8.218244,175,Capital,Rural,D1,0.93,1301,Ward 30
Cotham Heights,NC9,,NC9_007,"POLYGON ((3360.1433 1255.8091, 3350.1141 1255.3785, 3340.1578 1257.3604, 3345.9031 1223, 3365.8061 1223, 3362.4659 1239.2485, 3360.1433 1255.8091))",10.045617,150,Capital,Rural,F1,0.91,1353,Ward 29
Cotham Heights,NC9,,NC9_008,"POLYGON ((3340.1578 1257.3604, 3326 1257.0194, 3326 1223, 3345.9031 1223, 3340.1578 1257.3604))",9.082891,160,Capital,Suburb,E2,0.93,1297,Ward 29
Cotham Heights,NC9,,NC9_009,"POLYGON ((3338 1284.5258, 3326 1283.0098, 3326 1282.9262, 3326 1257.0194, 3340.1578 1257.3604, 3338 1284.5258))",5.433462,500,Capital,Suburb,E2,0.89,2516,Ward 29
Cotham Heights,NC9,,NC9_010,"POLYGON ((3352.4454 1287.994, 3346.6707 1286.5242, 3338 1284.5258, 3340.1578 1257.3604, 3350.1141 1255.3785, 3360.1433 1255.8091, 3352.4454 1287.994))",8.214984,175,Capital,Rural,F1,0.98,1431,Ward 29
Cotham Heights,NC9,,NC9_011,"POLYGON ((3326 1297.5049, 3326 1283.0098, 3338 1284.5258, 3346.6707 1286.5242, 3352.4454 1287.994, 3346.5537 1307.7235, 3345.1042 1312, 3335.5521 1312, 3335.7356 1297.6651, 3326 1297.5049))",7.571304,210,Capital,Suburb,E2,0.85,1381,Ward 29
Cotham Heights,NC9,,NC9_012,"POLYGON ((3335.5521 1312, 3326 1312, 3326 1297.5049, 3335.7356 1297.6651, 3335.5521 1312))",2.166821,2600,Capital,Suburb,C1,0.93,5103,Ward 29
Cotham Heights,NC9,,NC9_013,"POLYGON ((3392.9471 1312, 3390.8746 1300, 3388.5144 1286.3334, 3380.2763 1283.9347, 3372.273 1285.2658, 3364.3489 1287.8545, 3352.4454 1287.994, 3346.5537 1307.7235, 3345.1042 1312, 3392.9471 1312))",16.709562,105,Capital,Rural,F1,0.99,1728,Ward 30
Cotham Heights,NC9,,NC9_014,"POLYGON ((3392.9471 1312, 3401.4598 1300.8689, 3414 1300.8063, 3414 1312, 3392.9471 1312))",2.920142,2410,Capital,Town,E1,0.91,6114,Ward 30
Cotham Heights,NC9,,NC9_015,"POLYGON ((3392.9471 1312, 3390.8746 1300, 3388.5144 1286.3334, 3393.5267 1278.4114, 3402 1274.4009, 3408.1227 1266.6282, 3414 1267.225, 3414 1300.8063, 3401.4598 1300.8689, 3392.9471 1312))",11.296284,135,Capital,Rural,F1,0.91,1376,Ward 30
Cotham Heights,NC10,,NC10_001,"POLYGON ((3363.9459 1158, 3368.8917 1158, 3370 1158, 3370 1161.8619, 3364.0287 1161.7867, 3363.9459 1158))",0.358366,4745,Capital,Outer City,C1,0.94,1678,Ward 25
Cotham Heights,NC10,,NC10_002,"POLYGON ((3370 1161.8619, 3370 1165.7237, 3359.1432 1166.1007, 3359 1158, 3361.4729 1158, 3363.9459 1158, 3364.0287 1161.7867, 3370 1161.8619))",0.98953,2600,Capital,Outer City,C1,0.96,2606,Ward 25
Cotham Heights,NC10,,NC10_003,"POLYGON ((3353.4105 1174.2303, 3353.5127 1166.1658, 3359.1432 1166.1007, 3359.1295 1170.6574, 3353.4105 1174.2303))",0.556509,4915,Capital,Outer City,B1,0.87,2522,Ward 25
Cotham Heights,NC10,,NC10_004,"POLYGON ((3349.4249 1198.1219, 3326 1197.1235, 3326 1188.6808, 3331.673 1188.2437, 3339.1251 1186.3782, 3353.4105 1174.2303, 3349.4249 1198.1219))",5.152592,1000,Capital,Suburb,E2,0.91,4852,Ward 26
Cotham Heights,NC10,,NC10_005,"POLYGON ((3345.9031 1223, 3326 1223, 3326 1197.1235, 3349.4249 1198.1219, 3345.9031 1223))",8.582481,595,Capital,Suburb,E2,0.96,4604,Ward 29
Cotham Heights,NC10,,NC10_006,"POLYGON ((3359.1432 1166.1007, 3370 1165.7237, 3370 1169, 3359.1295 1170.6574, 3359.1432 1166.1007))",0.663037,4040,Capital,Outer City,C1,0.9,2369,Ward 25
Cotham Heights,NC10,,NC10_007,"POLYGON ((3371.3165 1196.9724, 3349.4249 1198.1219, 3353.4105 1174.2303, 3359.5365 1187.6304, 3371.3165 1196.9724))",3.256072,2090,Capital,Suburb,E2,0.93,6499,Ward 26
Cotham Heights,NC10,,NC10_008,"POLYGON ((3370.1644 1175.8371, 3364.4421 1176.3997, 3359.1295 1170.6574, 3370 1169, 3370.1644 1175.8371))",0.860684,4005,Capital,Outer City,A1,0.9,3095,Ward 25
Cotham Heights,NC10,,NC10_009,"POLYGON ((3371.3165 1196.9724, 3365.8061 1223, 3345.9031 1223, 3349.4249 1198.1219, 3371.3165 1196.9724))",8.249679,505,Capital,Suburb,E2,0.91,3766,Ward 29
Cotham Heights,NC10,,NC10_010,"POLYGON ((3374.2352 1175.5497, 3371.3165 1196.9724, 3359.5365 1187.6304, 3353.4105 1174.2303, 3359.1295 1170.6574, 3364.4421 1176.3997, 3370.1644 1175.8371, 3374.2352 1175.5497))",4.46104,845,Capital,Suburb,A1,0.92,3485,Ward 25
Cotham Heights,NC10,,NC10_011,"POLYGON ((3370 1169, 3375.5 1169, 3374.2352 1175.5497, 3370.1644 1175.8371, 3370 1169))",0.497997,6125,Capital,Outer City,A1,0.93,2940,Ward 25
Cotham Heights,NC10,,NC10_012,"POLYGON ((3375.5 1169, 3381 1169, 3381 1168.4953, 3381 1163.4997, 3392.5023 1172.4077, 3394.5934 1174.0271, 3385.8684 1193.657, 3371.3165 1196.9724, 3374.2352 1175.5497, 3375.5 1169))",7.187018,325,Capital,Suburb,C1,0.95,2323,Ward 27
Cotham Heights,NC10,,NC10_013,"POLYGON ((3394.5934 1174.0271, 3414 1185.28, 3414 1223, 3365.8061 1223, 3371.3165 1196.9724, 3385.8684 1193.657, 3394.5934 1174.0271))",25.83296,275,Capital,Rural,A1,0.94,6460,Ward 27
Cotham Heights,NC10,,NC10_014,"POLYGON ((3394.5934 1174.0271, 3392.6784 1164.2339, 3396.7245 1155.1123, 3397.7282 1145.0142, 3402 1135.8092, 3402.9041 1132.5011, 3414 1132.5017, 3414 1185.28, 3394.5934 1174.0271))",12.817234,255,Capital,Rural,A1,0.96,3382,Ward 27
Cotham Heights,NC10,,NC10_015,"POLYGON ((3386.9979 1142.9464, 3393 1149.9779, 3396.7245 1155.1123, 3392.6784 1164.2339, 3394.5934 1174.0271, 3392.5023 1172.4077, 3381 1163.4997, 3381 1160.6735, 3381 1155.8123, 3381 1150.951, 3381 1147, 3386.9979 1142.9464))",4.667507,790,Capital,Suburb,E2,0.92,3700,Ward 27
Cotham Heights,NC10,,NC10_016,"POLYGON ((3391.7854 1117.8765, 3398.047 1123.7286, 3402 1131.2529, 3402.9041 1132.5011, 3414 1132.5017, 3414 1092, 3380.2143 1092, 3378.3249 1098.5652, 3382.2612 1104, 3385.6287 1111.9483, 3391.7854 1117.8765))",16.073727,175,Capital,Rural,F1,0.85,2327,Ward 27
Cotham Heights,NC10,,NC10_017,"POLYGON ((3385.6199 1139.5447, 3386.9979 1142.9464, 3381 1147, 3374.9487 1147, 3370.6976 1147, 3369.4066 1141.2927, 3385.6199 1139.5447))",1.539798,3505,Capital,Outer City,E2,0.92,4922,Ward 28
Cotham Heights,NC10,,NC10_018,"POLYGON ((3368.8288 1108.9893, 3374.0494 1104, 3378.3249 1098.5652, 3382.2612 1104, 3385.6287 1111.9483, 3391.7854 1117.8765, 3398.047 1123.7286, 3402 1131.2529, 3402.9041 1132.5011, 3402 1135.8092, 3397.7282 1145.0142, 3396.7245 1155.1123, 3393 1149.9779, 3386.9979 1142.9464, 3385.6199 1139.5447, 3377.5661 1128.3208, 3369.859 1116.5056, 3368.8288 1108.9893))",12.678907,135,Capital,Rural,F1,0.91,1603,Ward 27
Cotham Heights,NC10,,NC10_019,"POLYGON ((3369.859 1116.5056, 3365.457 1120.3381, 3366.8618 1130.5977, 3369.4066 1141.2927, 3385.6199 1139.5447, 3377.5661 1128.3208, 3369.859 1116.5056))",3.981444,890,Capital,Outer City,F1,0.95,3128,Ward 28
Cotham Heights,NC10,,NC10_020,"POLYGON ((3361.7683 1106.2832, 3358.2668 1092, 3370 1092, 3380.2143 1092, 3378.3249 1098.5652, 3374.0494 1104, 3368.8288 1108.9893, 3361.7683 1106.2832))",4.005086,770,Capital,Suburb,F1,0.96,2905,Ward 26
Cotham Heights,NC10,,NC10_021,"POLYGON ((3368.8288 1108.9893, 3363.6081 1113.9786, 3358.3496 1118.5542, 3365.457 1120.3381, 3369.859 1116.5056, 3368.8288 1108.9893))",0.945775,2430,Capital,Outer City,E1,0.92,2192,Ward 27
Cotham Heights,NC10,,NC10_022,"POLYGON ((3355.5786 1110.7746, 3358.3496 1118.5542, 3363.6081 1113.9786, 3368.8288 1108.9893, 3361.7683 1106.2832, 3355.5786 1110.7746))",1.237827,2185,Capital,Outer City,D2,0.9,2557,Ward 27
Cotham Heights,NC10,,NC10_023,"POLYGON ((3363.2204 1141.7645, 3369.4066 1141.2927, 3370.6976 1147, 3366.4465 1147, 3363.2204 1141.7645))",0.453336,5790,Capital,Outer City,E1,0.95,2246,Ward 28
Cotham Heights,NC10,,NC10_024,"POLYGON ((3365.457 1120.3381, 3366.8618 1130.5977, 3362.2285 1131.2654, 3353.0039 1131.3528, 3358.3496 1118.5542, 3365.457 1120.3381))",1.944297,2055,Capital,Outer City,E2,0.87,3547,Ward 28
Cotham Heights,NC10,,NC10_025,"POLYGON ((3353.0039 1131.3528, 3362.2285 1131.2654, 3366.8618 1130.5977, 3369.4066 1141.2927, 3363.2204 1141.7645, 3353.0039 1131.3528))",1.664637,3345,Capital,Outer City,F1,0.96,4796,Ward 28
Cotham Heights,NC10,,NC10_026,"POLYGON ((3355.5786 1110.7746, 3347.549 1107.5706, 3326 1105.8993, 3326 1092, 3331.7355 1092, 3358.2668 1092, 3361.7683 1106.2832, 3355.5786 1110.7746))",8.302904,185,Capital,Suburb,E2,0.92,1361,Ward 26
Cotham Heights,NC10,,NC10_027,"POLYGON ((3366.4465 1147, 3359 1147, 3353.393 1145.4622, 3363.2204 1141.7645, 3366.4465 1147))",0.583164,4730,Capital,Outer City,F1,0.99,3046,Ward 28
Cotham Heights,NC10,,NC10_028,"POLYGON ((3363.2204 1141.7645, 3353.393 1145.4622, 3353.0039 1131.3528, 3363.2204 1141.7645))",1.091781,4065,Capital,Outer City,F1,0.95,4526,Ward 28
Cotham Heights,NC10,,NC10_029,"POLYGON ((3358.3496 1118.5542, 3353.0039 1131.3528, 3326 1131.4465, 3326 1118.6729, 3326 1105.8993, 3347.549 1107.5706, 3355.5786 1110.7746, 3358.3496 1118.5542))",11.251356,140,Capital,Suburb,E2,0.99,1561,Ward 26
Cotham Heights,NC10,,NC10_030,"POLYGON ((3353.393 1145.4622, 3326 1141.3302, 3326 1131.4465, 3353.0039 1131.3528, 3353.393 1145.4622))",5.079399,755,Capital,Suburb,F1,0.89,3488,Ward 26
Cotham Heights,NC10,,NC10_031,"POLYGON ((3353.6628 1153.7936, 3353.393 1145.4622, 3359 1147, 3359 1153.6783, 3353.6628 1153.7936))",0.63858,4060,Capital,Outer City,E1,0.96,2379,Ward 25
Cotham Heights,NC10,,NC10_032,"POLYGON ((3359 1153.6783, 3359 1158, 3353.6927 1157.9906, 3353.6628 1153.7936, 3359 1153.6783))",0.353337,4960,Capital,Outer City,B1,0.95,1660,Ward 25
Cotham Heights,NC10,,NC10_033,"POLYGON ((3353.5127 1166.1658, 3326 1166.6104, 3326 1158, 3326 1141.3302, 3353.393 1145.4622, 3353.6628 1153.7936, 3353.6927 1157.9906, 3353.5127 1166.1658))",9.879615,155,Capital,Suburb,C1,0.9,1344,Ward 26
Cotham Heights,NC10,,NC10_034,"POLYGON ((3353.6927 1157.9906, 3353.5127 1166.1658, 3359.1432 1166.1007, 3359 1158, 3353.6927 1157.9906))",0.693657,3550,Capital,Outer City,A1,0.98,2369,Ward 25
Cotham Heights,NC10,,NC10_035,"POLYGON ((3353.5127 1166.1658, 3326 1166.6104, 3326 1188.6808, 3331.673 1188.2437, 3339.1251 1186.3782, 3353.4105 1174.2303, 3353.5127 1166.1658))",7.486475,290,Capital,Suburb,C1,0.98,2030,Ward 26
Cotham Heights,NC11,,NC11_001,"POLYGON ((3372.2109 1155.6848, 3368.8813 1155.6769, 3368.682 1153.7165, 3371.9228 1153.5882, 3372.2109 1155.6848))",0.104094,18035,Capital,Outer City,D1,0.96,1767,Ward 23
Cotham Heights,NC11,,NC11_002,"POLYGON ((3368.5119 1150.7477, 3368.682 1153.7165, 3363.841 1153.6974, 3363.6474 1150.6126, 3368.5119 1150.7477))",0.228714,10905,Capital,Outer City,D2,0.95,2491,Ward 24
Cotham Heights,NC11,,NC11_003,"POLYGON ((3363.841 1153.6974, 3359 1153.6783, 3359 1147, 3363.1685 1148.2829, 3368.5119 1150.7477, 3363.6474 1150.6126, 3363.841 1153.6974))",0.516923,6780,Capital,Outer City,E2,0.87,3044,Ward 24
Cotham Heights,NC11,,NC11_004,"POLYGON ((3363.841 1153.6974, 3368.682 1153.7165, 3368.8813 1155.6769, 3363.8275 1155.7903, 3363.841 1153.6974))",0.156344,13830,Capital,Outer City,D1,0.98,2076,Ward 23
Cotham Heights,NC11,,NC11_005,"POLYGON ((3361.4729 1158, 3359 1158, 3359 1153.6783, 3363.841 1153.6974, 3363.8275 1155.7903, 3361.4532 1155.6604, 3361.4729 1158))",0.240858,10565,Capital,Outer City,A2,0.93,2453,Ward 23
Cotham Heights,NC11,,NC11_006,"POLYGON ((3361.4532 1155.6604, 3361.4729 1158, 3363.9459 1158, 3368.8917 1158, 3368.8813 1155.6769, 3363.8275 1155.7903, 3361.4532 1155.6604))",0.262526,10030,Capital,Outer City,D2,0.96,2513,Ward 23
Cotham Heights,NC11,,NC11_007,"POLYGON ((3375.5 1169, 3370 1169, 3370 1165.7237, 3375.9125 1165.9274, 3375.5 1169))",0.282656,9595,Capital,Outer City,C1,0.92,2588,Ward 23
Cotham Heights,NC11,,NC11_008,"POLYGON ((3376.4979 1162.8669, 3375.9125 1165.9274, 3370 1165.7237, 3370 1161.8619, 3373.249 1162.3644, 3376.4979 1162.8669))",0.3375,8640,Capital,Outer City,E1,0.97,2904,Ward 23
Cotham Heights,NC11,,NC11_009,"POLYGON ((3376.8181 1160.044, 3376.4979 1162.8669, 3373.249 1162.3644, 3373.2489 1162.3644, 3370 1161.8619, 3370 1158, 3368.8917 1158, 3368.8813 1155.6769, 3372.2109 1155.6848, 3372.6639 1159.6107, 3376.8181 1160.044))",0.463591,7205,Capital,Outer City,D1,0.88,3159,Ward 23
Cotham Heights,NC11,,NC11_010,"POLYGON ((3375.5 1169, 3375.9125 1165.9274, 3381 1168.4953, 3381 1169, 3375.5 1169))",0.151706,14095,Capital,Outer City,C2,0.93,2062,Ward 23
Cotham Heights,NC11,,NC11_011,"POLYGON ((3381 1163.4997, 3381 1168.4953, 3375.9125 1165.9274, 3376.4979 1162.8669, 3376.8181 1160.044, 3381 1163.4997))",0.408944,7735,Capital,Outer City,C1,0.96,2839,Ward 23
Cotham Heights,NC11,,NC11_012,"POLYGON ((3381 1155.8123, 3378.442 1154.8407, 3375.8839 1153.869, 3377.0962 1156.0252, 3376.8181 1160.044, 3381 1163.4997, 3381 1160.6735, 3381 1155.8123))",0.439936,7420,Capital,Outer City,F2,0.91,2808,Ward 24
Cotham Heights,NC11,,NC11_013,"POLYGON ((3375.8839 1153.869, 3371.9228 1153.5882, 3372.2109 1155.6848, 3372.6639 1159.6107, 3376.8181 1160.044, 3377.0962 1156.0252, 3375.8839 1153.869))",0.422267,7595,Capital,Outer City,D1,0.89,3014,Ward 23
Cotham Heights,NC11,,NC11_014,"POLYGON ((3381 1150.951, 3381 1147, 3374.9487 1147, 3373.1714 1151.0629, 3373.3286 1151.9274, 3375.8839 1153.869, 3378.442 1154.8407, 3381 1155.8123, 3381 1150.951))",0.814859,5185,Capital,Outer City,E2,0.89,3814,Ward 24
Cotham Heights,NC11,,NC11_015,"POLYGON ((3371.4832 1151.0538, 3370.6976 1147, 3374.9487 1147, 3373.1714 1151.0629, 3373.3286 1151.9274, 3371.4832 1151.0538))",0.199238,11870,Capital,Outer City,F2,0.97,2297,Ward 24
Cotham Heights,NC11,,NC11_016,"POLYGON ((3368.5119 1150.7477, 3368.682 1153.7165, 3371.9228 1153.5882, 3375.8839 1153.869, 3373.3286 1151.9274, 3371.4832 1151.0538, 3368.5119 1150.7477))",0.220583,11145,Capital,Outer City,D1,0.9,2231,Ward 24
Cotham Heights,NC11,,NC11_017,"POLYGON ((3368.5119 1150.7477, 3366.4465 1147, 3370.6976 1147, 3371.4832 1151.0538, 3368.5119 1150.7477))",0.21615,11285,Capital,Outer City,F2,0.88,2030,Ward 24
Cotham Heights,NC11,,NC11_018,"POLYGON ((3366.4465 1147, 3368.5119 1150.7477, 3363.1685 1148.2829, 3359 1147, 3366.4465 1147))",0.190833,12195,Capital,Outer City,E2,0.9,2432,Ward 24
Weslington North,E1,,E1_001,"POLYGON ((3285.9676 1269.4445, 3283.1525 1268.9229, 3282.3047 1272.7279, 3279.075 1277.473, 3278.6948 1279.5253, 3285.0158 1279.4913, 3285.1192 1279.3598, 3285.6703 1273.2346, 3285.9676 1269.4445))",0.730035,4555,Capital,Inner City,C1,0.86,2808,Ward 29
Weslington North,E1,,E1_002,"POLYGON ((3289.7734 1286.6239, 3293.9467 1286.6967, 3294.9789 1290, 3289.4554 1290, 3289.7734 1286.6239))",0.252169,8315,Capital,Inner City,B1,0.89,1671,Ward 26
Weslington North,E1,,E1_003,"POLYGON ((3291.9452 1274.4948, 3285.6703 1273.2346, 3285.1192 1279.3598, 3285.0158 1279.4913, 3284.9963 1282.0596, 3284.5871 1284.7574, 3283.9324 1286.3925, 3289.7734 1286.6239, 3293.9467 1286.6967, 3295.0509 1282.3193, 3292.0467 1280.7822, 3291.9338 1277.9567, 3291.9452 1274.4948))",1.585028,3570,Capital,Inner City,C1,0.91,5223,Ward 26
Weslington North,E1,,E1_004,"POLYGON ((3300.2083 1290, 3294.9789 1290, 3293.9467 1286.6967, 3295.0509 1282.3193, 3300.1118 1284.2881, 3300.2083 1290))",0.600441,5060,Capital,Inner City,F1,0.94,2750,Ward 11
Weslington North,E1,,E1_005,"POLYGON ((3300.2083 1290, 3300.1118 1284.2881, 3304 1284.2165, 3304 1290, 3300.2083 1290))",0.344024,6920,Capital,Inner City,F2,0.98,2511,Ward 11
Weslington North,E1,,E1_006,"POLYGON ((3296.9612 1277.9985, 3296.9114 1279.9892, 3295.0509 1282.3193, 3292.0467 1280.7822, 3291.9338 1277.9567, 3296.9612 1277.9985))",0.262661,8115,Capital,Inner City,F1,0.98,2212,Ward 26
Weslington North,E1,,E1_007,"POLYGON ((3300.8928 1280.2178, 3304 1280.3859, 3304 1284.2165, 3300.1118 1284.2881, 3300.8928 1280.2178))",0.215653,9150,Capital,Inner City,D2,0.97,2011,Ward 27
Weslington North,E1,,E1_008,"POLYGON ((3300.1118 1284.2881, 3295.0509 1282.3193, 3296.9114 1279.9892, 3296.9612 1277.9985, 3297.1107 1274.5645, 3300.8175 1274.3466, 3300.7421 1278.1855, 3300.8928 1280.2178, 3300.1118 1284.2881))",0.581806,5145,Capital,Inner City,D2,0.9,2435,Ward 27
Weslington North,E1,,E1_009,"POLYGON ((3291.9338 1277.9567, 3291.9452 1274.4948, 3297.1107 1274.5645, 3296.9612 1277.9985, 3291.9338 1277.9567))",0.273952,7915,Capital,Inner City,D1,0.87,1921,Ward 26
Weslington North,E1,,E1_010,"POLYGON ((3301.0231 1272.0428, 3300.8175 1274.3466, 3300.7421 1278.1855, 3300.8928 1280.2178, 3304 1280.3859, 3304 1272.8524, 3301.0231 1272.0428))",0.389355,6440,Capital,Inner City,E2,0.89,2118,Ward 27
Weslington North,E1,,E1_011,"POLYGON ((3300.8175 1274.3466, 3297.1107 1274.5645, 3297.096 1271.1311, 3301.0231 1272.0428, 3300.8175 1274.3466))",0.171172,10565,Capital,Inner City,C2,0.94,1854,Ward 27
Weslington North,E1,,E1_012,"POLYGON ((3285.9676 1269.4445, 3287.3555 1269.6242, 3297.096 1271.1311, 3297.1107 1274.5645, 3291.9452 1274.4948, 3285.6703 1273.2346, 3285.9676 1269.4445))",0.68853,4700,Capital,Inner City,C2,1,3390,Ward 27
Weslington North,E1,,E1_013,"POLYGON ((3297.2826 1268.4492, 3304 1269.4022, 3304 1272.8524, 3301.0231 1272.0428, 3297.096 1271.1311, 3297.2826 1268.4492))",0.323784,7165,Capital,Inner City,D1,0.95,2290,Ward 27
Weslington North,E1,,E1_014,"POLYGON ((3297.2826 1268.4492, 3298.2846 1263.6478, 3304 1263.6518, 3304 1269.4022, 3297.2826 1268.4492))",0.514912,5500,Capital,Inner City,C1,0.96,2894,Ward 27
Weslington North,E1,,E1_015,"POLYGON ((3287.3456 1268.6093, 3286.0804 1268.4632, 3285.9676 1269.4445, 3287.3555 1269.6242, 3297.096 1271.1311, 3297.2826 1268.4492, 3292.86 1267.8492, 3287.398 1267.4609, 3287.3456 1268.6093))",0.406163,6285,Capital,Inner City,B1,0.96,2543,Ward 27
Weslington North,E1,,E1_016,"POLYGON ((3304 1258.663, 3304 1263.6518, 3298.2846 1263.6478, 3298.5383 1259.9351, 3298.6597 1258.6471, 3304 1258.663))",0.431328,6075,Capital,Inner City,C2,0.9,2406,Ward 27
Weslington North,E1,,E1_017,"POLYGON ((3298.6597 1258.6471, 3298.9419 1257, 3298.9803 1257, 3304 1257, 3304 1258.663, 3298.6597 1258.6471))",0.134134,12355,Capital,Inner City,F2,0.94,1666,Ward 28
Weslington North,E1,,E1_018,"POLYGON ((3292.7322 1258.878, 3298.6597 1258.6471, 3298.5383 1259.9351, 3298.2846 1263.6478, 3292.7091 1263.5782, 3292.7322 1258.878))",0.433592,6060,Capital,Inner City,C2,0.96,2576,Ward 27
Weslington North,E1,,E1_019,"POLYGON ((3298.2846 1263.6478, 3297.2826 1268.4492, 3292.86 1267.8492, 3287.398 1267.4609, 3287.4531 1263.2589, 3287.3283 1260.3937, 3288.9546 1260.2261, 3288.8538 1259.0446, 3292.7322 1258.878, 3292.7091 1263.5782, 3298.2846 1263.6478))",1.047654,4115,Capital,Inner City,C1,0.96,4199,Ward 27
Weslington North,E1,,E1_020,"POLYGON ((3298.6597 1258.6471, 3298.9419 1257, 3288.4435 1257, 3287.2908 1257, 3287.3283 1260.3937, 3288.9546 1260.2261, 3288.8538 1259.0446, 3292.7322 1258.878, 3298.6597 1258.6471))",0.365765,6675,Capital,Inner City,F1,0.94,2349,Ward 28
Weslington North,E1,,E1_021,"POLYGON ((3287.4531 1263.2589, 3287.398 1267.4609, 3283.305 1266.6493, 3283.4245 1265.227, 3279.8404 1265.414, 3278.9969 1262.2808, 3287.3283 1260.3937, 3287.4531 1263.2589))",0.614208,4995,Capital,Inner City,E1,0.96,3101,Ward 29
Weslington North,E1,,E1_022,"POLYGON ((3283.305 1266.6493, 3283.4245 1265.227, 3279.8404 1265.414, 3278.4733 1268.7599, 3283.1525 1268.9229, 3285.9676 1269.4445, 3286.0804 1268.4632, 3287.3456 1268.6093, 3287.398 1267.4609, 3283.305 1266.6493))",0.351155,6835,Capital,Inner City,D2,0.99,2423,Ward 29
Weslington North,E1,,E1_023,"POLYGON ((3287.2908 1257, 3277.6532 1257, 3278.1848 1259.3535, 3278.9969 1262.2808, 3287.3283 1260.3937, 3287.2908 1257))",0.62028,4970,Capital,Inner City,E2,0.92,2952,Ward 28
Weslington North,E1,,E1_024,"POLYGON ((3276.5312 1263.5021, 3275.2328 1260.4112, 3273.8863 1257, 3277.6532 1257, 3278.1848 1259.3535, 3278.9969 1262.2808, 3277.7063 1262.7452, 3276.5312 1263.5021))",0.301088,7480,Capital,Inner City,F1,0.99,2118,Ward 28
Weslington North,E1,,E1_025,"POLYGON ((3276.5312 1263.5021, 3277.7063 1262.7452, 3278.9969 1262.2808, 3279.8404 1265.414, 3278.4733 1268.7599, 3276.5312 1263.5021))",0.178248,10305,Capital,Inner City,D2,0.94,1733,Ward 29
Weslington North,E1,,E1_026,"POLYGON ((3276.4058 1272.3742, 3278.4733 1268.7599, 3283.1525 1268.9229, 3282.3047 1272.7279, 3276.4058 1272.3742))",0.311675,7330,Capital,Inner City,D1,0.96,2305,Ward 29
Weslington North,E1,,E1_027,"POLYGON ((3275.2328 1260.4112, 3276.5312 1263.5021, 3272.7189 1264.9229, 3270.5539 1264.8823, 3270.5501 1260.5241, 3275.2328 1260.4112))",0.342165,6940,Capital,Inner City,F2,0.86,2028,Ward 28
Weslington North,E1,,E1_028,"POLYGON ((3278.4733 1268.7599, 3274.7228 1268.6194, 3272.7189 1264.9229, 3276.5312 1263.5021, 3278.4733 1268.7599))",0.283555,7750,Capital,Inner City,D2,0.89,2104,Ward 29
Weslington North,E1,,E1_029,"POLYGON ((3263.3892 1260.3546, 3260 1257, 3273.8863 1257, 3275.2328 1260.4112, 3270.5501 1260.5241, 3263.3892 1260.3546))",0.689758,4695,Capital,Inner City,D1,0.85,2646,Ward 28
Weslington North,E1,,E1_030,"POLYGON ((3270.5539 1264.8823, 3268.3888 1264.8416, 3263.3892 1260.3546, 3270.5501 1260.5241, 3270.5539 1264.8823))",0.317326,7255,Capital,Inner City,F1,0.93,2195,Ward 28
Weslington North,E1,,E1_031,"POLYGON ((3260 1260.4277, 3260 1257, 3263.3892 1260.3546, 3260 1260.4277))",0.090533,16040,Capital,Inner City,F1,0.85,1182,Ward 28
Weslington North,E1,,E1_032,"POLYGON ((3263.3892 1260.3546, 3268.3888 1264.8416, 3266.397 1268.7758, 3263.1985 1268.7461, 3263.3892 1260.3546))",0.432142,6070,Capital,Inner City,E1,0.9,2523,Ward 28
Weslington North,E1,,E1_033,"POLYGON ((3263.1985 1268.7461, 3260 1268.7164, 3260 1260.4277, 3263.3892 1260.3546, 3263.1985 1268.7461))",0.428132,6100,Capital,Inner City,E1,0.88,2299,Ward 28
Weslington North,E1,,E1_034,"POLYGON ((3272.6652 1272.1159, 3268.4942 1272.0365, 3266.397 1268.7758, 3268.3888 1264.8416, 3270.5539 1264.8823, 3272.7189 1264.9229, 3274.7228 1268.6194, 3272.6652 1272.1159))",0.705346,4640,Capital,Inner City,D1,0.92,2856,Ward 29
Weslington North,E1,,E1_035,"POLYGON ((3272.6652 1272.1159, 3274.7228 1268.6194, 3278.4733 1268.7599, 3276.4058 1272.3742, 3274.3383 1275.9885, 3272.6652 1272.1159))",0.323488,7170,Capital,Inner City,D1,0.91,2187,Ward 29
Weslington North,E1,,E1_036,"POLYGON ((3266.397 1268.7758, 3263.1985 1271.8607, 3263.1985 1268.7461, 3266.397 1268.7758))",0.077634,17815,Capital,Inner City,E1,0.89,1169,Ward 25
Weslington North,E1,,E1_037,"POLYGON ((3263.1985 1271.8607, 3260 1274.9455, 3260 1268.7164, 3263.1985 1268.7461, 3263.1985 1271.8607))",0.2329,8730,Capital,Inner City,F1,1,1939,Ward 25
Weslington North,E1,,E1_038,"POLYGON ((3263.1985 1271.8607, 3266.397 1268.7758, 3268.4942 1272.0365, 3267.102 1275.8798, 3263.1985 1271.8607))",0.292212,7615,Capital,Inner City,C2,0.86,1938,Ward 25
Weslington North,E1,,E1_039,"POLYGON ((3272.6652 1272.1159, 3268.4942 1272.0365, 3267.102 1275.8798, 3270.7473 1277.1843, 3274.3383 1275.9885, 3272.6652 1272.1159))",0.413231,6225,Capital,Inner City,D1,0.99,2774,Ward 25
Weslington North,E1,,E1_040,"POLYGON ((3267.102 1275.8798, 3265.7899 1281.0822, 3260 1278.0613, 3260 1274.9455, 3263.1985 1271.8607, 3267.102 1275.8798))",0.632092,4920,Capital,Inner City,E1,0.97,3099,Ward 25
Weslington North,E1,,E1_041,"POLYGON ((3282.3047 1272.7279, 3279.075 1277.473, 3274.3383 1275.9885, 3276.4058 1272.3742, 3282.3047 1272.7279))",0.384369,6490,Capital,Inner City,D2,0.92,2603,Ward 29
Weslington North,E1,,E1_042,"POLYGON ((3265.7899 1281.0822, 3267.102 1275.8798, 3270.7473 1277.1843, 3270.3899 1280.093, 3270.2182 1282.1518, 3265.7899 1281.0822))",0.335123,7025,Capital,Inner City,D2,0.9,2175,Ward 25
Weslington North,E1,,E1_043,"POLYGON ((3260 1278.0613, 3260 1290, 3268.7356 1290, 3269.4217 1286.1979, 3269.8221 1284.8289, 3270.2182 1282.1518, 3265.7899 1281.0822, 3260 1278.0613))",1.431135,3530,Capital,Inner City,D1,0.96,5273,Ward 25
Weslington North,E1,,E1_044,"POLYGON ((3273.1275 1279.8187, 3270.7473 1277.1843, 3274.3383 1275.9885, 3279.075 1277.473, 3278.6948 1279.5253, 3273.1275 1279.8187))",0.339467,6970,Capital,Inner City,D2,0.89,2060,Ward 29
Weslington North,E1,,E1_045,"POLYGON ((3273.0461 1282.7581, 3270.2182 1282.1518, 3270.3899 1280.093, 3270.7473 1277.1843, 3273.1275 1279.8187, 3273.0461 1282.7581))",0.170009,10615,Capital,Inner City,D2,0.87,1687,Ward 25
Weslington North,E1,,E1_046,"POLYGON ((3272.5026 1286.943, 3269.4217 1286.1979, 3269.8221 1284.8289, 3270.2182 1282.1518, 3273.0461 1282.7581, 3272.5026 1286.943))",0.192436,9820,Capital,Inner City,F1,0.96,1808,Ward 25
Weslington North,E1,,E1_047,"POLYGON ((3275.9433 1281.8087, 3273.0461 1282.7581, 3273.1275 1279.8187, 3278.6948 1279.5253, 3275.9433 1281.8087))",0.15854,11095,Capital,Inner City,D2,1,1783,Ward 26
Weslington North,E1,,E1_048,"POLYGON ((3272.6469 1290, 3268.7356 1290, 3269.4217 1286.1979, 3272.5026 1286.943, 3272.6469 1290))",0.18845,9945,Capital,Inner City,F1,0.92,1802,Ward 25
Weslington North,E1,,E1_049,"POLYGON ((3278.0297 1286.0954, 3272.5026 1286.943, 3273.0461 1282.7581, 3275.9433 1281.8087, 3278.0297 1286.0954))",0.288886,7665,Capital,Inner City,C1,0.91,2121,Ward 26
Weslington North,E1,,E1_050,"POLYGON ((3283.9319 1290, 3283.9324 1286.3925, 3278.0297 1286.0954, 3272.5026 1286.943, 3272.6469 1290, 3282 1290, 3283.9319 1290))",0.641958,4880,Capital,Inner City,C1,0.91,2988,Ward 26
Weslington North,E1,,E1_051,"POLYGON ((3278.6948 1279.5253, 3285.0158 1279.4913, 3284.9963 1282.0596, 3284.5871 1284.7574, 3283.9324 1286.3925, 3278.0297 1286.0954, 3275.9433 1281.8087, 3278.6948 1279.5253))",0.801656,4720,Capital,Inner City,C2,1,3878,Ward 26
Weslington North,E1,,E1_052,"POLYGON ((3289.7734 1286.6239, 3289.4554 1290, 3283.9319 1290, 3283.9324 1286.3925, 3289.7734 1286.6239))",0.309534,7360,Capital,Inner City,C2,0.89,2135,Ward 26
Weslington North,E2,,E2_001,"POLYGON ((3268.2931 1235, 3278.3951 1237.3779, 3277.4678 1239.4972, 3268.3699 1237.4102, 3268.2931 1235))",0.35366,8410,Capital,Inner City,D1,0.98,2906,Ward 24
Weslington North,E2,,E2_002,"POLYGON ((3286.1375 1225.4964, 3273.1627 1226.1287, 3272.9199 1223, 3282 1223, 3285.5616 1223, 3286.1375 1225.4964))",0.563485,6465,Capital,Inner City,B1,0.98,3320,Ward 20
Weslington North,E2,,E2_003,"POLYGON ((3277.7114 1229.2003, 3277.157 1228.5468, 3273.1627 1226.1287, 3267.5019 1232.2863, 3268.2931 1235, 3278.3951 1237.3779, 3279.8904 1236.1478, 3277.7114 1229.2003))",1.331567,4050,Capital,Inner City,A1,0.87,4817,Ward 20
Weslington North,E2,,E2_004,"POLYGON ((3261.7987 1227.7737, 3259.2938 1223, 3272.9199 1223, 3273.1627 1226.1287, 3261.7987 1227.7737))",0.7871,5280,Capital,Inner City,C1,0.98,4183,Ward 20
Weslington North,E2,,E2_005,"POLYGON ((3263.6361 1232.166, 3261.7987 1227.7737, 3273.1627 1226.1287, 3267.5019 1232.2863, 3263.6361 1232.166))",0.603347,6230,Capital,Inner City,C1,0.92,3197,Ward 20
Weslington North,E2,,E2_006,"POLYGON ((3263.6361 1232.166, 3267.5019 1232.2863, 3265.2659 1234.6898, 3265.0887 1234.869, 3263.6361 1232.166))",0.080266,21495,Capital,Inner City,F2,0.93,1580,Ward 19
Weslington North,E2,,E2_007,"POLYGON ((3260.3835 1227.908, 3261.7987 1227.7737, 3259.2938 1223, 3249.0482 1223, 3248.1813 1225.607, 3251.1654 1226.3376, 3251.7996 1229.0562, 3256.8239 1228.3557, 3260.3835 1227.908))",0.912188,4890,Capital,Inner City,C1,0.9,4077,Ward 20
Weslington North,E2,,E2_008,"POLYGON ((3267.5019 1232.2863, 3265.2659 1234.6898, 3265.0887 1234.869, 3265.0402 1235.4276, 3266.4694 1238.0574, 3268.3699 1237.4102, 3268.2931 1235, 3267.5019 1232.2863))",0.188272,12295,Capital,Inner City,C1,0.87,2095,Ward 19
Weslington North,E2,,E2_009,"POLYGON ((3241.1011 1223, 3249.0482 1223, 3248.1813 1225.607, 3240.7033 1225.7572, 3241.1011 1223))",0.321669,8885,Capital,Inner City,F2,0.97,2975,Ward 18
Weslington North,E2,,E2_010,"POLYGON ((3256.8239 1228.3557, 3251.7996 1229.0562, 3252.5416 1235.1189, 3254.9416 1234.5787, 3257.9556 1233.5852, 3259.3083 1234.0775, 3263.6361 1232.166, 3261.7987 1227.7737, 3260.3835 1227.908, 3256.8239 1228.3557))",0.942091,4810,Capital,Inner City,D2,0.9,3858,Ward 19
Weslington North,E2,,E2_011,"POLYGON ((3251.7996 1229.0562, 3248.8139 1229.1385, 3246.3442 1229.6851, 3248.1813 1225.607, 3251.1654 1226.3376, 3251.7996 1229.0562))",0.212849,11395,Capital,Inner City,D2,0.99,2276,Ward 18
Weslington North,E2,,E2_012,"POLYGON ((3263.6361 1232.166, 3265.0887 1234.869, 3265.0402 1235.4276, 3264.4524 1235.7041, 3259.3083 1234.0775, 3263.6361 1232.166))",0.156799,13800,Capital,Inner City,E2,0.97,2175,Ward 19
Weslington North,E2,,E2_013,"POLYGON ((3241.1011 1223, 3237.9462 1223, 3237.9466 1225.7584, 3240.7033 1225.7572, 3241.1011 1223))",0.127048,15815,Capital,Inner City,F1,0.86,1663,Ward 18
Weslington North,E2,,E2_014,"POLYGON ((3248.1813 1225.607, 3246.3442 1229.6851, 3245.3777 1230.0832, 3242.7345 1227.4718, 3240.7033 1225.7572, 3248.1813 1225.607))",0.276572,9720,Capital,Inner City,F1,0.95,2583,Ward 18
Weslington North,E2,,E2_015,"POLYGON ((3246.3442 1229.6851, 3248.8139 1229.1385, 3251.7996 1229.0562, 3252.5416 1235.1189, 3246.3442 1229.6851))",0.27252,9805,Capital,Inner City,D2,0.94,2600,Ward 18
Weslington North,E2,,E2_016,"POLYGON ((3242.7345 1227.4718, 3240.7033 1225.7572, 3240.6313 1230.2, 3240.5593 1234.6427, 3242.2379 1234.5721, 3242.2329 1232.329, 3242.2329 1230.0633, 3244.3401 1230.0594, 3245.3777 1230.0832, 3242.7345 1227.4718))",0.280535,9640,Capital,Inner City,F1,0.93,2716,Ward 18
Weslington North,E2,,E2_017,"POLYGON ((3237.9466 1225.7584, 3240.7033 1225.7572, 3240.6313 1230.2, 3240.5593 1234.6427, 3238.9508 1234.6472, 3238.9702 1230.0746, 3238.0049 1230.0746, 3237.9466 1225.7584))",0.297684,9305,Capital,Inner City,D1,0.89,2451,Ward 18
Weslington North,E2,,E2_018,"POLYGON ((3238.9508 1234.6472, 3235 1234.6817, 3235 1223, 3237.9462 1223, 3237.9466 1225.7584, 3238.0049 1230.0746, 3238.9702 1230.0746, 3238.9508 1234.6472))",0.61018,6195,Capital,Inner City,D1,1,3519,Ward 18
Weslington North,E2,,E2_019,"POLYGON ((3244.3401 1230.0594, 3244.367 1233.9063, 3245.2826 1234.2291, 3246.173 1235.6776, 3248.8828 1235.6642, 3252.5416 1235.1189, 3246.3442 1229.6851, 3245.3777 1230.0832, 3244.3401 1230.0594))",0.443167,7390,Capital,Inner City,A2,1,3112,Ward 18
Weslington North,E2,,E2_020,"POLYGON ((3244.367 1233.9063, 3243.5145 1234.1911, 3242.2634 1235.6119, 3240.5916 1235.6095, 3240.5593 1234.6427, 3242.2379 1234.5721, 3242.2329 1232.329, 3242.2329 1230.0633, 3244.3401 1230.0594, 3244.367 1233.9063))",0.175031,12875,Capital,Inner City,C1,0.97,2298,Ward 18
Weslington North,E2,,E2_021,"POLYGON ((3261.8993 1237.0935, 3264.4524 1235.7041, 3259.3083 1234.0775, 3258.1674 1239.9094, 3260.0333 1238.5015, 3261.8993 1237.0935))",0.232633,10790,Capital,Inner City,E2,0.91,2432,Ward 19
Weslington North,E2,,E2_022,"POLYGON ((3242.2634 1235.6119, 3243.5145 1234.1911, 3244.367 1233.9063, 3245.2826 1234.2291, 3246.173 1235.6776, 3242.2634 1235.6119))",0.0678,24165,Capital,Inner City,E1,0.88,1421,Ward 17
Weslington North,E2,,E2_023,"POLYGON ((3263.9539 1239.7196, 3261.8993 1237.0935, 3264.4524 1235.7041, 3265.0402 1235.4276, 3266.4694 1238.0574, 3263.9539 1239.7196))",0.161882,13525,Capital,Inner City,E1,0.98,2206,Ward 19
Weslington North,E2,,E2_024,"POLYGON ((3259.3083 1234.0775, 3257.9556 1233.5852, 3254.9416 1234.5787, 3252.5416 1235.1189, 3255.414 1241.5062, 3258.1674 1239.9094, 3259.3083 1234.0775))",0.502117,6890,Capital,Inner City,D2,0.88,2900,Ward 19
Weslington North,E2,,E2_025,"POLYGON ((3243.2621 1237.2238, 3244.2787 1237.4233, 3245.3096 1237.2152, 3246.173 1235.6776, 3242.2634 1235.6119, 3243.2621 1237.2238))",0.076327,22265,Capital,Inner City,E1,0.87,1575,Ward 17
Weslington North,E2,,E2_026,"POLYGON ((3244.2787 1237.4233, 3245.3096 1237.2152, 3246.173 1235.6776, 3248.8828 1235.6642, 3248.8243 1240.6586, 3244.2399 1240.6429, 3244.2787 1237.4233))",0.319139,8930,Capital,Inner City,A2,0.91,2680,Ward 17
Weslington North,E2,,E2_027,"POLYGON ((3242.2634 1235.6119, 3240.5916 1235.6095, 3240.5593 1234.6427, 3238.9508 1234.6472, 3238.9715 1238.4615, 3238.9818 1240.3686, 3238.9869 1241.3222, 3238.9882 1241.5606, 3241.8401 1241.5369, 3241.8427 1241.3219, 3242.3223 1240.614, 3244.2399 1240.6429, 3244.2787 1237.4233, 3243.2621 1237.2238, 3242.2634 1235.6119))",0.442466,7395,Capital,Inner City,D1,1,3037,Ward 17
Weslington North,E2,,E2_028,"POLYGON ((3249.6357 1241.6083, 3249.6421 1241.1941, 3248.8243 1240.6586, 3248.8828 1235.6642, 3252.5416 1235.1189, 3255.414 1241.5062, 3249.6357 1241.6083))",0.491939,6970,Capital,Inner City,C2,0.87,2760,Ward 17
Weslington North,E2,,E2_029,"POLYGON ((3238.9508 1234.6472, 3235 1234.6817, 3235 1246, 3239.05 1246, 3239.0179 1245.386, 3238.9921 1242.2758, 3238.9882 1241.5606, 3238.9869 1241.3222, 3238.9818 1240.3686, 3238.9715 1238.4615, 3238.9508 1234.6472))",0.703892,5735,Capital,Inner City,D2,0.97,3952,Ward 17
Weslington North,E2,,E2_030,"POLYGON ((3248.8243 1240.6586, 3249.6421 1241.1941, 3249.6357 1241.6083, 3249.6357 1241.9472, 3248.7902 1242.3471, 3242.3418 1242.2891, 3241.8427 1241.8568, 3241.8401 1241.5369, 3241.8427 1241.3219, 3242.3223 1240.614, 3244.2399 1240.6429, 3248.8243 1240.6586))",0.193228,12100,Capital,Inner City,D1,0.99,2205,Ward 17
Weslington North,E2,,E2_031,"POLYGON ((3261.8632 1243.0667, 3260.7925 1241.3868, 3263.9539 1239.7196, 3261.8993 1237.0935, 3260.0333 1238.5015, 3258.1674 1239.9094, 3255.414 1241.5062, 3257.3853 1242.9547, 3261.8632 1243.0667))",0.376568,8110,Capital,Inner City,E1,0.92,2735,Ward 19
Weslington North,E2,,E2_032,"POLYGON ((3241.8427 1241.8568, 3241.8401 1241.5369, 3238.9882 1241.5606, 3238.9921 1242.2758, 3239.0179 1245.386, 3239.05 1246, 3248.8098 1246, 3248.7902 1242.3471, 3242.3418 1242.2891, 3241.8427 1241.8568))",0.597912,6260,Capital,Inner City,F2,0.9,3318,Ward 17
Weslington North,E2,,E2_033,"POLYGON ((3249.6357 1241.6083, 3249.6357 1241.9472, 3248.7902 1242.3471, 3248.8098 1246, 3252.4748 1246, 3255.414 1241.5062, 3249.6357 1241.6083))",0.3474,8495,Capital,Inner City,C2,0.94,2898,Ward 17
Weslington North,E2,,E2_034,"POLYGON ((3257.3853 1242.9547, 3256.6031 1246, 3252.4748 1246, 3255.414 1241.5062, 3257.3853 1242.9547))",0.200186,11835,Capital,Inner City,E2,0.86,2053,Ward 17
Weslington North,E2,,E2_035,"POLYGON ((3263.9539 1239.7196, 3266.3412 1243.1787, 3261.8632 1243.0667, 3260.7925 1241.3868, 3263.9539 1239.7196))",0.173927,12925,Capital,Inner City,D1,0.97,2325,Ward 19
Weslington North,E2,,E2_036,"POLYGON ((3263.9539 1239.7196, 3266.3412 1243.1787, 3268.8156 1242.2406, 3266.4694 1238.0574, 3263.9539 1239.7196))",0.196551,11970,Capital,Inner City,D1,0.95,2267,Ward 19
Weslington North,E2,,E2_037,"POLYGON ((3268.3699 1237.4102, 3271.5566 1241.1937, 3268.8156 1242.2406, 3266.4694 1238.0574, 3268.3699 1237.4102))",0.180606,12620,Capital,Inner City,C1,0.94,2184,Ward 19
Weslington North,E2,,E2_038,"POLYGON ((3266.3412 1243.1787, 3270.5911 1251.2608, 3260 1251.5, 3260 1246, 3256.6031 1246, 3257.3853 1242.9547, 3261.8632 1243.0667, 3266.3412 1243.1787))",1.235377,4200,Capital,Inner City,D2,0.88,4436,Ward 24
Weslington North,E2,,E2_039,"POLYGON ((3273.8863 1257, 3270.5911 1251.2608, 3260 1251.5, 3260 1257, 3273.8863 1257))",1.075024,4500,Capital,Inner City,D1,0.97,4696,Ward 24
Weslington North,E2,,E2_040,"POLYGON ((3268.8156 1242.2406, 3274.4804 1251.1054, 3270.5911 1251.2608, 3266.3412 1243.1787, 3268.8156 1242.2406))",0.462463,7215,Capital,Inner City,D2,0.95,2992,Ward 24
Weslington North,E2,,E2_041,"POLYGON ((3277.6532 1257, 3273.8863 1257, 3270.5911 1251.2608, 3274.4804 1251.1054, 3277.6532 1257))",0.350981,8445,Capital,Inner City,E1,0.96,2980,Ward 24
Weslington North,E2,,E2_042,"POLYGON ((3278.1281 1245.3595, 3278.9037 1240.5476, 3277.4678 1239.4972, 3268.3699 1237.4102, 3271.5566 1241.1937, 3268.8156 1242.2406, 3274.4804 1251.1054, 3277.7331 1248.4129, 3278.1281 1245.3595))",1.272759,4140,Capital,Inner City,A1,0.91,4559,Ward 24
Weslington North,E2,,E2_043,"POLYGON ((3277.7331 1248.4129, 3274.4804 1251.1054, 3277.6532 1257, 3287.2908 1257, 3285.1958 1254.0136, 3280.2601 1252.5159, 3277.7331 1248.4129))",0.814851,5185,Capital,Inner City,F1,0.96,3956,Ward 23
Weslington North,E2,,E2_044,"POLYGON ((3288.0796 1252.6167, 3288.4435 1257, 3287.2908 1257, 3285.1958 1254.0136, 3288.0796 1252.6167))",0.129296,15630,Capital,Inner City,F2,0.93,2046,Ward 23
Weslington North,E2,,E2_045,"POLYGON ((3287.3811 1248.1976, 3277.7331 1248.4129, 3280.2601 1252.5159, 3285.1958 1254.0136, 3288.0796 1252.6167, 3287.3811 1248.1976))",0.66886,5895,Capital,Inner City,D2,0.87,3650,Ward 23
Weslington North,E2,,E2_046,"POLYGON ((3290.0715 1248.7276, 3287.3811 1248.1976, 3288.0796 1252.6167, 3288.4435 1257, 3298.9419 1257, 3298.9803 1257, 3298.8757 1256.408, 3293.0624 1249.9529, 3290.2767 1249.1094, 3290.0715 1248.7276))",0.970476,4740,Capital,Inner City,D1,0.89,4475,Ward 23
Weslington North,E2,,E2_047,"POLYGON ((3277.7331 1248.4129, 3287.3811 1248.1976, 3286.4228 1246.3133, 3280.1488 1240.8343, 3278.9037 1240.5476, 3278.1281 1245.3595, 3277.7331 1248.4129))",0.699547,5755,Capital,Inner City,F2,0.99,4010,Ward 24
Weslington North,E2,,E2_048,"POLYGON ((3303.7977 1248.0087, 3293.0624 1249.9529, 3298.8757 1256.408, 3298.9803 1257, 3304 1257, 3304 1248.0166, 3303.7977 1248.0087))",1.023557,4610,Capital,Inner City,E2,0.85,3962,Ward 23
Weslington North,E2,,E2_049,"POLYGON ((3286.4228 1246.3133, 3287.3811 1248.1976, 3290.0715 1248.7276, 3290.2158 1248.2619, 3290.8367 1246.8731, 3289.881 1245.3603, 3290.6976 1244.8763, 3290.249 1244.064, 3286.4228 1246.3133))",0.188916,12270,Capital,Inner City,D2,0.87,1990,Ward 23
Weslington North,E2,,E2_050,"POLYGON ((3290.2767 1249.1094, 3290.0715 1248.7276, 3290.2158 1248.2619, 3290.8367 1246.8731, 3293.1376 1245.8838, 3293.0624 1249.9529, 3290.2767 1249.1094))",0.130546,15535,Capital,Inner City,D2,0.9,1763,Ward 23
Weslington North,E2,,E2_051,"POLYGON ((3290.249 1244.064, 3290.6976 1244.8763, 3289.881 1245.3603, 3290.8367 1246.8731, 3293.1376 1245.8838, 3290.7877 1243.6202, 3290.249 1244.064))",0.079662,21605,Capital,Inner City,D2,1,1751,Ward 23
Weslington North,E2,,E2_052,"POLYGON ((3293.1376 1245.8838, 3297.9337 1243.8669, 3303.7977 1248.0087, 3293.0624 1249.9529, 3293.1376 1245.8838))",0.586255,6330,Capital,Inner City,D1,0.93,3151,Ward 23
Weslington North,E2,,E2_053,"POLYGON ((3286.4228 1246.3133, 3280.1488 1240.8343, 3283.4713 1237.5045, 3284.1748 1237.6949, 3288.7824 1237.7943, 3290.7877 1243.6202, 3290.249 1244.064, 3286.4228 1246.3133))",0.900351,4925,Capital,Inner City,D2,0.93,4230,Ward 22
Weslington North,E2,,E2_054,"POLYGON ((3304 1248.0166, 3304 1239.0345, 3299.5761 1237.7257, 3298.7549 1240.7963, 3297.9337 1243.8669, 3303.7977 1248.0087, 3304 1248.0166))",0.659267,5940,Capital,Inner City,C1,0.91,3461,Ward 21
Weslington North,E2,,E2_055,"POLYGON ((3298.7549 1240.7963, 3297.9337 1243.8669, 3293.1376 1245.8838, 3290.7877 1243.6202, 3288.7824 1237.7943, 3290.3453 1235.5492, 3291.0837 1235.2015, 3292 1235.8108, 3293.0702 1236.5225, 3297.0496 1236.8521, 3295.9573 1240.2979, 3298.7549 1240.7963))",1.0102,4645,Capital,Inner City,C2,0.89,4068,Ward 21
Weslington North,E2,,E2_056,"POLYGON ((3297.0496 1236.8521, 3299.0249 1236.9529, 3299.3999 1237.6178, 3299.5761 1237.7257, 3298.7549 1240.7963, 3295.9573 1240.2979, 3297.0496 1236.8521))",0.15628,13830,Capital,Inner City,D1,0.91,2031,Ward 21
Weslington North,E2,,E2_057,"POLYGON ((3283.4713 1237.5045, 3280.1488 1240.8343, 3278.9037 1240.5476, 3277.4678 1239.4972, 3278.3951 1237.3779, 3279.8904 1236.1478, 3283.4713 1237.5045))",0.246063,10425,Capital,Inner City,D1,0.98,2438,Ward 22
Weslington North,E2,,E2_058,"POLYGON ((3283.4713 1237.5045, 3283.2021 1235, 3286.0886 1235.035, 3289.8884 1235, 3290.3453 1235.5492, 3288.7824 1237.7943, 3284.1748 1237.6949, 3283.4713 1237.5045))",0.267804,9910,Capital,Inner City,D2,0.94,2497,Ward 22
Weslington North,E2,,E2_059,"POLYGON ((3304 1239.0345, 3304 1227.0809, 3296.3421 1226.1751, 3299.0249 1236.9529, 3299.3999 1237.6178, 3299.5761 1237.7257, 3304 1239.0345))",1.109332,4430,Capital,Inner City,C1,1,4943,Ward 21
Weslington North,E2,,E2_060,"POLYGON ((3279.8904 1236.1478, 3283.2021 1235, 3283.4713 1237.5045, 3279.8904 1236.1478))",0.067044,24365,Capital,Inner City,D1,0.97,1604,Ward 22
Weslington North,E2,,E2_061,"POLYGON ((3293.0702 1236.5225, 3297.0496 1236.8521, 3299.0249 1236.9529, 3296.3421 1226.1751, 3294.1285 1229.7119, 3291.0837 1235.2015, 3292 1235.8108, 3293.0702 1236.5225))",0.697739,5765,Capital,Inner City,E2,0.86,3303,Ward 21
Weslington North,E2,,E2_062,"POLYGON ((3285.2558 1232.3092, 3287.2377 1231.814, 3289.8884 1235, 3286.0886 1235.035, 3285.2558 1232.3092))",0.14038,14815,Capital,Inner City,D1,0.94,1882,Ward 22
Weslington North,E2,,E2_063,"POLYGON ((3283.2021 1235, 3282.9842 1232.9721, 3284.1219 1232.4667, 3285.2558 1232.3092, 3286.0886 1235.035, 3283.2021 1235))",0.101183,18375,Capital,Inner City,D2,0.89,1626,Ward 22
Weslington North,E2,,E2_064,"POLYGON ((3286.5274 1227.6731, 3286.9174 1229.8498, 3287.2377 1231.814, 3289.8884 1235, 3290.3453 1235.5492, 3291.0837 1235.2015, 3294.1285 1229.7119, 3290.9695 1228.2759, 3286.5274 1227.6731))",0.543163,6600,Capital,Inner City,D1,0.9,3338,Ward 22
Weslington North,E2,,E2_065,"POLYGON ((3296.3421 1226.1751, 3296.4214 1223, 3304 1223, 3304 1227.0809, 3296.3421 1226.1751))",0.431062,7505,Capital,Inner City,C1,0.94,3187,Ward 21
Weslington North,E2,,E2_066,"POLYGON ((3290.9472 1225.6233, 3290.9695 1228.2759, 3294.1285 1229.7119, 3296.3421 1226.1751, 3290.9472 1225.6233))",0.223267,11065,Capital,Inner City,D2,0.91,2146,Ward 22
Weslington North,E2,,E2_067,"POLYGON ((3286.9174 1229.8498, 3287.2377 1231.814, 3285.2558 1232.3092, 3285.0365 1230.079, 3286.9174 1229.8498))",0.064655,24970,Capital,Inner City,D1,0.97,1662,Ward 22
Weslington North,E2,,E2_068,"POLYGON ((3284.1219 1232.4667, 3282.9842 1232.9721, 3282.8805 1230.5372, 3285.0365 1230.079, 3285.2558 1232.3092, 3284.1219 1232.4667))",0.078824,21775,Capital,Inner City,D1,0.93,1593,Ward 22
Weslington North,E2,,E2_069,"POLYGON ((3282.8805 1230.5372, 3277.7114 1229.2003, 3279.8904 1236.1478, 3283.2021 1235, 3282.9842 1232.9721, 3282.8805 1230.5372))",0.37272,8160,Capital,Inner City,D1,0.96,2893,Ward 20
Weslington North,E2,,E2_070,"POLYGON ((3286.1375 1225.4964, 3286.5274 1227.6731, 3290.9695 1228.2759, 3290.9472 1225.6233, 3286.1375 1225.4964))",0.172923,12970,Capital,Inner City,B1,1,2389,Ward 22
Weslington North,E2,,E2_071,"POLYGON ((3285.5616 1223, 3286.1375 1225.4964, 3290.9472 1225.6233, 3296.3421 1226.1751, 3296.4214 1223, 3285.5616 1223))",0.448842,7340,Capital,Inner City,C1,0.99,3275,Ward 21
Weslington North,E2,,E2_072,"POLYGON ((3286.9174 1229.8498, 3286.5274 1227.6731, 3286.1375 1225.4964, 3273.1627 1226.1287, 3277.157 1228.5468, 3277.7114 1229.2003, 3282.8805 1230.5372, 3285.0365 1230.079, 3286.9174 1229.8498))",0.698355,5760,Capital,Inner City,B1,0.99,4383,Ward 20
Weslington North,E3,,E3_001,"POLYGON ((3247.9093 1271.3458, 3244.408 1271.1776, 3244.3569 1266.844, 3248.1083 1266.9217, 3247.9093 1271.3458))",0.247636,11380,Capital,Inner City,F1,0.86,2241,Ward 14
Weslington North,E3,,E3_002,"POLYGON ((3246.6789 1275.6744, 3242.0572 1273.6956, 3239.1893 1275.2469, 3235 1275.3249, 3235 1278.9937, 3241.8607 1278.6935, 3244.9467 1277.8746, 3246.6789 1275.6744))",0.644523,6585,Capital,Inner City,F2,1,4265,Ward 14
Weslington North,E3,,E3_003,"POLYGON ((3241.8607 1278.6935, 3241.947 1282.7486, 3235 1282.6625, 3235 1278.9937, 3241.8607 1278.6935))",0.415631,8395,Capital,Inner City,F1,0.92,3076,Ward 12
Weslington North,E3,,E3_004,"POLYGON ((3241.947 1282.7486, 3235 1282.6625, 3235 1290, 3241.9031 1290, 3241.947 1286.5449, 3241.947 1282.7486))",0.788632,5530,Capital,Inner City,E2,0.89,3807,Ward 12
Weslington North,E3,,E3_005,"POLYGON ((3246.6789 1275.6744, 3242.0572 1273.6956, 3244.408 1271.1776, 3247.9093 1271.3458, 3246.6789 1275.6744))",0.246663,11405,Capital,Inner City,F1,1,2534,Ward 14
Weslington North,E3,,E3_006,"POLYGON ((3245.9032 1282.7876, 3245.9032 1286.5198, 3241.947 1286.5449, 3241.947 1282.7486, 3245.9032 1282.7876))",0.232109,11835,Capital,Inner City,F1,0.88,2273,Ward 12
Weslington North,E3,,E3_007,"POLYGON ((3249.3558 1276.9609, 3246.6789 1275.6744, 3244.9467 1277.8746, 3241.8607 1278.6935, 3241.947 1282.7486, 3245.9032 1282.7876, 3245.9676 1280.8571, 3249.3558 1276.9609))",0.439122,8135,Capital,Inner City,F1,0.92,3347,Ward 12
Weslington North,E3,,E3_008,"POLYGON ((3245.9032 1286.5198, 3241.947 1286.5449, 3241.9031 1290, 3245.5655 1290, 3254.7103 1290, 3253.2468 1288.579, 3250.8985 1286.613, 3245.9032 1286.5198))",0.586526,6930,Capital,Inner City,F1,0.99,3820,Ward 12
Weslington North,E3,,E3_009,"POLYGON ((3250.7989 1283.238, 3250.7989 1280.7927, 3245.9676 1280.8571, 3245.9032 1282.7876, 3245.9032 1286.5198, 3250.8985 1286.613, 3250.7989 1283.238))",0.439648,8130,Capital,Inner City,F2,0.9,3322,Ward 12
Weslington North,E3,,E3_010,"POLYGON ((3249.3558 1276.9609, 3252.3462 1278.1596, 3254.5225 1279.0523, 3250.7989 1280.7927, 3245.9676 1280.8571, 3249.3558 1276.9609))",0.276231,10655,Capital,Inner City,F2,1,3160,Ward 12
Weslington North,E3,,E3_011,"POLYGON ((3254.5225 1279.0523, 3250.7989 1280.7927, 3250.7989 1283.238, 3250.8985 1286.613, 3253.2468 1288.579, 3254.7103 1290, 3254.6743 1283.0661, 3254.5225 1279.0523))",0.495885,7600,Capital,Inner City,F1,0.97,3892,Ward 12
Weslington North,E3,,E3_012,"POLYGON ((3247.9093 1271.3458, 3253.0964 1271.1816, 3252.0903 1274.159, 3249.3558 1276.9609, 3246.6789 1275.6744, 3247.9093 1271.3458))",0.372946,8930,Capital,Inner City,F2,0.93,3149,Ward 13
Weslington North,E3,,E3_013,"POLYGON ((3254.6743 1283.0661, 3254.7103 1290, 3260 1290, 3260 1278.0613, 3258.3251 1277.0981, 3254.5225 1279.0523, 3254.6743 1283.0661))",1.007885,4875,Capital,Inner City,F1,0.91,4640,Ward 13
Weslington North,E3,,E3_014,"POLYGON ((3249.3558 1276.9609, 3252.3462 1278.1596, 3254.5225 1279.0523, 3258.3251 1277.0981, 3252.0903 1274.159, 3249.3558 1276.9609))",0.338957,9440,Capital,Inner City,E2,0.95,3052,Ward 13
Weslington North,E3,,E3_015,"POLYGON ((3260 1274.9455, 3260 1278.0613, 3258.3251 1277.0981, 3260 1274.9455))",0.040669,38140,Capital,Inner City,F2,0.86,1410,Ward 13
Weslington North,E3,,E3_016,"POLYGON ((3258.3251 1277.0981, 3252.0903 1274.159, 3253.0964 1271.1816, 3256.3926 1268.7758, 3260 1268.7164, 3260 1274.9455, 3258.3251 1277.0981))",0.733879,6145,Capital,Inner City,F1,0.94,4396,Ward 13
Weslington North,E3,,E3_017,"POLYGON ((3248.1083 1266.9217, 3254.2861 1266.9562, 3256.3926 1268.7758, 3253.0964 1271.1816, 3247.9093 1271.3458, 3248.1083 1266.9217))",0.468561,7845,Capital,Inner City,E2,0.89,3063,Ward 13
Weslington North,E3,,E3_018,"POLYGON ((3254.3973 1260.6823, 3260 1260.4277, 3260 1268.7164, 3256.3926 1268.7758, 3254.2861 1266.9562, 3254.3973 1260.6823))",0.694921,6325,Capital,Inner City,D2,0.87,4293,Ward 13
Weslington North,E3,,E3_019,"POLYGON ((3251.484 1263.3158, 3254.2861 1266.9562, 3248.1083 1266.9217, 3247.6906 1264.3892, 3251.484 1263.3158))",0.252868,11235,Capital,Inner City,E2,0.99,2661,Ward 15
Weslington North,E3,,E3_020,"POLYGON ((3254.2861 1266.9562, 3251.484 1263.3158, 3249.1556 1260.7425, 3254.3973 1260.6823, 3254.2861 1266.9562))",0.246365,11410,Capital,Inner City,F1,0.95,2705,Ward 16
Weslington North,E3,,E3_021,"POLYGON ((3254.4176 1253.8393, 3260 1257, 3260 1260.4277, 3254.3973 1260.6823, 3254.4176 1253.8393))",0.447855,8045,Capital,Inner City,E2,0.91,3253,Ward 16
Weslington North,E3,,E3_022,"POLYGON ((3260 1251.5, 3260 1257, 3254.4176 1253.8393, 3254.3475 1251.4798, 3260 1251.5))",0.343195,9370,Capital,Inner City,F1,1,3028,Ward 16
Weslington North,E3,,E3_023,"POLYGON ((3254.4176 1253.8393, 3250.2088 1256.5645, 3247.075 1258.5156, 3249.1556 1260.7425, 3254.3973 1260.6823, 3254.4176 1253.8393))",0.480205,7740,Capital,Inner City,E1,0.86,3533,Ward 16
Weslington North,E3,,E3_024,"POLYGON ((3252.4748 1246, 3256.6031 1246, 3260 1246, 3260 1251.5, 3254.3475 1251.4798, 3254.395 1250.6245, 3248.8352 1250.6785, 3252.4748 1246))",0.750297,5680,Capital,Inner City,F2,0.91,4004,Ward 16
Weslington North,E3,,E3_025,"POLYGON ((3254.4176 1253.8393, 3248.8352 1250.6785, 3254.395 1250.6245, 3254.3475 1251.4798, 3254.4176 1253.8393))",0.137958,16410,Capital,Inner City,F1,0.9,2146,Ward 16
Weslington North,E3,,E3_026,"POLYGON ((3246.2457 1253.3758, 3248.8352 1250.6785, 3254.4176 1253.8393, 3250.2088 1256.5645, 3246.2457 1253.3758))",0.369881,8975,Capital,Inner City,F1,0.98,3388,Ward 16
Weslington North,E3,,E3_027,"POLYGON ((3248.8352 1250.6785, 3248.8098 1246, 3252.4748 1246, 3248.8352 1250.6785))",0.133624,16760,Capital,Inner City,E1,0.93,1965,Ward 15
Weslington North,E3,,E3_028,"POLYGON ((3247.075 1258.5156, 3243.6562 1256.0732, 3246.2457 1253.3758, 3250.2088 1256.5645, 3247.075 1258.5156))",0.259286,11065,Capital,Inner City,F1,0.97,2746,Ward 16
Weslington North,E3,,E3_029,"POLYGON ((3239.0428 1249.6213, 3239.05 1246, 3248.8098 1246, 3248.8352 1250.6785, 3244.0278 1250.7106, 3242.5522 1250.7106, 3242.5522 1249.5857, 3239.0428 1249.6213))",0.656065,6520,Capital,Inner City,D2,0.91,3650,Ward 15
Weslington North,E3,,E3_030,"POLYGON ((3241.446 1259.722, 3243.6562 1256.0732, 3247.075 1258.5156, 3249.1556 1260.7425, 3251.484 1263.3158, 3247.6906 1264.3892, 3245.1428 1262.1277, 3241.446 1259.722))",0.56544,7070,Capital,Inner City,D1,0.97,4042,Ward 15
Weslington North,E3,,E3_031,"POLYGON ((3239.0356 1253.2426, 3239.0428 1249.6213, 3242.5522 1249.5857, 3242.5522 1250.7106, 3244.0278 1250.7106, 3248.8352 1250.6785, 3246.2457 1253.3758, 3243.6562 1256.0732, 3239.0356 1253.2426))",0.561086,7100,Capital,Inner City,D1,0.97,3913,Ward 15
Weslington North,E3,,E3_032,"POLYGON ((3235 1253.204, 3235 1246, 3239.05 1246, 3239.0428 1249.6213, 3239.0356 1253.2426, 3235 1253.204))",0.45515,7975,Capital,Inner City,D1,0.98,3259,Ward 15
Weslington North,E3,,E3_033,"POLYGON ((3235 1253.204, 3235 1258.607, 3237.1528 1258.708, 3241.446 1259.722, 3243.6562 1256.0732, 3239.0356 1253.2426, 3235 1253.204))",0.640971,6605,Capital,Inner City,D1,0.89,3777,Ward 15
Weslington North,E3,,E3_034,"POLYGON ((3241.446 1259.722, 3245.1428 1262.1277, 3247.6906 1264.3892, 3248.1083 1266.9217, 3244.3569 1266.844, 3241.5499 1264.4478, 3241.446 1259.722))",0.43332,8200,Capital,Inner City,F1,0.91,3266,Ward 14
Weslington North,E3,,E3_035,"POLYGON ((3235 1258.607, 3235 1262.1168, 3239.057 1262.2694, 3241.5499 1264.4478, 3241.446 1259.722, 3237.1528 1258.708, 3235 1258.607))",0.363368,9065,Capital,Inner City,F2,0.93,2931,Ward 14
Weslington North,E3,,E3_036,"POLYGON ((3235 1262.1168, 3239.057 1262.2694, 3239.1893 1275.2469, 3235 1275.3249, 3235 1262.1168))",0.84135,5350,Capital,Inner City,E1,0.93,4346,Ward 14
Weslington North,E3,,E3_037,"POLYGON ((3239.057 1262.2694, 3241.5499 1264.4478, 3244.3569 1266.844, 3244.408 1271.1776, 3242.0572 1273.6956, 3239.1893 1275.2469, 3239.057 1262.2694))",0.735903,6135,Capital,Inner City,E1,0.97,4409,Ward 14
Weslington North,E4,,E4_001,"POLYGON ((3252.0612 1304.0507, 3253.4731 1301.0446, 3250.3308 1301.0993, 3244.9773 1301.1401, 3248.5873 1304.6869, 3252.0612 1304.0507))",0.310611,9935,Capital,Inner City,D1,0.87,2863,Ward 2
Weslington North,E4,,E4_002,"POLYGON ((3256.0165 1306.4682, 3254.1874 1304.1351, 3260 1301.464, 3260 1306.5842, 3256.0165 1306.4682))",0.302707,9090,Capital,Inner City,D1,0.94,2744,Ward 2
Weslington North,E4,,E4_003,"POLYGON ((3254.1874 1304.1351, 3252.0612 1304.0507, 3253.4731 1301.0446, 3260 1301.464, 3254.1874 1304.1351))",0.205599,12750,Capital,Inner City,D1,0.85,2315,Ward 2
Weslington North,E4,,E4_004,"POLYGON ((3253.4731 1301.0446, 3255.0161 1297.2897, 3260 1296.9199, 3260 1301.464, 3253.4731 1301.0446))",0.372524,7935,Capital,Inner City,D2,0.96,2915,Ward 3
Weslington North,E4,,E4_005,"POLYGON ((3254.7103 1290, 3260 1290, 3260 1296.9199, 3255.0161 1297.2897, 3254.9609 1294.1462, 3254.7103 1290))",0.564911,6075,Capital,Inner City,E2,0.99,3265,Ward 3
Weslington North,E4,,E4_006,"POLYGON ((3253.4731 1301.0446, 3255.0161 1297.2897, 3250.2157 1297.2345, 3245.4527 1297.2963, 3244.9773 1301.1401, 3250.3308 1301.0993, 3253.4731 1301.0446))",0.539544,7255,Capital,Inner City,D2,0.94,3670,Ward 3
Weslington North,E4,,E4_007,"POLYGON ((3254.7103 1290, 3245.5655 1290, 3245.4705 1294.3117, 3245.4527 1297.2963, 3250.2157 1297.2345, 3255.0161 1297.2897, 3254.9609 1294.1462, 3254.7103 1290))",1.06488,4740,Capital,Inner City,F1,0.93,4866,Ward 3
Weslington North,E4,,E4_008,"POLYGON ((3241.9031 1290, 3245.5655 1290, 3245.4705 1294.3117, 3245.4527 1297.2963, 3241.2478 1297.3484, 3241.9031 1290))",0.447165,8055,Capital,Inner City,E2,0.96,3454,Ward 3
Weslington North,E4,,E4_009,"POLYGON ((3241.2478 1297.3484, 3237.4405 1297.4549, 3237.5448 1301.6274, 3235 1301.8228, 3235 1290, 3241.9031 1290, 3241.2478 1297.3484))",0.926291,5090,Capital,Inner City,D2,0.87,4149,Ward 1
Weslington North,E4,,E4_010,"POLYGON ((3241.1388 1301.3351, 3241.2478 1297.3484, 3245.4527 1297.2963, 3244.9773 1301.1401, 3241.1388 1301.3351))",0.244854,14455,Capital,Inner City,F2,0.93,3089,Ward 1
Weslington North,E4,,E4_011,"POLYGON ((3241.2478 1297.3484, 3241.1388 1301.3351, 3239.2806 1301.3788, 3237.5448 1301.6274, 3237.4405 1297.4549, 3241.2478 1297.3484))",0.232289,14830,Capital,Inner City,F2,0.93,3536,Ward 1
Weslington North,E4,,E4_012,"POLYGON ((3241.039 1306.0716, 3237.5971 1306.0716, 3237.5448 1301.6274, 3239.2806 1301.3788, 3241.1388 1301.3351, 3241.039 1306.0716))",0.254647,14185,Capital,Inner City,F2,0.96,3512,Ward 1
Weslington North,E4,,E4_013,"POLYGON ((3243.996 1306.2228, 3241.039 1306.0716, 3241.1388 1301.3351, 3244.9773 1301.1401, 3243.996 1306.2228))",0.259815,14050,Capital,Inner City,F2,0.98,3629,Ward 1
Weslington North,E4,,E4_014,"POLYGON ((3241.2424 1312, 3235 1312, 3235 1301.8228, 3237.5448 1301.6274, 3237.5971 1306.0716, 3241.039 1306.0716, 3241.1553 1309.3158, 3241.2424 1312))",0.74184,6110,Capital,Inner City,F1,0.99,4397,Ward 1
Weslington North,E4,,E4_015,"POLYGON ((3243.8117 1309.2451, 3241.1553 1309.3158, 3241.039 1306.0716, 3243.996 1306.2228, 3243.8117 1309.2451))",0.137086,16480,Capital,Inner City,F1,0.95,2294,Ward 1
Weslington North,E4,,E4_016,"POLYGON ((3243.686 1312, 3241.2424 1312, 3241.1553 1309.3158, 3243.8117 1309.2451, 3243.686 1312))",0.108076,19260,Capital,Inner City,F2,0.94,1951,Ward 1
Weslington North,E4,,E4_017,"POLYGON ((3247.8831 1306.0627, 3243.996 1306.2228, 3244.9773 1301.1401, 3248.5873 1304.6869, 3247.8831 1306.0627))",0.210911,12550,Capital,Inner City,F2,0.88,2355,Ward 2
Weslington North,E4,,E4_018,"POLYGON ((3247.8831 1306.0627, 3243.996 1306.2228, 3243.8117 1309.2451, 3243.686 1312, 3247.9978 1312, 3249.1335 1309.0087, 3247.8831 1306.0627))",0.43034,8230,Capital,Inner City,F1,0.91,3108,Ward 2
Weslington North,E4,,E4_019,"POLYGON ((3251.5711 1312, 3247.9978 1312, 3249.1335 1309.0087, 3251.4648 1308.9681, 3251.5711 1312))",0.138415,16380,Capital,Inner City,F1,0.99,2126,Ward 2
Weslington North,E4,,E4_020,"POLYGON ((3248.5873 1304.6869, 3247.8831 1306.0627, 3249.1335 1309.0087, 3251.4648 1308.9681, 3252.0612 1304.0507, 3248.5873 1304.6869))",0.238432,11640,Capital,Inner City,E1,0.94,2540,Ward 2
Weslington North,E4,,E4_021,"POLYGON ((3253.715 1312, 3251.5711 1312, 3251.4648 1308.9681, 3253.796 1308.9275, 3253.715 1312))",0.106448,19465,Capital,Inner City,F1,1,2132,Ward 2
Weslington North,E4,,E4_022,"POLYGON ((3252.0612 1304.0507, 3254.1874 1304.1351, 3256.0165 1306.4682, 3253.796 1308.9275, 3251.4648 1308.9681, 3252.0612 1304.0507))",0.244239,11475,Capital,Inner City,E1,0.89,2445,Ward 2
Weslington North,E4,,E4_023,"POLYGON ((3260 1306.5842, 3256.0165 1306.4682, 3253.796 1308.9275, 3253.715 1312, 3260 1312, 3260 1306.5842))",0.490683,7645,Capital,Inner City,E2,0.92,3601,Ward 2
Weslington North,E5,,E5_001,"POLYGON ((3277.6918 1298.5545, 3273.5806 1300.1211, 3271.9031 1300.2921, 3268.4637 1300.8139, 3269.0515 1303.0757, 3269.6801 1305.3097, 3272.36 1305.168, 3272.2561 1302.8144, 3277.9247 1302.4328, 3277.6918 1298.5545))",0.508644,8920,Capital,Inner City,B1,0.93,4208,Ward 4
Weslington North,E5,,E5_002,"POLYGON ((3277.6918 1298.5545, 3282 1296.3187, 3282 1305.3756, 3277.8115 1306.1778, 3277.9247 1302.4328, 3277.6918 1298.5545))",0.543437,6910,Capital,Inner City,D1,0.87,3205,Ward 5
Weslington North,E5,,E5_003,"POLYGON ((3282 1292.5005, 3282 1296.3187, 3277.6918 1298.5545, 3275.9953 1294.8395, 3280.0449 1293.5792, 3282 1292.5005))",0.318117,9370,Capital,Inner City,B1,0.88,2741,Ward 4
Weslington North,E5,,E5_004,"POLYGON ((3275.9953 1294.8395, 3277.6918 1298.5545, 3273.5806 1300.1211, 3271.9031 1300.2921, 3271.3644 1296.9817, 3273.4908 1296.6637, 3275.9953 1294.8395))",0.310001,12515,Capital,Inner City,B1,0.95,3865,Ward 4
Weslington North,E5,,E5_005,"POLYGON ((3282 1292.5005, 3282 1290, 3272.6469 1290, 3275.9953 1294.8395, 3280.0449 1293.5792, 3282 1292.5005))",0.484595,8365,Capital,Inner City,C1,1,3977,Ward 4
Weslington North,E5,,E5_006,"POLYGON ((3268.7356 1290, 3267.8412 1296.7893, 3269.6546 1297.1604, 3271.3644 1296.9817, 3273.4908 1296.6637, 3275.9953 1294.8395, 3272.6469 1290, 3268.7356 1290))",0.6626,6205,Capital,Inner City,E1,0.94,3997,Ward 3
Weslington North,E5,,E5_007,"POLYGON ((3267.8412 1296.7893, 3268.7356 1290, 3260 1290, 3260 1296.9199, 3263.5271 1296.8351, 3267.8412 1296.7893))",0.883451,5095,Capital,Inner City,C2,0.85,3573,Ward 3
Weslington North,E5,,E5_008,"POLYGON ((3271.9031 1300.2921, 3271.3644 1296.9817, 3269.6546 1297.1604, 3267.8412 1296.7893, 3263.5298 1299.6031, 3262.0947 1300.7561, 3268.4637 1300.8139, 3271.9031 1300.2921))",0.399763,9960,Capital,Inner City,C1,0.98,3685,Ward 4
Weslington North,E5,,E5_009,"POLYGON ((3267.8412 1296.7893, 3263.5271 1296.8351, 3260 1296.9199, 3260 1301.464, 3262.0947 1300.7561, 3263.5298 1299.6031, 3267.8412 1296.7893))",0.305048,9605,Capital,Inner City,C1,0.86,2544,Ward 3
Weslington North,E5,,E5_010,"POLYGON ((3262.132 1307.2156, 3260 1306.5842, 3260 1301.464, 3262.0947 1300.7561, 3262.1125 1303.8406, 3262.132 1307.2156))",0.190721,12780,Capital,Inner City,D2,0.98,2298,Ward 4
Weslington North,E5,,E5_011,"POLYGON ((3262.0947 1300.7561, 3262.1125 1303.8406, 3262.132 1307.2156, 3264.958 1305.448, 3269.6801 1305.3097, 3269.0515 1303.0757, 3268.4637 1300.8139, 3262.0947 1300.7561))",0.540266,8685,Capital,Inner City,B1,1,4256,Ward 4
Weslington North,E5,,E5_012,"POLYGON ((3267.4867 1309.2414, 3267.4747 1312, 3261.094 1312, 3260 1312, 3260 1306.5842, 3262.132 1307.2156, 3265.1039 1307.996, 3267.4867 1309.2414))",0.498331,7250,Capital,Inner City,E2,0.94,3153,Ward 5
Weslington North,E5,,E5_013,"POLYGON ((3269.6801 1305.3097, 3264.958 1305.448, 3262.132 1307.2156, 3265.1039 1307.996, 3267.4867 1309.2414, 3270.5333 1309.2145, 3269.6801 1305.3097))",0.33923,9025,Capital,Inner City,B1,0.94,2760,Ward 5
Weslington North,E5,,E5_014,"POLYGON ((3273.6536 1309.187, 3271.3689 1309.2072, 3270.5333 1309.2145, 3267.4867 1309.2414, 3267.4747 1312, 3273.7142 1312, 3273.6536 1309.187))",0.26935,10345,Capital,Inner City,B1,0.89,2645,Ward 5
Weslington North,E5,,E5_015,"POLYGON ((3277.8115 1306.1778, 3277.9247 1302.4328, 3272.2561 1302.8144, 3272.36 1305.168, 3269.6801 1305.3097, 3270.5333 1309.2145, 3271.3689 1309.2072, 3273.6536 1309.187, 3273.6288 1307.3982, 3277.8115 1306.1778))",0.546789,6890,Capital,Inner City,B1,0.95,3784,Ward 5
Weslington North,E5,,E5_016,"POLYGON ((3282 1306.9759, 3282 1312, 3277.8571 1312, 3273.7142 1312, 3273.6536 1309.187, 3277.7919 1309.0781, 3280.2765 1309.0434, 3280.2413 1307.0724, 3282 1306.9759))",0.431674,8860,Capital,Inner City,D2,0.91,3293,Ward 5
Weslington North,E5,,E5_017,"POLYGON ((3282 1306.9759, 3282 1305.3756, 3277.8115 1306.1778, 3273.6288 1307.3982, 3273.6536 1309.187, 3277.7919 1309.0781, 3280.2765 1309.0434, 3280.2413 1307.0724, 3282 1306.9759))",0.311612,9485,Capital,Inner City,A1,0.99,2969,Ward 5
Weslington North,E6,,E6_001,"POLYGON ((3308.3116 1273.7853, 3308.0624 1276.8967, 3312.423 1276.7723, 3312.3462 1274.6477, 3308.3116 1273.7853))",0.171775,12675,Capital,Inner City,F2,0.87,1852,Ward 10
Weslington North,E6,,E6_002,"POLYGON ((3300.1924 1294.0668, 3300.2083 1290, 3304 1290, 3304 1284.2165, 3308.2864 1284.0246, 3308.545 1293.9459, 3305.0345 1294.0668, 3300.1924 1294.0668))",0.922503,4900,Capital,Inner City,F2,0.92,3850,Ward 11
Weslington North,E6,,E6_003,"POLYGON ((3312.4712 1283.7459, 3312.423 1276.7723, 3308.0624 1276.8967, 3308.1266 1280.3684, 3304 1280.3859, 3304 1284.2165, 3308.2864 1284.0246, 3312.4712 1283.7459))",0.718019,6720,Capital,Inner City,D1,0.98,4434,Ward 10
Weslington North,E6,,E6_004,"POLYGON ((3313.5691 1297.2395, 3312.4712 1283.7459, 3308.2864 1284.0246, 3308.545 1293.9459, 3305.0345 1294.0668, 3305.0679 1297.5661, 3313.5691 1297.2395))",1.151001,5160,Capital,Inner City,D2,0.99,6574,Ward 11
Weslington North,E6,,E6_005,"POLYGON ((3313.5691 1297.2395, 3305.0679 1297.5661, 3301.7056 1304.1035, 3300.5352 1306.7913, 3300.5503 1312, 3313.2862 1312, 3318.2874 1312, 3321.484 1312, 3318.6657 1305.9496, 3316.4917 1300.9628, 3313.5691 1297.2395))",3.648103,1525,Capital,Inner City,C1,0.89,4898,Ward 7
Weslington North,E6,,E6_006,"POLYGON ((3313.5691 1297.2395, 3326 1297.5049, 3326 1312, 3321.484 1312, 3318.6657 1305.9496, 3316.4917 1300.9628, 3313.5691 1297.2395))",1.824162,5890,Capital,Inner City,D1,1,10800,Ward 7
Weslington North,E6,,E6_007,"POLYGON ((3312.4712 1283.7459, 3316.4722 1283.493, 3326 1282.9262, 3326 1283.0098, 3326 1297.5049, 3313.5691 1297.2395, 3312.4712 1283.7459))",2.843047,2970,Capital,Inner City,E2,0.89,7800,Ward 11
Weslington North,E6,,E6_008,"POLYGON ((3312.3462 1274.6477, 3315.4683 1274.5361, 3326 1282.9262, 3316.4722 1283.493, 3312.4712 1283.7459, 3312.423 1276.7723, 3312.3462 1274.6477))",1.168836,5085,Capital,Inner City,F1,0.99,5737,Ward 10
Weslington North,E6,,E6_009,"POLYGON ((3326 1257.0194, 3323.8976 1257.0619, 3313.9488 1257.0309, 3314.103 1258.6947, 3314.1534 1263.5059, 3314.2951 1269.6544, 3312.2361 1270.2382, 3312.3462 1274.6477, 3315.4683 1274.5361, 3326 1282.9262, 3326 1257.0194))",4.052107,820,Capital,Suburb,F1,0.98,3392,Ward 10
Weslington North,E6,,E6_010,"POLYGON ((3304 1227.0809, 3304 1223, 3326 1223, 3326 1257.0194, 3323.8976 1257.0619, 3313.9488 1257.0309, 3314.006 1250.2774, 3313.9829 1248.1211, 3314.0514 1244.7854, 3320.6429 1244.8304, 3320.5067 1238.136, 3310.3592 1237.9624, 3310.3561 1227.9514, 3304 1227.0809))",6.978659,320,Capital,Inner City,F1,0.9,1938,Ward 9
Weslington North,E6,,E6_011,"POLYGON ((3314.0514 1244.7854, 3314.1593 1240.9934, 3310.3607 1240.9647, 3310.3592 1237.9624, 3320.5067 1238.136, 3320.6429 1244.8304, 3314.0514 1244.7854))",0.852422,5395,Capital,Inner City,D1,0.85,3774,Ward 9
Weslington North,E6,,E6_012,"POLYGON ((3310.1439 1248.0987, 3313.9829 1248.1211, 3314.006 1250.2774, 3312.7338 1250.2774, 3312.6429 1249.2335, 3310.1439 1249.3242, 3310.1439 1248.0987))",0.090447,15555,Capital,Inner City,C2,0.93,1385,Ward 9
Weslington North,E6,,E6_013,"POLYGON ((3310.3607 1240.9647, 3314.1593 1240.9934, 3314.0514 1244.7854, 3313.9829 1248.1211, 3310.1439 1248.0987, 3310.3607 1240.9647))",0.423725,6930,Capital,Inner City,C2,1,2667,Ward 9
Weslington North,E6,,E6_014,"POLYGON ((3310.3607 1240.9647, 3304 1239.0345, 3304 1227.0809, 3310.3561 1227.9514, 3310.3592 1237.9624, 3310.3607 1240.9647))",1.237041,5645,Capital,Inner City,C1,0.95,6328,Ward 9
Weslington North,E6,,E6_015,"POLYGON ((3314.006 1250.2774, 3313.9488 1257.0309, 3304 1257, 3304 1248.0166, 3310.1439 1248.0987, 3310.1439 1249.3242, 3312.6429 1249.2335, 3312.7338 1250.2774, 3314.006 1250.2774))",1.30002,2810,Capital,Inner City,E2,0.97,3815,Ward 9
Weslington North,E6,,E6_016,"POLYGON ((3314.103 1258.6947, 3304 1258.663, 3304 1257, 3313.9488 1257.0309, 3314.103 1258.6947))",0.259892,5875,Capital,Inner City,D2,0.89,1417,Ward 9
Weslington North,E6,,E6_017,"POLYGON ((3310.1439 1248.0987, 3304 1248.0166, 3304 1239.0345, 3310.3607 1240.9647, 3310.1439 1248.0987))",0.786944,4975,Capital,Inner City,C1,0.97,3697,Ward 9
Weslington North,E6,,E6_018,"POLYGON ((3314.1534 1263.5059, 3309.0514 1263.5059, 3304 1263.6518, 3304 1258.663, 3314.103 1258.6947, 3314.1534 1263.5059))",0.767727,3175,Capital,Inner City,D2,0.95,2410,Ward 9
Weslington North,E6,,E6_019,"POLYGON ((3304 1269.4022, 3304 1263.6518, 3309.0514 1263.5059, 3314.1534 1263.5059, 3314.2951 1269.6544, 3312.2361 1270.2382, 3304 1269.4022))",1.004703,3325,Capital,Inner City,D1,0.85,2890,Ward 10
Weslington North,E6,,E6_020,"POLYGON ((3304 1272.8524, 3304 1269.4022, 3312.2361 1270.2382, 3312.3462 1274.6477, 3308.3116 1273.7853, 3304 1272.8524))",0.507065,5885,Capital,Inner City,D2,0.89,2738,Ward 10
Weslington North,E6,,E6_021,"POLYGON ((3308.0624 1276.8967, 3308.1266 1280.3684, 3304 1280.3859, 3304 1272.8524, 3308.3116 1273.7853, 3308.0624 1276.8967))",0.456507,7545,Capital,Inner City,E2,0.92,3085,Ward 10
Weslington North,E6,,E6_022,"POLYGON ((3282 1292.5005, 3282 1290, 3283.9319 1290, 3283.8745 1292.3493, 3282 1292.5005))",0.071897,15515,Capital,Inner City,F2,0.91,1063,Ward 4
Weslington North,E6,,E6_023,"POLYGON ((3283.9319 1290, 3289.4554 1290, 3287.2202 1293.3509, 3283.919 1295.3216, 3282 1296.3187, 3282 1292.5005, 3283.8745 1292.3493, 3283.9319 1290))",0.383662,4900,Capital,Inner City,C1,0.89,1708,Ward 4
Weslington North,E6,,E6_024,"POLYGON ((3290.7504 1297.9969, 3287.1188 1298.0573, 3287.2202 1293.3509, 3289.4554 1290, 3294.9789 1290, 3295.0648 1297.8559, 3290.7504 1297.9969))",0.914713,2970,Capital,Inner City,D2,0.85,2188,Ward 7
Weslington North,E6,,E6_025,"POLYGON ((3290.7504 1297.9969, 3287.1188 1298.0573, 3287.2202 1293.3509, 3283.919 1295.3216, 3282 1296.3187, 3282 1305.3756, 3282 1306.9759, 3290.8538 1306.9417, 3290.7003 1304.3405, 3290.7504 1297.9969))",1.469012,2780,Capital,Inner City,D1,0.95,3934,Ward 7
Weslington North,E6,,E6_026,"POLYGON ((3300.2083 1290, 3294.9789 1290, 3295.0648 1297.8559, 3305.0679 1297.5661, 3305.0345 1294.0668, 3300.1924 1294.0668, 3300.2083 1290))",0.898027,3950,Capital,Inner City,D1,0.88,3205,Ward 11
Weslington North,E6,,E6_027,"POLYGON ((3300.5503 1312, 3291.2752 1312, 3282 1312, 3282 1306.9759, 3290.8538 1306.9417, 3300.5352 1306.7913, 3300.5503 1312))",1.470892,3695,Capital,Inner City,D2,0.97,5074,Ward 5
Weslington North,E6,,E6_028,"POLYGON ((3295.0239 1304.3049, 3301.7056 1304.1035, 3305.0679 1297.5661, 3295.0648 1297.8559, 3290.7504 1297.9969, 3290.7003 1304.3405, 3295.0239 1304.3049))",1.268274,3375,Capital,Inner City,A2,0.85,3648,Ward 7
Weslington North,E6,,E6_029,"POLYGON ((3300.5352 1306.7913, 3290.8538 1306.9417, 3290.7003 1304.3405, 3295.0239 1304.3049, 3301.7056 1304.1035, 3300.5352 1306.7913))",0.419857,6825,Capital,Inner City,C2,1,2574,Ward 7
Weslington North,E7,,E7_001,"POLYGON ((3303.9384 1191.486, 3304.1856 1197.7572, 3301.3491 1197.89, 3298.9467 1192.8059, 3303.9384 1191.486))",0.361364,8250,Capital,Inner City,C2,0.9,2889,Ward 50
Weslington North,E7,,E7_002,"POLYGON ((3293.5661 1206.7935, 3293.6424 1212.2774, 3282 1212.7383, 3282 1209.5069, 3289.7933 1209.608, 3289.7859 1206.7977, 3293.5661 1206.7935))",0.697969,7215,Capital,Inner City,D2,0.88,4787,Ward 51
Weslington North,E7,,E7_003,"POLYGON ((3285.5616 1223, 3282 1223, 3282 1215.9697, 3285.5146 1216.6792, 3285.5616 1223))",0.367992,14560,Capital,Inner City,E2,0.91,5106,Ward 46
Weslington North,E7,,E7_004,"POLYGON ((3293.6424 1212.2774, 3293.7208 1214.1769, 3296.2259 1214.2632, 3296.2259 1216.593, 3285.5146 1216.6792, 3282 1215.9697, 3282 1212.7383, 3293.6424 1212.2774))",0.830534,7470,Capital,Inner City,D1,0.99,6598,Ward 51
Weslington North,E7,,E7_005,"POLYGON ((3293.5661 1206.7935, 3293.5481 1203.3044, 3293.7949 1201.081, 3293.7949 1198.0344, 3298.9963 1197.8956, 3301.3491 1197.89, 3304.1856 1197.7572, 3304.2995 1206.3793, 3293.5661 1206.7935))",1.429621,4150,Capital,Inner City,D2,0.95,5585,Ward 50
Weslington North,E7,,E7_006,"POLYGON ((3296.4214 1223, 3285.5616 1223, 3285.5146 1216.6792, 3296.2259 1216.593, 3296.4214 1223))",1.069877,7905,Capital,Inner City,C1,0.87,7412,Ward 46
Weslington North,E7,,E7_007,"POLYGON ((3296.2259 1214.2632, 3296.2259 1216.593, 3296.4214 1223, 3304 1223, 3303.9252 1214.4131, 3299.8539 1214.1769, 3296.2259 1214.2632))",1.044094,8220,Capital,Inner City,C2,0.98,7951,Ward 51
Weslington North,E7,,E7_008,"POLYGON ((3304.1856 1197.7572, 3326 1197.1235, 3326 1223, 3304 1223, 3303.9252 1214.4131, 3299.8539 1214.1769, 3296.2259 1214.2632, 3293.7208 1214.1769, 3293.6424 1212.2774, 3293.5661 1206.7935, 3304.2995 1206.3793, 3304.1856 1197.7572))",9.974336,275,Capital,Inner City,E2,0.86,2292,Ward 51
Weslington North,E7,,E7_009,"POLYGON ((3326 1188.6808, 3326 1197.1235, 3304.1856 1197.7572, 3303.9384 1191.486, 3314 1190.3297, 3326 1188.6808))",2.497686,2355,Capital,Inner City,C2,0.99,5561,Ward 47
Weslington North,E7,,E7_010,"POLYGON ((3319.2726 1168.551, 3326 1166.6104, 3326 1188.6808, 3314 1190.3297, 3303.9384 1191.486, 3303.6182 1190.705, 3301.0784 1184.5109, 3305.6268 1181.3021, 3309.8803 1184.744, 3320.3114 1183.7317, 3319.2726 1168.551))",3.98918,755,Capital,Inner City,A1,0.93,2664,Ward 47
Weslington North,E7,,E7_011,"POLYGON ((3311.1968 1173.0011, 3312.5452 1170.4916, 3319.2726 1168.551, 3320.3114 1183.7317, 3309.8803 1184.744, 3305.6268 1181.3021, 3307.6523 1179.2775, 3311.0955 1181.6058, 3316.9694 1179.9861, 3316.7668 1173.1023, 3311.1968 1173.0011))",1.504218,2555,Capital,Inner City,A1,0.98,3679,Ward 47
Weslington North,E7,,E7_012,"POLYGON ((3309.6777 1176.2405, 3311.1968 1173.0011, 3316.7668 1173.1023, 3316.9694 1179.9861, 3309.6777 1176.2405))",0.527064,4850,Capital,Inner City,C1,0.88,2160,Ward 47
Weslington North,E7,,E7_013,"POLYGON ((3307.6523 1179.2775, 3309.6777 1176.2405, 3316.9694 1179.9861, 3311.0955 1181.6058, 3307.6523 1179.2775))",0.381736,5940,Capital,Inner City,C1,0.99,2231,Ward 47
Weslington North,E7,,E7_014,"POLYGON ((3312.4201 1159.8207, 3312.3195 1158, 3326 1158, 3326 1166.6104, 3319.2726 1168.551, 3312.5452 1170.4916, 3312.4201 1159.8207))",2.227995,2490,Capital,Outer City,A1,0.89,5072,Ward 47
Weslington North,E7,,E7_015,"POLYGON ((3304.3195 1173.7706, 3300.9256 1173.846, 3300.8917 1168.7312, 3300.8578 1163.6164, 3303.6824 1163.4753, 3303.6871 1159.8878, 3312.4201 1159.8207, 3312.5452 1170.4916, 3304.3195 1173.7706))",2.148485,1970,Capital,Outer City,C2,0.88,3333,Ward 48
Weslington North,E7,,E7_016,"POLYGON ((3301.0784 1184.5109, 3300.9632 1178.4736, 3300.9256 1173.846, 3304.3195 1173.7706, 3312.5452 1170.4916, 3311.1968 1173.0011, 3309.6777 1176.2405, 3307.6523 1179.2775, 3305.6268 1181.3021, 3301.0784 1184.5109))",1.180422,3155,Capital,Inner City,B1,0.97,3329,Ward 49
Weslington North,E7,,E7_017,"POLYGON ((3300.7523 1158, 3312.3195 1158, 3312.4201 1159.8207, 3303.6871 1159.8878, 3303.6824 1163.4753, 3300.8578 1163.6164, 3300.7523 1158))",0.499999,4145,Capital,Outer City,D2,0.88,1714,Ward 48
Weslington North,E7,,E7_018,"POLYGON ((3293 1165.3593, 3293 1160.2953, 3293 1158, 3300.7523 1158, 3300.8578 1163.6164, 3296.1741 1165.2572, 3293 1165.3593))",0.826821,4300,Capital,Outer City,E2,0.95,3513,Ward 48
Weslington North,E7,,E7_019,"POLYGON ((3293 1169, 3293 1165.3593, 3296.1741 1165.2572, 3300.8578 1163.6164, 3300.8917 1168.7312, 3293 1169))",0.500713,6040,Capital,Outer City,D2,0.88,2878,Ward 48
Weslington North,E7,,E7_020,"POLYGON ((3300.8917 1168.7312, 3300.9256 1173.846, 3293.036 1173.9224, 3293 1169, 3300.8917 1168.7312))",0.6173,6050,Capital,Outer City,E1,0.9,3528,Ward 48
Weslington North,E7,,E7_021,"POLYGON ((3289.3744 1173.9235, 3289.5358 1169, 3293 1169, 3293.036 1173.9224, 3289.3744 1173.9235))",0.273378,11200,Capital,Outer City,D1,0.88,2789,Ward 48
Weslington North,E7,,E7_022,"POLYGON ((3289.5358 1169, 3282 1169, 3282 1174.0006, 3284.0761 1174.0189, 3286.6051 1173.9734, 3289.3744 1173.9235, 3289.5358 1169))",0.578819,7700,Capital,Outer City,D1,0.89,3951,Ward 48
Weslington North,E7,,E7_023,"POLYGON ((3291.3776 1176.4437, 3291.3941 1178.8684, 3292.3941 1178.8543, 3293.072 1178.8447, 3293.036 1173.9224, 3289.3744 1173.9235, 3286.6051 1173.9734, 3284.0761 1174.0189, 3284.1815 1178.9704, 3285.7584 1178.9481, 3285.6639 1176.5198, 3291.3776 1176.4437))",0.474879,7275,Capital,Inner City,E1,0.97,2985,Ward 49
Weslington North,E7,,E7_024,"POLYGON ((3291.3941 1178.8684, 3291.3776 1176.4437, 3285.6639 1176.5198, 3285.7584 1178.9481, 3284.1815 1178.9704, 3285.7584 1178.9481, 3290.0295 1178.8877, 3291.3941 1178.8684))",0.214682,10870,Capital,Inner City,F2,0.92,2192,Ward 49
Weslington North,E7,,E7_025,"POLYGON ((3297.1294 1184.2183, 3298.7038 1186.3632, 3301.0784 1184.5109, 3300.9632 1178.4736, 3300.9256 1173.846, 3293.036 1173.9224, 3293.072 1178.8447, 3293.0457 1183.4023, 3284.2436 1183.615, 3284.5031 1192.531, 3289.5674 1192.9041, 3292.9483 1190.5598, 3291.5446 1188.3291, 3294.7779 1185.9801, 3297.1294 1184.2183))",2.594332,1665,Capital,Inner City,D1,0.88,3899,Ward 49
Weslington North,E7,,E7_026,"POLYGON ((3284.0761 1174.0189, 3284.1815 1178.9704, 3282 1179.0012, 3282 1174.0006, 3284.0761 1174.0189))",0.165108,13985,Capital,Inner City,D2,0.9,2130,Ward 49
Weslington North,E7,,E7_027,"POLYGON ((3284.1815 1178.9704, 3285.7584 1178.9481, 3290.0295 1178.8877, 3291.3941 1178.8684, 3292.3941 1178.8543, 3293.072 1178.8447, 3293.0457 1183.4023, 3284.2436 1183.615, 3284.1815 1178.9704))",0.634441,5135,Capital,Inner City,F1,0.88,2863,Ward 49
Weslington North,E7,,E7_028,"POLYGON ((3296.3292 1188.2155, 3298.3474 1191.6095, 3298.9467 1192.8059, 3303.9384 1191.486, 3303.6182 1190.705, 3301.0784 1184.5109, 3298.7038 1186.3632, 3296.3292 1188.2155))",0.543248,5985,Capital,Inner City,E1,0.87,2547,Ward 50
Weslington North,E7,,E7_029,"POLYGON ((3298.7038 1186.3632, 3297.1294 1184.2183, 3294.7779 1185.9801, 3291.5446 1188.3291, 3292.9483 1190.5598, 3296.3292 1188.2155, 3298.7038 1186.3632))",0.293822,7255,Capital,Inner City,F2,1,2071,Ward 49
Weslington North,E7,,E7_030,"POLYGON ((3284.1815 1178.9704, 3282 1179.0012, 3282 1192.6861, 3284.5031 1192.531, 3284.2436 1183.615, 3284.1815 1178.9704))",0.492482,5565,Capital,Inner City,D1,0.87,2444,Ward 49
Weslington North,E7,,E7_031,"POLYGON ((3298.9467 1192.8059, 3298.3474 1191.6095, 3296.3292 1188.2155, 3292.9483 1190.5598, 3289.5674 1192.9041, 3291.2579 1195.0884, 3295.9692 1194.1829, 3298.9467 1192.8059))",0.530991,4995,Capital,Inner City,E1,0.93,2459,Ward 50
Weslington North,E7,,E7_032,"POLYGON ((3289.5674 1192.9041, 3287.2959 1194.535, 3282 1197.2477, 3282 1192.6861, 3284.5031 1192.531, 3289.5674 1192.9041))",0.301699,7020,Capital,Inner City,C1,0.93,1900,Ward 49
Weslington North,E7,,E7_033,"POLYGON ((3282 1197.2477, 3284.5275 1197.2296, 3289.7499 1198.081, 3293.7949 1198.0344, 3291.2579 1195.0884, 3289.5674 1192.9041, 3287.2959 1194.535, 3282 1197.2477))",0.43356,5670,Capital,Inner City,C2,0.94,2241,Ward 50
Weslington North,E7,,E7_034,"POLYGON ((3286.0735 1203.5039, 3283.9558 1203.5832, 3283.928 1202.9744, 3282 1203.0441, 3282 1201.0778, 3286.1101 1201.0886, 3286.0735 1203.5039))",0.140728,14380,Capital,Inner City,D2,0.89,1842,Ward 45
Weslington North,E7,,E7_035,"POLYGON ((3301.3491 1197.89, 3298.9467 1192.8059, 3295.9692 1194.1829, 3291.2579 1195.0884, 3293.7949 1198.0344, 3298.9963 1197.8956, 3301.3491 1197.89))",0.491788,5960,Capital,Inner City,D1,0.94,2690,Ward 50
Weslington North,E7,,E7_036,"POLYGON ((3286.0735 1203.5039, 3286.1101 1206.3217, 3282 1206.2755, 3282 1203.0441, 3283.928 1202.9744, 3283.9558 1203.5832, 3286.0735 1203.5039))",0.191878,12890,Capital,Inner City,D1,0.95,2189,Ward 45
Weslington North,E7,,E7_037,"POLYGON ((3289.7499 1198.081, 3289.8108 1203.4041, 3289.7859 1206.7977, 3289.7933 1209.608, 3282 1209.5069, 3282 1206.2755, 3286.1101 1206.3217, 3286.0735 1203.5039, 3286.1101 1201.0886, 3282 1201.0778, 3282 1197.2477, 3284.5275 1197.2296, 3289.7499 1198.081))",1.128262,4355,Capital,Inner City,D2,0.85,3921,Ward 45
Weslington North,E7,,E7_038,"POLYGON ((3293.7949 1198.0344, 3293.7949 1201.081, 3293.5481 1203.3044, 3293.5661 1206.7935, 3289.7859 1206.7977, 3289.8108 1203.4041, 3289.7499 1198.081, 3293.7949 1198.0344))",0.528581,6365,Capital,Inner City,F2,0.92,3300,Ward 50
Weslington North,E8,,E8_001,"POLYGON ((3286.0271 1158.307, 3286.036 1161.9674, 3278.1307 1161.932, 3277.9824 1157.9609, 3277.9311 1156.1085, 3282.0406 1156.0528, 3281.9748 1158.4319, 3286.0271 1158.307))",0.588906,16165,Capital,Outer City,F2,0.89,8605,Ward 32
Weslington North,E8,,E8_002,"POLYGON ((3277.5273 1163.6627, 3282.0929 1163.6384, 3282.0813 1165.2079, 3282 1169, 3277.5933 1169, 3277.5273 1163.6627))",0.374689,17155,Capital,Outer City,F2,0.95,5867,Ward 33
Weslington North,E8,,E8_003,"POLYGON ((3277.5273 1163.6627, 3278.1307 1161.932, 3286.036 1161.9674, 3285.9966 1165.2079, 3282.0813 1165.2079, 3282.0929 1163.6384, 3277.5273 1163.6627))",0.312447,10650,Capital,Outer City,D1,0.95,3067,Ward 32
Weslington North,E8,,E8_004,"POLYGON ((3282.0813 1165.2079, 3282 1169, 3289.5358 1169, 3293 1169, 3293 1165.3593, 3289.0971 1165.2834, 3285.9966 1165.2079, 3282.0813 1165.2079))",0.639013,8615,Capital,Outer City,F1,0.97,5469,Ward 32
Weslington North,E8,,E8_005,"POLYGON ((3289.3187 1162.0743, 3286.036 1161.9674, 3285.9966 1165.2079, 3289.0971 1165.2834, 3293 1165.3593, 3293 1160.2953, 3291.349 1160.2698, 3289.3187 1162.0743))",0.427236,12015,Capital,Outer City,F1,0.97,5308,Ward 31
Weslington North,E8,,E8_006,"POLYGON ((3291.3968 1156.0602, 3289.4444 1156.077, 3289.351 1158.2492, 3286.0271 1158.307, 3286.036 1161.9674, 3289.3187 1162.0743, 3291.349 1160.2698, 3291.3968 1156.0602))",0.352104,13735,Capital,Outer City,F2,0.99,4431,Ward 31
Weslington North,E8,,E8_007,"POLYGON ((3293 1156.0644, 3291.3968 1156.0602, 3291.349 1160.2698, 3293 1160.2953, 3293 1158, 3293 1156.0644))",0.107031,19390,Capital,Outer City,F2,0.93,1923,Ward 31
Weslington North,E8,,E8_008,"POLYGON ((3282.0406 1156.0528, 3287.2668 1156.0045, 3289.4444 1156.077, 3289.351 1158.2492, 3286.0271 1158.307, 3281.9748 1158.4319, 3282.0406 1156.0528))",0.264375,16435,Capital,Outer City,F2,0.95,4504,Ward 32
Weslington North,E8,,E8_009,"POLYGON ((3291.3968 1156.0602, 3289.4444 1156.077, 3289.4123 1154.9563, 3289.4694 1151.4756, 3289.4304 1149.9964, 3293 1149.9334, 3293 1156.0644, 3291.3968 1156.0602))",0.338448,14200,Capital,Outer City,F1,0.93,4630,Ward 31
Weslington North,E8,,E8_010,"POLYGON ((3287.2093 1151.4756, 3289.4694 1151.4756, 3289.4123 1154.9563, 3289.4444 1156.077, 3287.2668 1156.0045, 3287.2093 1151.4756))",0.156498,15135,Capital,Outer City,F2,0.9,1954,Ward 31
Weslington North,E8,,E8_011,"POLYGON ((3293 1147, 3287.1876 1147, 3287.2093 1151.4756, 3289.4694 1151.4756, 3289.4304 1149.9964, 3293 1149.9334, 3293 1147))",0.321098,18745,Capital,Outer City,E2,0.9,5473,Ward 31
Weslington North,E8,,E8_012,"POLYGON ((3282.0406 1156.0528, 3281.9876 1151.5145, 3287.2093 1151.4756, 3287.2668 1156.0045, 3282.0406 1156.0528))",0.369166,15235,Capital,Outer City,F2,0.95,5485,Ward 30
Weslington North,E8,,E8_013,"POLYGON ((3277.7646 1147, 3277.7781 1149.1278, 3279.876 1149.2561, 3279.7837 1151.61, 3281.9876 1151.5145, 3287.2093 1151.4756, 3287.1876 1147, 3282 1147, 3277.7646 1147))",0.588745,12665,Capital,Outer City,E2,0.99,7370,Ward 30
Weslington North,E8,,E8_014,"POLYGON ((3277.9311 1156.1085, 3277.9368 1154.5391, 3279.7826 1154.5225, 3279.7837 1151.61, 3281.9876 1151.5145, 3282.0406 1156.0528, 3277.9311 1156.1085))",0.201811,18395,Capital,Outer City,F2,0.88,3204,Ward 30
Weslington North,E8,,E8_015,"POLYGON ((3277.9368 1154.5391, 3279.7826 1154.5225, 3279.7837 1151.61, 3279.876 1149.2561, 3277.7781 1149.1278, 3277.7646 1147, 3271 1147, 3271 1148.816, 3271 1154.539, 3274.794 1154.5391, 3277.9368 1154.5391))",0.9649,5835,Capital,Outer City,F1,0.92,4918,Ward 30
Weslington North,E8,,E8_016,"POLYGON ((3277.9311 1156.1085, 3277.9368 1154.5391, 3274.794 1154.5391, 3271 1154.539, 3271 1158, 3274.8306 1157.9595, 3274.8306 1156.1069, 3277.9311 1156.1085))",0.281294,16040,Capital,Outer City,F1,0.93,4325,Ward 30
Weslington North,E8,,E8_017,"POLYGON ((3274.8306 1156.1069, 3277.9311 1156.1085, 3277.9824 1157.9609, 3274.8306 1157.9595, 3274.8306 1156.1069))",0.090261,21735,Capital,Outer City,F1,0.99,2051,Ward 33
Weslington North,E8,,E8_018,"POLYGON ((3274.8286 1161.9458, 3274.8306 1157.9595, 3271 1158, 3271 1163.6956, 3275.6467 1163.6537, 3274.8286 1161.9458))",0.351047,18000,Capital,Outer City,F1,0.9,5701,Ward 33
Weslington North,E8,,E8_019,"POLYGON ((3277.9824 1157.9609, 3278.1307 1161.932, 3277.5273 1163.6627, 3275.6467 1163.6537, 3274.8286 1161.9458, 3274.8306 1157.9595, 3277.9824 1157.9609))",0.269561,20310,Capital,Outer City,F1,0.9,4865,Ward 33
Weslington North,E8,,E8_020,"POLYGON ((3277.5933 1169, 3273.1008 1169, 3271 1169, 3271 1166.2358, 3271 1163.6956, 3275.6467 1163.6537, 3277.5273 1163.6627, 3277.5933 1169))",0.545,7215,Capital,Outer City,F2,0.94,3900,Ward 33
Weslington North,E9,,E9_001,"POLYGON ((3258.4728 1194.3218, 3261.4884 1194.9981, 3260.5998 1198.3237, 3258.9951 1204.2966, 3256.6048 1203.5811, 3257.2655 1200.3881, 3257.9261 1197.195, 3258.4728 1194.3218))",0.412401,7700,Capital,Inner City,D2,1,3100,Ward 44
Weslington North,E9,,E9_002,"POLYGON ((3251.3255 1216.6174, 3253.2696 1212.2569, 3254.3059 1212.2537, 3255.8404 1216.2231, 3251.3255 1216.6174))",0.179544,12670,Capital,Inner City,D2,0.93,1975,Ward 36
Weslington North,E9,,E9_003,"POLYGON ((3256.6048 1203.5811, 3258.9951 1204.2966, 3257.5836 1211, 3255.3109 1210.9759, 3255.2652 1212.208, 3254.3059 1212.2537, 3254.4099 1209.3666, 3254.8486 1208.1981, 3255.3361 1206.5579, 3256.6048 1203.5811))",0.367988,8220,Capital,Inner City,E1,0.93,2702,Ward 38
Weslington North,E9,,E9_004,"POLYGON ((3255.8404 1216.2231, 3257.2997 1219.3581, 3249.9297 1220.0506, 3251.3255 1216.6174, 3255.8404 1216.2231))",0.304439,9180,Capital,Inner City,C2,0.9,2490,Ward 36
Weslington North,E9,,E9_005,"POLYGON ((3259.2938 1223, 3249.0482 1223, 3249.2293 1222.4925, 3249.9297 1220.0506, 3257.2997 1219.3581, 3259.2938 1223))",0.454748,7285,Capital,Inner City,C1,0.98,3328,Ward 36
Weslington North,E9,,E9_006,"POLYGON ((3254.3059 1212.2537, 3255.2652 1212.208, 3255.3109 1210.9759, 3257.5836 1211, 3257.3641 1216.1014, 3257.2997 1219.3581, 3255.8404 1216.2231, 3254.3059 1212.2537))",0.228985,10895,Capital,Inner City,D1,0.91,2343,Ward 43
Weslington North,E9,,E9_007,"POLYGON ((3258.9951 1204.2966, 3262.438 1204.2951, 3261.2172 1211.9348, 3257.5836 1211, 3258.9951 1204.2966))",0.405064,7775,Capital,Inner City,D1,0.97,2927,Ward 43
Weslington North,E9,,E9_008,"POLYGON ((3257.2997 1219.3581, 3257.3641 1216.1014, 3257.5836 1211, 3261.2172 1211.9348, 3264.0205 1212.6259, 3265.6372 1212.7627, 3262.1181 1218.7194, 3257.2997 1219.3581))",0.723162,5655,Capital,Inner City,D1,0.94,3729,Ward 43
Weslington North,E9,,E9_009,"POLYGON ((3262.438 1204.2951, 3258.9951 1204.2966, 3260.5998 1198.3237, 3263.5428 1199.0912, 3262.438 1204.2951))",0.286196,9525,Capital,Inner City,D1,0.93,2575,Ward 44
Weslington North,E9,,E9_010,"POLYGON ((3265.6372 1212.7627, 3267.5274 1212.6259, 3271.529 1213.5307, 3272.9199 1223, 3259.2938 1223, 3257.2997 1219.3581, 3262.1181 1218.7194, 3265.6372 1212.7627))",1.664097,3430,Capital,Inner City,D2,0.95,5278,Ward 43
Weslington North,E9,,E9_011,"POLYGON ((3262.438 1204.2951, 3265.8809 1204.2936, 3265.6372 1212.7627, 3264.0205 1212.6259, 3261.2172 1211.9348, 3262.438 1204.2951))",0.503973,6875,Capital,Inner City,D1,0.91,3023,Ward 43
Weslington North,E9,,E9_012,"POLYGON ((3271.4111 1206.5476, 3271.529 1213.5307, 3267.5274 1212.6259, 3265.6372 1212.7627, 3265.8809 1204.2936, 3268.6545 1204.1914, 3271.4111 1206.5476))",0.724725,5650,Capital,Inner City,C2,0.9,3630,Ward 43
Weslington North,E9,,E9_013,"POLYGON ((3271.529 1213.5307, 3272.9199 1223, 3282 1223, 3282 1215.9697, 3271.529 1213.5307))",1.243736,4185,Capital,Inner City,E2,0.91,4810,Ward 46
Weslington North,E9,,E9_014,"POLYGON ((3263.5428 1199.0912, 3266.4858 1199.8586, 3265.8809 1204.2936, 3262.438 1204.2951, 3263.5428 1199.0912))",0.244944,10460,Capital,Inner City,D1,0.88,2247,Ward 44
Weslington North,E9,,E9_015,"POLYGON ((3271.4111 1206.5476, 3271.529 1213.5307, 3282 1215.9697, 3282 1212.7383, 3282 1209.5069, 3272.991 1207.4757, 3271.4111 1206.5476))",1.060739,4530,Capital,Inner City,C1,0.9,4052,Ward 46
Weslington North,E9,,E9_016,"POLYGON ((3271.4469 1199.1654, 3266.4858 1199.8586, 3265.8809 1204.2936, 3268.6545 1204.1914, 3271.4111 1206.5476, 3271.4469 1201.9309, 3271.4469 1199.1654))",0.434624,7470,Capital,Inner City,C1,0.94,3163,Ward 44
Weslington North,E9,,E9_017,"POLYGON ((3276.0424 1203.1661, 3277.9414 1203.1661, 3277.999 1206.2127, 3282 1206.2755, 3282 1209.5069, 3272.991 1207.4757, 3271.4111 1206.5476, 3276.0424 1203.1661))",0.527074,6710,Capital,Inner City,E2,0.98,3382,Ward 45
Weslington North,E9,,E9_018,"POLYGON ((3282 1203.0441, 3282 1206.2755, 3277.999 1206.2127, 3277.9414 1203.1661, 3282 1203.0441))",0.197169,11945,Capital,Inner City,D2,0.91,2106,Ward 45
Weslington North,E9,,E9_019,"POLYGON ((3271.4111 1206.5476, 3271.4469 1201.9309, 3271.4469 1199.1654, 3276.1 1199.1997, 3276.0424 1200.9242, 3276.0424 1203.1661, 3271.4111 1206.5476))",0.407559,7750,Capital,Inner City,D1,0.88,2786,Ward 45
Weslington North,E9,,E9_020,"POLYGON ((3282 1197.2477, 3278.5744 1197.3027, 3276.1 1199.1997, 3276.0424 1200.9242, 3276.0424 1203.1661, 3277.9414 1203.1661, 3282 1203.0441, 3282 1201.0778, 3282 1197.2477))",0.503,6885,Capital,Inner City,D1,0.88,2824,Ward 45
Weslington North,E9,,E9_021,"POLYGON ((3260.5998 1198.3237, 3261.4884 1194.9981, 3271.3734 1194.719, 3271.4469 1199.1654, 3266.4858 1199.8586, 3263.5428 1199.0912, 3260.5998 1198.3237))",0.720771,5665,Capital,Inner City,C2,0.98,3693,Ward 44
Weslington North,E9,,E9_022,"POLYGON ((3278.5525 1192.5687, 3278.5744 1197.3027, 3276.1 1199.1997, 3271.4469 1199.1654, 3271.3734 1194.719, 3274.4968 1194.5832, 3278.5525 1192.5687))",0.537967,6635,Capital,Inner City,C2,0.91,3309,Ward 44
Weslington North,E9,,E9_023,"POLYGON ((3282 1192.6861, 3282 1197.2477, 3278.5744 1197.3027, 3278.5525 1192.5687, 3282 1192.6861))",0.248941,10355,Capital,Inner City,D1,1,2695,Ward 45
Weslington North,E9,,E9_024,"POLYGON ((3278.5525 1192.5687, 3274.4968 1194.5832, 3271.3734 1194.719, 3269.7565 1190.7511, 3268.9591 1188.1021, 3272.5867 1186.3588, 3274.8439 1190.4172, 3278.5525 1192.5687))",0.64127,6030,Capital,Inner City,E2,0.99,3696,Ward 44
Weslington North,E9,,E9_025,"POLYGON ((3272.5867 1186.3588, 3274.6734 1184.0881, 3278.504 1179.9291, 3279.0667 1179.051, 3282 1179.0012, 3282 1192.6861, 3278.5525 1192.5687, 3274.8439 1190.4172, 3272.5867 1186.3588))",1.397113,3955,Capital,Inner City,F1,0.97,5606,Ward 42
Weslington North,E9,,E9_026,"POLYGON ((3264.4745 1190.8037, 3269.7565 1190.7511, 3271.3734 1194.719, 3261.4884 1194.9981, 3262.3367 1192.3132, 3263.4106 1192.3535, 3264.4745 1190.8037))",0.502055,6890,Capital,Inner City,C2,0.89,3168,Ward 44
Weslington North,E9,,E9_027,"POLYGON ((3275.459 1173.8628, 3275.4172 1173.0757, 3273.1045 1172.9851, 3276.6072 1176.6666, 3279.0667 1179.051, 3282 1179.0012, 3282 1174.0006, 3277.5922 1173.9394, 3275.459 1173.8628))",0.463439,7205,Capital,Inner City,D2,0.86,3203,Ward 42
Weslington North,E9,,E9_028,"POLYGON ((3274.6734 1184.0881, 3278.504 1179.9291, 3279.0667 1179.051, 3272.6072 1179.2192, 3272.6211 1179.9093, 3270.4773 1179.9438, 3267.8236 1183.394, 3272.5867 1186.3588, 3274.6734 1184.0881))",0.667755,5900,Capital,Inner City,E2,0.96,3731,Ward 42
Weslington North,E9,,E9_029,"POLYGON ((3269.7565 1190.7511, 3268.9591 1188.1021, 3265.7416 1188.1461, 3264.6348 1189.987, 3263.9767 1189.523, 3262.2523 1190.8133, 3262.3367 1192.3132, 3263.4106 1192.3535, 3264.4745 1190.8037, 3269.7565 1190.7511))",0.246583,10415,Capital,Inner City,C1,0.88,2326,Ward 44
Weslington North,E9,,E9_030,"POLYGON ((3272.5867 1186.3588, 3267.8236 1183.394, 3265.5161 1186.0057, 3266.682 1186.8891, 3265.7416 1188.1461, 3268.9591 1188.1021, 3272.5867 1186.3588))",0.292148,9410,Capital,Inner City,A2,0.87,2312,Ward 42
Weslington North,E9,,E9_031,"POLYGON ((3277.5933 1169, 3282 1169, 3282 1174.0006, 3277.5922 1173.9394, 3277.5933 1169))",0.341397,10085,Capital,Inner City,F1,0.98,3246,Ward 35
Weslington North,E9,,E9_032,"POLYGON ((3273.1045 1172.9851, 3276.6072 1176.6666, 3279.0667 1179.051, 3272.6072 1179.2192, 3272.6211 1179.9093, 3270.4773 1179.9438, 3272.8347 1177.103, 3273.1045 1172.9851))",0.350211,8455,Capital,Inner City,D1,0.96,2797,Ward 42
Weslington North,E9,,E9_033,"POLYGON ((3273.1045 1172.9851, 3273.1008 1169, 3277.5933 1169, 3277.5922 1173.9394, 3275.459 1173.8628, 3275.4172 1173.0757, 3273.1045 1172.9851))",0.3113,11060,Capital,Inner City,E2,0.97,3156,Ward 35
Weslington North,E9,,E9_034,"POLYGON ((3270.4773 1179.9438, 3267.469 1179.9093, 3270.2432 1176.6036, 3273.1045 1172.9851, 3272.8347 1177.103, 3270.4773 1179.9438))",0.229003,10895,Capital,Inner City,E1,0.89,2262,Ward 42
Weslington North,E9,,E9_035,"POLYGON ((3265.5955 1181.9743, 3267.469 1179.9093, 3270.4773 1179.9438, 3267.8236 1183.394, 3265.5955 1181.9743))",0.138183,14970,Capital,Inner City,D1,0.87,1926,Ward 42
Weslington North,E9,,E9_036,"POLYGON ((3268.9779 1172.9851, 3273.1045 1172.9851, 3270.2432 1176.6036, 3269.0198 1176.6562, 3268.9779 1172.9851))",0.151383,14115,Capital,Inner City,D2,0.95,2054,Ward 35
Weslington North,E9,,E9_037,"POLYGON ((3265.7416 1188.1461, 3264.6348 1189.987, 3263.9767 1189.523, 3262.2523 1190.8133, 3261.9231 1188.8918, 3265.7416 1188.1461))",0.073292,22890,Capital,Inner City,D1,0.95,1573,Ward 42
Weslington North,E9,,E9_038,"POLYGON ((3267.8236 1183.394, 3265.5161 1186.0057, 3263.4142 1184.6908, 3265.5955 1181.9743, 3267.8236 1183.394))",0.137726,15005,Capital,Inner City,D2,0.97,1923,Ward 42
Weslington North,E9,,E9_039,"POLYGON ((3268.9779 1172.9851, 3268.9388 1168.9829, 3268.9436 1166.2528, 3271 1166.2358, 3271 1169, 3273.1008 1169, 3273.1045 1172.9851, 3268.9779 1172.9851))",0.345831,10020,Capital,Inner City,F2,0.92,3385,Ward 35
Weslington North,E9,,E9_040,"POLYGON ((3263.4142 1184.6908, 3261.3834 1187.3355, 3261.9231 1188.8918, 3265.7416 1188.1461, 3266.682 1186.8891, 3265.5161 1186.0057, 3263.4142 1184.6908))",0.202744,11745,Capital,Inner City,A2,0.94,2324,Ward 42
Weslington North,E9,,E9_041,"POLYGON ((3267.469 1179.9093, 3265.5955 1181.9743, 3263.1028 1180.0255, 3267.469 1179.9093))",0.068567,23970,Capital,Inner City,F1,0.96,1525,Ward 41
Weslington North,E9,,E9_042,"POLYGON ((3270.2432 1176.6036, 3267.469 1179.9093, 3263.1028 1180.0255, 3261.836 1176.6434, 3269.0198 1176.6562, 3270.2432 1176.6036))",0.328879,8770,Capital,Inner City,E2,0.95,2911,Ward 35
Weslington North,E9,,E9_043,"POLYGON ((3268.9779 1172.9851, 3269.0198 1176.6562, 3261.836 1176.6434, 3261.8242 1175.3908, 3264.6224 1175.296, 3264.6179 1172.9854, 3268.9779 1172.9851))",0.306902,16135,Capital,Inner City,E2,0.87,4406,Ward 35
Weslington North,E9,,E9_044,"POLYGON ((3271 1163.6956, 3263.1807 1163.5697, 3268.9436 1166.2528, 3271 1166.2358, 3271 1163.6956))",0.198551,14895,Capital,Inner City,E2,0.91,2881,Ward 34
Weslington North,E9,,E9_045,"POLYGON ((3268.9779 1172.9851, 3264.6179 1172.9854, 3264.5734 1171.5691, 3263.2346 1171.6478, 3263.1649 1169.0126, 3268.9388 1168.9829, 3268.9779 1172.9851))",0.327959,15535,Capital,Inner City,D2,0.88,4689,Ward 34
Weslington North,E9,,E9_046,"POLYGON ((3263.1807 1163.5697, 3263.2476 1160.5983, 3264.3617 1158, 3271 1158, 3271 1163.6956, 3263.1807 1163.5697))",0.659643,7440,Capital,Inner City,E1,0.86,3798,Ward 34
Weslington North,E9,,E9_047,"POLYGON ((3263.1649 1169.0126, 3263.1707 1166.1255, 3263.1807 1163.5697, 3268.9436 1166.2528, 3268.9388 1168.9829, 3263.1649 1169.0126))",0.367725,9720,Capital,Inner City,D2,0.87,2952,Ward 34
Weslington North,E9,,E9_048,"POLYGON ((3261.3834 1187.3355, 3260.1144 1190.0921, 3260.8552 1190.392, 3262.2523 1190.8133, 3261.9231 1188.8918, 3261.3834 1187.3355))",0.057981,26970,Capital,Inner City,D1,0.97,1537,Ward 41
Weslington North,E9,,E9_049,"POLYGON ((3262.2523 1190.8133, 3262.3367 1192.3132, 3259.4742 1192.1297, 3260.1144 1190.0921, 3260.8552 1190.392, 3262.2523 1190.8133))",0.070051,23610,Capital,Inner City,D1,0.96,1575,Ward 41
Weslington North,E9,,E9_050,"POLYGON ((3260 1180, 3263.1028 1180.0255, 3265.5955 1181.9743, 3263.4142 1184.6908, 3261.3834 1187.3355, 3259.6285 1184.7028, 3260 1180))",0.415184,7670,Capital,Inner City,D2,0.96,2984,Ward 41
Weslington North,E9,,E9_051,"POLYGON ((3260 1176.6857, 3260 1171.7449, 3263.2346 1171.6478, 3264.5734 1171.5691, 3264.6179 1172.9854, 3264.6224 1175.296, 3261.8242 1175.3908, 3261.836 1176.6434, 3260 1176.6857))",0.301693,9230,Capital,Inner City,E2,1,2660,Ward 35
Weslington North,E9,,E9_052,"POLYGON ((3263.1028 1180.0255, 3260 1180, 3260 1176.6857, 3261.836 1176.6434, 3263.1028 1180.0255))",0.128949,15660,Capital,Inner City,F1,0.93,1649,Ward 35
Weslington North,E9,,E9_053,"POLYGON ((3260 1171.7449, 3260 1166.1349, 3263.1707 1166.1255, 3263.1649 1169.0126, 3263.2346 1171.6478, 3260 1171.7449))",0.276182,9725,Capital,Inner City,D2,0.86,2214,Ward 34
Weslington North,E9,,E9_054,"POLYGON ((3263.1807 1163.5697, 3260 1161.7595, 3260 1158, 3264.3617 1158, 3263.2476 1160.5983, 3263.1807 1163.5697))",0.258062,13130,Capital,Inner City,D1,1,3457,Ward 34
Weslington North,E9,,E9_055,"POLYGON ((3260 1166.1349, 3260 1161.7595, 3263.1807 1163.5697, 3263.1707 1166.1255, 3260 1166.1349))",0.171605,16035,Capital,Inner City,D1,0.95,2769,Ward 34
Weslington North,E9,,E9_056,"POLYGON ((3260.1144 1190.0921, 3257.9764 1189.3708, 3259.6285 1184.7028, 3261.3834 1187.3355, 3260.1144 1190.0921))",0.150797,14150,Capital,Inner City,C1,0.88,1877,Ward 41
Weslington North,E9,,E9_057,"POLYGON ((3260 1180, 3256.8658 1180, 3252.2551 1180, 3251.3598 1185.1006, 3254.3316 1184.9429, 3255.2465 1189.1083, 3257.9764 1189.3708, 3259.6285 1184.7028, 3260 1180))",0.885132,4965,Capital,Inner City,C1,0.91,3839,Ward 41
Weslington North,E9,,E9_058,"POLYGON ((3255.2903 1191.9611, 3255.6408 1194.2673, 3258.4728 1194.3218, 3261.4884 1194.9981, 3262.3367 1192.3132, 3259.4742 1192.1297, 3255.2903 1191.9611))",0.241438,10550,Capital,Inner City,D1,0.96,2521,Ward 41
Weslington North,E9,,E9_059,"POLYGON ((3259.4742 1192.1297, 3255.2903 1191.9611, 3254.9922 1189.7012, 3255.2465 1189.1083, 3257.9764 1189.3708, 3260.1144 1190.0921, 3259.4742 1192.1297))",0.191992,12145,Capital,Inner City,F2,0.91,2045,Ward 41
Weslington North,E9,,E9_060,"POLYGON ((3251.3598 1185.1006, 3254.3316 1184.9429, 3255.2465 1189.1083, 3249.8239 1188.7076, 3249.2196 1188.6182, 3249.2369 1186.8075, 3251.4116 1186.9627, 3251.3598 1185.1006))",0.271101,9835,Capital,Inner City,F2,0.96,2592,Ward 41
Weslington North,E9,,E9_061,"POLYGON ((3245.1966 1184.9798, 3251.3598 1185.1006, 3252.2551 1180, 3245.2203 1180, 3245.1966 1184.9798))",0.518828,6770,Capital,Inner City,C1,0.86,3011,Ward 39
Weslington North,E9,,E9_062,"POLYGON ((3249.8239 1188.7076, 3255.2465 1189.1083, 3254.9922 1189.7012, 3255.2903 1191.9611, 3250.589 1191.6547, 3249.8239 1188.7076))",0.220709,11145,Capital,Inner City,D2,0.92,2196,Ward 41
Weslington North,E9,,E9_063,"POLYGON ((3243.8825 1188.0139, 3245.1966 1184.9798, 3251.3598 1185.1006, 3251.4116 1186.9627, 3249.2369 1186.8075, 3249.2196 1188.6182, 3248.6153 1188.5287, 3243.8825 1188.0139))",0.30424,9185,Capital,Inner City,F2,0.89,2613,Ward 39
Weslington North,E9,,E9_064,"POLYGON ((3239.152 1180, 3245.2203 1180, 3245.1966 1184.9798, 3243.8825 1188.0139, 3242.4288 1187.7862, 3239.088 1186.9109, 3239.152 1180))",0.69217,5785,Capital,Inner City,F1,0.86,3278,Ward 39
Weslington North,E9,,E9_065,"POLYGON ((3235 1180, 3235 1186.4326, 3239.088 1186.9109, 3239.152 1180, 3235 1180))",0.428541,7535,Capital,Inner City,F1,0.98,3257,Ward 39
Weslington North,E9,,E9_066,"POLYGON ((3257.9261 1197.195, 3258.4728 1194.3218, 3255.6408 1194.2673, 3255.7689 1195.7031, 3256.9546 1195.7841, 3257.9261 1197.195))",0.073867,22760,Capital,Inner City,D2,0.97,1584,Ward 40
Weslington North,E9,,E9_067,"POLYGON ((3250.589 1191.6547, 3255.2903 1191.9611, 3255.6408 1194.2673, 3250.4697 1194.1264, 3250.589 1191.6547))",0.183392,12500,Capital,Inner City,D2,0.99,2363,Ward 41
Weslington North,E9,,E9_068,"POLYGON ((3249.2196 1188.6182, 3249.2383 1194.1737, 3250.4697 1194.1264, 3250.589 1191.6547, 3249.8239 1188.7076, 3249.2196 1188.6182))",0.095865,19055,Capital,Inner City,D1,0.86,1521,Ward 39
Weslington North,E9,,E9_069,"POLYGON ((3247.2203 1191.5355, 3243.072 1191.3446, 3243.8825 1188.0139, 3248.6153 1188.5287, 3247.2203 1191.5355))",0.225375,11000,Capital,Inner City,D1,0.95,2339,Ward 39
Weslington North,E9,,E9_070,"POLYGON ((3249.2383 1194.1737, 3247.3097 1194.186, 3247.2203 1191.5355, 3248.6153 1188.5287, 3249.2196 1188.6182, 3249.2383 1194.1737))",0.14196,14710,Capital,Inner City,D1,0.9,1837,Ward 39
Weslington North,E9,,E9_071,"POLYGON ((3242.4288 1187.7862, 3243.8825 1188.0139, 3243.072 1191.3446, 3239.036 1191.4365, 3239.088 1186.9109, 3242.4288 1187.7862))",0.26973,9865,Capital,Inner City,F1,0.88,2412,Ward 39
Weslington North,E9,,E9_072,"POLYGON ((3239.036 1191.4365, 3235 1191.5283, 3235 1186.4326, 3239.088 1186.9109, 3239.036 1191.4365))",0.304642,9175,Capital,Inner City,F2,0.96,2838,Ward 39
Weslington North,E9,,E9_073,"POLYGON ((3247.3097 1194.186, 3243.2391 1194.1735, 3243.072 1191.3446, 3247.2203 1191.5355, 3247.3097 1194.186))",0.175274,12860,Capital,Inner City,C2,0.9,2179,Ward 39
Weslington North,E9,,E9_074,"POLYGON ((3256.9546 1195.7841, 3257.9261 1197.195, 3253.3158 1197.0622, 3250.4134 1195.7209, 3250.4697 1194.1264, 3255.6408 1194.2673, 3255.7689 1195.7031, 3256.9546 1195.7841))",0.244434,10470,Capital,Inner City,D2,0.99,2411,Ward 40
Weslington North,E9,,E9_075,"POLYGON ((3247.3097 1194.186, 3249.2383 1194.1737, 3250.4697 1194.1264, 3250.4134 1195.7209, 3247.4175 1195.7209, 3247.3097 1194.186))",0.074482,22635,Capital,Inner City,E1,0.93,1608,Ward 40
Weslington North,E9,,E9_076,"POLYGON ((3239.3673 1199.1849, 3239.036 1191.4365, 3243.072 1191.3446, 3243.2391 1194.1735, 3243.2571 1196.5579, 3243.2775 1199.2704, 3241.3224 1199.2277, 3239.3673 1199.1849))",0.491118,6975,Capital,Inner City,D1,0.91,3086,Ward 37
Weslington North,E9,,E9_077,"POLYGON ((3247.4175 1195.7209, 3247.4175 1197.4767, 3244.7012 1197.5565, 3244.7331 1199.3061, 3243.2775 1199.2704, 3243.2571 1196.5579, 3243.2391 1194.1735, 3247.3097 1194.186, 3247.4175 1195.7209))",0.255273,10200,Capital,Inner City,C2,0.87,2408,Ward 40
Weslington North,E9,,E9_078,"POLYGON ((3239.4387 1204.2883, 3235 1204.0381, 3235 1191.5283, 3239.036 1191.4365, 3239.3673 1199.1849, 3239.4387 1204.2883))",0.846099,5085,Capital,Inner City,E2,0.9,3629,Ward 37
Weslington North,E9,,E9_079,"POLYGON ((3250.4134 1195.7209, 3249.2663 1199.4586, 3248.7939 1199.4269, 3247.4425 1199.3827, 3246.1887 1199.3417, 3244.7331 1199.3061, 3244.7012 1197.5565, 3247.4175 1197.4767, 3247.4175 1195.7209, 3250.4134 1195.7209))",0.216633,11270,Capital,Inner City,E1,0.9,2195,Ward 40
Weslington North,E9,,E9_080,"POLYGON ((3249.2663 1199.4586, 3252.2187 1199.6566, 3252.5087 1199.676, 3253.3158 1197.0622, 3250.4134 1195.7209, 3249.2663 1199.4586))",0.163945,13420,Capital,Inner City,F1,0.87,2041,Ward 40
Weslington North,E9,,E9_081,"POLYGON ((3241.3438 1204.3025, 3239.4387 1204.2883, 3239.3673 1199.1849, 3241.3224 1199.2277, 3241.3438 1204.3025))",0.153073,14015,Capital,Inner City,F2,0.94,2081,Ward 37
Weslington North,E9,,E9_082,"POLYGON ((3241.3224 1199.2277, 3243.2775 1199.2704, 3243.2489 1204.3168, 3241.3438 1204.3025, 3241.3224 1199.2277))",0.152237,14065,Capital,Inner City,F2,0.99,2015,Ward 37
Weslington North,E9,,E9_083,"POLYGON ((3246.3311 1202.3048, 3244.8472 1202.3353, 3244.7331 1199.3061, 3246.1887 1199.3417, 3247.4425 1199.3827, 3248.7939 1199.4269, 3249.2663 1199.4586, 3248.2963 1202.305, 3246.3311 1202.3048))",0.183489,12495,Capital,Inner City,A2,0.86,1932,Ward 40
Weslington North,E9,,E9_084,"POLYGON ((3244.7331 1199.3061, 3243.2775 1199.2704, 3243.2489 1204.3168, 3244.8207 1204.3456, 3244.8207 1204.3456, 3246.2923 1204.3816, 3246.3281 1202.4661, 3246.3311 1202.3048, 3244.8472 1202.3353, 3244.7331 1199.3061))",0.168443,13190,Capital,Inner City,D1,0.97,2080,Ward 40
Weslington North,E9,,E9_085,"POLYGON ((3257.9261 1197.195, 3257.2655 1200.3881, 3252.5087 1199.676, 3253.3158 1197.0622, 3257.9261 1197.195))",0.216778,11265,Capital,Inner City,E2,0.99,2620,Ward 40
Weslington North,E9,,E9_086,"POLYGON ((3239.4387 1204.2883, 3239.5108 1206.1261, 3239.5517 1207.9567, 3235 1207.9977, 3235 1204.0381, 3239.4387 1204.2883))",0.267568,9915,Capital,Inner City,D2,0.97,2769,Ward 37
Weslington North,E9,,E9_087,"POLYGON ((3241.498 1207.9031, 3239.5517 1207.9567, 3239.5108 1206.1261, 3239.4387 1204.2883, 3241.3438 1204.3025, 3241.498 1207.9031))",0.108684,17520,Capital,Inner City,F1,0.94,1699,Ward 37
Weslington North,E9,,E9_088,"POLYGON ((3241.3438 1204.3025, 3243.2489 1204.3168, 3243.3967 1206.0796, 3243.4443 1207.8495, 3241.498 1207.9031, 3241.3438 1204.3025))",0.108488,17545,Capital,Inner City,A2,0.9,1646,Ward 37
Weslington North,E9,,E9_089,"POLYGON ((3246.3311 1202.3048, 3246.3281 1202.4661, 3246.2923 1204.3816, 3249.8108 1204.3648, 3248.2963 1202.305, 3246.3311 1202.3048))",0.088483,20115,Capital,Inner City,A2,0.98,1808,Ward 40
Weslington North,E9,,E9_090,"POLYGON ((3249.8108 1204.3648, 3252.8839 1204.5811, 3252.5087 1199.676, 3252.2187 1199.6566, 3249.2663 1199.4586, 3248.7939 1199.4269, 3249.2663 1199.4586, 3248.2963 1202.305, 3249.8108 1204.3648))",0.28905,9470,Capital,Inner City,D1,0.95,2580,Ward 40
Weslington North,E9,,E9_091,"POLYGON ((3243.4443 1207.8495, 3243.3967 1206.0796, 3243.2489 1204.3168, 3244.8207 1204.3456, 3246.2923 1204.3816, 3246.2443 1206.2498, 3246.2222 1207.7775, 3243.4443 1207.8495))",0.155639,13870,Capital,Inner City,D2,0.97,1992,Ward 38
Weslington North,E9,,E9_092,"POLYGON ((3246.2923 1204.3816, 3246.2443 1206.2498, 3249.1696 1206.3456, 3250.7543 1206.3427, 3249.8108 1204.3648, 3249.8108 1204.3648, 3246.2923 1204.3816))",0.121301,16295,Capital,Inner City,D2,0.98,2097,Ward 38
Weslington North,E9,,E9_093,"POLYGON ((3243.6583 1212.012, 3243.5742 1215.1343, 3239.7908 1212.0652, 3239.7476 1211.3226, 3239.5547 1208.0088, 3239.5517 1207.9567, 3241.498 1207.9031, 3243.4443 1207.8495, 3243.6583 1212.012))",0.344445,8540,Capital,Inner City,D2,0.89,2789,Ward 37
Weslington North,E9,,E9_094,"POLYGON ((3239.5547 1208.0088, 3239.5517 1207.9567, 3235 1207.9977, 3235 1223, 3237.9462 1223, 3237.925 1221.2722, 3237.8527 1215.3766, 3237.8127 1212.1134, 3239.7908 1212.0652, 3239.7476 1211.3226, 3239.5547 1208.0088))",0.789105,5270,Capital,Inner City,D2,0.87,3614,Ward 37
Weslington North,E9,,E9_095,"POLYGON ((3243.4443 1207.8495, 3246.2222 1207.7775, 3246.3467 1211.9757, 3243.6583 1212.012, 3243.4443 1207.8495))",0.178221,12730,Capital,Inner City,D1,0.89,2009,Ward 38
Weslington North,E9,,E9_096,"POLYGON ((3246.2443 1206.2498, 3246.2222 1207.7775, 3249.1389 1207.8514, 3250.5989 1207.8984, 3250.7543 1206.3427, 3249.1696 1206.3456, 3246.2443 1206.2498))",0.10544,17885,Capital,Inner City,D2,0.91,1678,Ward 38
Weslington North,E9,,E9_097,"POLYGON ((3243.5742 1215.1343, 3242.3243 1218.1514, 3237.8527 1215.3766, 3237.8127 1212.1134, 3239.7908 1212.0652, 3243.5742 1215.1343))",0.326472,8810,Capital,Inner City,F2,0.87,2489,Ward 36
Weslington North,E9,,E9_098,"POLYGON ((3256.6048 1203.5811, 3254.7739 1203.0331, 3254.0209 1204.8112, 3252.8839 1204.5811, 3252.5087 1199.676, 3257.2655 1200.3881, 3256.6048 1203.5811))",0.254134,10225,Capital,Inner City,D1,0.94,2516,Ward 38
Weslington North,E9,,E9_099,"POLYGON ((3249.1389 1207.8514, 3249.0937 1209.3016, 3246.3467 1211.9757, 3246.2222 1207.7775, 3249.1389 1207.8514))",0.125456,15940,Capital,Inner City,D2,0.97,2132,Ward 38
Weslington North,E9,,E9_100,"POLYGON ((3253.042 1206.4176, 3252.8839 1204.5811, 3249.8108 1204.3648, 3250.7543 1206.3427, 3250.5989 1207.8984, 3252.0589 1207.9454, 3252.0589 1206.3864, 3253.042 1206.4176))",0.112052,17165,Capital,Inner City,D2,0.86,1604,Ward 38
Weslington North,E9,,E9_101,"POLYGON ((3237.8527 1215.3766, 3237.925 1221.2722, 3237.9462 1223, 3241.1011 1223, 3241.2402 1222.1574, 3242.3243 1218.1514, 3237.8527 1215.3766))",0.380065,8065,Capital,Inner City,D2,0.91,2935,Ward 36
Weslington North,E9,,E9_102,"POLYGON ((3253.6507 1209.3328, 3251.9193 1209.2677, 3249.0937 1209.3016, 3249.1389 1207.8514, 3250.5989 1207.8984, 3252.0589 1207.9454, 3252.0589 1206.3864, 3253.042 1206.4176, 3253.6194 1206.5735, 3253.6819 1208.0389, 3253.6507 1209.3328))",0.134916,15205,Capital,Inner City,D1,0.89,1757,Ward 38
Weslington North,E9,,E9_103,"POLYGON ((3253.2696 1212.2569, 3251.3255 1216.6174, 3243.5742 1215.1343, 3243.6583 1212.012, 3246.3467 1211.9757, 3253.2696 1212.2569))",0.527743,6705,Capital,Inner City,D1,0.95,3304,Ward 36
Weslington North,E9,,E9_104,"POLYGON ((3254.4099 1209.3666, 3253.6507 1209.3328, 3251.9193 1209.2677, 3249.0937 1209.3016, 3246.3467 1211.9757, 3253.2696 1212.2569, 3254.3059 1212.2537, 3254.4099 1209.3666))",0.296828,9320,Capital,Inner City,D2,0.9,2545,Ward 38
Weslington North,E9,,E9_105,"POLYGON ((3251.3255 1216.6174, 3249.9297 1220.0506, 3243.5742 1218.0283, 3242.3243 1218.1514, 3243.5742 1215.1343, 3251.3255 1216.6174))",0.395042,7890,Capital,Inner City,E2,0.88,2897,Ward 36
Weslington North,E9,,E9_106,"POLYGON ((3249.9297 1220.0506, 3243.5742 1218.0283, 3242.3243 1218.1514, 3241.2402 1222.1574, 3241.1011 1223, 3249.0482 1223, 3249.2293 1222.4925, 3249.9297 1220.0506))",0.517384,6780,Capital,Inner City,D2,0.87,2939,Ward 36
Weslington North,E9,,E9_107,"POLYGON ((3255.3361 1206.5579, 3256.6048 1203.5811, 3254.7739 1203.0331, 3254.0209 1204.8112, 3252.8839 1204.5811, 3253.042 1206.4176, 3253.6194 1206.5735, 3253.6819 1208.0389, 3253.6507 1209.3328, 3254.4099 1209.3666, 3254.8486 1208.1981, 3255.3361 1206.5579))",0.178262,12725,Capital,Inner City,D1,0.86,1904,Ward 38
Weslington South,E10,,E10_001,"POLYGON ((3246.6724 1156.0815, 3243.7336 1158.7414, 3242.2039 1158.7666, 3243.9839 1160.6484, 3245.1876 1161.9259, 3246.1191 1162.9279, 3249.4455 1163.0861, 3249.7868 1161.2841, 3250.0077 1160.1182, 3246.6724 1156.0815))",0.468255,8550,Capital,Inner City,E1,1,3965,Ward 27
Weslington South,E10,,E10_002,"POLYGON ((3243.8002 1166.0676, 3241.153 1165.4163, 3240.8611 1164.9129, 3240.1212 1167.7913, 3239.4649 1172.026, 3242.0319 1170.8166, 3244.1982 1172.1044, 3247.8731 1167.8627, 3247.9859 1166.1719, 3243.8002 1166.0676))",0.593818,6840,Capital,Inner City,C1,1,3883,Ward 24
Weslington South,E10,,E10_003,"POLYGON ((3242.0789 1175.3793, 3245.1488 1175.288, 3245.8531 1175.2625, 3249.5444 1175.2825, 3244.1982 1172.1044, 3242.0319 1170.8166, 3239.4649 1172.026, 3239.2953 1173.9583, 3239.163 1175.4661, 3242.0789 1175.3793))",0.431333,7825,Capital,Inner City,C1,0.95,3243,Ward 24
Weslington South,E10,,E10_004,"POLYGON ((3245.1488 1175.288, 3245.2203 1180, 3239.152 1180, 3239.163 1175.4661, 3242.0789 1175.3793, 3245.1488 1175.288))",0.434313,7800,Capital,Inner City,D1,0.96,3483,Ward 23
Weslington South,E10,,E10_005,"POLYGON ((3245.8531 1175.2625, 3249.5444 1175.2825, 3253.0688 1175.3015, 3252.6477 1177.8403, 3252.2551 1180, 3245.2203 1180, 3245.1488 1175.288, 3245.8531 1175.2625))",0.550728,7050,Capital,Inner City,D1,0.93,3373,Ward 23
Weslington South,E10,,E10_006,"POLYGON ((3253.7412 1171.7373, 3247.8731 1167.8627, 3244.1982 1172.1044, 3249.5444 1175.2825, 3253.0688 1175.3015, 3253.2658 1174.2571, 3253.4468 1173.2975, 3253.7412 1171.7373))",0.654573,6275,Capital,Inner City,C2,0.85,3654,Ward 23
Weslington South,E10,,E10_007,"POLYGON ((3253.0688 1175.3015, 3252.6477 1177.8403, 3252.2551 1180, 3256.8658 1180, 3255.9536 1176.4462, 3253.0688 1175.3015))",0.239899,8575,Capital,Inner City,C1,0.95,2026,Ward 23
Weslington South,E10,,E10_008,"POLYGON ((3247.8731 1167.8627, 3247.9859 1166.1719, 3253.6904 1166.1883, 3253.7379 1168.5432, 3253.7412 1171.7373, 3247.8731 1167.8627))",0.328524,8855,Capital,Inner City,C1,0.93,2501,Ward 23
Weslington South,E10,,E10_009,"POLYGON ((3249.4455 1163.0861, 3252.2155 1163.1901, 3253.1967 1163.227, 3253.6904 1166.1883, 3247.9859 1166.1719, 3249.4455 1163.0861))",0.223394,13205,Capital,Inner City,E2,0.94,2660,Ward 27
Weslington South,E10,,E10_010,"POLYGON ((3260 1180, 3260 1176.6857, 3255.9536 1176.4462, 3256.8658 1180, 3260 1180))",0.191313,9855,Capital,Inner City,D1,0.95,1772,Ward 23
Weslington South,E10,,E10_011,"POLYGON ((3260 1176.6857, 3260 1171.7449, 3253.7412 1171.7373, 3253.4468 1173.2975, 3253.2658 1174.2571, 3253.0688 1175.3015, 3255.9536 1176.4462, 3260 1176.6857))",0.471474,7530,Capital,Inner City,D1,0.91,3361,Ward 23
Weslington South,E10,,E10_012,"POLYGON ((3253.6904 1166.1883, 3260 1166.1349, 3260 1171.7449, 3253.7412 1171.7373, 3253.7379 1168.5432, 3253.6904 1166.1883))",0.545375,7080,Capital,Inner City,D1,0.95,3640,Ward 23
Weslington South,E10,,E10_013,"POLYGON ((3256.2163 1160.0551, 3253.1967 1163.227, 3252.2155 1163.1901, 3249.4455 1163.0861, 3249.7868 1161.2841, 3250.0077 1160.1182, 3252.6853 1160.0795, 3256.2163 1160.0551))",0.239917,12575,Capital,Inner City,F2,0.89,2585,Ward 27
Weslington South,E10,,E10_014,"POLYGON ((3260 1161.7595, 3260 1166.1349, 3253.6904 1166.1883, 3253.1967 1163.227, 3256.2163 1160.0551, 3260 1161.7595))",0.511426,5525,Capital,Inner City,D2,0.99,2921,Ward 27
Weslington South,E10,,E10_015,"POLYGON ((3260 1158, 3260 1161.7595, 3256.2163 1160.0551, 3256.2163 1158.0853, 3260 1158))",0.168936,10660,Capital,Inner City,F1,0.86,1436,Ward 27
Weslington South,E10,,E10_016,"POLYGON ((3252.7494 1154.573, 3256.2448 1155.0562, 3256.2163 1156.053, 3256.2163 1158.0853, 3256.2163 1160.0551, 3252.6853 1160.0795, 3252.7494 1154.573))",0.286898,10700,Capital,Inner City,F2,0.89,2633,Ward 27
Weslington South,E10,,E10_017,"POLYGON ((3256.2163 1158.0853, 3256.2163 1156.053, 3256.2448 1155.0562, 3256.3294 1152.0977, 3260 1152.0765, 3260 1158, 3256.2163 1158.0853))",0.347711,9375,Capital,Inner City,E2,0.96,3325,Ward 27
Weslington South,E10,,E10_018,"POLYGON ((3246.6724 1156.0815, 3249.1758 1153.4814, 3252.7494 1154.573, 3252.6853 1160.0795, 3250.0077 1160.1182, 3246.6724 1156.0815))",0.438968,8765,Capital,Inner City,D1,0.93,3868,Ward 27
Weslington South,E10,,E10_019,"POLYGON ((3253.8872 1148.2925, 3256.3796 1148.3436, 3256.3796 1149.8703, 3260 1149.9072, 3260 1152.0765, 3256.3294 1152.0977, 3253.8872 1148.2925))",0.198445,14135,Capital,Inner City,D2,0.88,2613,Ward 26
Weslington South,E10,,E10_020,"POLYGON ((3255.3913 1143.7229, 3255.1375 1146.152, 3253.8872 1148.2925, 3256.3796 1148.3436, 3256.3796 1149.8703, 3260 1149.9072, 3260 1143.9355, 3255.3913 1143.7229))",0.445797,8465,Capital,Inner City,E1,0.96,3583,Ward 26
Weslington South,E10,,E10_021,"POLYGON ((3256.2448 1155.0562, 3256.3294 1152.0977, 3253.8872 1148.2925, 3251.014 1148.3354, 3248.9944 1149.2538, 3249.1758 1153.4814, 3252.7494 1154.573, 3256.2448 1155.0562))",0.601208,9055,Capital,Inner City,D2,0.92,4760,Ward 26
Weslington South,E10,,E10_022,"POLYGON ((3255.3913 1143.7229, 3255.3952 1140.5217, 3260 1140.5817, 3260 1143.9355, 3255.3913 1143.7229))",0.235331,9925,Capital,Inner City,E1,0.99,2227,Ward 26
Weslington South,E10,,E10_023,"POLYGON ((3255.3643 1136, 3260 1136, 3260 1140.5817, 3255.3952 1140.5217, 3255.3643 1136))",0.327766,8365,Capital,Inner City,F1,0.96,2791,Ward 26
Weslington South,E10,,E10_024,"POLYGON ((3255.1375 1146.152, 3255.3913 1143.7229, 3249.738 1143.6913, 3248.881 1143.7417, 3248.9151 1145.498, 3248.9944 1149.2538, 3251.014 1148.3354, 3253.8872 1148.2925, 3255.1375 1146.152))",0.444706,9970,Capital,Inner City,D2,0.86,3957,Ward 26
Weslington South,E10,,E10_025,"POLYGON ((3255.3643 1136, 3252.3395 1136, 3252.3593 1137.8519, 3249.676 1139.7806, 3249.738 1143.6913, 3255.3913 1143.7229, 3255.3952 1140.5217, 3255.3643 1136))",0.566422,5220,Capital,Inner City,F1,0.89,2789,Ward 26
Weslington South,E10,,E10_026,"POLYGON ((3249.6291 1136, 3252.3395 1136, 3252.3593 1137.8519, 3249.676 1139.7806, 3249.6291 1136))",0.118877,13370,Capital,Inner City,F2,0.92,1386,Ward 26
Weslington South,E10,,E10_027,"POLYGON ((3247.5412 1136, 3249.6291 1136, 3249.676 1139.7806, 3247.5238 1137.8519, 3247.5412 1136))",0.092836,15770,Capital,Inner City,F2,0.93,1321,Ward 26
Weslington South,E10,,E10_028,"POLYGON ((3247.5238 1137.8519, 3249.676 1139.7806, 3249.738 1143.6913, 3248.881 1143.7417, 3248.9151 1145.498, 3245.3915 1145.4893, 3245.187 1140.9994, 3247.5238 1137.8519))",0.418182,6185,Capital,Inner City,F1,0.96,2400,Ward 25
Weslington South,E10,,E10_029,"POLYGON ((3247.5412 1136, 3243.9875 1136, 3243.2436 1137.8193, 3241.8529 1140.7218, 3241.8547 1142.2151, 3241.8678 1145.4805, 3245.3915 1145.4893, 3245.187 1140.9994, 3247.5238 1137.8519, 3247.5412 1136))",0.543161,5340,Capital,Inner City,E2,0.96,2663,Ward 25
Weslington South,E10,,E10_030,"POLYGON ((3248.9944 1149.2538, 3241.9973 1149.4357, 3241.8678 1145.4805, 3245.3915 1145.4893, 3248.9151 1145.498, 3248.9944 1149.2538))",0.422108,8900,Capital,Inner City,D2,0.96,3816,Ward 25
Weslington South,E10,,E10_031,"POLYGON ((3241.9973 1149.4357, 3242.1118 1152.4633, 3242.1308 1152.8895, 3242.1612 1153.5735, 3249.1758 1153.4814, 3248.9944 1149.2538, 3241.9973 1149.4357))",0.457266,8630,Capital,Inner City,D2,0.89,3510,Ward 25
Weslington South,E10,,E10_032,"POLYGON ((3243.9875 1136, 3239.4938 1136, 3238.5508 1141.2448, 3238.4614 1143.6212, 3241.8678 1145.4805, 3241.8547 1142.2151, 3241.8529 1140.7218, 3243.2436 1137.8193, 3243.9875 1136))",0.486158,5680,Capital,Inner City,C2,0.93,2426,Ward 25
Weslington South,E10,,E10_033,"POLYGON ((3238.5508 1141.2448, 3238.4614 1143.6212, 3235 1143.6264, 3235 1136, 3239.4938 1136, 3238.5508 1141.2448))",0.458806,5870,Capital,Inner City,C1,0.85,2433,Ward 25
Weslington South,E10,,E10_034,"POLYGON ((3241.9973 1149.4357, 3237.6466 1151.0363, 3236.4471 1149.9123, 3238.4614 1143.6212, 3241.8678 1145.4805, 3241.9973 1149.4357))",0.420816,6160,Capital,Inner City,E1,0.94,2567,Ward 25
Weslington South,E10,,E10_035,"POLYGON ((3236.4471 1149.9123, 3235 1149.8407, 3235 1143.6264, 3238.4614 1143.6212, 3236.4471 1149.9123))",0.239699,8575,Capital,Inner City,C1,0.98,2025,Ward 25
Weslington South,E10,,E10_036,"POLYGON ((3241.9973 1149.4357, 3242.1118 1152.4633, 3242.1308 1152.8895, 3242.1612 1153.5735, 3238.7629 1153.585, 3237.6466 1151.0363, 3241.9973 1149.4357))",0.209759,9305,Capital,Inner City,E1,0.85,1596,Ward 25
Weslington South,E10,,E10_037,"POLYGON ((3246.6724 1156.0815, 3249.1758 1153.4814, 3242.1612 1153.5735, 3242.2151 1154.7674, 3242.2072 1157.6004, 3242.2039 1158.7666, 3243.7336 1158.7414, 3246.6724 1156.0815))",0.351417,9585,Capital,Inner City,D2,0.86,2813,Ward 27
Weslington South,E10,,E10_038,"POLYGON ((3235 1157.6048, 3236.3909 1157.5673, 3237.9257 1155.8151, 3238.7629 1153.585, 3237.6466 1151.0363, 3236.4471 1149.9123, 3235 1149.8407, 3235 1157.6048))",0.339563,4770,Capital,Inner City,E1,0.94,1543,Ward 25
Weslington South,E10,,E10_039,"POLYGON ((3242.1612 1153.5735, 3238.7629 1153.585, 3237.9257 1155.8151, 3242.2039 1158.7666, 3242.2072 1157.6004, 3242.2151 1154.7674, 3242.1612 1153.5735))",0.232926,8730,Capital,Inner City,E1,0.9,1775,Ward 25
Weslington South,E10,,E10_040,"POLYGON ((3241.7076 1162.7172, 3241.2755 1163.8381, 3240.8611 1164.9129, 3236.3909 1157.5673, 3237.9257 1155.8151, 3242.2039 1158.7666, 3241.7664 1162.2491, 3241.7311 1162.5302, 3241.7076 1162.7172))",0.402272,6320,Capital,Inner City,E1,0.86,2319,Ward 24
Weslington South,E10,,E10_041,"POLYGON ((3240.8611 1164.9129, 3237.2902 1167.6976, 3235 1167.8471, 3235 1157.6048, 3236.3909 1157.5673, 3240.8611 1164.9129))",0.59429,5085,Capital,Inner City,E2,1,2863,Ward 24
Weslington South,E10,,E10_042,"POLYGON ((3240.1212 1167.7913, 3239.4649 1172.026, 3239.2953 1173.9583, 3239.163 1175.4661, 3235 1175.4427, 3235 1167.8471, 3237.2902 1167.6976, 3240.8611 1164.9129, 3240.1212 1167.7913))",0.613682,6750,Capital,Inner City,D2,0.97,3712,Ward 24
Weslington South,E10,,E10_043,"POLYGON ((3239.163 1175.4661, 3239.152 1180, 3235 1180, 3235 1175.4427, 3239.163 1175.4661))",0.294551,9330,Capital,Inner City,D2,0.96,2628,Ward 24
Weslington South,E10,,E10_044,"POLYGON ((3241.7664 1162.2491, 3241.7311 1162.5302, 3241.7076 1162.7172, 3241.2755 1163.8381, 3240.8611 1164.9129, 3241.153 1165.4163, 3243.8002 1166.0676, 3247.9859 1166.1719, 3249.4455 1163.0861, 3246.1191 1162.9279, 3245.1876 1161.9259, 3243.9839 1160.6484, 3242.2039 1158.7666, 3241.7664 1162.2491))",0.501714,8330,Capital,Inner City,F1,0.93,3724,Ward 24
Weslington South,E11,,E11_001,"POLYGON ((3261.5149 1114.963, 3261.5044 1120.1686, 3259.6564 1118.8021, 3258.1781 1117.7089, 3257.4389 1117.1624, 3256.6997 1116.6158, 3256.7537 1114.9412, 3261.5149 1114.963))",0.257346,11115,Capital,Inner City,E1,0.86,2405,Ward 33
Weslington South,E11,,E11_002,"POLYGON ((3252.0307 1102.1062, 3250.6251 1099.1317, 3250.9752 1097.9907, 3254.3968 1098.0302, 3254.4002 1100.3072, 3252.0307 1102.1062))",0.17212,14250,Capital,Inner City,F2,0.92,2236,Ward 36
Weslington South,E11,,E11_003,"POLYGON ((3252.0307 1102.1062, 3248.1104 1105.223, 3247.6355 1106.5039, 3246.6856 1107.3579, 3249.3079 1111.1499, 3255.4129 1111.2638, 3261.5179 1111.3777, 3261.5222 1108.5996, 3256.695 1108.5565, 3256.6907 1103.8879, 3252.0307 1102.1062))",1.28904,4315,Capital,Inner City,F1,0.92,5224,Ward 33
Weslington South,E11,,E11_004,"POLYGON ((3241.1434 1099.0777, 3248.1025 1099.132, 3250.6251 1099.1317, 3250.9752 1097.9907, 3251.6954 1092, 3243.2777 1092, 3241.0014 1092, 3241.1434 1099.0777))",1.128287,4605,Capital,Inner City,D1,0.96,4504,Ward 36
Weslington South,E11,,E11_005,"POLYGON ((3248.1104 1105.223, 3241.2754 1105.2143, 3241.1434 1099.0777, 3248.1025 1099.132, 3250.6251 1099.1317, 3252.0307 1102.1062, 3248.1104 1105.223))",0.901939,5160,Capital,Inner City,F1,0.92,4429,Ward 36
Weslington South,E11,,E11_006,"POLYGON ((3238.0007 1092, 3241.0014 1092, 3241.1434 1099.0777, 3238.0717 1099.1297, 3238.0007 1092))",0.336206,9485,Capital,Inner City,D1,0.87,2701,Ward 36
Weslington South,E11,,E11_007,"POLYGON ((3238.0717 1099.1297, 3235 1099.1817, 3235 1092, 3238.0007 1092, 3238.0717 1099.1297))",0.338638,9445,Capital,Inner City,D1,0.97,3162,Ward 36
Weslington South,E11,,E11_008,"POLYGON ((3253.743 1114.4294, 3254.4822 1114.976, 3255.2213 1115.5226, 3256.6997 1116.6158, 3256.7537 1114.9412, 3256.8493 1113.1449, 3254.5347 1113.1202, 3253.743 1114.4294))",0.1058,19540,Capital,Inner City,F2,0.88,1923,Ward 33
Weslington South,E11,,E11_009,"POLYGON ((3253.743 1114.4294, 3252.2646 1113.3362, 3249.3079 1111.1499, 3255.4129 1111.2638, 3254.5347 1113.1202, 3253.743 1114.4294))",0.154583,15255,Capital,Inner City,F2,0.92,2103,Ward 33
Weslington South,E11,,E11_010,"POLYGON ((3242.4555 1107.2559, 3241.2754 1105.2143, 3248.1104 1105.223, 3247.6355 1106.5039, 3246.6856 1107.3579, 3244.5485 1107.8797, 3242.4555 1107.2559))",0.205398,7505,Capital,Inner City,E1,0.99,1546,Ward 36
Weslington South,E11,,E11_011,"POLYGON ((3241.2754 1105.2143, 3241.1434 1099.0777, 3238.0717 1099.1297, 3235 1099.1817, 3235 1105.3167, 3241.2754 1105.2143))",0.593927,6885,Capital,Inner City,F2,0.99,4119,Ward 36
Weslington South,E11,,E11_012,"POLYGON ((3249.1722 1115.8278, 3249.3079 1111.1499, 3252.2646 1113.3362, 3253.743 1114.4294, 3253.0136 1115.7545, 3249.1722 1115.8278))",0.204401,12795,Capital,Inner City,D2,0.92,2554,Ward 31
Weslington South,E11,,E11_013,"POLYGON ((3244.6566 1115.5862, 3249.1722 1115.8278, 3249.3079 1111.1499, 3246.6856 1107.3579, 3244.5485 1107.8797, 3244.6566 1115.5862))",0.521768,8140,Capital,Inner City,A2,0.95,4272,Ward 31
Weslington South,E11,,E11_014,"POLYGON ((3235 1112.9352, 3235 1105.3167, 3241.2754 1105.2143, 3242.4555 1107.2559, 3239.5381 1114.4218, 3235 1112.9352))",0.830649,5385,Capital,Inner City,E2,0.88,3888,Ward 31
Weslington South,E11,,E11_015,"POLYGON ((3239.5381 1114.4218, 3242.4555 1107.2559, 3244.5485 1107.8797, 3244.6566 1115.5862, 3239.5381 1114.4218))",0.437483,8905,Capital,Inner City,A2,0.97,3832,Ward 31
Weslington South,E11,,E11_016,"POLYGON ((3253.743 1114.4294, 3254.4822 1114.976, 3255.2213 1115.5226, 3256.6997 1116.6158, 3256.6491 1121.3287, 3253.1358 1121.358, 3253.0136 1115.7545, 3253.743 1114.4294))",0.332128,15055,Capital,Inner City,E2,0.92,4560,Ward 32
Weslington South,E11,,E11_017,"POLYGON ((3239.5381 1114.4218, 3235 1127.1538, 3235 1112.9352, 3239.5381 1114.4218))",0.502847,7540,Capital,Inner City,E2,0.98,3771,Ward 31
Weslington South,E11,,E11_018,"POLYGON ((3253.0136 1115.7545, 3253.1358 1121.358, 3249.3642 1121.4388, 3249.1722 1115.8278, 3253.0136 1115.7545))",0.332856,12040,Capital,Inner City,F2,0.88,3301,Ward 32
Weslington South,E11,,E11_019,"POLYGON ((3239.5381 1114.4218, 3244.6566 1115.5862, 3241.4535 1126.9989, 3235 1127.1538, 3239.5381 1114.4218))",1.119143,6775,Capital,Inner City,E2,0.94,6430,Ward 31
Weslington South,E11,,E11_020,"POLYGON ((3249.5561 1127.0497, 3241.4535 1126.9989, 3244.6566 1115.5862, 3249.1722 1115.8278, 3249.3642 1121.4388, 3249.5561 1127.0497))",1.116088,6780,Capital,Inner City,E2,0.92,7376,Ward 32
Weslington South,E11,,E11_021,"POLYGON ((3239.4938 1136, 3235 1136, 3235 1127.1538, 3241.4535 1126.9989, 3239.4938 1136))",0.760115,5640,Capital,Inner City,C1,0.93,4083,Ward 30
Weslington South,E11,,E11_022,"POLYGON ((3253.1946 1125.0728, 3249.5561 1127.0497, 3249.3642 1121.4388, 3253.1358 1121.358, 3253.1946 1125.0728))",0.271275,10770,Capital,Inner City,F2,0.92,2643,Ward 32
Weslington South,E11,,E11_023,"POLYGON ((3249.5561 1127.0497, 3248.3278 1127.6813, 3245.4561 1129.3779, 3244.0247 1132.2472, 3243.9875 1136, 3239.4938 1136, 3241.4535 1126.9989, 3249.5561 1127.0497))",0.654497,6530,Capital,Inner City,C2,0.96,4190,Ward 30
Weslington South,E11,,E11_024,"POLYGON ((3253.1946 1125.0728, 3253.1358 1121.358, 3256.6491 1121.3287, 3256.6733 1125.0544, 3253.1946 1125.0728))",0.202727,12860,Capital,Inner City,E2,0.92,2507,Ward 32
Weslington South,E11,,E11_025,"POLYGON ((3247.5412 1136, 3243.9875 1136, 3244.0247 1132.2472, 3245.4561 1129.3779, 3248.3278 1127.6813, 3249.5561 1127.0497, 3249.6313 1133.0922, 3247.4911 1133.0541, 3247.5412 1136))",0.526951,7350,Capital,Inner City,E2,0.86,3474,Ward 30
Weslington South,E11,,E11_026,"POLYGON ((3249.6313 1133.0922, 3249.6291 1136, 3247.5412 1136, 3247.4911 1133.0541, 3249.6313 1133.0922))",0.096431,20795,Capital,Inner City,F2,0.96,1716,Ward 30
Weslington South,E11,,E11_027,"POLYGON ((3249.6313 1133.0922, 3249.5561 1127.0497, 3251.1807 1127.6441, 3254.6888 1129.8405, 3255.3445 1131.9103, 3255.3643 1136, 3252.3395 1136, 3252.2534 1133.1231, 3249.6313 1133.0922))",0.541856,7235,Capital,Inner City,E2,0.91,3844,Ward 30
Weslington South,E11,,E11_028,"POLYGON ((3252.3395 1136, 3249.6291 1136, 3249.6313 1133.0922, 3252.2534 1133.1231, 3252.3395 1136))",0.120185,17955,Capital,Inner City,F1,0.86,1821,Ward 30
Weslington South,E11,,E11_029,"POLYGON ((3256.6997 1116.6158, 3257.4389 1117.1624, 3258.1781 1117.7089, 3259.6564 1118.8021, 3261.5044 1120.1686, 3261.4607 1125.1426, 3256.6733 1125.0544, 3256.6491 1121.3287, 3256.6997 1116.6158))",0.504659,11025,Capital,Inner City,F2,0.86,4621,Ward 32
Weslington South,E11,,E11_030,"POLYGON ((3261.4607 1125.1426, 3261.417 1130.1166, 3260.1501 1130.1354, 3259.0071 1130.1505, 3259.0042 1131.9597, 3255.3445 1131.9103, 3254.6888 1129.8405, 3251.1807 1127.6441, 3249.5561 1127.0497, 3253.1946 1125.0728, 3256.6733 1125.0544, 3261.4607 1125.1426))",0.843585,4440,Capital,Inner City,E1,0.98,3648,Ward 30
Weslington South,E11,,E11_031,"POLYGON ((3260 1136, 3255.3643 1136, 3255.3445 1131.9103, 3259.0042 1131.9597, 3259.0071 1130.1505, 3260.1501 1130.1354, 3261.417 1130.1166, 3261.3816 1132.0123, 3261.3205 1136.0414, 3260 1136))",0.447614,8050,Capital,Inner City,E2,0.99,3400,Ward 30
Weslington South,E11,,E11_032,"POLYGON ((3264.2552 1148.7174, 3264.2552 1154.4536, 3264.3617 1158, 3260 1158, 3260 1152.0765, 3260 1149.9072, 3262.1999 1149.8583, 3262.1999 1148.6858, 3264.2552 1148.7174))",0.579129,8230,Capital,Outer City,F1,0.93,4222,Ward 29
Weslington South,E11,,E11_033,"POLYGON ((3260 1149.9072, 3260 1143.9355, 3264.0952 1143.9547, 3264.2552 1148.7174, 3262.1999 1148.6858, 3262.1999 1149.8583, 3260 1149.9072))",0.349995,11015,Capital,Outer City,F2,0.86,3417,Ward 29
Weslington South,E11,,E11_034,"POLYGON ((3261.3205 1136.0414, 3260 1136, 3260 1140.5817, 3260 1143.9355, 3264.0952 1143.9547, 3264.0372 1138.5519, 3261.3496 1138.5817, 3261.3205 1136.0414))",0.393828,9905,Capital,Outer City,F2,0.9,3556,Ward 29
Weslington South,E11,,E11_035,"POLYGON ((3271 1154.539, 3271 1158, 3264.3617 1158, 3264.2552 1154.4536, 3264.2552 1148.7174, 3267.5775 1148.7483, 3267.6271 1154.402, 3271 1154.539))",0.667436,7965,Capital,Outer City,E2,0.95,5148,Ward 28
Weslington South,E11,,E11_036,"POLYGON ((3271 1154.539, 3267.6271 1154.402, 3267.5775 1148.7483, 3271 1148.816, 3271 1154.539))",0.301196,13120,Capital,Outer City,F2,0.89,3550,Ward 28
Weslington South,E11,,E11_037,"POLYGON ((3272.9918 1141.4589, 3267.5351 1141.4583, 3267.5712 1143.9142, 3267.5775 1148.7483, 3264.2552 1148.7174, 3264.0952 1143.9547, 3264.0372 1138.5519, 3272.9366 1138.4126, 3272.9918 1141.4589))",0.801627,5485,Capital,Outer City,F1,0.97,4365,Ward 29
Weslington South,E11,,E11_038,"POLYGON ((3271 1147, 3271.0528 1143.9377, 3267.5712 1143.9142, 3267.5775 1148.7483, 3271 1148.816, 3271 1147))",0.260551,14030,Capital,Outer City,F2,0.97,3523,Ward 28
Weslington South,E11,,E11_039,"POLYGON ((3261.3496 1138.5817, 3261.3205 1136.0414, 3268.1564 1136.1448, 3271.6173 1136.123, 3272.9151 1136.1149, 3272.9366 1138.4126, 3264.0372 1138.5519, 3261.3496 1138.5817))",0.432447,9705,Capital,Outer City,F2,0.99,4308,Ward 29
Weslington South,E11,,E11_040,"POLYGON ((3265.6127 1130.1158, 3261.417 1130.1166, 3261.4607 1125.1426, 3265.5655 1125.1609, 3265.6127 1130.1158))",0.321129,13745,Capital,Outer City,F1,0.93,3857,Ward 34
Weslington South,E11,,E11_041,"POLYGON ((3267.5712 1143.9142, 3267.5351 1141.4583, 3272.9918 1141.4589, 3272.9834 1142.84, 3271.0838 1142.8758, 3271.0528 1143.9377, 3267.5712 1143.9142))",0.177041,17000,Capital,Outer City,F2,0.89,2544,Ward 28
Weslington South,E11,,E11_042,"POLYGON ((3261.3816 1132.0123, 3261.3205 1136.0414, 3268.1564 1136.1448, 3271.6173 1136.123, 3272.9151 1136.1149, 3272.8829 1132.2108, 3261.3816 1132.0123))",0.71939,6210,Capital,Outer City,E2,0.91,3998,Ward 35
Weslington South,E11,,E11_043,"POLYGON ((3277.735 1144.0059, 3277.7646 1147, 3271 1147, 3271.0528 1143.9377, 3277.735 1144.0059))",0.317334,12560,Capital,Outer City,F2,0.87,3636,Ward 28
Weslington South,E11,,E11_044,"POLYGON ((3277.7088 1141.4095, 3277.735 1144.0059, 3271.0528 1143.9377, 3271.0838 1142.8758, 3272.9834 1142.84, 3272.9918 1141.4589, 3277.7088 1141.4095))",0.22057,15210,Capital,Outer City,F2,0.98,3391,Ward 28
Weslington South,E11,,E11_045,"POLYGON ((3261.5044 1120.1686, 3262.6132 1120.9885, 3264.0915 1122.0817, 3265.5699 1123.1748, 3265.5655 1125.1609, 3261.4607 1125.1426, 3261.5044 1120.1686))",0.222144,12155,Capital,Outer City,F2,0.97,2595,Ward 34
Weslington South,E11,,E11_046,"POLYGON ((3270.005 1126.4544, 3272.9617 1128.6407, 3272.8829 1132.2108, 3261.3816 1132.0123, 3261.417 1130.1166, 3265.6127 1130.1158, 3270.006 1130.1629, 3270.005 1126.4544))",0.4743,7790,Capital,Outer City,F2,0.87,3054,Ward 35
Weslington South,E11,,E11_047,"POLYGON ((3272.9366 1138.4126, 3282 1138.2462, 3279.8544 1139.8279, 3277.7088 1141.4095, 3272.9918 1141.4589, 3272.9366 1138.4126))",0.329867,9590,Capital,Outer City,E2,0.95,3054,Ward 28
Weslington South,E11,,E11_048,"POLYGON ((3282 1138.2462, 3282 1147, 3277.7646 1147, 3277.735 1144.0059, 3277.7088 1141.4095, 3279.8544 1139.8279, 3282 1138.2462))",0.477248,7765,Capital,Outer City,D2,0.88,3482,Ward 28
Weslington South,E11,,E11_049,"POLYGON ((3265.5655 1125.1609, 3265.5699 1123.1748, 3267.0483 1124.268, 3267.7874 1124.8146, 3270.005 1126.4544, 3270.006 1130.1629, 3265.6127 1130.1158, 3265.5655 1125.1609))",0.366674,9020,Capital,Outer City,F1,0.89,2813,Ward 34
Weslington South,E11,,E11_050,"POLYGON ((3272.9151 1136.1149, 3273.3478 1136.1121, 3275.0782 1136.1013, 3282 1136.0577, 3282 1138.2462, 3272.9366 1138.4126, 3272.9151 1136.1149))",0.31726,12560,Capital,Outer City,D1,0.87,3675,Ward 29
Weslington South,E11,,E11_051,"POLYGON ((3272.8829 1132.2108, 3282 1135.3282, 3282 1136.0577, 3275.0782 1136.1013, 3273.3478 1136.1121, 3272.9151 1136.1149, 3272.8829 1132.2108))",0.32825,9620,Capital,Outer City,D1,0.92,2882,Ward 35
Weslington South,E11,,E11_052,"POLYGON ((3272.8829 1132.2108, 3272.9617 1128.6407, 3282 1128.4915, 3282 1135.3282, 3272.8829 1132.2108))",0.737115,6130,Capital,Outer City,E2,0.9,4016,Ward 35
Weslington South,E11,,E11_053,"POLYGON ((3270.0845 1115.0756, 3270.005 1126.4544, 3267.7874 1124.8146, 3267.8508 1115.058, 3270.0845 1115.0756))",0.367506,9005,Capital,Outer City,F1,0.87,3060,Ward 34
Weslington South,E11,,E11_054,"POLYGON ((3274.5603 1112.101, 3278.9861 1113.0156, 3282 1113.0685, 3282 1128.4915, 3272.9617 1128.6407, 3274.5603 1112.101))",2.037656,2795,Capital,Outer City,E2,0.91,5448,Ward 35
Weslington South,E11,,E11_055,"POLYGON ((3269.7327 1111.4341, 3270.1288 1111.4244, 3270.0845 1115.0756, 3270.005 1126.4544, 3272.9617 1128.6407, 3274.5603 1112.101, 3270.1453 1110.7739, 3269.7318 1110.7893, 3269.7327 1111.4341))",0.95635,5005,Capital,Outer City,F1,0.9,3948,Ward 35
Weslington South,E11,,E11_056,"POLYGON ((3265.5699 1123.1748, 3264.0915 1122.0817, 3262.6132 1120.9885, 3261.5044 1120.1686, 3261.5149 1114.963, 3265.563 1114.9762, 3265.5699 1123.1748))",0.423814,12550,Capital,Outer City,E1,0.9,4637,Ward 34
Weslington South,E11,,E11_057,"POLYGON ((3265.5679 1113.1149, 3261.5187 1113.1039, 3261.5179 1113.4758, 3261.5149 1114.963, 3265.563 1114.9762, 3265.5699 1123.1748, 3267.0483 1124.268, 3267.7874 1124.8146, 3267.8508 1115.058, 3265.5679 1113.1149))",0.466152,7865,Capital,Outer City,E2,0.89,3402,Ward 34
Weslington South,E11,,E11_058,"POLYGON ((3275.4933 1107.9036, 3274.5603 1112.101, 3278.9861 1113.0156, 3282 1113.0685, 3282 1110.7446, 3279.703 1110.247, 3275.4933 1107.9036))",0.36226,7330,Capital,Outer City,F2,0.94,2522,Ward 38
Weslington South,E11,,E11_059,"POLYGON ((3279.703 1110.247, 3282 1110.7446, 3282 1103.8735, 3278.506 1104.1215, 3275.4006 1107.3751, 3275.4933 1107.9036, 3279.703 1110.247))",0.486335,4835,Capital,Outer City,D1,0.92,2116,Ward 38
Weslington South,E11,,E11_060,"POLYGON ((3265.5679 1113.1149, 3265.6253 1111.4059, 3269.7327 1111.4341, 3270.1288 1111.4244, 3270.0845 1115.0756, 3267.8508 1115.058, 3265.5679 1113.1149))",0.222292,12150,Capital,Outer City,F2,0.87,2445,Ward 34
Weslington South,E11,,E11_061,"POLYGON ((3269.712 1105.8945, 3272.8083 1105.8854, 3275.4006 1107.3751, 3275.4933 1107.9036, 3274.5603 1112.101, 3270.1453 1110.7739, 3269.7318 1110.7893, 3269.712 1105.8945))",0.441381,8110,Capital,Outer City,E2,0.92,3602,Ward 38
Weslington South,E11,,E11_062,"POLYGON ((3275.4006 1107.3751, 3272.8083 1105.8854, 3274.9085 1103.9212, 3278.506 1104.1215, 3275.4006 1107.3751))",0.160125,14915,Capital,Outer City,F2,1,2557,Ward 38
Weslington South,E11,,E11_063,"POLYGON ((3272.8083 1105.8854, 3273.4638 1101.8919, 3279.8898 1102.0184, 3278.506 1104.1215, 3274.9085 1103.9212, 3272.8083 1105.8854))",0.216647,12345,Capital,Outer City,E2,0.95,2777,Ward 38
Weslington South,E11,,E11_064,"POLYGON ((3282 1092, 3279.6716 1092, 3279.6015 1092, 3279.7669 1097.8465, 3279.8898 1102.0184, 3278.506 1104.1215, 3282 1103.8735, 3282 1092))",0.437329,6405,Capital,Outer City,D1,0.87,2443,Ward 39
Weslington South,E11,,E11_065,"POLYGON ((3279.7669 1097.8465, 3279.8898 1102.0184, 3273.4638 1101.8919, 3273.6838 1097.9012, 3279.7669 1097.8465))",0.397887,8605,Capital,Outer City,F2,0.99,3153,Ward 39
Weslington South,E11,,E11_066,"POLYGON ((3273.4638 1101.8919, 3272.8083 1105.8854, 3269.712 1105.8945, 3269.7671 1103.0708, 3273.4638 1101.8919))",0.177155,13990,Capital,Outer City,F2,0.92,2120,Ward 38
Weslington South,E11,,E11_067,"POLYGON ((3273.5999 1092, 3279.6015 1092, 3279.7669 1097.8465, 3273.6838 1097.9012, 3273.6174 1094.7819, 3273.5999 1092))",0.554244,7900,Capital,Outer City,D1,0.96,4309,Ward 39
Weslington South,E11,,E11_068,"POLYGON ((3269.7327 1111.4341, 3265.6253 1111.4059, 3261.5179 1111.3777, 3261.5222 1108.5996, 3265.6629 1108.5727, 3265.6192 1105.858, 3269.712 1105.8945, 3269.7318 1110.7893, 3269.7327 1111.4341))",0.532907,9055,Capital,Outer City,F1,0.96,4736,Ward 38
Weslington South,E11,,E11_069,"POLYGON ((3265.5679 1113.1149, 3261.5187 1113.1039, 3261.5194 1112.7321, 3261.5209 1111.9884, 3261.5179 1111.3777, 3265.6253 1111.4059, 3265.5679 1113.1149))",0.109151,19130,Capital,Outer City,F2,0.89,1895,Ward 34
Weslington South,E11,,E11_070,"POLYGON ((3269.7671 1103.0708, 3269.712 1105.8945, 3265.6192 1105.858, 3265.619 1103.0927, 3269.7671 1103.0708))",0.17947,13875,Capital,Outer City,F2,0.99,2440,Ward 38
Weslington South,E11,,E11_071,"POLYGON ((3268.6672 1097.6192, 3268.667 1098.6018, 3265.6188 1098.6018, 3265.6188 1100.3273, 3265.619 1103.0927, 3269.7671 1103.0708, 3273.4638 1101.8919, 3273.6838 1097.9012, 3269.7885 1097.7597, 3268.6672 1097.6192))",0.580392,9470,Capital,Outer City,F2,0.85,4993,Ward 39
Weslington South,E11,,E11_072,"POLYGON ((3273.6174 1094.7819, 3273.6838 1097.9012, 3269.7885 1097.7597, 3268.6672 1097.6192, 3268.6869 1094.7678, 3273.6174 1094.7819))",0.234392,11765,Capital,Outer City,F1,0.96,2584,Ward 39
Weslington South,E11,,E11_073,"POLYGON ((3273.5999 1092, 3273.6174 1094.7819, 3268.6869 1094.7678, 3268.6891 1092, 3273.5999 1092))",0.212812,12480,Capital,Outer City,D1,1,2648,Ward 39
Weslington South,E11,,E11_074,"POLYGON ((3264.8929 1094.7211, 3268.6869 1094.7678, 3268.6672 1097.6192, 3264.8904 1094.8779, 3264.8929 1094.7211))",0.088982,21945,Capital,Outer City,F1,1,1948,Ward 37
Weslington South,E11,,E11_075,"POLYGON ((3261.5222 1108.5996, 3261.5265 1105.8215, 3265.6192 1105.858, 3265.6629 1108.5727, 3261.5222 1108.5996))",0.176216,14040,Capital,Outer City,D2,1,2489,Ward 38
Weslington South,E11,,E11_076,"POLYGON ((3264.8992 1092, 3268.6891 1092, 3268.6869 1094.7678, 3264.8929 1094.7211, 3264.8992 1092))",0.162202,14795,Capital,Outer City,D2,0.98,2396,Ward 37
Weslington South,E11,,E11_077,"POLYGON ((3265.6192 1105.858, 3261.5265 1105.8215, 3261.5221 1103.0937, 3265.619 1103.0927, 3265.6192 1105.858))",0.175289,14085,Capital,Outer City,D2,0.87,2155,Ward 38
Weslington South,E11,,E11_078,"POLYGON ((3261.5221 1103.0937, 3261.5176 1100.3659, 3265.6188 1100.3273, 3265.619 1103.0927, 3261.5221 1103.0937))",0.175475,14075,Capital,Outer City,F2,0.94,2149,Ward 39
Weslington South,E11,,E11_079,"POLYGON ((3261.5176 1100.3659, 3261.5088 1094.9104, 3264.8904 1094.8779, 3268.6672 1097.6192, 3268.667 1098.6018, 3265.6188 1098.6018, 3265.6188 1100.3273, 3261.5176 1100.3659))",0.445335,14070,Capital,Outer City,F1,0.98,6516,Ward 37
Weslington South,E11,,E11_080,"POLYGON ((3264.8992 1092, 3260 1092, 3259.9966 1094.8971, 3261.5088 1094.9104, 3264.8904 1094.8779, 3264.8929 1094.7211, 3264.8992 1092))",0.221143,12190,Capital,Outer City,E2,0.92,2130,Ward 37
Weslington South,E11,,E11_081,"POLYGON ((3256.7698 1098.5083, 3259.1393 1096.7094, 3260.324 1095.8099, 3261.5088 1094.9104, 3261.5176 1100.3659, 3259.1454 1100.2788, 3259.1267 1098.4522, 3256.7698 1098.5083))",0.199283,11500,Capital,Inner City,F2,0.89,1941,Ward 37
Weslington South,E11,,E11_082,"POLYGON ((3261.5265 1105.8215, 3256.6907 1103.8879, 3256.7396 1102.4595, 3259.1899 1102.4595, 3259.1454 1100.2788, 3261.5176 1100.3659, 3261.5221 1103.0937, 3261.5265 1105.8215))",0.258159,11095,Capital,Inner City,D2,0.92,2313,Ward 33
Weslington South,E11,,E11_083,"POLYGON ((3256.825 1094.9008, 3259.9966 1094.8971, 3261.5088 1094.9104, 3260.324 1095.8099, 3259.1393 1096.7094, 3256.7698 1098.5083, 3256.8053 1098.027, 3256.825 1094.9008))",0.131264,16950,Capital,Inner City,F2,0.9,1962,Ward 37
Weslington South,E11,,E11_084,"POLYGON ((3256.6907 1103.8879, 3261.5265 1105.8215, 3261.5222 1108.5996, 3256.695 1108.5565, 3256.6907 1103.8879))",0.280382,14060,Capital,Inner City,D1,0.94,3721,Ward 33
Weslington South,E11,,E11_085,"POLYGON ((3254.4002 1100.3072, 3256.7698 1098.5083, 3259.1267 1098.4522, 3259.1454 1100.2788, 3254.4002 1100.3072))",0.099556,20345,Capital,Inner City,F2,0.91,1737,Ward 37
Weslington South,E11,,E11_086,"POLYGON ((3261.5187 1113.1039, 3261.5179 1113.4758, 3261.5149 1114.963, 3256.7537 1114.9412, 3256.8493 1113.1449, 3261.5187 1113.1039))",0.134315,16700,Capital,Inner City,F2,0.88,2103,Ward 33
Weslington South,E11,,E11_087,"POLYGON ((3256.8053 1098.027, 3254.3968 1098.0302, 3254.3572 1094.8888, 3256.825 1094.9008, 3256.8053 1098.027))",0.119087,18065,Capital,Inner City,F2,0.88,2009,Ward 37
Weslington South,E11,,E11_088,"POLYGON ((3254.3968 1098.0302, 3250.9752 1097.9907, 3251.6954 1092, 3260 1092, 3259.9966 1094.8971, 3256.825 1094.9008, 3254.3572 1094.8888, 3254.3968 1098.0302))",0.538879,7260,Capital,Inner City,D2,0.95,3620,Ward 37
Weslington South,E11,,E11_089,"POLYGON ((3256.7698 1098.5083, 3254.4002 1100.3072, 3254.3968 1098.0302, 3256.8053 1098.027, 3256.7698 1098.5083))",0.051128,32335,Capital,Inner City,E1,0.93,1550,Ward 37
Weslington South,E11,,E11_090,"POLYGON ((3259.1454 1100.2788, 3259.1899 1102.4595, 3256.7396 1102.4595, 3256.6907 1103.8879, 3252.0307 1102.1062, 3254.4002 1100.3072, 3259.1454 1100.2788))",0.246842,15400,Capital,Inner City,F2,0.88,3145,Ward 33
Weslington South,E11,,E11_091,"POLYGON ((3254.5347 1113.1202, 3255.4129 1111.2638, 3261.5179 1111.3777, 3261.5209 1111.9884, 3261.5194 1112.7321, 3261.5187 1113.1039, 3256.8493 1113.1449, 3254.5347 1113.1202))",0.184726,13630,Capital,Inner City,F2,0.92,2427,Ward 33
Weslington South,E12,,E12_001,"POLYGON ((3277.9664 1071.6738, 3277.936 1069.6948, 3280.2736 1069.7298, 3280.3612 1071.6805, 3277.9664 1071.6738))",0.072444,24185,Capital,Outer City,E2,0.9,1644,Ward 43
Weslington South,E12,,E12_002,"POLYGON ((3273.5154 1070.8688, 3273.6642 1073.8019, 3271.3628 1073.8019, 3271.2802 1070.8927, 3273.5154 1070.8688))",0.103295,18990,Capital,Outer City,E2,0.9,1797,Ward 43
Weslington South,E12,,E12_003,"POLYGON ((3275.7687 1071.6497, 3277.9664 1071.6738, 3277.9968 1073.6528, 3273.6642 1073.8019, 3273.5154 1070.8688, 3274.6389 1070.8866, 3274.6389 1071.6572, 3275.7687 1071.6497))",0.154449,14605,Capital,Outer City,E2,0.89,2215,Ward 43
Weslington South,E12,,E12_004,"POLYGON ((3273.6642 1073.8019, 3273.8443 1076.7014, 3264.8634 1076.7014, 3264.7374 1073.8019, 3271.3628 1073.8019, 3273.6642 1073.8019))",0.404639,8155,Capital,Outer City,C1,0.98,3169,Ward 40
Weslington South,E12,,E12_005,"POLYGON ((3260 1085.4067, 3260 1081.4109, 3260 1080.412, 3260 1079.413, 3260 1077.4151, 3261.372 1077.4172, 3261.2526 1076.5113, 3264.8634 1076.7014, 3264.894 1085.3074, 3260 1085.4067))",0.648737,6275,Capital,Outer City,D2,0.94,3640,Ward 40
Weslington South,E12,,E12_006,"POLYGON ((3277.9968 1073.6528, 3278.0447 1075.8001, 3276.0697 1076.6391, 3273.8443 1076.7014, 3273.6642 1073.8019, 3277.9968 1073.6528))",0.182325,13145,Capital,Outer City,E2,0.85,2193,Ward 43
Weslington South,E12,,E12_007,"POLYGON ((3273.7987 1085.2173, 3264.8634 1076.7014, 3273.8443 1076.7014, 3273.981 1081.1187, 3273.7987 1085.2173))",0.606654,6510,Capital,Outer City,F2,0.91,3790,Ward 40
Weslington South,E12,,E12_008,"POLYGON ((3273.7987 1085.2173, 3264.894 1085.3074, 3264.8634 1076.7014, 3273.7987 1085.2173))",0.597229,6565,Capital,Outer City,F2,0.95,3561,Ward 40
Weslington South,E12,,E12_009,"POLYGON ((3264.8992 1092, 3260 1092, 3260 1085.4067, 3264.894 1085.3074, 3264.8903 1088.4387, 3264.8992 1092))",0.506662,7185,Capital,Outer City,E1,0.96,3309,Ward 40
Weslington South,E12,,E12_010,"POLYGON ((3273.6574 1088.4175, 3268.6911 1088.4175, 3264.8903 1088.4387, 3264.894 1085.3074, 3273.7987 1085.2173, 3273.6574 1088.4175))",0.435092,7825,Capital,Outer City,F2,0.86,2942,Ward 40
Weslington South,E12,,E12_011,"POLYGON ((3268.6891 1092, 3264.8992 1092, 3264.8903 1088.4387, 3268.6911 1088.4175, 3268.6891 1092))",0.211294,11990,Capital,Outer City,F1,0.89,2346,Ward 40
Weslington South,E12,,E12_012,"POLYGON ((3280.2736 1069.7298, 3280.2695 1068.2235, 3282.5261 1068.7058, 3281.5321 1073.8646, 3280.164 1075.7339, 3278.0447 1075.8001, 3277.9968 1073.6528, 3277.9664 1071.6738, 3280.3612 1071.6805, 3280.2736 1069.7298))",0.309827,9520,Capital,Outer City,E2,0.99,2702,Ward 43
Weslington South,E12,,E12_013,"POLYGON ((3273.8443 1076.7014, 3276.0697 1076.6391, 3276.5764 1083.7264, 3273.7987 1085.2173, 3273.981 1081.1187, 3273.8443 1076.7014))",0.296327,9775,Capital,Outer City,E2,0.97,2960,Ward 47
Weslington South,E12,,E12_014,"POLYGON ((3273.5999 1092, 3268.6891 1092, 3268.6911 1088.4175, 3273.6574 1088.4175, 3273.5999 1092))",0.275753,10200,Capital,Outer City,F2,0.94,2745,Ward 40
Weslington South,E12,,E12_015,"POLYGON ((3281.276 1083.0742, 3280.8664 1079.9827, 3280.164 1075.7339, 3278.0447 1075.8001, 3276.0697 1076.6391, 3276.5764 1083.7264, 3278.8233 1083.4467, 3281.276 1083.0742))",0.521565,7070,Capital,Outer City,E2,0.9,3290,Ward 47
Weslington South,E12,,E12_016,"POLYGON ((3279.5176 1088.3015, 3279.0899 1084.7455, 3278.8233 1083.4467, 3276.5764 1083.7264, 3273.7987 1085.2173, 3273.6574 1088.4175, 3279.5176 1088.3015))",0.368809,8600,Capital,Outer City,F2,0.94,2963,Ward 47
Weslington South,E12,,E12_017,"POLYGON ((3273.6574 1088.4175, 3279.5176 1088.3015, 3279.6716 1092, 3279.6015 1092, 3273.5999 1092, 3273.6574 1088.4175))",0.338557,9035,Capital,Outer City,D2,0.88,2806,Ward 48
Weslington South,E12,,E12_018,"POLYGON ((3279.0899 1084.7455, 3278.8233 1083.4467, 3281.276 1083.0742, 3280.8664 1079.9827, 3282.8793 1079.6819, 3284.1095 1084.2177, 3279.0899 1084.7455))",0.220634,11675,Capital,Outer City,F1,0.88,2076,Ward 47
Weslington South,E12,,E12_019,"POLYGON ((3279.0899 1084.7455, 3284.1095 1084.2177, 3285.0919 1088.1917, 3279.5176 1088.3015, 3279.0899 1084.7455))",0.314335,9440,Capital,Outer City,F2,0.87,2533,Ward 47
Weslington South,E12,,E12_020,"POLYGON ((3289.3916 1087.0227, 3285.0919 1088.1917, 3279.5176 1088.3015, 3279.6716 1092, 3282 1092, 3289.4412 1092, 3289.3916 1087.0227))",0.617969,6445,Capital,Outer City,D2,0.98,4067,Ward 48
Weslington South,E12,,E12_021,"POLYGON ((3282.8793 1079.6819, 3286.0469 1080.5405, 3288.1637 1079.0161, 3288.1943 1078.8629, 3286.9496 1076.6376, 3284.1973 1074.0153, 3281.5321 1073.8646, 3280.164 1075.7339, 3280.8664 1079.9827, 3282.8793 1079.6819))",0.57572,6695,Capital,Outer City,E2,0.93,3463,Ward 47
Weslington South,E12,,E12_022,"POLYGON ((3291.6174 1082.4586, 3292.2478 1084.9626, 3289.9724 1086.7022, 3289.3916 1087.0227, 3285.0919 1088.1917, 3284.1095 1084.2177, 3291.6174 1082.4586))",0.446684,7710,Capital,Outer City,D2,0.91,3155,Ward 48
Weslington South,E12,,E12_023,"POLYGON ((3284.1095 1084.2177, 3282.8793 1079.6819, 3286.0469 1080.5405, 3288.1637 1079.0161, 3288.1943 1078.8629, 3289.5666 1078.2095, 3291.6408 1080, 3291.9728 1080.3619, 3291.6174 1082.4586, 3284.1095 1084.2177))",0.497466,7255,Capital,Outer City,E2,0.9,3090,Ward 47
Weslington South,E12,,E12_024,"POLYGON ((3295.8589 1086.5679, 3297.3535 1092, 3289.4412 1092, 3289.3916 1087.0227, 3295.8589 1086.5679))",0.585977,6630,Capital,Outer City,D2,0.97,3637,Ward 48
Weslington South,E12,,E12_025,"POLYGON ((3295.9247 1082.4194, 3294.5657 1083.3406, 3292.2478 1084.9626, 3289.9724 1086.7022, 3289.3916 1087.0227, 3295.8589 1086.5679, 3300.5356 1084.9891, 3295.9247 1082.4194))",0.360005,8720,Capital,Outer City,C1,0.99,3089,Ward 48
Weslington South,E12,,E12_026,"POLYGON ((3295.9247 1082.4194, 3294.5657 1083.3406, 3292.2478 1084.9626, 3291.6174 1082.4586, 3291.9728 1080.3619, 3295.9247 1082.4194))",0.153977,14625,Capital,Outer City,C2,0.87,2113,Ward 48
Weslington South,E12,,E12_027,"POLYGON ((3304 1092, 3304 1087.1225, 3300.5356 1084.9891, 3295.8589 1086.5679, 3297.3535 1092, 3304 1092))",0.711186,5975,Capital,Outer City,C1,0.9,3951,Ward 48
Weslington South,E12,,E12_028,"POLYGON ((3293.6436 1076.9892, 3291.9728 1080.3619, 3291.6408 1080, 3289.5666 1078.2095, 3288.1943 1078.8629, 3286.9496 1076.6376, 3284.1973 1074.0153, 3288.4846 1073.5601, 3293.6436 1076.9892))",0.457142,7610,Capital,Outer City,C1,0.96,3624,Ward 47
Weslington South,E12,,E12_029,"POLYGON ((3298.2059 1079.4134, 3295.9247 1082.4194, 3291.9728 1080.3619, 3293.6436 1076.9892, 3298.2059 1079.4134))",0.280631,10095,Capital,Outer City,C2,0.86,2674,Ward 48
Weslington South,E12,,E12_030,"POLYGON ((3300.5356 1084.9891, 3295.9247 1082.4194, 3298.2059 1079.4134, 3301.169 1080.841, 3300.5356 1084.9891))",0.256529,10655,Capital,Outer City,B1,0.88,2481,Ward 49
Weslington South,E12,,E12_031,"POLYGON ((3299.6049 1075.8089, 3298.2059 1079.4134, 3301.169 1080.841, 3300.5356 1084.9891, 3304 1087.1225, 3304 1077.5769, 3301.8025 1076.6929, 3299.6049 1075.8089))",0.582719,6650,Capital,Outer City,D1,0.89,3118,Ward 49
Weslington South,E12,,E12_032,"POLYGON ((3284.1973 1074.0153, 3281.5321 1073.8646, 3282.5261 1068.7058, 3291.9054 1071.7205, 3288.4846 1073.5601, 3284.1973 1074.0153))",0.506468,7185,Capital,Outer City,D2,0.95,3890,Ward 43
Weslington South,E12,,E12_033,"POLYGON ((3293.6436 1076.9892, 3296.2631 1074.0806, 3297.934 1074.9448, 3299.6049 1075.8089, 3298.2059 1079.4134, 3293.6436 1076.9892))",0.265612,10430,Capital,Outer City,D1,0.9,2540,Ward 49
Weslington South,E12,,E12_034,"POLYGON ((3294.703 1073.3076, 3296.2631 1074.0806, 3293.6436 1076.9892, 3288.4846 1073.5601, 3291.9054 1071.7205, 3294.703 1073.3076))",0.309884,9515,Capital,Outer City,D1,0.96,2607,Ward 47
Weslington South,E12,,E12_035,"POLYGON ((3300.7601 1073.0038, 3299.6049 1075.8089, 3297.934 1074.9448, 3296.2631 1074.0806, 3298.5424 1071.446, 3300.7601 1073.0038))",0.161816,14175,Capital,Outer City,E2,0.9,1996,Ward 49
Weslington South,E12,,E12_036,"POLYGON ((3302.3916 1068.5584, 3301.9153 1070.1987, 3300.7601 1073.0038, 3299.6049 1075.8089, 3301.8025 1076.6929, 3304 1077.5769, 3304 1071.8911, 3302.9008 1071.2189, 3303.1618 1069.3197, 3302.3916 1068.5584))",0.342115,8980,Capital,Outer City,D1,0.93,3010,Ward 49
Weslington South,E12,,E12_037,"POLYGON ((3302.3916 1068.5584, 3302.0327 1068.2962, 3300.5939 1069.0062, 3298.5424 1071.446, 3300.7601 1073.0038, 3301.9153 1070.1987, 3302.3916 1068.5584))",0.132936,16085,Capital,Outer City,E2,0.86,1843,Ward 49
Weslington South,E12,,E12_038,"POLYGON ((3302.0327 1068.2962, 3296.0881 1065.7149, 3295.4748 1066.1962, 3294.0626 1069.2311, 3291.9054 1071.7205, 3294.703 1073.3076, 3296.2631 1074.0806, 3298.5424 1071.446, 3300.5939 1069.0062, 3302.0327 1068.2962))",0.625026,6405,Capital,Outer City,C1,0.98,3756,Ward 49
Weslington South,E12,,E12_039,"POLYGON ((3304 1063.7612, 3304 1065.7937, 3304 1067.8261, 3304 1071.8911, 3302.9008 1071.2189, 3303.1618 1069.3197, 3302.3916 1068.5584, 3302.0327 1068.2962, 3296.0881 1065.7149, 3297.3518 1063.3389, 3300.4253 1063.3493, 3304 1063.7612))",0.512279,7140,Capital,Outer City,C1,0.92,3395,Ward 49
Weslington South,E12,,E12_040,"POLYGON ((3287.2329 1062.7702, 3289.5484 1064.3755, 3291.7368 1065.6992, 3292.5787 1064.4013, 3295.4748 1066.1962, 3294.0626 1069.2311, 3291.9054 1071.7205, 3282.5261 1068.7058, 3284.8795 1065.738, 3287.2329 1062.7702))",0.987873,4810,Capital,Outer City,D2,0.88,3852,Ward 49
Weslington South,E12,,E12_041,"POLYGON ((3298.0162 1060.6144, 3297.3518 1063.3389, 3300.4253 1063.3493, 3304 1063.7612, 3304 1060.8014, 3300.48 1060.7003, 3298.0162 1060.6144))",0.271371,10300,Capital,Outer City,D2,0.92,2451,Ward 46
Weslington South,E12,,E12_042,"POLYGON ((3297.3518 1063.3389, 3296.0881 1065.7149, 3295.4748 1066.1962, 3292.5787 1064.4013, 3291.7368 1065.6992, 3289.5484 1064.3755, 3287.2329 1062.7702, 3292 1061.0026, 3294.5664 1062.8075, 3297.3518 1063.3389))",0.402517,8175,Capital,Outer City,E2,0.85,2764,Ward 46
Weslington South,E12,,E12_043,"POLYGON ((3297.3518 1063.3389, 3294.5664 1062.8075, 3292 1061.0026, 3296.4406 1059.7266, 3298.0162 1060.6144, 3297.3518 1063.3389))",0.200667,12380,Capital,Outer City,D2,0.99,2460,Ward 46
Weslington South,E12,,E12_044,"POLYGON ((3304 1055.4346, 3300.5454 1054.9637, 3298.7864 1054.834, 3296.872 1054.8304, 3296.7141 1057.6306, 3296.4406 1059.7266, 3298.0162 1060.6144, 3300.48 1060.7003, 3304 1060.8014, 3304 1057.2235, 3304 1055.4346))",0.638076,6335,Capital,Outer City,E1,0.94,3870,Ward 46
Weslington South,E12,,E12_045,"POLYGON ((3300.5454 1054.9637, 3298.7864 1054.834, 3299.0383 1052.7846, 3304 1053.6456, 3304 1055.4346, 3300.5454 1054.9637))",0.150657,14830,Capital,Outer City,E2,0.91,2132,Ward 46
Weslington South,E12,,E12_046,"POLYGON ((3291.5049 1057.4824, 3296.7141 1057.6306, 3296.4406 1059.7266, 3292 1061.0026, 3291.5049 1057.4824))",0.212146,11965,Capital,Outer City,F2,0.96,2600,Ward 46
Weslington South,E12,,E12_047,"POLYGON ((3296.5034 1048, 3296.0278 1050.8262, 3299.0383 1052.7846, 3304 1053.6456, 3304 1048, 3296.5034 1048))",0.571381,4875,Capital,Outer City,F1,0.88,2442,Ward 45
Weslington South,E12,,E12_048,"POLYGON ((3296.7141 1057.6306, 3291.5049 1057.4824, 3291.621 1054.7909, 3296.872 1054.8304, 3296.7141 1057.6306))",0.224032,11570,Capital,Outer City,F2,0.98,2488,Ward 46
Weslington South,E12,,E12_049,"POLYGON ((3291.5049 1057.4824, 3287.4673 1057.4814, 3285.8523 1057.3215, 3287.9322 1053.9812, 3290.2115 1052.4389, 3299.0383 1052.7846, 3298.7864 1054.834, 3296.872 1054.8304, 3291.621 1054.7909, 3291.5049 1057.4824))",0.564548,6770,Capital,Outer City,E2,1,3760,Ward 46
Weslington South,E12,,E12_050,"POLYGON ((3284.2045 1059.7579, 3285.8523 1057.3215, 3287.4673 1057.4814, 3291.5049 1057.4824, 3292 1061.0026, 3287.2329 1062.7702, 3286.0894 1062.0918, 3284.2045 1059.7579))",0.47788,7420,Capital,Outer City,E2,1,3600,Ward 46
Weslington South,E12,,E12_051,"POLYGON ((3288.0428 1050.7797, 3296.0278 1050.8262, 3299.0383 1052.7846, 3290.2115 1052.4389, 3287.9322 1053.9812, 3288.0428 1050.7797))",0.284602,10010,Capital,Outer City,F1,0.92,2723,Ward 45
Weslington South,E12,,E12_052,"POLYGON ((3286.0894 1062.0918, 3287.2329 1062.7702, 3284.8795 1065.738, 3283.3611 1065.0281, 3286.0894 1062.0918))",0.088727,21040,Capital,Outer City,E2,0.92,1783,Ward 44
Weslington South,E12,,E12_053,"POLYGON ((3288.2399 1048, 3296.5034 1048, 3296.0278 1050.8262, 3288.0428 1050.7797, 3288.2399 1048))",0.355044,6790,Capital,Outer City,D2,0.94,2193,Ward 45
Weslington South,E12,,E12_054,"POLYGON ((3281.4149 1062.8536, 3281.4062 1064.1443, 3283.3611 1065.0281, 3286.0894 1062.0918, 3281.4149 1062.8536))",0.110491,18155,Capital,Outer City,D1,0.94,1966,Ward 44
Weslington South,E12,,E12_055,"POLYGON ((3285.171 1050.6539, 3288.0428 1050.7797, 3287.9322 1053.9812, 3281.6513 1053.8969, 3281.6513 1052.3806, 3285.1916 1052.4072, 3285.171 1050.6539))",0.226028,11505,Capital,Outer City,E2,0.97,2800,Ward 45
Weslington South,E12,,E12_056,"POLYGON ((3287.9322 1053.9812, 3285.8523 1057.3215, 3281.6214 1056.2716, 3281.6513 1053.8969, 3287.9322 1053.9812))",0.243406,10995,Capital,Outer City,F2,0.93,2622,Ward 45
Weslington South,E12,,E12_057,"POLYGON ((3281.5611 1058.9583, 3281.4149 1062.8536, 3286.0894 1062.0918, 3284.2045 1059.7579, 3281.5611 1058.9583))",0.177365,13370,Capital,Outer City,F2,0.95,2169,Ward 44
Weslington South,E12,,E12_058,"POLYGON ((3281.6214 1056.2716, 3285.8523 1057.3215, 3284.2045 1059.7579, 3281.5611 1058.9583, 3281.6214 1056.2716))",0.149536,14905,Capital,Outer City,E2,0.86,1745,Ward 45
Weslington South,E12,,E12_059,"POLYGON ((3288.0428 1050.7797, 3285.171 1050.6539, 3279.5708 1050.4949, 3278.9623 1050.4435, 3279.4143 1048.9376, 3279.6952 1048, 3281.1862 1048, 3282 1048, 3288.2399 1048, 3288.0428 1050.7797))",0.360035,8720,Capital,Outer City,D2,0.89,2969,Ward 45
Weslington South,E12,,E12_060,"POLYGON ((3279.5708 1050.4949, 3285.171 1050.6539, 3285.1916 1052.4072, 3281.6513 1052.3806, 3279.537 1052.3806, 3279.5708 1050.4949))",0.159157,14320,Capital,Outer City,E2,0.98,2316,Ward 45
Weslington South,E12,,E12_061,"POLYGON ((3284.8795 1065.738, 3282.5261 1068.7058, 3280.2695 1068.2235, 3280.208 1065.2432, 3280.2077 1064.1443, 3281.4062 1064.1443, 3283.3611 1065.0281, 3284.8795 1065.738))",0.224543,11550,Capital,Outer City,E2,0.99,2828,Ward 44
Weslington South,E12,,E12_062,"POLYGON ((3281.5611 1058.9583, 3278.1973 1057.9358, 3278.3675 1055.1928, 3281.6214 1056.2716, 3281.5611 1058.9583))",0.141897,15415,Capital,Outer City,E2,0.91,1937,Ward 45
Weslington South,E12,,E12_063,"POLYGON ((3275.6816 1053.8724, 3275.6828 1055.0752, 3278.3675 1055.1928, 3281.6214 1056.2716, 3281.6513 1053.8969, 3278.3953 1053.9104, 3275.6816 1053.8724))",0.145297,15185,Capital,Outer City,E2,0.91,2142,Ward 45
Weslington South,E12,,E12_064,"POLYGON ((3275.7253 1050.3789, 3275.6803 1052.6695, 3275.6816 1053.8724, 3278.3953 1053.9104, 3281.6513 1053.8969, 3281.6513 1052.3806, 3279.537 1052.3806, 3279.5708 1050.4949, 3278.9623 1050.4435, 3275.7253 1050.3789))",0.258802,10595,Capital,Outer City,D2,0.92,2476,Ward 45
Weslington South,E12,,E12_065,"POLYGON ((3281.5611 1058.9583, 3281.4149 1062.8536, 3278.0064 1063.2767, 3277.9758 1062.0992, 3278.0772 1059.871, 3278.1973 1057.9358, 3281.5611 1058.9583))",0.248096,10870,Capital,Outer City,D1,0.98,2635,Ward 44
Weslington South,E12,,E12_066,"POLYGON ((3279.4143 1048.9376, 3278.9623 1050.4435, 3275.7253 1050.3789, 3270.3341 1050.3835, 3269.51 1050.3963, 3269.504 1048, 3270.3292 1048, 3271.9796 1048, 3279.6952 1048, 3279.4143 1048.9376))",0.366507,8630,Capital,Outer City,F1,0.92,2949,Ward 41
Weslington South,E12,,E12_067,"POLYGON ((3278.3675 1055.1928, 3278.1973 1057.9358, 3275.7721 1057.4624, 3275.6828 1055.0752, 3278.3675 1055.1928))",0.102332,19115,Capital,Outer City,D1,0.9,1863,Ward 45
Weslington South,E12,,E12_068,"POLYGON ((3281.4149 1062.8536, 3281.4062 1064.1443, 3280.2077 1064.1443, 3280.208 1065.2432, 3277.9843 1065.2761, 3278.0064 1063.2767, 3281.4149 1062.8536))",0.095851,19960,Capital,Outer City,E2,0.9,1702,Ward 44
Weslington South,E12,,E12_069,"POLYGON ((3269.51 1050.3963, 3269.5409 1052.6489, 3270.3689 1052.635, 3275.6803 1052.6695, 3275.7253 1050.3789, 3270.3341 1050.3835, 3269.51 1050.3963))",0.218421,11750,Capital,Outer City,D2,0.95,2715,Ward 41
Weslington South,E12,,E12_070,"POLYGON ((3270.3689 1052.635, 3270.3862 1053.7607, 3271.1882 1054.805, 3271.1647 1056.5242, 3275.7721 1057.4624, 3275.6828 1055.0752, 3275.6816 1053.8724, 3275.6803 1052.6695, 3270.3689 1052.635))",0.326081,9235,Capital,Outer City,F2,0.87,2620,Ward 41
Weslington South,E12,,E12_071,"POLYGON ((3271.0327 1059.2993, 3272.7278 1059.4313, 3278.0772 1059.871, 3278.1973 1057.9358, 3275.7721 1057.4624, 3271.1647 1056.5242, 3271.0327 1059.2993))",0.259275,10585,Capital,Outer City,D1,0.89,2553,Ward 44
Weslington South,E12,,E12_072,"POLYGON ((3268.7247 1053.7746, 3268.7129 1052.6629, 3269.5409 1052.6489, 3270.3689 1052.635, 3270.3862 1053.7607, 3268.7247 1053.7746))",0.028927,47110,Capital,Outer City,E1,0.85,1118,Ward 41
Weslington South,E12,,E12_073,"POLYGON ((3278.0772 1059.871, 3277.9758 1062.0992, 3278.0064 1063.2767, 3272.8887 1063.7041, 3272.7278 1059.4313, 3278.0772 1059.871))",0.311702,9485,Capital,Outer City,F2,0.87,2547,Ward 44
Weslington South,E12,,E12_074,"POLYGON ((3269.51 1050.3963, 3269.504 1048, 3268.6788 1048, 3263.7131 1048, 3260 1048, 3260 1050.4551, 3263.3842 1050.4499, 3268.6894 1050.4393, 3269.51 1050.3963))",0.362308,8685,Capital,Inner City,D2,0.92,2857,Ward 41
Weslington South,E12,,E12_075,"POLYGON ((3270.3862 1053.7607, 3268.7247 1053.7746, 3267.5974 1054.6995, 3266.3722 1055.9668, 3271.1647 1056.5242, 3271.1882 1054.805, 3270.3862 1053.7607))",0.141198,15465,Capital,Outer City,E1,0.86,1844,Ward 41
Weslington South,E12,,E12_076,"POLYGON ((3268.7129 1052.6629, 3268.7247 1053.7746, 3267.5974 1054.6995, 3266.3722 1055.9668, 3263.5353 1056.1282, 3263.4508 1052.6667, 3268.7129 1052.6629))",0.230329,11375,Capital,Outer City,F2,0.89,2677,Ward 41
Weslington South,E12,,E12_077,"POLYGON ((3271.1647 1056.5242, 3271.0327 1059.2993, 3268.7084 1059.3275, 3268.6761 1057.7133, 3266.3491 1057.7778, 3266.3722 1055.9668, 3271.1647 1056.5242))",0.169892,13740,Capital,Outer City,D1,0.89,1979,Ward 41
Weslington South,E12,,E12_078,"POLYGON ((3269.5409 1052.6489, 3269.51 1050.3963, 3268.6894 1050.4393, 3263.3842 1050.4499, 3260 1050.4551, 3260 1056.3255, 3263.5353 1056.1282, 3263.4508 1052.6667, 3268.7129 1052.6629, 3269.5409 1052.6489))",0.523437,5555,Capital,Outer City,D1,0.88,2542,Ward 41
Weslington South,E12,,E12_079,"POLYGON ((3273.0419 1065.2535, 3272.8887 1063.7041, 3278.0064 1063.2767, 3277.9843 1065.2761, 3275.6155 1065.2761, 3273.0419 1065.2535))",0.139734,15575,Capital,Outer City,F1,0.91,1908,Ward 44
Weslington South,E12,,E12_080,"POLYGON ((3272.8887 1063.7041, 3271.1211 1063.8685, 3271.0327 1059.2993, 3272.7278 1059.4313, 3272.8887 1063.7041))",0.119331,17260,Capital,Outer City,D2,0.99,1817,Ward 44
Weslington South,E12,,E12_081,"POLYGON ((3280.2695 1068.2235, 3275.6397 1068.1494, 3275.6182 1065.9877, 3275.6155 1065.2761, 3277.9843 1065.2761, 3280.208 1065.2432, 3280.2695 1068.2235))",0.2098,12045,Capital,Outer City,D1,0.93,2378,Ward 44
Weslington South,E12,,E12_082,"POLYGON ((3266.3722 1055.9668, 3263.5353 1056.1282, 3263.505 1057.8747, 3263.5697 1059.5374, 3266.2845 1059.3598, 3268.7084 1059.3275, 3268.6761 1057.7133, 3266.3491 1057.7778, 3266.3722 1055.9668))",0.208132,12105,Capital,Outer City,D1,0.88,2366,Ward 41
Weslington South,E12,,E12_083,"POLYGON ((3263.505 1057.8747, 3263.5697 1059.5374, 3260 1059.8327, 3260 1059.4119, 3260 1056.3255, 3263.5353 1056.1282, 3263.505 1057.8747))",0.190271,12795,Capital,Outer City,E2,0.93,2251,Ward 41
Weslington South,E12,,E12_084,"POLYGON ((3263.5697 1059.5374, 3266.2845 1059.3598, 3268.7084 1059.3275, 3268.8519 1061.8054, 3263.6488 1061.9025, 3263.5697 1059.5374))",0.198095,12480,Capital,Outer City,F2,0.97,2406,Ward 42
Weslington South,E12,,E12_085,"POLYGON ((3268.7084 1059.3275, 3271.0327 1059.2993, 3271.1211 1063.8685, 3261.8013 1063.8681, 3261.8009 1061.9511, 3263.6488 1061.9025, 3268.8519 1061.8054, 3268.7084 1059.3275))",0.380038,8450,Capital,Outer City,D2,0.89,3012,Ward 42
Weslington South,E12,,E12_086,"POLYGON ((3271.1594 1065.926, 3271.1211 1063.8685, 3272.8887 1063.7041, 3273.0419 1065.2535, 3273.0611 1065.9611, 3271.1594 1065.926))",0.062405,26830,Capital,Outer City,F1,0.93,1615,Ward 44
Weslington South,E12,,E12_087,"POLYGON ((3273.0611 1065.9611, 3273.0419 1065.2535, 3275.6155 1065.2761, 3275.6182 1065.9877, 3275.6397 1068.1494, 3273.3944 1068.031, 3273.387 1066.8684, 3273.0802 1066.8599, 3273.0611 1065.9611))",0.106599,18595,Capital,Outer City,D1,0.93,1865,Ward 44
Weslington South,E12,,E12_088,"POLYGON ((3261.8013 1063.8681, 3261.8171 1067.5328, 3260 1067.3708, 3260 1059.8327, 3263.5697 1059.5374, 3263.6488 1061.9025, 3261.8009 1061.9511, 3261.8013 1063.8681))",0.281753,10070,Capital,Outer City,E2,0.98,2991,Ward 42
Weslington South,E12,,E12_089,"POLYGON ((3273.3944 1068.031, 3271.1977 1067.9835, 3271.1594 1065.926, 3273.0611 1065.9611, 3273.0802 1066.8599, 3273.387 1066.8684, 3273.3944 1068.031))",0.066545,25660,Capital,Outer City,E1,0.94,1581,Ward 44
Weslington South,E12,,E12_090,"POLYGON ((3265.7502 1067.7675, 3261.8171 1067.5328, 3261.8013 1063.8681, 3271.1211 1063.8685, 3271.1594 1065.926, 3265.6826 1065.8507, 3265.7502 1067.7675))",0.401005,8195,Capital,Outer City,E2,0.94,3166,Ward 42
Weslington South,E12,,E12_091,"POLYGON ((3280.2695 1068.2235, 3280.2736 1069.7298, 3277.936 1069.6948, 3275.688 1069.6465, 3275.6397 1068.1494, 3280.2695 1068.2235))",0.10808,18425,Capital,Outer City,F2,0.99,2249,Ward 43
Weslington South,E12,,E12_092,"POLYGON ((3271.1594 1065.926, 3271.1977 1067.9835, 3268.474 1067.8755, 3265.7502 1067.7675, 3265.6826 1065.8507, 3271.1594 1065.926))",0.169052,13780,Capital,Outer City,E1,0.89,1907,Ward 42
Weslington South,E12,,E12_093,"POLYGON ((3271.2802 1070.8927, 3271.1977 1067.9835, 3273.3944 1068.031, 3273.5154 1070.8688, 3271.2802 1070.8927))",0.099226,19510,Capital,Outer City,E1,0.91,1755,Ward 43
Weslington South,E12,,E12_094,"POLYGON ((3268.474 1067.8755, 3271.1977 1067.9835, 3271.2802 1070.8927, 3268.5284 1070.9293, 3268.474 1067.8755))",0.127184,16550,Capital,Outer City,E1,0.88,1910,Ward 42
Weslington South,E12,,E12_095,"POLYGON ((3268.5284 1070.9293, 3265.7766 1070.9658, 3265.7502 1067.7675, 3268.474 1067.8755, 3268.5284 1070.9293))",0.13337,16045,Capital,Outer City,E1,0.89,1859,Ward 42
Weslington South,E12,,E12_096,"POLYGON ((3273.5154 1070.8688, 3273.3944 1068.031, 3275.6397 1068.1494, 3275.688 1069.6465, 3275.7687 1071.6497, 3274.6389 1071.6572, 3274.6389 1070.8866, 3273.5154 1070.8688))",0.110296,18180,Capital,Outer City,D1,0.96,2015,Ward 43
Weslington South,E12,,E12_097,"POLYGON ((3265.7766 1070.9658, 3261.8338 1071.046, 3261.8171 1067.5328, 3265.7502 1067.7675, 3265.7766 1070.9658))",0.20594,12185,Capital,Outer City,E2,0.94,2627,Ward 42
Weslington South,E12,,E12_098,"POLYGON ((3277.936 1069.6948, 3277.9664 1071.6738, 3275.7687 1071.6497, 3275.688 1069.6465, 3277.936 1069.6948))",0.068951,25010,Capital,Outer City,F2,0.93,1659,Ward 43
Weslington South,E12,,E12_099,"POLYGON ((3271.2802 1070.8927, 3271.3628 1073.8019, 3264.7374 1073.8019, 3264.8634 1076.7014, 3261.2526 1076.5113, 3261.372 1077.4172, 3260 1077.4151, 3260 1067.3708, 3261.8171 1067.5328, 3261.8338 1071.046, 3265.7766 1070.9658, 3268.5284 1070.9293, 3271.2802 1070.8927))",0.827507,5270,Capital,Outer City,D1,0.88,3913,Ward 42
Weslington South,E13,,E13_001,"POLYGON ((3290.865 1038.5378, 3290.772 1036.2973, 3291.2365 1036.3236, 3294.1005 1036.8294, 3294.1473 1038.5597, 3290.865 1038.5378))",0.103226,7640,Capital,Outer City,D2,0.95,730,Ward 4
Weslington South,E13,,E13_002,"POLYGON ((3288.473 1047.2527, 3288.2399 1048, 3282 1048, 3282 1045.4475, 3286.56 1044.5746, 3287.5714 1047.3378, 3288.473 1047.2527))",0.253195,9250,Capital,Outer City,D2,0.87,2151,Ward 6
Weslington South,E13,,E13_003,"POLYGON ((3290.9579 1040.7783, 3289.6585 1040.8731, 3286.6199 1041.3115, 3287.601 1042.0127, 3288.3275 1044.1111, 3289.7154 1044.0155, 3290.6146 1041.6769, 3290.9579 1040.7783))",0.125988,15895,Capital,Outer City,E1,0.87,1745,Ward 6
Weslington South,E13,,E13_004,"POLYGON ((3289.7154 1044.0155, 3288.3275 1044.1111, 3287.5465 1044.2821, 3286.56 1044.5746, 3287.5714 1047.3378, 3288.473 1047.2527, 3289.0499 1045.7976, 3289.7154 1044.0155))",0.098903,18660,Capital,Outer City,D1,0.87,1704,Ward 6
Weslington South,E13,,E13_005,"POLYGON ((3290.2836 1044.8651, 3289.4712 1047.2112, 3288.473 1047.2527, 3289.0499 1045.7976, 3289.7154 1044.0155, 3290.2836 1044.8651))",0.040082,27000,Capital,Outer City,D1,0.89,899,Ward 6
Weslington South,E13,,E13_006,"POLYGON ((3289.7154 1044.0155, 3290.6146 1041.6769, 3293.8908 1042.6114, 3293.7224 1044.1173, 3293.6236 1044.9554, 3290.2836 1044.8651, 3289.7154 1044.0155))",0.161377,9300,Capital,Outer City,C2,0.97,1422,Ward 6
Weslington South,E13,,E13_007,"POLYGON ((3290.6146 1041.6769, 3290.9579 1040.7783, 3294.0592 1041.1055, 3293.8908 1042.6114, 3290.6146 1041.6769))",0.062267,25640,Capital,Outer City,C2,0.9,1472,Ward 6
Weslington South,E13,,E13_008,"POLYGON ((3296.9991 1043.2286, 3296.8378 1045.0245, 3296.5034 1048, 3288.2399 1048, 3288.473 1047.2527, 3289.4712 1047.2112, 3290.2836 1044.8651, 3293.6236 1044.9554, 3293.7224 1044.1173, 3293.8908 1042.6114, 3296.9991 1043.2286))",0.445106,4370,Capital,Outer City,C1,0.99,1882,Ward 6
Weslington South,E13,,E13_009,"POLYGON ((3290.865 1038.5378, 3290.9579 1040.7783, 3294.0592 1041.1055, 3297.1604 1041.4326, 3294.1473 1038.5597, 3290.865 1038.5378))",0.180797,12610,Capital,Outer City,D2,0.91,1920,Ward 6
Weslington South,E13,,E13_010,"POLYGON ((3293.8908 1042.6114, 3294.0592 1041.1055, 3297.1604 1041.4326, 3296.9991 1043.2286, 3293.8908 1042.6114))",0.081104,21350,Capital,Outer City,D2,0.94,1572,Ward 6
Weslington South,E13,,E13_011,"POLYGON ((3300.5086 1043.5906, 3300.4371 1045.5112, 3300.4371 1045.5113, 3304 1046.4425, 3304 1048, 3296.5034 1048, 3296.8378 1045.0245, 3296.9991 1043.2286, 3300.5086 1043.5906))",0.377085,4655,Capital,Outer City,C1,0.92,1720,Ward 6
Weslington South,E13,,E13_012,"POLYGON ((3296.9991 1043.2286, 3297.1604 1041.4326, 3300.5802 1041.67, 3300.5086 1043.5906, 3296.9991 1043.2286))",0.100892,13915,Capital,Outer City,D1,0.89,1210,Ward 6
Weslington South,E13,,E13_013,"POLYGON ((3300.4371 1045.5113, 3304 1046.4425, 3304 1044.1749, 3300.5086 1043.5906, 3300.4371 1045.5113))",0.115546,11830,Capital,Outer City,D1,0.96,1357,Ward 6
Weslington South,E13,,E13_014,"POLYGON ((3300.5802 1041.67, 3304 1041.9073, 3304 1044.1749, 3300.5086 1043.5906, 3300.5802 1041.67))",0.113015,12075,Capital,Outer City,D2,0.96,1328,Ward 6
Weslington South,E13,,E13_015,"POLYGON ((3294.1473 1038.5597, 3294.1005 1036.8294, 3296.9646 1037.3351, 3297.1604 1041.4326, 3294.1473 1038.5597))",0.130266,15550,Capital,Outer City,E2,0.91,1882,Ward 4
Weslington South,E13,,E13_016,"POLYGON ((3300.5802 1041.67, 3297.1604 1041.4326, 3296.9646 1037.3351, 3300.4823 1037.9914, 3300.5802 1041.67))",0.209181,6765,Capital,Outer City,C1,0.93,1236,Ward 4
Weslington South,E13,,E13_017,"POLYGON ((3300.4823 1037.9914, 3304 1038.6477, 3304 1041.9073, 3300.5802 1041.67, 3300.4823 1037.9914))",0.187212,6090,Capital,Outer City,D1,0.99,1110,Ward 4
Weslington South,E13,,E13_018,"POLYGON ((3304 1036.5891, 3304 1038.6477, 3300.4823 1037.9914, 3299.5218 1034.1024, 3304 1036.5891))",0.173541,6445,Capital,Outer City,C1,0.96,1126,Ward 4
Weslington South,E13,,E13_019,"POLYGON ((3300.4823 1037.9914, 3296.9646 1037.3351, 3296.9032 1032.1313, 3299.5218 1034.1024, 3300.4823 1037.9914))",0.206948,8345,Capital,Outer City,C1,0.92,1610,Ward 4
Weslington South,E13,,E13_020,"POLYGON ((3300.3747 1032.3996, 3304 1034.5304, 3304 1036.5891, 3299.5218 1034.1024, 3300.3747 1032.3996))",0.134116,7015,Capital,Outer City,D2,0.88,842,Ward 4
Weslington South,E13,,E13_021,"POLYGON ((3304 1030.2652, 3304 1034.5304, 3300.3747 1032.3996, 3302.0405 1029.1587, 3304 1030.2652))",0.184354,7205,Capital,Outer City,F2,0.96,1410,Ward 4
Weslington South,E13,,E13_022,"POLYGON ((3296.9032 1032.1313, 3296.7494 1030.2688, 3300.3747 1032.3996, 3299.5218 1034.1024, 3296.9032 1032.1313))",0.097915,15290,Capital,Outer City,D1,0.94,1443,Ward 4
Weslington South,E13,,E13_023,"POLYGON ((3294.2091 1032.0001, 3296.9032 1032.1313, 3296.9646 1037.3351, 3294.1005 1036.8294, 3294.1548 1034.4148, 3294.2091 1032.0001))",0.217409,11245,Capital,Outer City,C1,0.87,2126,Ward 4
Weslington South,E13,,E13_024,"POLYGON ((3300.3747 1032.3996, 3296.7494 1030.2688, 3296.6433 1026, 3304 1026, 3304 1030.2652, 3302.0405 1029.1587, 3300.3747 1032.3996))",0.542381,5105,Capital,Outer City,D1,0.97,2744,Ward 4
Weslington South,E13,,E13_025,"POLYGON ((3293.9978 1028.8307, 3296.7494 1030.2688, 3296.9032 1032.1313, 3294.2091 1032.0001, 3293.9978 1028.8307))",0.10454,9735,Capital,Outer City,C2,0.86,899,Ward 4
Weslington South,E13,,E13_026,"POLYGON ((3296.6433 1026, 3296.7494 1030.2688, 3293.9978 1028.8307, 3296.6433 1026))",0.090348,11345,Capital,Outer City,C2,1,980,Ward 4
Weslington South,E13,,E13_027,"POLYGON ((3293.9145 1026, 3296.6433 1026, 3293.9978 1028.8307, 3293.9145 1026))",0.060196,16770,Capital,Outer City,D2,1,1045,Ward 5
Weslington South,E13,,E13_028,"POLYGON ((3293.9978 1028.8307, 3294.2091 1032.0001, 3291.515 1031.8689, 3293.9978 1028.8307))",0.066326,16045,Capital,Outer City,E1,0.89,923,Ward 4
Weslington South,E13,,E13_029,"POLYGON ((3291.3758 1034.0963, 3291.515 1031.8689, 3294.2091 1032.0001, 3294.1548 1034.4148, 3291.3758 1034.0963))",0.099336,7860,Capital,Outer City,C2,0.91,745,Ward 4
Weslington South,E13,,E13_030,"POLYGON ((3294.1548 1034.4148, 3294.1005 1036.8294, 3291.2365 1036.3236, 3291.3758 1034.0963, 3294.1548 1034.4148))",0.102688,7695,Capital,Outer City,D2,0.91,732,Ward 4
Weslington South,E13,,E13_031,"POLYGON ((3286.7196 1028.687, 3286.6283 1026, 3293.9145 1026, 3293.9978 1028.8307, 3286.7196 1028.687))",0.313033,7030,Capital,Outer City,E2,0.95,2168,Ward 5
Weslington South,E13,,E13_032,"POLYGON ((3286.7653 1030.0305, 3286.7196 1028.687, 3293.9978 1028.8307, 3291.515 1031.8689, 3289.163 1031.6215, 3289.1975 1030.0514, 3286.7653 1030.0305))",0.218952,11195,Capital,Outer City,D1,0.86,1964,Ward 5
Weslington South,E13,,E13_033,"POLYGON ((3289.163 1031.6215, 3291.515 1031.8689, 3291.3758 1034.0963, 3288.6035 1034.1478, 3289.163 1031.6215))",0.09545,8120,Capital,Outer City,E1,0.88,676,Ward 4
Weslington South,E13,,E13_034,"POLYGON ((3289.163 1031.6215, 3286.8109 1031.374, 3286.7653 1030.0305, 3289.1975 1030.0514, 3289.163 1031.6215))",0.054304,15765,Capital,Outer City,C2,0.97,840,Ward 5
Weslington South,E13,,E13_035,"POLYGON ((3282 1028.6208, 3282 1026, 3286.6283 1026, 3286.7196 1028.687, 3282 1028.6208))",0.193308,12095,Capital,Outer City,E2,0.99,2367,Ward 5
Weslington South,E13,,E13_036,"POLYGON ((3283.5401 1031.3597, 3282 1031.2416, 3282 1028.6208, 3286.7196 1028.687, 3286.7653 1030.0305, 3283.5367 1029.9461, 3283.5401 1031.3597))",0.130073,15570,Capital,Outer City,D1,0.96,1837,Ward 5
Weslington South,E13,,E13_037,"POLYGON ((3286.7653 1030.0305, 3286.8109 1031.374, 3285.0803 1031.4779, 3283.5401 1031.3597, 3283.5367 1029.9461, 3286.7653 1030.0305))",0.072646,23045,Capital,Outer City,D1,0.85,1243,Ward 5
Weslington South,E13,,E13_038,"POLYGON ((3288.6035 1034.1478, 3287.5619 1034.2048, 3287.651 1035.4807, 3285.4543 1035.629, 3285.2909 1033.8095, 3285.0803 1031.4779, 3286.8109 1031.374, 3289.163 1031.6215, 3288.6035 1034.1478))",0.203742,11710,Capital,Outer City,E1,0.86,1912,Ward 5
Weslington South,E13,,E13_039,"POLYGON ((3291.2365 1036.3236, 3290.772 1036.2973, 3290.1745 1036.3218, 3288.7539 1036.4354, 3288.6035 1034.1478, 3291.3758 1034.0963, 3291.2365 1036.3236))",0.091282,8445,Capital,Outer City,A2,0.97,745,Ward 4
Weslington South,E13,,E13_040,"POLYGON ((3285.0803 1031.4779, 3285.2909 1033.8095, 3283.5598 1033.7134, 3283.5401 1031.3597, 3285.0803 1031.4779))",0.059529,26485,Capital,Outer City,D1,0.97,1474,Ward 5
Weslington South,E13,,E13_041,"POLYGON ((3282 1033.8623, 3282 1031.2416, 3283.5401 1031.3597, 3283.5598 1033.7134, 3282 1033.8623))",0.060087,23300,Capital,Outer City,D1,0.9,1312,Ward 5
Weslington South,E13,,E13_042,"POLYGON ((3288.7539 1036.4354, 3285.569 1036.6809, 3285.4543 1035.629, 3287.651 1035.4807, 3287.5619 1034.2048, 3288.6035 1034.1478, 3288.7539 1036.4354))",0.072885,19975,Capital,Outer City,A2,0.87,1195,Ward 5
Weslington South,E13,,E13_043,"POLYGON ((3283.5598 1033.7134, 3285.2909 1033.8095, 3285.4543 1035.629, 3285.569 1036.6809, 3282 1036.4831, 3282 1033.8623, 3283.5598 1033.7134))",0.149537,14230,Capital,Outer City,D2,0.99,2127,Ward 5
Weslington South,E13,,E13_044,"POLYGON ((3283.2834 1039.7918, 3282 1039.3529, 3282 1036.4831, 3285.569 1036.6809, 3285.6621 1037.5577, 3283.1375 1037.8679, 3283.2834 1039.7918))",0.09842,18725,Capital,Outer City,E2,0.87,1691,Ward 5
Weslington South,E13,,E13_045,"POLYGON ((3285.6621 1037.5577, 3285.569 1036.6809, 3288.7539 1036.4354, 3288.837 1038.6157, 3287.9478 1039.3084, 3287.7994 1037.2907, 3285.6621 1037.5577))",0.065755,21675,Capital,Outer City,D2,0.88,1283,Ward 5
Weslington South,E13,,E13_046,"POLYGON ((3288.7539 1036.4354, 3290.1745 1036.3218, 3290.772 1036.2973, 3290.865 1038.5378, 3288.837 1038.6157, 3288.7539 1036.4354))",0.070103,11110,Capital,Outer City,F2,0.93,759,Ward 4
Weslington South,E13,,E13_047,"POLYGON ((3285.6621 1037.5577, 3285.8762 1040.8355, 3283.2834 1039.7918, 3283.1375 1037.8679, 3285.6621 1037.5577))",0.102693,18195,Capital,Outer City,C2,0.95,1753,Ward 5
Weslington South,E13,,E13_048,"POLYGON ((3287.9478 1039.3084, 3285.8762 1040.8355, 3285.6621 1037.5577, 3287.7994 1037.2907, 3287.9478 1039.3084))",0.08938,19980,Capital,Outer City,C1,0.94,1676,Ward 5
Weslington South,E13,,E13_049,"POLYGON ((3282 1039.3529, 3282 1041.1239, 3282 1042.8949, 3285.8762 1040.8355, 3283.2834 1039.7918, 3282 1039.3529))",0.108564,17530,Capital,Outer City,E1,0.96,1846,Ward 5
Weslington South,E13,,E13_050,"POLYGON ((3289.6585 1040.8731, 3286.6199 1041.3115, 3285.8762 1040.8355, 3287.9478 1039.3084, 3288.9698 1039.237, 3289.6585 1040.8731))",0.072845,23000,Capital,Outer City,D1,0.9,1541,Ward 6
Weslington South,E13,,E13_051,"POLYGON ((3282 1045.4475, 3282 1042.8949, 3285.7757 1042.4775, 3286.56 1044.5746, 3282 1045.4475))",0.154966,8905,Capital,Outer City,D2,0.88,1152,Ward 6
Weslington South,E13,,E13_052,"POLYGON ((3285.8762 1040.8355, 3282 1042.8949, 3285.7757 1042.4775, 3286.56 1044.5746, 3287.5465 1044.2821, 3288.3275 1044.1111, 3287.601 1042.0127, 3286.6199 1041.3115, 3285.8762 1040.8355))",0.135138,15190,Capital,Outer City,D2,0.86,1684,Ward 6
Weslington South,E13,,E13_053,"POLYGON ((3287.9478 1039.3084, 3288.837 1038.6157, 3290.865 1038.5378, 3290.9579 1040.7783, 3289.6585 1040.8731, 3288.9698 1039.237, 3287.9478 1039.3084))",0.065595,24730,Capital,Outer City,D1,0.94,1471,Ward 6
Weslington South,E14,,E14_001,"POLYGON ((3274.3363 1037.112, 3273.8165 1035.2499, 3273.2966 1033.3878, 3271.3904 1033.5177, 3269.5772 1034.3828, 3270.2207 1037.6317, 3274.3363 1037.112))",0.233834,10755,Capital,Outer City,D2,0.86,2170,Ward 2
Weslington South,E14,,E14_002,"POLYGON ((3271.4017 1030.29, 3275.9602 1030.3006, 3278.106 1030.2434, 3278.1801 1028.7536, 3278.4092 1026, 3274.8185 1026, 3274.319 1026, 3271.4017 1030.29))",0.359476,8330,Capital,Outer City,E2,0.92,2705,Ward 3
Weslington South,E14,,E14_003,"POLYGON ((3275.9602 1030.3006, 3276.048 1032.4129, 3273.2966 1033.3878, 3271.3904 1033.5177, 3271.4017 1030.29, 3275.9602 1030.3006))",0.203785,11705,Capital,Outer City,F1,0.91,2215,Ward 3
Weslington South,E14,,E14_004,"POLYGON ((3274.319 1026, 3268.8345 1026, 3268.3642 1028.0029, 3267.5487 1030.6926, 3271.4017 1030.29, 3274.319 1026))",0.317355,8955,Capital,Outer City,C1,0.91,2767,Ward 3
Weslington South,E14,,E14_005,"POLYGON ((3271.4017 1030.29, 3271.3904 1033.5177, 3269.5772 1034.3828, 3268.0788 1034.5236, 3267.5487 1030.6926, 3271.4017 1030.29))",0.208016,11560,Capital,Outer City,D1,0.88,2188,Ward 3
Weslington South,E14,,E14_006,"POLYGON ((3268.3642 1028.0029, 3268.8345 1026, 3260 1026, 3260 1029.3375, 3263.1042 1028.0029, 3268.3642 1028.0029))",0.300733,9250,Capital,Inner City,C1,0.99,2864,Ward 3
Weslington South,E14,,E14_007,"POLYGON ((3268.3642 1028.0029, 3267.5487 1030.6926, 3263.1858 1030.8964, 3263.1042 1028.0029, 3268.3642 1028.0029))",0.208763,11530,Capital,Inner City,C1,0.87,1997,Ward 3
Weslington South,E14,,E14_008,"POLYGON ((3263.1858 1030.8964, 3267.5487 1030.6926, 3268.0788 1034.5236, 3266.5713 1034.6746, 3263.1584 1034.2188, 3263.1858 1030.8964))",0.267929,9905,Capital,Inner City,D1,0.99,2860,Ward 3
Weslington South,E14,,E14_009,"POLYGON ((3263.1042 1028.0029, 3260 1029.3375, 3260 1032.6749, 3260 1034.646, 3263.1584 1034.2188, 3263.1858 1030.8964, 3263.1042 1028.0029))",0.284324,9560,Capital,Inner City,D1,0.87,2392,Ward 3
Weslington South,E14,,E14_010,"POLYGON ((3270.2207 1037.6317, 3266.9338 1038.3236, 3266.5713 1034.6746, 3268.0788 1034.5236, 3269.5772 1034.3828, 3270.2207 1037.6317))",0.173101,12960,Capital,Inner City,D1,0.98,2436,Ward 2
Weslington South,E14,,E14_011,"POLYGON ((3266.9338 1038.3236, 3263.6469 1039.0154, 3263.1584 1034.2188, 3266.5713 1034.6746, 3266.9338 1038.3236))",0.221262,11125,Capital,Inner City,D2,1,2452,Ward 2
Weslington South,E14,,E14_012,"POLYGON ((3260 1041.1509, 3262.2957 1041.7272, 3265.2915 1041.681, 3263.6469 1039.0154, 3263.1584 1034.2188, 3260 1034.646, 3260 1041.1509))",0.421966,7600,Capital,Inner City,C1,0.87,2652,Ward 2
Weslington South,E14,,E14_013,"POLYGON ((3269.3452 1041.6599, 3270.4501 1041.6139, 3270.1739 1039.544, 3270.2207 1037.6317, 3266.9338 1038.3236, 3263.6469 1039.0154, 3265.2915 1041.681, 3267.3184 1041.6705, 3269.3452 1041.6599))",0.3109,9065,Capital,Inner City,D2,0.89,2581,Ward 2
Weslington South,E14,,E14_014,"POLYGON ((3260 1048, 3263.7131 1048, 3262.2957 1041.7272, 3260 1041.1509, 3260 1042.4101, 3260 1048))",0.304044,1740,Capital,Inner City,D1,0.9,483,Ward 1
Weslington South,E14,,E14_015,"POLYGON ((3269.504 1048, 3268.6788 1048, 3263.7131 1048, 3262.2957 1041.7272, 3265.2915 1041.681, 3266.2608 1046.3056, 3269.4833 1046.2136, 3269.504 1048))",0.372916,8155,Capital,Inner City,E2,0.95,2873,Ward 1
Weslington South,E14,,E14_016,"POLYGON ((3269.4833 1046.2136, 3266.2608 1046.3056, 3265.2915 1041.681, 3267.3184 1041.6705, 3269.3452 1041.6599, 3269.4373 1043.6378, 3269.4833 1046.2136))",0.261847,10045,Capital,Inner City,D1,0.97,2773,Ward 1
Weslington South,E14,,E14_017,"POLYGON ((3273.3043 1041.5679, 3273.2583 1043.2238, 3269.4373 1043.6378, 3269.3452 1041.6599, 3270.4501 1041.6139, 3270.1739 1039.544, 3273.0953 1039.4501, 3273.3043 1041.5679))",0.205384,11650,Capital,Outer City,C2,0.96,2204,Ward 1
Weslington South,E14,,E14_018,"POLYGON ((3277.2672 1045.7963, 3273.2583 1043.2238, 3269.4373 1043.6378, 3269.4833 1046.2136, 3273.1013 1045.9415, 3277.2672 1045.7963))",0.241193,10555,Capital,Outer City,A2,0.9,2279,Ward 1
Weslington South,E14,,E14_019,"POLYGON ((3273.1013 1045.9415, 3269.4833 1046.2136, 3269.504 1048, 3270.3292 1048, 3271.9796 1048, 3279.6952 1048, 3279.8649 1047.3297, 3277.2672 1045.7963, 3273.1013 1045.9415))",0.303785,9190,Capital,Outer City,E2,0.92,2823,Ward 1
Weslington South,E14,,E14_020,"POLYGON ((3276.1066 1041.3695, 3273.3043 1041.5679, 3273.2583 1043.2238, 3277.2672 1045.7963, 3277.1254 1042.8098, 3276.1947 1042.888, 3276.1066 1041.3695))",0.162176,13510,Capital,Outer City,A2,0.97,2178,Ward 1
Weslington South,E14,,E14_021,"POLYGON ((3282 1045.4475, 3282 1048, 3281.1862 1048, 3279.6952 1048, 3279.8649 1047.3297, 3277.2672 1045.7963, 3282 1045.4475))",0.118127,16585,Capital,Outer City,D2,0.96,1987,Ward 1
Weslington South,E14,,E14_022,"POLYGON ((3273.0953 1039.4501, 3276.0167 1039.3562, 3276.1066 1041.3695, 3273.3043 1041.5679, 3273.0953 1039.4501))",0.092474,19520,Capital,Outer City,F2,0.95,1629,Ward 1
Weslington South,E14,,E14_023,"POLYGON ((3282 1042.8949, 3277.2672 1045.7963, 3277.1254 1042.8098, 3279.1702 1042.798, 3282 1042.8949))",0.115161,16860,Capital,Outer City,E2,0.91,1878,Ward 1
Weslington South,E14,,E14_024,"POLYGON ((3282 1042.8949, 3282 1045.4475, 3277.2672 1045.7963, 3282 1042.8949))",0.094147,19300,Capital,Outer City,E2,0.96,1751,Ward 1
Weslington South,E14,,E14_025,"POLYGON ((3270.2207 1037.6317, 3274.3363 1037.112, 3274.487 1038.257, 3275.8953 1038.13, 3276.0167 1039.3562, 3273.0953 1039.4501, 3270.1739 1039.544, 3270.2207 1037.6317))",0.167007,13260,Capital,Outer City,E2,0.96,2136,Ward 2
Weslington South,E14,,E14_026,"POLYGON ((3279.1022 1041.3695, 3279.1702 1042.798, 3277.1254 1042.8098, 3276.1947 1042.888, 3276.1066 1041.3695, 3279.1022 1041.3695))",0.06746,24240,Capital,Outer City,F2,0.93,1576,Ward 1
Weslington South,E14,,E14_027,"POLYGON ((3276.1066 1041.3695, 3276.0167 1039.3562, 3278.961 1039.3426, 3279.1022 1041.3695, 3276.1066 1041.3695))",0.093522,19380,Capital,Outer City,F2,0.91,1677,Ward 1
Weslington South,E14,,E14_028,"POLYGON ((3279.1702 1042.798, 3279.1022 1041.3695, 3278.961 1039.3426, 3281.7634 1039.3252, 3282 1039.3529, 3282 1041.1239, 3282 1042.8949, 3279.1702 1042.798))",0.160067,13620,Capital,Outer City,E1,0.88,2034,Ward 1
Weslington South,E14,,E14_029,"POLYGON ((3278.827 1036.1577, 3280.7201 1038.5244, 3281.7634 1039.3252, 3278.961 1039.3426, 3278.827 1036.1577))",0.062145,25700,Capital,Outer City,E1,0.87,1247,Ward 2
Weslington South,E14,,E14_030,"POLYGON ((3274.3363 1037.112, 3278.827 1036.1577, 3278.961 1039.3426, 3276.0167 1039.3562, 3275.8953 1038.13, 3274.487 1038.257, 3274.3363 1037.112))",0.162908,13470,Capital,Outer City,E2,0.87,2044,Ward 2
Weslington South,E14,,E14_031,"POLYGON ((3282 1036.4831, 3282 1039.3529, 3281.7634 1039.3252, 3280.7201 1038.5244, 3278.827 1036.1577, 3282 1036.4831))",0.083597,20910,Capital,Outer City,E2,0.87,1461,Ward 2
Weslington South,E14,,E14_032,"POLYGON ((3282 1033.8623, 3282 1036.4831, 3278.827 1036.1577, 3277.4375 1034.2853, 3282 1033.8623))",0.13596,15125,Capital,Outer City,D2,0.87,1786,Ward 2
Weslington South,E14,,E14_033,"POLYGON ((3274.3363 1037.112, 3273.8165 1035.2499, 3277.4375 1034.2853, 3278.827 1036.1577, 3274.3363 1037.112))",0.132313,15400,Capital,Outer City,D2,0.92,1783,Ward 2
Weslington South,E14,,E14_034,"POLYGON ((3278.1801 1031.6607, 3282 1031.2416, 3282 1033.8623, 3277.4375 1034.2853, 3276.048 1032.4129, 3278.1801 1031.6607))",0.208141,11555,Capital,Outer City,D1,0.91,2208,Ward 2
Weslington South,E14,,E14_035,"POLYGON ((3282 1028.6208, 3282 1031.2416, 3278.1801 1031.6607, 3278.106 1030.2434, 3279.8909 1030.1558, 3279.8909 1028.6168, 3282 1028.6208))",0.127347,15790,Capital,Outer City,D1,0.99,2083,Ward 3
Weslington South,E14,,E14_036,"POLYGON ((3273.8165 1035.2499, 3273.2966 1033.3878, 3276.048 1032.4129, 3277.4375 1034.2853, 3273.8165 1035.2499))",0.107158,17685,Capital,Outer City,E2,0.89,1667,Ward 2
Weslington South,E14,,E14_037,"POLYGON ((3276.048 1032.4129, 3275.9602 1030.3006, 3278.106 1030.2434, 3278.1801 1031.6607, 3276.048 1032.4129))",0.059345,26550,Capital,Outer City,F2,0.99,1723,Ward 3
Weslington South,E14,,E14_038,"POLYGON ((3278.106 1030.2434, 3278.1801 1028.7536, 3278.4092 1026, 3282 1026, 3282 1028.6208, 3279.8909 1028.6168, 3279.8909 1030.1558, 3278.106 1030.2434))",0.19396,12070,Capital,Outer City,E2,0.94,2132,Ward 3
Weslington South,E15,,E15_001,"POLYGON ((3249.7926 1059.2244, 3250.9222 1057.9447, 3252.2024 1057.0038, 3255.1464 1056.2337, 3249.7296 1056.2267, 3245.7005 1056.2855, 3245.7524 1059.0352, 3245.7524 1061.0585, 3249.3301 1061.0002, 3249.7926 1059.2244))",0.379227,7100,Capital,Inner City,A1,0.97,2567,Ward 19
Weslington South,E15,,E15_002,"POLYGON ((3249.6245 1052.2635, 3256.4556 1052.1122, 3255.1464 1056.2337, 3249.7296 1056.2267, 3249.6245 1052.2635))",0.385157,6295,Capital,Inner City,B1,0.9,2173,Ward 20
Weslington South,E15,,E15_003,"POLYGON ((3260 1041.1509, 3257.6248 1041.1615, 3257.1031 1043.4175, 3256.9343 1047.4209, 3256.4556 1052.1122, 3258.99 1052.1314, 3258.99 1050.4581, 3260 1050.4551, 3260 1048, 3260 1042.4101, 3260 1041.1509))",0.494887,1045,Capital,Inner City,C1,0.98,518,Ward 22
Weslington South,E15,,E15_004,"POLYGON ((3256.9343 1047.4209, 3256.4556 1052.1122, 3249.6245 1052.2635, 3249.6558 1047.2321, 3254.9294 1047.2021, 3256.9343 1047.4209))",0.544071,5020,Capital,Inner City,B1,0.96,2484,Ward 20
Weslington South,E15,,E15_005,"POLYGON ((3257.6248 1041.1615, 3257.0641 1038.3915, 3256.6509 1035.6382, 3260 1034.646, 3260 1041.1509, 3257.6248 1041.1615))",0.275202,11385,Capital,Inner City,C1,0.86,2525,Ward 22
Weslington South,E15,,E15_006,"POLYGON ((3254.9294 1034.055, 3255.0798 1030.1881, 3257.0759 1030.1881, 3257.0884 1029.2354, 3260 1029.3375, 3260 1032.6749, 3260 1034.646, 3256.6509 1035.6382, 3254.9294 1034.055))",0.420066,10430,Capital,Inner City,D2,0.98,4092,Ward 22
Weslington South,E15,,E15_007,"POLYGON ((3255.0798 1030.1881, 3254.6073 1026, 3260 1026, 3260 1029.3375, 3257.0884 1029.2354, 3257.0759 1030.1881, 3255.0798 1030.1881))",0.295581,14815,Capital,Inner City,E1,0.89,3758,Ward 22
Weslington South,E15,,E15_008,"POLYGON ((3254.4474 1039.1487, 3248.2499 1040.7318, 3249.3355 1043.7816, 3249.6558 1047.2321, 3254.9294 1047.2021, 3255.0672 1043.6228, 3254.4474 1039.1487))",0.66289,5245,Capital,Inner City,A1,0.87,3142,Ward 20
Weslington South,E15,,E15_009,"POLYGON ((3251.6241 1032.1965, 3248.3877 1031.7147, 3244.3937 1031.9212, 3240.9893 1037.5786, 3243.5867 1038.0539, 3246.0216 1034.6089, 3249.1451 1034.1927, 3252.175 1035.5693, 3254.4474 1039.1487, 3255.0672 1043.6228, 3254.9294 1047.2021, 3256.9343 1047.4209, 3257.1031 1043.4175, 3257.6248 1041.1615, 3257.0641 1038.3915, 3256.6509 1035.6382, 3254.9294 1034.055, 3251.6241 1032.1965))",1.134896,4715,Capital,Inner City,C2,0.95,5281,Ward 20
Weslington South,E15,,E15_010,"POLYGON ((3244.3833 1028.3286, 3244.4404 1026, 3251.1942 1026, 3253.5389 1026, 3254.6073 1026, 3255.0798 1030.1881, 3253.0837 1030.1881, 3252.9022 1028.3137, 3244.3833 1028.3286))",0.431228,11580,Capital,Inner City,E2,0.96,4448,Ward 22
Weslington South,E15,,E15_011,"POLYGON ((3244.3937 1031.9212, 3244.3833 1028.3286, 3252.9022 1028.3137, 3253.0837 1030.1881, 3255.0798 1030.1881, 3254.9294 1034.055, 3251.6241 1032.1965, 3248.3877 1031.7147, 3244.3937 1031.9212))",0.597012,8685,Capital,Inner City,E2,0.89,4661,Ward 22
Weslington South,E15,,E15_012,"POLYGON ((3246.0216 1034.6089, 3243.5867 1038.0539, 3246.1841 1038.5292, 3248.2499 1040.7318, 3254.4474 1039.1487, 3252.175 1035.5693, 3249.1451 1034.1927, 3246.0216 1034.6089))",0.660256,5445,Capital,Inner City,A1,0.93,3364,Ward 20
Weslington South,E15,,E15_013,"POLYGON ((3246.2026 1047.2765, 3243.2231 1047.2021, 3243.1542 1043.967, 3243.0165 1040.663, 3243.5867 1038.0539, 3246.1841 1038.5292, 3248.2499 1040.7318, 3249.3355 1043.7816, 3249.6558 1047.2321, 3246.2026 1047.2765))",0.758673,4795,Capital,Inner City,A1,0.95,3163,Ward 20
Weslington South,E15,,E15_014,"POLYGON ((3244.3937 1031.9212, 3239.7106 1031.8704, 3239.7202 1026, 3244.4404 1026, 3244.3833 1028.3286, 3244.3937 1031.9212))",0.430268,15035,Capital,Inner City,F1,0.87,5743,Ward 21
Weslington South,E15,,E15_015,"POLYGON ((3240.8903 1047.3966, 3240.8708 1052.4615, 3249.6245 1052.2635, 3249.6558 1047.2321, 3246.2026 1047.2765, 3243.2231 1047.2021, 3240.8903 1047.3966))",0.696401,4595,Capital,Inner City,B1,1,3360,Ward 20
Weslington South,E15,,E15_016,"POLYGON ((3243.5867 1038.0539, 3240.9893 1037.5786, 3240.8441 1042.6226, 3240.8476 1042.6746, 3240.8903 1047.3966, 3243.2231 1047.2021, 3243.1542 1043.967, 3243.0165 1040.663, 3243.5867 1038.0539))",0.340403,6680,Capital,Inner City,C2,0.98,2290,Ward 20
Weslington South,E15,,E15_017,"POLYGON ((3235 1033.9137, 3235 1027.5889, 3235 1026, 3239.7202 1026, 3239.7106 1031.8704, 3239.7804 1033.8341, 3235 1033.9137))",0.579648,13665,Capital,Inner City,F2,0.89,6838,Ward 21
Weslington South,E15,,E15_018,"POLYGON ((3239.7106 1031.8704, 3244.3937 1031.9212, 3240.9893 1037.5786, 3240.8441 1042.6226, 3235 1042.6677, 3235 1039.7497, 3235 1033.9137, 3239.7804 1033.8341, 3239.7106 1031.8704))",1.002785,7455,Capital,Inner City,D1,0.91,7006,Ward 21
Weslington South,E15,,E15_019,"POLYGON ((3249.7296 1056.2267, 3249.6245 1052.2635, 3240.8708 1052.4615, 3240.8789 1056.4478, 3243.1653 1056.4478, 3245.7005 1056.2855, 3249.7296 1056.2267))",0.545491,5440,Capital,Inner City,B1,0.87,2539,Ward 20
Weslington South,E15,,E15_020,"POLYGON ((3240.8441 1042.6226, 3235 1042.6677, 3235 1045.5857, 3235 1050.2452, 3235 1052.575, 3240.8708 1052.4615, 3240.8903 1047.3966, 3240.8476 1042.6746, 3240.8441 1042.6226))",0.904035,6015,Capital,Inner City,C2,0.87,4655,Ward 21
Weslington South,E15,,E15_021,"POLYGON ((3245.7005 1056.2855, 3245.7524 1059.0352, 3245.7524 1061.0585, 3240.9036 1061.1413, 3240.8789 1056.4478, 3243.1653 1056.4478, 3245.7005 1056.2855))",0.354704,8130,Capital,Inner City,D1,0.97,2641,Ward 19
Weslington South,E15,,E15_022,"POLYGON ((3237.9439 1073.4844, 3235 1073.5426, 3235 1064.2237, 3235 1054.9047, 3235 1052.575, 3240.8708 1052.4615, 3240.8789 1056.4478, 3240.9036 1061.1413, 3240.955 1067.2891, 3237.8324 1067.2783, 3237.9439 1073.4844))",1.638882,6830,Capital,Inner City,C1,0.98,11583,Ward 17
Weslington South,E15,,E15_023,"POLYGON ((3245.7716 1067.1445, 3240.955 1067.2891, 3240.9036 1061.1413, 3245.7524 1061.0585, 3245.7716 1067.1445))",0.460803,8230,Capital,Inner City,D1,0.93,3083,Ward 19
Weslington South,E15,,E15_024,"POLYGON ((3238.0007 1092, 3235 1092, 3235 1082.8616, 3235 1078.2021, 3235 1073.5426, 3237.9439 1073.4844, 3238.0007 1092))",0.856424,5800,Capital,Inner City,D1,0.88,4448,Ward 17
Weslington South,E15,,E15_025,"POLYGON ((3240.955 1067.2891, 3240.96 1071.6514, 3241.0309 1076.5879, 3240.9298 1080.98, 3240.9962 1086.4882, 3241.0014 1092, 3238.0007 1092, 3237.9439 1073.4844, 3237.8324 1067.2783, 3240.955 1067.2891))",1.166616,4810,Capital,Inner City,C2,0.99,6286,Ward 17
Weslington South,E15,,E15_026,"POLYGON ((3245.8363 1072.1277, 3243.2132 1069.8034, 3240.955 1067.2891, 3245.7716 1067.1445, 3245.8363 1072.1277))",0.197615,8970,Capital,Inner City,C1,0.9,1450,Ward 18
Weslington South,E15,,E15_027,"POLYGON ((3240.9298 1080.98, 3240.9962 1086.4882, 3241.0014 1092, 3243.2777 1092, 3251.6954 1092, 3253.7431 1085.7582, 3250.0929 1085.795, 3245.9549 1084.8902, 3243.4979 1083.4037, 3240.9298 1080.98))",1.368364,3355,Capital,Inner City,E2,1,4668,Ward 18
Weslington South,E15,,E15_028,"POLYGON ((3240.9298 1080.98, 3241.0309 1076.5879, 3243.2769 1078.4758, 3245.7609 1080.4953, 3250.0929 1081.7233, 3255.1927 1081.7496, 3253.7431 1085.7582, 3250.0929 1085.795, 3245.9549 1084.8902, 3243.4979 1083.4037, 3240.9298 1080.98))",0.899878,4280,Capital,Inner City,A1,0.86,3119,Ward 18
Weslington South,E15,,E15_029,"POLYGON ((3243.2132 1069.8034, 3240.955 1067.2891, 3240.96 1071.6514, 3242.8665 1073.8459, 3245.7054 1076.3191, 3250.0293 1077.5187, 3255.0597 1077.4444, 3255.0688 1074.3937, 3252.057 1074.1386, 3249.831 1073.8385, 3245.8363 1072.1277, 3243.2132 1069.8034))",0.84754,5160,Capital,Inner City,A1,0.86,3419,Ward 18
Weslington South,E15,,E15_030,"POLYGON ((3242.8665 1073.8459, 3245.7054 1076.3191, 3250.0293 1077.5187, 3255.0597 1077.4444, 3255.1927 1081.7496, 3250.0929 1081.7233, 3245.7609 1080.4953, 3243.2769 1078.4758, 3241.0309 1076.5879, 3240.96 1071.6514, 3242.8665 1073.8459))",0.939097,4340,Capital,Inner City,A1,0.88,3789,Ward 18
Weslington South,E15,,E15_031,"POLYGON ((3255.1225 1066.9502, 3252.3957 1065.2089, 3251.3577 1064.6382, 3250.164 1063.3412, 3249.3301 1061.0002, 3245.7524 1061.0585, 3245.7716 1067.1445, 3249.7857 1067.015, 3255.1225 1066.9502))",0.527097,7350,Capital,Inner City,B1,0.99,3749,Ward 19
Weslington South,E15,,E15_032,"POLYGON ((3245.7716 1067.1445, 3245.8363 1072.1277, 3249.831 1073.8385, 3252.057 1074.1386, 3255.0688 1074.3937, 3255.0717 1072.4589, 3255.1225 1066.9502, 3249.7857 1067.015, 3245.7716 1067.1445))",0.957616,5535,Capital,Inner City,C1,0.97,4988,Ward 18
Weslington South,E15,,E15_033,"POLYGON ((3260 1085.4067, 3260 1092, 3251.6954 1092, 3253.7431 1085.7582, 3260 1085.4067))",0.725445,3855,Capital,Inner City,E2,0.92,2647,Ward 18
Weslington South,E15,,E15_034,"POLYGON ((3260 1080.412, 3260 1079.413, 3260 1077.4151, 3255.0597 1077.4444, 3255.1927 1081.7496, 3253.7431 1085.7582, 3260 1085.4067, 3260 1081.4109, 3260 1080.412))",0.65666,4235,Capital,Inner City,C1,0.86,2570,Ward 18
Weslington South,E15,,E15_035,"POLYGON ((3255.0597 1077.4444, 3255.0688 1074.3937, 3255.0717 1072.4589, 3255.1225 1066.9502, 3260 1067.3708, 3260 1077.4151, 3255.0597 1077.4444))",0.787188,5475,Capital,Inner City,C1,0.93,4120,Ward 19
Weslington South,E15,,E15_036,"POLYGON ((3260 1059.8327, 3255.0292 1060.3926, 3255.1225 1066.9502, 3260 1067.3708, 3260 1059.8327))",0.540958,7555,Capital,Inner City,C1,0.99,4051,Ward 19
Weslington South,E15,,E15_037,"POLYGON ((3255.0292 1060.3926, 3255.1225 1066.9502, 3252.3957 1065.2089, 3251.3577 1064.6382, 3250.164 1063.3412, 3249.3301 1061.0002, 3249.7926 1059.2244, 3250.9222 1057.9447, 3252.2024 1057.0038, 3255.1464 1056.2337, 3255.0292 1060.3926))",0.661713,5845,Capital,Inner City,C1,0.99,3483,Ward 19
Weslington South,E15,,E15_038,"POLYGON ((3260 1056.3255, 3255.1464 1056.2337, 3255.0292 1060.3926, 3260 1059.8327, 3260 1059.4119, 3260 1056.3255))",0.293251,9190,Capital,Inner City,C2,0.94,2576,Ward 19
Weslington South,E15,,E15_039,"POLYGON ((3255.1464 1056.2337, 3256.4556 1052.1122, 3258.99 1052.1314, 3258.99 1050.4581, 3260 1050.4551, 3260 1056.3255, 3255.1464 1056.2337))",0.29889,8520,Capital,Inner City,C2,0.92,2381,Ward 22
Weslington South,E16,,E16_001,"POLYGON ((3260.8386 986.9905, 3260.106 992, 3260.0854 992.8313, 3259.2595 996.0849, 3255 992.7838, 3255.591 986.5244, 3260.8386 986.9905))",0.615181,5545,Capital,Inner City,C2,0.97,3419,Ward 14
Weslington South,E16,,E16_002,"POLYGON ((3272.8857 997.4089, 3266.1439 994.6751, 3260.0854 992.8313, 3259.2595 996.0849, 3264.4727 999.1792, 3264.3668 1004, 3270.5403 1004, 3272.8857 997.4089))",1.292713,4380,Capital,Inner City,C1,0.98,5548,Ward 14
Weslington South,E16,,E16_003,"POLYGON ((3282 992.2558, 3278.982 992.6589, 3273.3177 993.4678, 3272.8857 997.4089, 3270.5403 1004, 3274.4436 1004, 3282 1004, 3282 992.2558))",1.686596,4250,Capital,Outer City,E1,0.93,6398,Ward 13
Weslington South,E16,,E16_004,"POLYGON ((3266.1997 987.9431, 3266.1439 994.6751, 3260.0854 992.8313, 3260.106 992, 3260.8386 986.9905, 3266.1997 987.9431))",0.572202,6460,Capital,Inner City,B1,0.92,3459,Ward 14
Weslington South,E16,,E16_005,"POLYGON ((3266.1997 987.9431, 3271.3238 987.7807, 3273.3177 993.4678, 3272.8857 997.4089, 3266.1439 994.6751, 3266.1997 987.9431))",0.821717,6680,Capital,Inner City,C1,0.91,4781,Ward 14
Weslington South,E16,,E16_006,"POLYGON ((3278.982 992.6589, 3273.3177 993.4678, 3271.3238 987.7807, 3274.5325 983.4854, 3276.3986 974.6775, 3278.982 992.6589))",1.080755,6910,Capital,Outer City,A1,0.87,6589,Ward 13
Weslington South,E16,,E16_007,"POLYGON ((3276.3986 974.6775, 3278.982 992.6589, 3282 992.2558, 3282 975.067, 3276.3986 974.6775))",1.181346,5260,Capital,Outer City,C1,0.85,5114,Ward 13
Weslington South,E16,,E16_008,"POLYGON ((3267.1246 974.6495, 3270.6793 974.8864, 3276.3986 974.6775, 3274.5325 983.4854, 3271.3238 987.7807, 3267.1246 974.6495))",1.089541,4295,Capital,Outer City,A1,0.86,4057,Ward 13
Weslington South,E16,,E16_009,"POLYGON ((3260.3621 976.0355, 3264.8297 976.5118, 3266.1997 987.9431, 3271.3238 987.7807, 3267.1246 974.6495, 3259.5184 973.8102, 3260.3621 976.0355))",0.953736,4875,Capital,Inner City,C1,0.99,5078,Ward 12
Weslington South,E16,,E16_010,"POLYGON ((3276.3986 974.6775, 3274.1826 960, 3282 960, 3282 975.067, 3276.3986 974.6775))",1.551869,5650,Capital,Outer City,E2,0.86,8086,Ward 11
Weslington South,E16,,E16_011,"POLYGON ((3264.8297 976.5118, 3266.1997 987.9431, 3260.8386 986.9905, 3260.3621 976.0355, 3264.8297 976.5118))",0.84706,4825,Capital,Inner City,D1,0.99,3986,Ward 12
Weslington South,E16,,E16_012,"POLYGON ((3267.1246 974.6495, 3270.6793 974.8864, 3276.3986 974.6775, 3274.1826 960, 3257.0431 960, 3256.581 964.4543, 3260.1782 965.8259, 3267.1246 974.6495))",3.262952,1510,Capital,Outer City,D1,0.87,4428,Ward 11
Weslington South,E16,,E16_013,"POLYGON ((3260.3621 976.0355, 3256.2094 976.37, 3256.0196 982.0725, 3255.591 986.5244, 3260.8386 986.9905, 3260.3621 976.0355))",0.760812,4650,Capital,Inner City,D1,0.94,3446,Ward 12
Weslington South,E16,,E16_014,"POLYGON ((3260.1782 965.8259, 3256.581 964.4543, 3252.6512 964.5579, 3253.2568 969.5016, 3257.7631 969.8234, 3259.5184 973.8102, 3267.1246 974.6495, 3260.1782 965.8259))",1.082655,3400,Capital,Inner City,D1,0.9,3313,Ward 11
Weslington South,E16,,E16_015,"POLYGON ((3253.0863 960, 3257.0431 960, 3256.581 964.4543, 3252.6512 964.5579, 3253.0863 960))",0.276584,6290,Capital,Outer City,D2,0.93,1652,Ward 11
Weslington South,E16,,E16_016,"POLYGON ((3246.0807 964.827, 3246.8509 973.2081, 3252.7301 973.5174, 3259.5184 973.8102, 3257.7631 969.8234, 3253.2568 969.5016, 3252.6512 964.5579, 3246.0807 964.827))",1.229556,2445,Capital,Inner City,D2,0.95,2712,Ward 11
Weslington South,E16,,E16_017,"POLYGON ((3252.6512 964.5579, 3246.0807 964.827, 3246.0323 961.2375, 3246.0827 960, 3253.0863 960, 3252.6512 964.5579))",0.4978,4210,Capital,Outer City,D2,0.94,2137,Ward 11
Weslington South,E16,,E16_018,"POLYGON ((3246.8509 973.2081, 3247.0056 977.8642, 3247.5476 985.7683, 3247.5549 985.7929, 3253.95 986.375, 3255.591 986.5244, 3256.0196 982.0725, 3256.2094 976.37, 3260.3621 976.0355, 3259.5184 973.8102, 3252.7301 973.5174, 3246.8509 973.2081))",1.902592,2425,Capital,Inner City,C1,0.89,4271,Ward 12
Weslington South,E16,,E16_019,"POLYGON ((3246.0827 960, 3246.0323 961.2375, 3246.0807 964.827, 3240.5317 964.728, 3240.15 960, 3246.0827 960))",0.425453,5035,Capital,Outer City,F2,0.89,2027,Ward 10
Weslington South,E16,,E16_020,"POLYGON ((3240.5317 964.728, 3246.0807 964.827, 3246.8509 973.2081, 3241.0343 972.7937, 3240.5317 964.728))",0.725818,3335,Capital,Inner City,D2,1,2365,Ward 10
Weslington South,E16,,E16_021,"POLYGON ((3235 964.5201, 3235 960, 3240.15 960, 3240.5317 964.728, 3237.6484 964.6126, 3235 964.5201))",0.384305,6235,Capital,Outer City,D2,0.99,2382,Ward 10
Weslington South,E16,,E16_022,"POLYGON ((3240.5317 964.728, 3241.0343 972.7937, 3237.5544 972.8312, 3237.6484 964.6126, 3240.5317 964.728))",0.403633,5395,Capital,Inner City,E2,0.95,2327,Ward 10
Weslington South,E16,,E16_023,"POLYGON ((3246.8509 973.2081, 3241.0343 972.7937, 3241.3035 976.3162, 3241.7998 983.2458, 3247.5476 985.7683, 3247.0056 977.8642, 3246.8509 973.2081))",1.009167,3720,Capital,Inner City,C1,0.94,3449,Ward 12
Weslington South,E16,,E16_024,"POLYGON ((3241.0343 972.7937, 3237.5544 972.8312, 3237.6484 964.6126, 3235 964.5201, 3235 983.2675, 3241.7998 983.2458, 3241.3035 976.3162, 3241.0343 972.7937))",1.380069,3510,Capital,Inner City,F1,0.88,4465,Ward 10
Weslington South,E16,,E16_025,"POLYGON ((3235 991.9365, 3235 983.2675, 3241.7998 983.2458, 3242.3899 992.1458, 3235 991.9365))",0.970962,5535,Capital,Inner City,C1,0.98,5137,Ward 10
Weslington South,E16,,E16_026,"POLYGON ((3247.6111 992.9738, 3247.545 988.7439, 3247.5549 985.7929, 3253.95 986.375, 3255.591 986.5244, 3255 992.7838, 3247.6111 992.9738))",0.810786,5645,Capital,Inner City,C1,0.97,4736,Ward 15
Weslington South,E16,,E16_027,"POLYGON ((3247.5476 985.7683, 3241.7998 983.2458, 3242.3899 992.1458, 3242.9457 999.3054, 3247.0392 999.364, 3253.4722 999.6206, 3250.8999 996.7063, 3249.129 994.7721, 3247.6111 992.9738, 3247.545 988.7439, 3247.5549 985.7929, 3247.5476 985.7683))",1.489654,3725,Capital,Inner City,C1,0.89,5385,Ward 15
Weslington South,E16,,E16_028,"POLYGON ((3235 999.345, 3235 991.9365, 3242.3899 992.1458, 3242.9457 999.3054, 3239.025 999.4676, 3235 999.345))",0.878986,4875,Capital,Inner City,B1,0.9,3623,Ward 10
Weslington South,E16,,E16_029,"POLYGON ((3242.9457 999.3054, 3243.2988 1004.9876, 3240.7405 1005.1214, 3239.154 1006.628, 3235 1006.7535, 3235 999.345, 3239.025 999.4676, 3242.9457 999.3054))",0.842916,4210,Capital,Inner City,B1,0.92,2979,Ward 15
Weslington South,E16,,E16_030,"POLYGON ((3247.1878 1005.0105, 3243.2988 1004.9876, 3242.9457 999.3054, 3247.0392 999.364, 3247.1878 1005.0105))",0.352207,5295,Capital,Inner City,C2,0.96,1830,Ward 15
Weslington South,E16,,E16_031,"POLYGON ((3239.6877 1016.5342, 3235 1016.778, 3235 1006.7535, 3239.154 1006.628, 3238.8051 1009.4115, 3239.3827 1011.9621, 3239.6877 1016.5342))",0.663421,4350,Capital,Inner City,D1,0.97,2817,Ward 16
Weslington South,E16,,E16_032,"POLYGON ((3246.0538 1013.0452, 3247.9312 1012.9602, 3247.1878 1005.0105, 3243.2988 1004.9876, 3240.7405 1005.1214, 3239.154 1006.628, 3238.8051 1009.4115, 3239.3827 1011.9621, 3241.2122 1013.0953, 3244.0329 1013.0289, 3246.0538 1013.0452))",1.021286,3050,Capital,Inner City,A2,0.95,2978,Ward 15
Weslington South,E16,,E16_033,"POLYGON ((3239.7202 1026, 3235 1026, 3235 1016.778, 3239.6877 1016.5342, 3239.6586 1021.3431, 3239.7202 1026))",0.681722,5085,Capital,Inner City,F2,0.96,3378,Ward 16
Weslington South,E16,,E16_034,"POLYGON ((3239.6877 1016.5342, 3239.3827 1011.9621, 3241.2122 1013.0953, 3244.0329 1013.0289, 3244.2616 1016.6866, 3239.6877 1016.5342))",0.267401,7065,Capital,Inner City,C2,0.96,1832,Ward 16
Weslington South,E16,,E16_035,"POLYGON ((3239.6877 1016.5342, 3244.2616 1016.6866, 3244.2332 1021.4112, 3239.6586 1021.3431, 3239.6877 1016.5342))",0.339892,6845,Capital,Inner City,D1,0.98,2406,Ward 16
Weslington South,E16,,E16_036,"POLYGON ((3247.1878 1005.0105, 3250.1612 1005.0848, 3253.6478 1005.9337, 3253.4722 999.6206, 3247.0392 999.364, 3247.1878 1005.0105))",0.58168,3840,Capital,Inner City,C2,0.98,2099,Ward 15
Weslington South,E16,,E16_037,"POLYGON ((3244.2332 1021.4112, 3244.4404 1026, 3239.7202 1026, 3239.6586 1021.3431, 3244.2332 1021.4112))",0.334782,7890,Capital,Inner City,F1,0.97,2539,Ward 16
Weslington South,E16,,E16_038,"POLYGON ((3250.8999 996.7063, 3253.4722 999.6206, 3257.3207 997.0238, 3259.2595 996.0849, 3255 992.7838, 3247.6111 992.9738, 3249.129 994.7721, 3250.8999 996.7063))",0.64865,4720,Capital,Inner City,E2,0.99,2944,Ward 15
Weslington South,E16,,E16_039,"POLYGON ((3244.2616 1016.6866, 3244.0329 1013.0289, 3246.0538 1013.0452, 3247.9312 1012.9602, 3248.0019 1017.2112, 3244.2616 1016.6866))",0.233284,7015,Capital,Inner City,C2,0.94,1583,Ward 16
Weslington South,E16,,E16_040,"POLYGON ((3244.2332 1021.4112, 3244.2616 1016.6866, 3248.0019 1017.2112, 3248.0037 1021.5146, 3244.2332 1021.4112))",0.264277,7460,Capital,Inner City,D2,0.95,1863,Ward 16
Weslington South,E16,,E16_041,"POLYGON ((3247.1878 1005.0105, 3247.9312 1012.9602, 3252.7274 1013.0778, 3255.8824 1008.8037, 3253.6478 1005.9337, 3250.1612 1005.0848, 3247.1878 1005.0105))",0.825375,3005,Capital,Inner City,A2,1,2415,Ward 15
Weslington South,E16,,E16_042,"POLYGON ((3248.0019 1017.2112, 3247.9312 1012.9602, 3252.7274 1013.0778, 3253.4106 1018.7904, 3248.0019 1017.2112))",0.391202,4825,Capital,Inner City,C2,0.91,1790,Ward 16
Weslington South,E16,,E16_043,"POLYGON ((3253.4106 1018.7904, 3254.6073 1026, 3253.5389 1026, 3251.1942 1026, 3244.4404 1026, 3244.2332 1021.4112, 3248.0037 1021.5146, 3248.0019 1017.2112, 3253.4106 1018.7904))",1.000605,4110,Capital,Inner City,D2,0.97,4136,Ward 16
Weslington South,E16,,E16_044,"POLYGON ((3253.4106 1018.7904, 3252.7274 1013.0778, 3255.8824 1008.8037, 3260 1008.9457, 3260 1013.0422, 3260 1019.2577, 3253.4106 1018.7904))",1.015939,3510,Capital,Inner City,B1,0.98,3630,Ward 14
Weslington South,E16,,E16_045,"POLYGON ((3260 1019.2577, 3253.4106 1018.7904, 3254.6073 1026, 3260 1026, 3260 1025.4132, 3260 1019.2577))",0.649211,4980,Capital,Inner City,D2,0.94,3017,Ward 16
Weslington South,E16,,E16_046,"POLYGON ((3264.4727 999.1792, 3259.2595 996.0849, 3257.3207 997.0238, 3253.4722 999.6206, 3253.6478 1005.9337, 3255.8824 1008.8037, 3260 1008.9457, 3260 1004, 3264.3668 1004, 3264.4727 999.1792))",1.505824,3120,Capital,Inner City,C1,0.92,4151,Ward 14
Weslington South,E17,,E17_001,"POLYGON ((3271.1725 1014.6667, 3271.2911 1017.1097, 3269.102 1017.3249, 3269.1673 1014.9513, 3271.1725 1014.6667))",0.078822,22815,Capital,Outer City,C2,0.86,1586,Ward 8
Weslington South,E17,,E17_002,"POLYGON ((3267.0206 1017.5043, 3269.102 1017.3249, 3269.2697 1020.0263, 3269.4373 1022.7277, 3267.2359 1023.0645, 3267.0206 1017.5043))",0.184059,21065,Capital,Outer City,B1,0.98,3838,Ward 7
Weslington South,E17,,E17_003,"POLYGON ((3272.5328 1019.9587, 3269.2697 1020.0263, 3269.102 1017.3249, 3271.2911 1017.1097, 3272.5328 1019.9587))",0.119469,17240,Capital,Outer City,C2,1,2079,Ward 9
Weslington South,E17,,E17_004,"POLYGON ((3274.5185 1025.4807, 3274.1044 1023.5909, 3272.1468 1023.1666, 3269.4373 1022.7277, 3268.8345 1026, 3274.319 1026, 3274.5185 1025.4807))",0.232915,11295,Capital,Outer City,A2,0.88,2382,Ward 9
Weslington South,E17,,E17_005,"POLYGON ((3269.2697 1020.0263, 3269.4373 1022.7277, 3272.1468 1023.1666, 3274.1044 1023.5909, 3275.0829 1020.2317, 3272.5328 1019.9587, 3269.2697 1020.0263))",0.256892,10645,Capital,Outer City,B1,0.99,2807,Ward 9
Weslington South,E17,,E17_006,"POLYGON ((3278.4092 1026, 3278.8239 1020.7326, 3274.1044 1023.5909, 3274.5185 1025.4807, 3274.319 1026, 3274.8185 1026, 3278.4092 1026))",0.256669,10650,Capital,Outer City,D2,0.96,2425,Ward 9
Weslington South,E17,,E17_007,"POLYGON ((3272.5328 1019.9587, 3271.2911 1017.1097, 3275.0829 1017.2037, 3275.0829 1020.2317, 3272.5328 1019.9587))",0.143452,15305,Capital,Outer City,C2,0.92,2022,Ward 9
Weslington South,E17,,E17_008,"POLYGON ((3275.0829 1020.2317, 3278.419 1020.6617, 3278.8239 1020.7326, 3274.1044 1023.5909, 3275.0829 1020.2317))",0.102239,19125,Capital,Outer City,D2,0.89,1901,Ward 9
Weslington South,E17,,E17_009,"POLYGON ((3278.8239 1020.7326, 3279.2099 1020.7821, 3282 1021.5842, 3282 1026, 3278.4092 1026, 3278.8239 1020.7326))",0.258032,10615,Capital,Outer City,E2,0.99,2809,Ward 9
Weslington South,E17,,E17_010,"POLYGON ((3278.419 1020.6617, 3275.0829 1020.2317, 3275.0829 1017.2037, 3276.7818 1017.1814, 3278.419 1020.6617))",0.125085,16730,Capital,Outer City,D1,0.89,1903,Ward 9
Weslington South,E17,,E17_011,"POLYGON ((3280.4523 1017.6638, 3282 1017.9357, 3282 1021.5842, 3279.2099 1020.7821, 3280.4523 1017.6638))",0.119573,17230,Capital,Outer City,D1,0.86,1892,Ward 9
Weslington South,E17,,E17_012,"POLYGON ((3275.0829 1017.2037, 3271.2911 1017.1097, 3271.1725 1014.6667, 3274.5547 1014.5672, 3274.9079 1014.8541, 3275.0183 1015.3395, 3275.0829 1017.2037))",0.149439,14915,Capital,Outer City,F2,0.91,2197,Ward 8
Weslington South,E17,,E17_013,"POLYGON ((3276.6343 1014.0036, 3276.7818 1017.1814, 3278.419 1020.6617, 3278.8239 1020.7326, 3278.9045 1017.3919, 3278.9851 1014.0511, 3276.6343 1014.0036))",0.17903,13295,Capital,Outer City,D1,0.94,2008,Ward 9
Weslington South,E17,,E17_014,"POLYGON ((3278.9045 1017.3919, 3278.8239 1020.7326, 3279.2099 1020.7821, 3280.4523 1017.6638, 3280.4926 1014.1691, 3278.9851 1014.0511, 3278.9045 1017.3919))",0.131886,16165,Capital,Outer City,D1,0.96,2030,Ward 9
Weslington South,E17,,E17_015,"POLYGON ((3280.4926 1014.1691, 3282 1014.2871, 3282 1017.9357, 3280.4523 1017.6638, 3280.4926 1014.1691))",0.085097,21645,Capital,Outer City,D1,0.9,1616,Ward 9
Weslington South,E17,,E17_016,"POLYGON ((3271.1725 1014.6667, 3271.0693 1012.6988, 3274.251 1012.7987, 3276.6343 1014.0036, 3276.7818 1017.1814, 3275.0829 1017.2037, 3275.0183 1015.3395, 3274.9079 1014.8541, 3274.5547 1014.5672, 3271.1725 1014.6667))",0.205268,12205,Capital,Outer City,F1,0.89,2152,Ward 8
Weslington South,E17,,E17_017,"POLYGON ((3278.9851 1014.0511, 3278.9936 1010.2733, 3277.8885 1009.9051, 3274.5031 1009.6646, 3274.251 1012.7987, 3276.6343 1014.0036, 3278.9851 1014.0511))",0.279163,10125,Capital,Outer City,E2,0.9,2358,Ward 8
Weslington South,E17,,E17_018,"POLYGON ((3270.5403 1004, 3269.8322 1009.4212, 3274.5031 1009.6646, 3277.8885 1009.9051, 3278.9936 1010.2733, 3278.9851 1014.0511, 3280.4926 1014.1691, 3282 1014.2871, 3282 1004, 3274.4436 1004, 3270.5403 1004))",1.260497,4260,Capital,Outer City,C1,0.91,4850,Ward 8
Weslington South,E17,,E17_019,"POLYGON ((3269.4534 1011.2336, 3269.8322 1009.4212, 3274.5031 1009.6646, 3274.251 1012.7987, 3271.0693 1012.6988, 3269.2325 1012.5777, 3269.4534 1011.2336))",0.241462,11050,Capital,Outer City,F1,0.92,2447,Ward 8
Weslington South,E17,,E17_020,"POLYGON ((3264.3668 1004, 3264.408 1009.1214, 3269.8322 1009.4212, 3270.5403 1004, 3264.3668 1004))",0.477204,5925,Capital,Inner City,C1,0.96,2939,Ward 8
Weslington South,E17,,E17_021,"POLYGON ((3269.1673 1014.9513, 3269.2325 1012.5777, 3271.0693 1012.6988, 3271.1725 1014.6667, 3269.1673 1014.9513))",0.065018,26075,Capital,Outer City,D2,0.92,1633,Ward 8
Weslington South,E17,,E17_022,"POLYGON ((3269.8322 1009.4212, 3264.408 1009.1214, 3264.6171 1012.1732, 3267.523 1012.6256, 3269.2325 1012.5777, 3269.4534 1011.2336, 3269.8322 1009.4212))",0.2502,10815,Capital,Inner City,C1,0.91,2349,Ward 8
Weslington South,E17,,E17_023,"POLYGON ((3264.408 1009.1214, 3260 1008.9457, 3260 1004, 3264.3668 1004, 3264.408 1009.1214))",0.344176,8950,Capital,Inner City,C1,0.93,3124,Ward 8
Weslington South,E17,,E17_024,"POLYGON ((3267.2718 1015.065, 3267.523 1012.6256, 3269.2325 1012.5777, 3269.1673 1014.9513, 3267.2718 1015.065))",0.067408,25420,Capital,Outer City,B1,0.91,1555,Ward 8
Weslington South,E17,,E17_025,"POLYGON ((3260 1008.9457, 3260 1013.0422, 3262.8512 1014.3582, 3264.6171 1012.1732, 3264.408 1009.1214, 3260 1008.9457))",0.318604,9365,Capital,Inner City,B1,0.86,2504,Ward 7
Weslington South,E17,,E17_026,"POLYGON ((3262.8512 1014.3582, 3264.6171 1012.1732, 3267.523 1012.6256, 3267.2718 1015.065, 3265.0706 1015.136, 3262.8512 1014.3582))",0.155697,22525,Capital,Outer City,B1,0.89,3311,Ward 7
Weslington South,E17,,E17_027,"POLYGON ((3262.8512 1014.3582, 3260 1013.0422, 3260 1019.2577, 3262.3989 1019.5111, 3262.4251 1018.1012, 3262.5114 1016.462, 3262.8512 1014.3582))",0.228486,11430,Capital,Inner City,B1,0.89,2460,Ward 7
Weslington South,E17,,E17_028,"POLYGON ((3267.2718 1015.065, 3267.0206 1017.5043, 3262.4251 1018.1012, 3262.5114 1016.462, 3262.8512 1014.3582, 3265.0706 1015.136, 3267.2718 1015.065))",0.205837,20190,Capital,Outer City,B1,0.91,3896,Ward 7
Weslington South,E17,,E17_029,"POLYGON ((3269.1673 1014.9513, 3269.102 1017.3249, 3267.0206 1017.5043, 3267.2718 1015.065, 3269.1673 1014.9513))",0.074219,23780,Capital,Outer City,C2,0.93,1768,Ward 7
Weslington South,E17,,E17_030,"POLYGON ((3262.3989 1019.5111, 3262.4251 1018.1012, 3267.0206 1017.5043, 3267.2359 1023.0645, 3262.4066 1023.2597, 3262.3989 1019.5111))",0.395088,14515,Capital,Outer City,A1,0.91,5215,Ward 7
Weslington South,E17,,E17_031,"POLYGON ((3267.2359 1023.0645, 3269.4373 1022.7277, 3268.8345 1026, 3260 1026, 3260 1025.4132, 3260 1019.2577, 3262.3989 1019.5111, 3262.4066 1023.2597, 3267.2359 1023.0645))",0.55264,5600,Capital,Inner City,C2,0.85,2462,Ward 7
Weslington South,E18,,E18_001,"POLYGON ((3318.7226 1012.9875, 3323.7744 1012.8643, 3329.9352 1011.7558, 3335.4789 1010.8094, 3317.7976 1005.4452, 3309.8315 1009.7173, 3304.0984 1017.0983, 3310.3735 1014.8695, 3318.7226 1012.9875))",2.17136,2355,Capital,Outer City,C2,0.98,4836,Ward 55
Weslington South,E18,,E18_002,"POLYGON ((3310.3735 1014.8695, 3313.4243 1025.9199, 3304.0984 1017.0983, 3310.3735 1014.8695))",0.593375,4795,Capital,Outer City,C1,0.96,2721,Ward 57
Weslington South,E18,,E18_003,"POLYGON ((3304 1026, 3304.0984 1017.0983, 3313.4243 1025.9199, 3304 1026))",0.653712,4210,Capital,Outer City,C1,0.97,2622,Ward 57
Weslington South,E18,,E18_004,"POLYGON ((3318.7226 1012.9875, 3310.3735 1014.8695, 3313.4243 1025.9199, 3320.2312 1023.6225, 3318.7226 1012.9875))",1.35489,2155,Capital,Outer City,D1,0.86,2514,Ward 57
Weslington South,E18,,E18_005,"POLYGON ((3307.5815 1036.8032, 3304 1034.5304, 3304 1030.2652, 3306.1161 1031.9052, 3305.2002 1033.5989, 3308.3142 1035.5672, 3307.5815 1036.8032))",0.168019,5280,Capital,Outer City,F2,0.98,893,Ward 60
Weslington South,E18,,E18_006,"POLYGON ((3304 1030.2652, 3304 1026, 3311.5488 1038.6963, 3307.5815 1036.8032, 3308.3142 1035.5672, 3305.2002 1033.5989, 3306.1161 1031.9052, 3304 1030.2652))",0.351237,4330,Capital,Outer City,D1,0.92,1332,Ward 60
Weslington South,E18,,E18_007,"POLYGON ((3304 1036.5891, 3304 1034.5304, 3307.5815 1036.8032, 3306.8488 1038.2222, 3304 1036.5891))",0.098287,7375,Capital,Outer City,D2,0.88,629,Ward 60
Weslington South,E18,,E18_008,"POLYGON ((3304 1044.1749, 3304 1041.9073, 3307.298 1042.214, 3307.3325 1044.2179, 3304 1044.1749))",0.11031,7060,Capital,Outer City,D2,0.98,746,Ward 60
Weslington South,E18,,E18_009,"POLYGON ((3307.5815 1036.8032, 3311.5488 1038.6963, 3311.8735 1040.9135, 3304 1038.6477, 3304 1036.5891, 3306.8488 1038.2222, 3307.5815 1036.8032))",0.256804,4255,Capital,Outer City,D1,0.96,1116,Ward 60
Weslington South,E18,,E18_010,"POLYGON ((3304 1038.6477, 3304 1041.9073, 3307.298 1042.214, 3310.5959 1042.5206, 3312.4702 1042.8228, 3311.8735 1040.9135, 3304 1038.6477))",0.315203,3915,Capital,Outer City,E2,0.94,1221,Ward 60
Weslington South,E18,,E18_011,"POLYGON ((3320.6457 1042.6992, 3311.5488 1038.6963, 3304 1026, 3313.4243 1025.9199, 3320.6457 1042.6992))",1.901427,1915,Capital,Outer City,D1,0.91,3325,Ward 60
Weslington South,E18,,E18_012,"POLYGON ((3309.439 1045.2725, 3312.4702 1042.8228, 3310.5959 1042.5206, 3307.298 1042.214, 3307.3325 1044.2179, 3304 1044.1749, 3304 1046.4425, 3307.4203 1046.0347, 3309.439 1045.2725))",0.28572,4490,Capital,Outer City,D1,0.92,1130,Ward 60
Weslington South,E18,,E18_013,"POLYGON ((3312.4702 1042.8228, 3313.0771 1048, 3304.6681 1048, 3304 1048, 3304 1046.4425, 3307.4203 1046.0347, 3309.439 1045.2725, 3312.4702 1042.8228))",0.378936,4365,Capital,Outer City,E2,0.91,1521,Ward 60
Weslington South,E18,,E18_014,"POLYGON ((3325.7897 1022.2335, 3320.2312 1023.6225, 3318.7226 1012.9875, 3323.7744 1012.8643, 3325.7897 1022.2335))",0.847799,2450,Capital,Outer City,D1,0.94,2063,Ward 57
Weslington South,E18,,E18_015,"POLYGON ((3311.5488 1038.6963, 3320.6457 1042.6992, 3318.9444 1043.24, 3312.4702 1042.8228, 3311.8735 1040.9135, 3311.5488 1038.6963))",0.302089,4595,Capital,Outer City,A1,0.98,1420,Ward 60
Weslington South,E18,,E18_016,"POLYGON ((3312.4702 1042.8228, 3318.9444 1043.24, 3320.6457 1042.6992, 3321.486 1048, 3317.2815 1048, 3313.0771 1048, 3312.4702 1042.8228))",0.644981,3645,Capital,Outer City,D2,0.94,2195,Ward 60
Weslington South,E18,,E18_017,"POLYGON ((3325.7897 1022.2335, 3329.6515 1029.9217, 3323.6554 1031.8885, 3320.2312 1023.6225, 3325.7897 1022.2335))",0.813569,1755,Capital,Outer City,C2,0.86,1123,Ward 57
Weslington South,E18,,E18_018,"POLYGON ((3323.7744 1012.8643, 3329.9352 1011.7558, 3331.6956 1019.9415, 3325.7897 1022.2335, 3323.7744 1012.8643))",0.875423,2340,Capital,Outer City,B1,0.98,1825,Ward 57
Weslington South,E18,,E18_019,"POLYGON ((3338.3039 1048, 3321.486 1048, 3320.6457 1042.6992, 3327.0795 1040.1545, 3333.5132 1037.6098, 3338.3039 1048))",1.926632,2060,Capital,Outer City,D2,0.97,3843,Ward 64
Weslington South,E18,,E18_020,"POLYGON ((3337.6015 1017.6495, 3345.7056 1032.5448, 3333.5132 1037.6098, 3327.0795 1040.1545, 3320.6457 1042.6992, 3313.4243 1025.9199, 3320.2312 1023.6225, 3323.6554 1031.8885, 3329.6515 1029.9217, 3335.1103 1027.5211, 3331.6956 1019.9415, 3337.6015 1017.6495))",5.502155,280,Capital,Outer City,A1,0.98,1555,Ward 57
Weslington South,E18,,E18_021,"POLYGON ((3329.6515 1029.9217, 3325.7897 1022.2335, 3331.6956 1019.9415, 3335.1103 1027.5211, 3329.6515 1029.9217))",0.809146,1760,Capital,Outer City,A1,0.96,1308,Ward 57
Weslington South,E18,,E18_022,"POLYGON ((3335.4789 1010.8094, 3337.6015 1017.6495, 3331.6956 1019.9415, 3329.9352 1011.7558, 3335.4789 1010.8094))",0.719349,3215,Capital,Outer City,B1,0.95,2232,Ward 57
Weslington South,E18,,E18_023,"POLYGON ((3370 1034.1779, 3370 1048, 3338.3039 1048, 3333.5132 1037.6098, 3361.2141 1033.2185, 3370 1034.1779))",7.004437,360,Capital,Suburb,B1,1,2428,Ward 64
Weslington South,E18,,E18_024,"POLYGON ((3335.4789 1010.8094, 3348.2192 1012.3752, 3356.9978 1028.0148, 3345.7056 1032.5448, 3337.6015 1017.6495, 3335.4789 1010.8094))",3.905006,950,Capital,Outer City,C1,0.87,3370,Ward 57
Weslington South,E18,,E18_025,"POLYGON ((3333.5132 1037.6098, 3345.7056 1032.5448, 3356.9978 1028.0148, 3348.2192 1012.3752, 3335.4789 1010.8094, 3344.1801 1003.6381, 3350.0241 995.5894, 3354.8066 989.6737, 3358 981.099, 3363.0453 972.395, 3370 965.1254, 3370 1034.1779, 3361.2141 1033.2185, 3333.5132 1037.6098))",18.521396,175,Capital,Suburb,C2,0.86,2460,Ward 55
Weslington South,E18,,E18_026,"POLYGON ((3335.4789 1010.8094, 3344.1801 1003.6381, 3350.0241 995.5894, 3354.8066 989.6737, 3358 981.099, 3363.0453 972.395, 3370 965.1254, 3370 960, 3355.3451 960, 3331.4784 977.5499, 3330.3374 987.2239, 3326.0262 995.4425, 3319.878 1002.8176, 3317.7976 1005.4452, 3335.4789 1010.8094))",18.289561,225,Capital,Suburb,C2,0.85,3376,Ward 55
Weslington South,E18,,E18_027,"POLYGON ((3318.3515 967.8416, 3323.9742 972, 3331.4784 977.5499, 3355.3451 960, 3319.1999 960, 3318.3515 967.8416))",5.809819,1700,Capital,Suburb,C1,0.99,9956,Ward 55
Weslington South,E18,,E18_028,"POLYGON ((3318.3515 967.8416, 3306.9456 969.2146, 3305.3838 960, 3319.1999 960, 3318.3515 967.8416))",1.680059,13355,Capital,Town,C2,0.96,22379,Ward 58
Weslington South,E18,,E18_029,"POLYGON ((3300.384 982.1288, 3305.4664 972, 3306.9456 969.2146, 3318.3515 967.8416, 3323.9742 972, 3331.4784 977.5499, 3330.3374 987.2239, 3326.0262 995.4425, 3319.878 1002.8176, 3317.7976 1005.4452, 3310.0463 991.8999, 3300.384 982.1288))",10.714694,305,Capital,Suburb,A1,0.85,2797,Ward 55
Weslington South,E18,,E18_030,"POLYGON ((3282 975.067, 3292.6542 976.3344, 3300.384 982.1288, 3305.4664 972, 3306.9456 969.2146, 3305.3838 960, 3282 960, 3282 975.067))",6.408306,1020,Capital,Suburb,F1,0.91,6028,Ward 56
Weslington South,E18,,E18_031,"POLYGON ((3300.1945 991.5493, 3300.384 982.1288, 3310.0463 991.8999, 3300.1945 991.5493))",0.723778,8905,Capital,Town,C2,0.97,6620,Ward 56
Weslington South,E18,,E18_032,"POLYGON ((3300.384 982.1288, 3292.6542 976.3344, 3282 975.067, 3282 992.2558, 3300.1945 991.5493, 3300.384 982.1288))",4.202022,1585,Capital,Suburb,E2,0.93,6326,Ward 56
Weslington South,E18,,E18_033,"POLYGON ((3282 1004, 3282 992.2558, 3300.1945 991.5493, 3310.0463 991.8999, 3317.7976 1005.4452, 3309.2894 1004.5651, 3282 1004))",6.21257,390,Capital,Suburb,C1,0.9,2351,Ward 56
Weslington South,E18,,E18_034,"POLYGON ((3317.7976 1005.4452, 3309.2894 1004.5651, 3282 1004, 3282 1014.2871, 3292.7901 1015.6597, 3294.5767 1015.834, 3304.0984 1017.0983, 3309.8315 1009.7173, 3317.7976 1005.4452))",5.054415,425,Capital,Suburb,C2,0.98,2128,Ward 59
Weslington South,E18,,E18_035,"POLYGON ((3287.0634 1018.796, 3282 1017.9357, 3282 1014.2871, 3292.7901 1015.6597, 3294.5767 1015.834, 3294.3592 1017.9582, 3287.4318 1016.897, 3287.0634 1018.796))",0.534185,4550,Capital,Outer City,C1,0.9,2198,Ward 59
Weslington South,E18,,E18_036,"POLYGON ((3286.7416 1022.5909, 3282 1021.5842, 3282 1017.9357, 3287.0634 1018.796, 3286.7416 1022.5909))",0.286718,6875,Capital,Outer City,D1,0.98,1936,Ward 59
Weslington South,E18,,E18_037,"POLYGON ((3294.1416 1020.0824, 3292.4686 1019.8251, 3288.9938 1019.2462, 3287.0634 1018.796, 3287.4318 1016.897, 3294.3592 1017.9582, 3294.1416 1020.0824))",0.230979,6420,Capital,Outer City,D1,1,1444,Ward 59
Weslington South,E18,,E18_038,"POLYGON ((3288.8206 1020.9936, 3288.9938 1019.2462, 3292.4686 1019.8251, 3292.339 1021.7827, 3288.8206 1020.9936))",0.102572,10565,Capital,Outer City,C2,0.94,1069,Ward 59
Weslington South,E18,,E18_039,"POLYGON ((3286.7416 1022.5909, 3286.6773 1024.6492, 3286.6283 1026, 3282 1026, 3282 1021.5842, 3286.7416 1022.5909))",0.286239,6985,Capital,Outer City,D2,0.86,1746,Ward 59
Weslington South,E18,,E18_040,"POLYGON ((3288.9938 1019.2462, 3287.0634 1018.796, 3286.7416 1022.5909, 3293.9176 1023.821, 3294.1416 1020.0824, 3292.4686 1019.8251, 3292.339 1021.7827, 3288.8206 1020.9936, 3288.9938 1019.2462))",0.315141,5260,Capital,Outer City,D1,0.98,1743,Ward 59
Weslington South,E18,,E18_041,"POLYGON ((3297.1468 1020.6479, 3294.1416 1020.0824, 3294.3592 1017.9582, 3297.301 1018.644, 3297.1468 1020.6479))",0.097471,9695,Capital,Outer City,F2,0.92,860,Ward 59
Weslington South,E18,,E18_042,"POLYGON ((3294.3592 1017.9582, 3294.5767 1015.834, 3304.0984 1017.0983, 3302.5351 1019.5099, 3300.4481 1021.9835, 3297.1468 1020.6479, 3297.301 1018.644, 3294.3592 1017.9582))",0.508584,3790,Capital,Outer City,C1,0.85,1608,Ward 59
Weslington South,E18,,E18_043,"POLYGON ((3293.9176 1023.821, 3293.9145 1026, 3286.6283 1026, 3286.6773 1024.6492, 3286.7416 1022.5909, 3293.9176 1023.821))",0.315349,4560,Capital,Outer City,E2,0.87,1141,Ward 59
Weslington South,E18,,E18_044,"POLYGON ((3295.897 1024.1743, 3293.9176 1023.821, 3294.1416 1020.0824, 3297.1468 1020.6479, 3296.787 1022.7032, 3295.897 1024.1743))",0.156511,6815,Capital,Outer City,E1,0.9,1023,Ward 59
Weslington South,E18,,E18_045,"POLYGON ((3297.1468 1020.6479, 3300.4481 1021.9835, 3296.8697 1024.4895, 3295.897 1024.1743, 3296.787 1022.7032, 3297.1468 1020.6479))",0.121388,8330,Capital,Outer City,E2,0.92,935,Ward 59
Weslington South,E18,,E18_046,"POLYGON ((3293.9176 1023.821, 3295.897 1024.1743, 3296.8697 1024.4895, 3296.6433 1026, 3293.9145 1026, 3293.9176 1023.821))",0.084451,11250,Capital,Outer City,D2,0.88,878,Ward 59
Weslington South,E18,,E18_047,"POLYGON ((3300.4481 1021.9835, 3302.5351 1019.5099, 3304.0984 1017.0983, 3304 1026, 3300.4481 1021.9835))",0.240392,6385,Capital,Outer City,C1,0.98,1450,Ward 59
Weslington South,E18,,E18_048,"POLYGON ((3304 1026, 3296.6433 1026, 3296.8697 1024.4895, 3300.4481 1021.9835, 3304 1026))",0.26797,4570,Capital,Outer City,D1,0.9,1162,Ward 59
Weslington South,E19,,E19_001,"POLYGON ((3312.0451 1092.4253, 3318.1815 1082.4441, 3325.0173 1087.4559, 3331.7355 1092, 3326 1092, 3312.0451 1092.4253))",1.471919,3465,Capital,Outer City,D2,0.95,4869,Ward 62
Weslington South,E19,,E19_002,"POLYGON ((3317.5495 1063.7145, 3315.9756 1068.4234, 3315.1597 1070.2911, 3317.3174 1071.1759, 3316.6535 1073.2774, 3315.347 1076.5649, 3317.7234 1077.5351, 3319.9042 1078.4596, 3320.4891 1076.9707, 3320.2202 1076.2801, 3317.5495 1063.7145))",0.581653,4570,Capital,Outer City,D1,0.91,2211,Ward 63
Weslington South,E19,,E19_003,"POLYGON ((3317.9384 1051.0248, 3315.6659 1048.5983, 3313.0771 1048, 3311.4848 1049.3723, 3310.7878 1050.7425, 3311.4711 1053.7705, 3314.5309 1052.447, 3317.9384 1051.0248))",0.371766,5995,Capital,Outer City,A2,0.87,1866,Ward 60
Weslington South,E19,,E19_004,"POLYGON ((3316.7671 1060.3042, 3317.5495 1063.7145, 3313.1752 1063.8325, 3312.8312 1060.1072, 3316.7671 1060.3042))",0.230709,8930,Capital,Outer City,D1,0.99,1954,Ward 61
Weslington South,E19,,E19_005,"POLYGON ((3314.5309 1052.447, 3311.4711 1053.7705, 3312.3398 1056.5686, 3312.8312 1060.1072, 3316.7671 1060.3042, 3315.9847 1056.8939, 3314.5309 1052.447))",0.400977,7595,Capital,Outer City,E1,0.91,2979,Ward 61
Weslington South,E19,,E19_006,"POLYGON ((3319.9042 1078.4596, 3318.1815 1082.4441, 3316 1081.6954, 3317.7234 1077.5351, 3319.9042 1078.4596))",0.16091,10825,Capital,Outer City,F2,0.92,1769,Ward 63
Weslington South,E19,,E19_007,"POLYGON ((3310.7697 1068.8143, 3307.6907 1067.4706, 3309.1845 1063.9311, 3313.1752 1063.8325, 3317.5495 1063.7145, 3315.9756 1068.4234, 3311.5473 1066.9956, 3310.7697 1068.8143))",0.536096,4660,Capital,Outer City,D2,0.97,2542,Ward 61
Weslington South,E19,,E19_008,"POLYGON ((3315.9756 1068.4234, 3311.5473 1066.9956, 3310.7697 1068.8143, 3310.7697 1068.8143, 3310.1804 1070.4017, 3312.4382 1071.5895, 3316.6535 1073.2774, 3317.3174 1071.1759, 3315.1597 1070.2911, 3315.9756 1068.4234))",0.372192,5210,Capital,Outer City,D1,0.89,1609,Ward 63
Weslington South,E19,,E19_009,"POLYGON ((3311.4711 1053.7705, 3304 1053.6456, 3304 1048, 3304.6681 1048, 3313.0771 1048, 3311.4848 1049.3723, 3310.7878 1050.7425, 3311.4711 1053.7705))",0.65872,5250,Capital,Outer City,E2,0.93,2854,Ward 60
Weslington South,E19,,E19_010,"POLYGON ((3308.1145 1060.9673, 3310.0534 1060.8364, 3310.0403 1059.4642, 3312.8312 1060.1072, 3313.1752 1063.8325, 3309.1845 1063.9311, 3308.1145 1060.9673))",0.253827,7350,Capital,Outer City,D1,0.9,1689,Ward 61
Weslington South,E19,,E19_011,"POLYGON ((3304 1055.4346, 3304 1053.6456, 3311.4711 1053.7705, 3312.3398 1056.5686, 3304 1055.4346))",0.278337,9850,Capital,Outer City,F2,0.92,2552,Ward 61
Weslington South,E19,,E19_012,"POLYGON ((3315.347 1076.5649, 3311.4068 1074.9882, 3312.4382 1071.5895, 3316.6535 1073.2774, 3315.347 1076.5649))",0.242213,6655,Capital,Outer City,D2,0.96,1576,Ward 63
Weslington South,E19,,E19_013,"POLYGON ((3312.8312 1060.1072, 3312.3398 1056.5686, 3304 1055.4346, 3304 1057.2235, 3304 1060.8014, 3308.1145 1060.9673, 3310.0534 1060.8364, 3310.0403 1059.4642, 3312.8312 1060.1072))",0.607072,5605,Capital,Outer City,F2,0.92,3016,Ward 61
Weslington South,E19,,E19_014,"POLYGON ((3317.7234 1077.5351, 3316 1081.6954, 3310 1079.6362, 3311.4068 1074.9882, 3315.347 1076.5649, 3317.7234 1077.5351))",0.479496,4890,Capital,Outer City,D1,0.94,2178,Ward 63
Weslington South,E19,,E19_015,"POLYGON ((3309.1845 1063.9311, 3304 1063.7612, 3304 1060.8014, 3308.1145 1060.9673, 3309.1845 1063.9311))",0.213233,8270,Capital,Outer City,D1,0.96,1747,Ward 61
Weslington South,E19,,E19_016,"POLYGON ((3304 1065.7937, 3304 1063.7612, 3309.1845 1063.9311, 3307.6907 1067.4706, 3304 1065.7937))",0.203442,7700,Capital,Outer City,C2,0.87,1301,Ward 61
Weslington South,E19,,E19_017,"POLYGON ((3307.6907 1067.4706, 3310.7697 1068.8143, 3310.1804 1070.4017, 3312.4382 1071.5895, 3311.4068 1074.9882, 3304 1071.8911, 3304.9 1070.3507, 3306.3768 1071.0593, 3307.6907 1067.4706))",0.48356,4030,Capital,Outer City,D2,0.96,1919,Ward 63
Weslington South,E19,,E19_018,"POLYGON ((3304 1071.8911, 3304 1067.8261, 3304 1065.7937, 3307.6907 1067.4706, 3306.3768 1071.0593, 3304.9 1070.3507, 3304 1071.8911))",0.210628,6900,Capital,Outer City,C1,0.97,1396,Ward 63
Weslington South,E19,,E19_019,"POLYGON ((3308.6057 1083.7901, 3310 1079.6362, 3316 1081.6954, 3314.2971 1085.8366, 3308.6057 1083.7901))",0.427437,5880,Capital,Outer City,B1,0.86,2297,Ward 63
Weslington South,E19,,E19_020,"POLYGON ((3310 1079.6362, 3304 1077.5769, 3304 1071.8911, 3311.4068 1074.9882, 3310 1079.6362))",0.568099,4015,Capital,Outer City,D1,0.93,2084,Ward 63
Weslington South,E19,,E19_021,"POLYGON ((3310 1079.6362, 3304 1077.5769, 3304 1087.1225, 3312.0451 1092.4253, 3318.1815 1082.4441, 3316 1081.6954, 3314.2971 1085.8366, 3308.6057 1083.7901, 3310 1079.6362))",1.506866,2755,Capital,Outer City,A1,0.85,3481,Ward 63
Weslington South,E19,,E19_022,"POLYGON ((3312.0451 1092.4253, 3304 1092, 3304 1087.1225, 3312.0451 1092.4253))",0.305797,8640,Capital,Outer City,D1,0.91,2429,Ward 63
Weslington South,E19,,E19_023,"POLYGON ((3312.0451 1092.4253, 3303.5669 1103.7225, 3304 1092, 3312.0451 1092.4253))",0.736384,6975,Capital,Outer City,C1,0.99,5227,Ward 54
Weslington South,E19,,E19_024,"POLYGON ((3289.4412 1092, 3297.3535 1092, 3298.9158 1097.9181, 3294.4561 1097.8904, 3294.5036 1103.6815, 3289.5834 1103.6715, 3289.4412 1092))",1.240202,4130,Capital,Outer City,D2,0.89,4918,Ward 54
Weslington South,E19,,E19_025,"POLYGON ((3289.5834 1103.6715, 3282 1103.8735, 3282 1092, 3289.4412 1092, 3289.5834 1103.6715))",1.378516,3570,Capital,Outer City,D1,0.98,4570,Ward 54
Weslington South,E19,,E19_026,"POLYGON ((3298.9158 1097.9181, 3297.3535 1092, 3304 1092, 3303.5669 1103.7225, 3300.0805 1103.7061, 3298.9158 1097.9181))",0.908129,5715,Capital,Outer City,C1,0.99,4967,Ward 54
Weslington South,E19,,E19_027,"POLYGON ((3300.0805 1103.7061, 3294.5036 1103.6815, 3294.4561 1097.8904, 3298.9158 1097.9181, 3300.0805 1103.7061))",0.452584,6980,Capital,Outer City,C2,0.9,3093,Ward 54
Weslington South,E19,,E19_028,"POLYGON ((3282 1110.7446, 3282 1103.8735, 3289.5834 1103.6715, 3294.5036 1103.6815, 3294.5397 1112.7195, 3288.2698 1112.894, 3288.2358 1110.9466, 3282 1110.7446))",1.579483,2285,Capital,Outer City,D2,0.88,3154,Ward 53
Weslington South,E19,,E19_029,"POLYGON ((3288.2698 1112.894, 3282 1113.0685, 3282 1110.7446, 3288.2358 1110.9466, 3288.2698 1112.894))",0.208129,6365,Capital,Outer City,F2,0.97,1397,Ward 53
Weslington South,E19,,E19_030,"POLYGON ((3301.9814 1112.4578, 3294.5397 1112.7195, 3294.5036 1103.6815, 3300.0805 1103.7061, 3301.9814 1112.4578))",0.904208,4190,Capital,Outer City,D2,0.85,3104,Ward 53
Weslington South,E19,,E19_031,"POLYGON ((3300.0805 1103.7061, 3303.5669 1103.7225, 3303.23 1112.5525, 3301.9814 1112.4578, 3300.0805 1103.7061))",0.323704,8835,Capital,Outer City,C1,0.86,2416,Ward 53
Weslington South,E19,,E19_032,"POLYGON ((3294.5397 1112.7195, 3286.7721 1122.2297, 3286.8823 1128.4517, 3282 1128.4915, 3282 1113.0685, 3288.2698 1112.894, 3294.5397 1112.7195))",1.718563,2255,Capital,Outer City,F1,0.88,3332,Ward 53
Weslington South,E19,,E19_033,"POLYGON ((3303.23 1112.5525, 3303.1164 1121.9606, 3286.7721 1122.2297, 3294.5397 1112.7195, 3301.9814 1112.4578, 3303.23 1112.5525))",1.840077,2565,Capital,Outer City,D1,0.94,4578,Ward 53
Weslington South,E19,,E19_034,"POLYGON ((3326 1092, 3326 1105.8993, 3316.4328 1105.5408, 3316.3738 1112.9642, 3312.7313 1112.9642, 3303.23 1112.5525, 3303.5669 1103.7225, 3312.0451 1092.4253, 3326 1092))",5.392351,770,Capital,Outer City,D2,1,3910,Ward 62
Weslington South,E19,,E19_035,"POLYGON ((3282 1136.0577, 3282 1135.3282, 3282 1128.4915, 3286.8823 1128.4517, 3286.9477 1136.0745, 3282 1136.0577))",0.581784,6540,Capital,Outer City,D2,0.92,3253,Ward 51
Weslington South,E19,,E19_036,"POLYGON ((3303.1164 1121.9606, 3303.2048 1130.8467, 3293.0915 1130.7154, 3293.0915 1128.3611, 3286.8823 1128.4517, 3286.7721 1122.2297, 3303.1164 1121.9606))",1.979544,2800,Capital,Outer City,D1,0.96,5016,Ward 53
Weslington South,E19,,E19_037,"POLYGON ((3287.1876 1147, 3282 1147, 3282 1138.2462, 3282 1136.0577, 3286.9477 1136.0745, 3287.1339 1140.9777, 3287.1876 1147))",0.870279,4330,Capital,Outer City,F2,0.92,3484,Ward 51
Weslington South,E19,,E19_038,"POLYGON ((3287.1339 1140.9777, 3286.9477 1136.0745, 3292.8699 1135.9486, 3292.8035 1140.7466, 3287.1339 1140.9777))",0.438345,5720,Capital,Outer City,F2,0.96,2346,Ward 51
Weslington South,E19,,E19_039,"POLYGON ((3298.0713 1136.0186, 3292.8699 1135.9486, 3286.9477 1136.0745, 3286.8823 1128.4517, 3293.0915 1128.3611, 3293.0915 1130.7154, 3303.2048 1130.8467, 3303.4372 1136.1037, 3298.0713 1136.0186))",1.567712,2975,Capital,Outer City,D2,0.86,4269,Ward 51
Weslington South,E19,,E19_040,"POLYGON ((3293 1147, 3287.1876 1147, 3287.1339 1140.9777, 3292.8035 1140.7466, 3293 1147))",0.549436,4595,Capital,Outer City,F2,0.94,2491,Ward 51
Weslington South,E19,,E19_041,"POLYGON ((3303.4485 1140.631, 3303.4372 1136.1037, 3298.0713 1136.0186, 3292.8699 1135.9486, 3292.8035 1140.7466, 3298.0103 1140.631, 3303.4485 1140.631))",0.766403,3690,Capital,Outer City,C1,0.89,2356,Ward 51
Weslington South,E19,,E19_042,"POLYGON ((3297.9253 1149.9094, 3293 1149.9334, 3293 1147, 3297.9861 1147.0793, 3297.9253 1149.9094))",0.222598,6855,Capital,Outer City,D1,0.95,1436,Ward 50
Weslington South,E19,,E19_043,"POLYGON ((3292.8035 1140.7466, 3293 1147, 3297.9861 1147.0793, 3303.352 1146.9943, 3303.4485 1140.631, 3298.0103 1140.631, 3292.8035 1140.7466))",1.043799,2610,Capital,Outer City,C1,0.9,2462,Ward 51
Weslington South,E19,,E19_044,"POLYGON ((3300.6107 1151.9444, 3300.7523 1158, 3293 1158, 3293 1156.0644, 3293 1149.9334, 3297.9253 1149.9094, 3300.6107 1151.9444))",0.922885,3615,Capital,Outer City,E2,0.87,2945,Ward 50
Weslington South,E19,,E19_045,"POLYGON ((3303.352 1146.9943, 3303.2162 1149.9764, 3300.6107 1151.9444, 3297.9253 1149.9094, 3297.9861 1147.0793, 3303.352 1146.9943))",0.323838,5730,Capital,Outer City,D1,0.87,1573,Ward 50
Weslington South,E19,,E19_046,"POLYGON ((3312.5042 1135.9168, 3303.4372 1136.1037, 3303.2048 1130.8467, 3312.5889 1131.0834, 3312.5042 1135.9168))",0.725418,5325,Capital,Outer City,F2,0.98,3651,Ward 52
Weslington South,E19,,E19_047,"POLYGON ((3303.352 1146.9943, 3303.4485 1140.631, 3307.2668 1140.5154, 3312.1827 1146.8451, 3303.352 1146.9943))",0.630571,4295,Capital,Outer City,C2,0.86,2546,Ward 50
Weslington South,E19,,E19_048,"POLYGON ((3319.8563 1121.8826, 3320.003 1118.2176, 3326 1118.6729, 3326 1105.8993, 3316.4328 1105.5408, 3316.3738 1112.9642, 3312.7313 1112.9642, 3303.23 1112.5525, 3303.1164 1121.9606, 3312.6601 1122.0238, 3319.8563 1121.8826))",3.986122,1205,Capital,Outer City,D2,0.9,4738,Ward 52
Weslington South,E19,,E19_049,"POLYGON ((3303.2162 1149.9764, 3300.6107 1151.9444, 3300.7523 1158, 3312.3195 1158, 3312.2857 1156.5325, 3305.6218 1151.9426, 3303.2162 1149.9764))",0.934334,3800,Capital,Outer City,D2,0.89,3147,Ward 50
Weslington South,E19,,E19_050,"POLYGON ((3303.2162 1149.9764, 3303.352 1146.9943, 3312.1827 1146.8451, 3312.2857 1156.5325, 3305.6218 1151.9426, 3303.2162 1149.9764))",0.900555,3825,Capital,Outer City,C2,0.86,2999,Ward 50
Weslington South,E19,,E19_051,"POLYGON ((3319.0127 1141.2337, 3318.9171 1146.7759, 3312.1827 1146.8451, 3307.2668 1140.5154, 3303.4485 1140.631, 3303.4372 1136.1037, 3312.5042 1135.9168, 3319.0127 1141.2337))",1.74497,2970,Capital,Outer City,A2,0.93,4732,Ward 52
Weslington South,E19,,E19_052,"POLYGON ((3326 1131.4465, 3326 1118.6729, 3320.003 1118.2176, 3319.8563 1121.8826, 3312.6601 1122.0238, 3303.1164 1121.9606, 3303.2048 1130.8467, 3312.5889 1131.0834, 3326 1131.4465))",3.597041,1255,Capital,Outer City,E2,0.85,3804,Ward 52
Weslington South,E19,,E19_053,"POLYGON ((3326 1131.4465, 3312.5889 1131.0834, 3312.5042 1135.9168, 3319.0127 1141.2337, 3326 1141.3302, 3326 1131.4465))",1.82951,3935,Capital,Outer City,F1,0.94,6635,Ward 52
Weslington South,E19,,E19_054,"POLYGON ((3326 1141.3302, 3326 1158, 3312.3195 1158, 3312.2857 1156.5325, 3312.1827 1146.8451, 3318.9171 1146.7759, 3319.0127 1141.2337, 3326 1141.3302))",3.005477,1955,Capital,Outer City,A1,0.95,5693,Ward 50
Weslington South,E19,,E19_055,"POLYGON ((3358.2668 1092, 3356.7099 1085.7509, 3354.7715 1079.4694, 3352.833 1073.1879, 3370 1070, 3370 1092, 3358.2668 1092))",4.626954,1090,Capital,Suburb,C1,0.97,4772,Ward 64
Weslington South,E19,,E19_056,"POLYGON ((3352.833 1073.1879, 3347.1243 1074.5909, 3349.2977 1080.8838, 3343.824 1082.2981, 3345.5642 1087.8511, 3356.7099 1085.7509, 3354.7715 1079.4694, 3352.833 1073.1879))",1.682474,5355,Capital,Town,D2,0.9,8049,Ward 64
Weslington South,E19,,E19_057,"POLYGON ((3349.2977 1080.8838, 3347.1243 1074.5909, 3318.1815 1082.4441, 3325.0173 1087.4559, 3331.7355 1092, 3358.2668 1092, 3356.7099 1085.7509, 3345.5642 1087.8511, 3343.824 1082.2981, 3349.2977 1080.8838))",5.854884,665,Capital,Suburb,E2,0.91,3064,Ward 62
Weslington South,E19,,E19_058,"POLYGON ((3349.4184 1066.6211, 3352.833 1073.1879, 3347.1243 1074.5909, 3344.6911 1068.0272, 3349.4184 1066.6211))",0.597945,9155,Capital,Town,D2,0.85,4957,Ward 62
Weslington South,E19,,E19_059,"POLYGON ((3352.833 1073.1879, 3349.4184 1066.6211, 3346.0037 1060.0542, 3338.3039 1048, 3370 1048, 3370 1070, 3352.833 1073.1879))",9.018274,490,Capital,Suburb,B1,0.96,3965,Ward 64
Weslington South,E19,,E19_060,"POLYGON ((3347.1243 1074.5909, 3318.1815 1082.4441, 3319.9042 1078.4596, 3320.4891 1076.9707, 3321.8608 1073.5286, 3322.0247 1065.5433, 3321.4955 1063.3941, 3346.0037 1060.0542, 3349.4184 1066.6211, 3344.6911 1068.0272, 3347.1243 1074.5909))",6.603662,375,Capital,Suburb,F1,0.99,2462,Ward 62
Weslington South,E19,,E19_061,"POLYGON ((3321.4955 1063.3941, 3321.203 1062.6923, 3317.9384 1051.0248, 3315.6659 1048.5983, 3313.0771 1048, 3317.2815 1048, 3321.486 1048, 3338.3039 1048, 3346.0037 1060.0542, 3321.4955 1063.3941))",5.114669,785,Capital,Suburb,E2,0.97,3815,Ward 62
Weslington South,E19,,E19_062,"POLYGON ((3321.203 1062.6923, 3321.4955 1063.3941, 3322.0247 1065.5433, 3321.8608 1073.5286, 3320.4891 1076.9707, 3320.2202 1076.2801, 3317.5495 1063.7145, 3321.203 1062.6923))",0.603064,5020,Capital,Outer City,D1,0.88,2545,Ward 62
Weslington South,E19,,E19_063,"POLYGON ((3321.203 1062.6923, 3317.5495 1063.7145, 3316.7671 1060.3042, 3315.9847 1056.8939, 3314.5309 1052.447, 3317.9384 1051.0248, 3321.203 1062.6923))",0.667814,5865,Capital,Outer City,E2,0.94,3512,Ward 61
West Valley,W1,,W1_001,"POLYGON ((3286.7226 1514.2364, 3282.0836 1504.7469, 3271.449 1495.3002, 3276.289 1493.8279, 3276.289 1488.78, 3285.86 1488.1567, 3290.4993 1483.8353, 3352.4756 1479.3279, 3345.9106 1485.5899, 3341.9689 1493.2264, 3338.796 1501.2658, 3336.1439 1509.5781, 3333.6066 1517.9506, 3328.5444 1525, 3322.2567 1537, 3292.0744 1537, 3287.7915 1525, 3286.7226 1514.2364))",44.345462,80,Capital,Rural,F1,0.99,3140,Ward 41
West Valley,W1,,W1_002,"POLYGON ((3338.796 1501.2658, 3336.1439 1509.5781, 3333.6066 1517.9506, 3328.5444 1525, 3322.2567 1537, 3383.9098 1537, 3386.1115 1529.6466, 3385.1764 1525, 3382.7022 1515.4653, 3381.2956 1505.7157, 3373.9399 1499.2834, 3365.6872 1493.8307, 3357.7987 1487.9802, 3352.4756 1479.3279, 3345.9106 1485.5899, 3341.9689 1493.2264, 3338.796 1501.2658))",34.998664,80,Capital,Rural,F1,0.88,2631,Ward 42
West Valley,W1,,W1_003,"POLYGON ((3414 1492.698, 3405.5794 1488.5414, 3390.2413 1493.4425, 3381.2956 1505.7157, 3382.7022 1515.4653, 3385.1764 1525, 3386.1115 1529.6466, 3383.9098 1537, 3414 1537, 3414 1492.698))",21.062858,95,Capital,Rural,F1,0.91,1976,Ward 42
West Valley,W1,,W1_004,"POLYGON ((3368.7427 1475.3374, 3376.7751 1478.1964, 3385.088 1480.1981, 3393.5195 1485.2275, 3405.5794 1488.5414, 3390.2413 1493.4425, 3381.2956 1505.7157, 3373.9399 1499.2834, 3365.6872 1493.8307, 3357.7987 1487.9802, 3352.4756 1479.3279, 3368.7427 1475.3374))",11.245264,135,Capital,Rural,D2,0.85,1217,Ward 42
West Valley,W1,,W1_005,"POLYGON ((3414 1479.2191, 3404.3087 1481.3681, 3405.5794 1488.5414, 3414 1492.698, 3414 1479.2191))",1.447549,4490,Capital,Town,F1,0.85,5439,Ward 3
West Valley,W1,,W1_006,"POLYGON ((3405.5794 1488.5414, 3393.5195 1485.2275, 3398.7961 1477.2397, 3414 1471.1847, 3414 1479.2191, 3404.3087 1481.3681, 3405.5794 1488.5414))",2.510331,2745,Capital,Town,E1,0.95,7211,Ward 3
West Valley,W1,,W1_007,"POLYGON ((3356.3841 1444, 3414 1444, 3414 1471.1847, 3398.7961 1477.2397, 3393.5195 1485.2275, 3385.088 1480.1981, 3376.7751 1478.1964, 3368.7427 1475.3374, 3361.4161 1464.6759, 3351.2585 1463.6183, 3356.3841 1444))",29.347115,85,Capital,Rural,A1,0.9,2071,Ward 42
West Valley,W1,,W1_008,"POLYGON ((3352.4756 1479.3279, 3351.2585 1463.6183, 3361.4161 1464.6759, 3368.7427 1475.3374, 3352.4756 1479.3279))",2.81291,3410,Capital,Town,F1,0.91,8391,Ward 42
West Valley,W1,,W1_009,"POLYGON ((3351.2585 1463.6183, 3352.4756 1479.3279, 3348.7485 1474.2327, 3345.3692 1468.0355, 3351.2585 1463.6183))",0.808712,9205,Capital,Town,C1,0.96,6542,Ward 42
West Valley,W1,,W1_010,"POLYGON ((3345.3692 1468.0355, 3341.7488 1462.5214, 3337.1801 1456.5765, 3331.9225 1449.9661, 3326 1444, 3356.3841 1444, 3351.2585 1463.6183, 3345.3692 1468.0355))",6.130131,370,Capital,Rural,C1,1,2317,Ward 42
West Valley,W1,,W1_011,"POLYGON ((3326 1444, 3322.0443 1444, 3311.5646 1456, 3304.3416 1461.2501, 3299.7398 1468.7892, 3295.2511 1476.4271, 3290.4993 1483.8353, 3352.4756 1479.3279, 3348.7485 1474.2327, 3345.3692 1468.0355, 3341.7488 1462.5214, 3337.1801 1456.5765, 3331.9225 1449.9661, 3326 1444))",20.814605,95,Capital,Rural,C1,0.92,1779,Ward 41
West Valley,W1,,W1_012,"POLYGON ((3283.7878 1444, 3322.0443 1444, 3311.5646 1456, 3304.3416 1461.2501, 3299.7398 1468.7892, 3283.7878 1444))",7.215728,240,Capital,Rural,C1,0.86,1510,Ward 41
West Valley,W1,,W1_013,"POLYGON ((3295.2511 1476.4271, 3299.7398 1468.7892, 3283.7878 1444, 3235 1444, 3235 1445.8297, 3241.9998 1453.1613, 3253.7593 1467.2575, 3257.5824 1474.718, 3261.1869 1482.3409, 3266.7265 1488.5259, 3267.9329 1488.8433, 3273.3839 1484.7396, 3290.4993 1483.8353, 3295.2511 1476.4271))",27.514406,85,Capital,Rural,C1,0.92,2309,Ward 41
West Valley,W1,,W1_014,"POLYGON ((3253.7593 1467.2575, 3241.9998 1453.1613, 3235 1445.8297, 3235 1491.3153, 3247 1490.2603, 3256.7763 1488.4037, 3266.7265 1488.5259, 3261.1869 1482.3409, 3257.5824 1474.718, 3253.7593 1467.2575))",11.858178,130,Capital,Rural,A1,0.87,1240,Ward 41
West Valley,W1,,W1_015,"POLYGON ((3276.289 1493.8279, 3271.449 1495.3002, 3267.9329 1488.8433, 3273.3839 1484.7396, 3290.4993 1483.8353, 3285.86 1488.1567, 3276.289 1488.78, 3276.289 1493.8279))",1.736308,6250,Capital,Town,C1,0.93,9829,Ward 41
West Valley,W1,,W1_016,"POLYGON ((3287.7915 1525, 3286.7226 1514.2364, 3282.0836 1504.7469, 3271.449 1495.3002, 3267.9329 1488.8433, 3266.7265 1488.5259, 3256.7763 1488.4037, 3247 1490.2603, 3235 1491.3153, 3235 1537, 3292.0744 1537, 3287.7915 1525))",35.612097,80,Capital,Rural,F1,0.96,2575,Ward 41
West Valley,W2,,W2_001,"POLYGON ((3478.6802 1421.4614, 3488.8917 1421.7261, 3494.8278 1421.0501, 3495.8508 1426.632, 3492.6795 1435.1839, 3478.6802 1421.4614))",1.911777,3585,Capital,Outer City,B1,0.97,6214,Ward 43
West Valley,W2,,W2_002,"POLYGON ((3525.9233 1419.7774, 3516.6834 1423.0117, 3504.3383 1429.3538, 3507.4863 1433.744, 3522.3646 1435.7499, 3526.0366 1424.9516, 3525.9233 1419.7774))",3.184119,770,Capital,Suburb,C1,0.98,2399,Ward 8
West Valley,W2,,W2_003,"POLYGON ((3495.8508 1426.632, 3494.8278 1421.0501, 3499.041 1420.5703, 3504.3383 1429.3538, 3495.8508 1426.632))",0.655706,5300,Capital,Outer City,E1,0.98,3395,Ward 43
West Valley,W2,,W2_004,"POLYGON ((3499.041 1420.5703, 3508.2703 1418.8422, 3516.6834 1423.0117, 3504.3383 1429.3538, 3499.041 1420.5703))",1.520021,4050,Capital,Outer City,E1,0.99,6252,Ward 43
West Valley,W2,,W2_005,"POLYGON ((3549 1427.8558, 3549 1387.2867, 3543.1268 1395.5688, 3537 1403.6651, 3526.9868 1417.3319, 3525.9233 1419.7774, 3526.0366 1424.9516, 3537 1423.655, 3549 1427.8558))",7.884689,230,Capital,Rural,F1,0.92,1621,Ward 2
West Valley,W2,,W2_006,"POLYGON ((3528.5739 1406.7239, 3526.9868 1417.3319, 3525.9233 1419.7774, 3516.6834 1423.0117, 3508.2703 1418.8422, 3499.041 1420.5703, 3505.6738 1415.0855, 3511.0425 1408.708, 3528.5739 1406.7239))",4.318118,700,Capital,Suburb,B1,0.98,2982,Ward 43
West Valley,W2,,W2_007,"POLYGON ((3526.9868 1417.3319, 3537 1403.6651, 3543.1268 1395.5688, 3549 1387.2867, 3549 1377.7458, 3537 1374.0377, 3527.6792 1371.1575, 3524.8045 1378.7396, 3522.9988 1386.6448, 3519.623 1394.4298, 3515.6763 1401.8114, 3511.0425 1408.708, 3528.5739 1406.7239, 3526.9868 1417.3319))",12.961026,175,Capital,Rural,F1,1,2326,Ward 44
West Valley,W2,,W2_008,"POLYGON ((3511.0425 1408.708, 3505.6738 1415.0855, 3499.041 1420.5703, 3494.8278 1421.0501, 3488.8917 1421.7261, 3478.6802 1421.4614, 3476.5356 1412.8679, 3511.0425 1408.708))",4.392381,725,Capital,Suburb,C2,0.97,2945,Ward 43
West Valley,W2,,W2_009,"POLYGON ((3537 1374.0377, 3549 1377.7458, 3549 1312, 3544.8472 1312, 3537 1324.3978, 3534.5156 1333.0824, 3528.8427 1339.7489, 3522.8315 1346.2012, 3516.9001 1352.7041, 3513.8237 1361.014, 3519.155 1368.2664, 3527.6792 1371.1575, 3537 1374.0377))",20.714106,490,Capital,Rural,F1,0.99,9779,Ward 44
West Valley,W2,,W2_010,"POLYGON ((3476.5356 1412.8679, 3479.3266 1395.5382, 3519.623 1394.4298, 3515.6763 1401.8114, 3511.0425 1408.708, 3476.5356 1412.8679))",9.033803,900,Capital,Suburb,E2,0.95,7823,Ward 7
West Valley,W2,,W2_011,"POLYGON ((3517.4871 1312, 3544.8472 1312, 3537 1324.3978, 3534.5156 1333.0824, 3528.8427 1339.7489, 3517.4871 1312))",6.020772,3800,Capital,Rural,D1,0.95,19553,Ward 45
West Valley,W2,,W2_012,"POLYGON ((3479.3266 1395.5382, 3480.4389 1386.879, 3480.8052 1378.2349, 3480.2612 1369.6091, 3477.462 1361.0288, 3486.5522 1360.4101, 3495.6433 1362.0559, 3504.7343 1363.3872, 3513.8237 1361.014, 3519.155 1368.2664, 3527.6792 1371.1575, 3524.8045 1378.7396, 3522.9988 1386.6448, 3519.623 1394.4298, 3479.3266 1395.5382))",21.91757,230,Capital,Rural,D2,0.95,5146,Ward 44
West Valley,W2,,W2_013,"POLYGON ((3528.8427 1339.7489, 3522.8315 1346.2012, 3516.9001 1352.7041, 3513.8237 1361.014, 3504.7343 1363.3872, 3495.6433 1362.0559, 3486.5522 1360.4101, 3477.462 1361.0288, 3480.5974 1354.3838, 3484.0834 1348.2187, 3481.0356 1343.6212, 3478.7651 1338.0229, 3478.299 1334.2316, 3477.9996 1328.7432, 3479.1975 1325.4502, 3480.6949 1321.758, 3481.793 1317.8663, 3483.0168 1312, 3517.4871 1312, 3528.8427 1339.7489))",32.023204,285,Capital,Rural,F1,0.99,9095,Ward 44
West Valley,W2,,W2_014,"POLYGON ((3435.002 1318.0724, 3429.1651 1312, 3483.0168 1312, 3481.793 1317.8663, 3480.6949 1321.758, 3479.1975 1325.4502, 3477.9996 1328.7432, 3478.299 1334.2316, 3478.7651 1338.0229, 3481.0356 1343.6212, 3484.0834 1348.2187, 3480.5974 1354.3838, 3477.462 1361.0288, 3473.3518 1352.9176, 3467.4135 1346.6072, 3460.834 1340.9285, 3453.7652 1335.7317, 3446.5078 1330.7207, 3440.986 1324, 3435.002 1318.0724))",19.590504,535,Capital,Rural,F1,0.98,11155,Ward 5
West Valley,W2,,W2_015,"POLYGON ((3448.4219 1401.1164, 3431.7748 1394.9532, 3414 1394.4862, 3414 1312, 3422.0464 1312, 3429.1651 1312, 3435.002 1318.0724, 3440.986 1324, 3446.5078 1330.7207, 3453.7652 1335.7317, 3460.834 1340.9285, 3467.4135 1346.6072, 3473.3518 1352.9176, 3477.462 1361.0288, 3480.2612 1369.6091, 3480.8052 1378.2349, 3480.4389 1386.879, 3479.3266 1395.5382, 3448.4219 1401.1164))",68.369557,210,Capital,Rural,F1,0.99,14210,Ward 5
West Valley,W2,,W2_016,"POLYGON ((3448.4219 1401.1164, 3479.3266 1395.5382, 3476.5356 1412.8679, 3478.6802 1421.4614, 3471.2892 1429.5724, 3448.4219 1401.1164))",8.823149,500,Capital,Suburb,C2,0.94,4040,Ward 7
West Valley,W2,,W2_017,"POLYGON ((3445.8912 1436.486, 3435.9909 1438.1895, 3414 1444, 3414 1394.4862, 3431.7748 1394.9532, 3448.4219 1401.1164, 3445.8912 1436.486))",22.561013,265,Capital,Rural,D1,0.9,5481,Ward 9
West Valley,W2,,W2_018,"POLYGON ((3465.749 1435.3227, 3467.6986 1436.1412, 3471.2892 1429.5724, 3448.4219 1401.1164, 3445.8912 1436.486, 3455.7865 1434.5827, 3465.749 1435.3227))",7.621758,245,Capital,Rural,C1,0.94,1738,Ward 9
West Valley,W2,,W2_019,"POLYGON ((3414 1471.1847, 3414 1444, 3435.9909 1438.1895, 3445.8912 1436.486, 3455.7865 1434.5827, 3465.749 1435.3227, 3467.6986 1436.1412, 3467.8428 1442.4803, 3463.6192 1451.9398, 3463.0903 1453.1243, 3458.7488 1463.9424, 3458.6693 1464.3298, 3452.6933 1473.1286, 3453.5826 1490.0809, 3444.2424 1488.5185, 3435.2054 1489.5747, 3414 1471.1847))",33.031354,65,Capital,Rural,F1,0.9,1978,Ward 9
West Valley,W2,,W2_020,"POLYGON ((3414 1479.2191, 3414 1471.1847, 3435.2054 1489.5747, 3426.5312 1494.795, 3422.2435 1483.3657, 3414 1479.2191))",2.294726,1205,Capital,Town,E1,0.9,2379,Ward 3
West Valley,W2,,W2_021,"POLYGON ((3426.5312 1494.795, 3419.3851 1497.176, 3414 1492.698, 3414 1479.2191, 3422.2435 1483.3657, 3426.5312 1494.795))",2.261273,4020,Capital,Town,D2,0.98,8700,Ward 3
West Valley,W2,,W2_022,"POLYGON ((3468.843 1525, 3468.6812 1518.4128, 3465.0403 1509.5846, 3459.4328 1501.6503, 3454.2175 1493.5273, 3453.5826 1490.0809, 3444.2424 1488.5185, 3435.2054 1489.5747, 3426.5312 1494.795, 3419.3851 1497.176, 3414 1492.698, 3414 1537, 3468.5109 1537, 3468.843 1525))",35.562118,70,Capital,Rural,F1,0.95,2369,Ward 9
West Valley,W2,,W2_023,"POLYGON ((3464.9063 1481.0954, 3453.5826 1490.0809, 3452.6933 1473.1286, 3458.6693 1464.3298, 3458.7488 1463.9424, 3463.0903 1453.1243, 3463.6192 1451.9398, 3475.4471 1458.3287, 3465.2355 1466.3128, 3464.9063 1481.0954))",5.494847,305,Capital,Suburb,E2,0.91,1617,Ward 9
West Valley,W2,,W2_024,"POLYGON ((3488.5852 1449.2896, 3471.2892 1429.5724, 3467.6986 1436.1412, 3467.8428 1442.4803, 3463.6192 1451.9398, 3475.4471 1458.3287, 3475.9782 1453.0363, 3481.355 1449.6579, 3488.5852 1449.2896))",5.015292,385,Capital,Suburb,C2,0.9,1882,Ward 7
West Valley,W2,,W2_025,"POLYGON ((3464.9063 1481.0954, 3465.2355 1466.3128, 3475.4471 1458.3287, 3474.3349 1465.2011, 3473.1165 1470.831, 3474.0788 1473.8771, 3476.1052 1476.7606, 3464.9063 1481.0954))",2.377834,1015,Capital,Suburb,C1,0.97,2483,Ward 9
West Valley,W2,,W2_026,"POLYGON ((3485.2665 1493.8788, 3473.529 1514.6851, 3468.6812 1518.4128, 3465.0403 1509.5846, 3459.4328 1501.6503, 3454.2175 1493.5273, 3453.5826 1490.0809, 3464.9063 1481.0954, 3485.2665 1493.8788))",9.556329,265,Capital,Suburb,C1,0.88,2281,Ward 9
West Valley,W2,,W2_027,"POLYGON ((3474.3349 1465.2011, 3473.1165 1470.831, 3474.0788 1473.8771, 3476.1052 1476.7606, 3481.2277 1468.2008, 3480.8141 1465.1453, 3474.3349 1465.2011))",0.947908,1910,Capital,Outer City,C1,0.9,1551,Ward 37
West Valley,W2,,W2_028,"POLYGON ((3480.9739 1460.3746, 3480.6374 1463.6044, 3480.8141 1465.1453, 3474.3349 1465.2011, 3475.4471 1458.3287, 3481.3103 1457.1447, 3480.9739 1460.3746))",0.690532,2965,Capital,Outer City,A1,0.87,1690,Ward 37
West Valley,W2,,W2_029,"POLYGON ((3485.2665 1493.8788, 3464.9063 1481.0954, 3476.1052 1476.7606, 3482.356 1478.7638, 3485.2665 1493.8788))",2.494291,1015,Capital,Suburb,C1,0.96,2509,Ward 9
West Valley,W2,,W2_030,"POLYGON ((3483.3605 1464.1995, 3480.8141 1465.1453, 3480.6374 1463.6044, 3482.475 1462.2791, 3483.3605 1464.1995))",0.068527,9235,Capital,Outer City,B1,0.85,547,Ward 37
West Valley,W2,,W2_031,"POLYGON ((3481.3103 1457.1447, 3480.9739 1460.3745, 3480.9739 1460.3746, 3480.6374 1463.6044, 3482.475 1462.2791, 3482.6652 1461.0304, 3483.5899 1459.4671, 3481.3103 1457.1447))",0.149005,5190,Capital,Outer City,F2,0.93,706,Ward 37
West Valley,W2,,W2_032,"POLYGON ((3483.6707 1466.4911, 3481.2277 1468.2008, 3480.8141 1465.1453, 3483.3605 1464.1995, 3483.6707 1466.4911))",0.111443,9980,Capital,Outer City,B1,0.97,1048,Ward 37
West Valley,W2,,W2_033,"POLYGON ((3482.6696 1470.3865, 3481.2277 1468.2008, 3483.6707 1466.4911, 3484.3456 1469.6338, 3482.6696 1470.3865))",0.105829,10020,Capital,Outer City,B1,0.91,942,Ward 37
West Valley,W2,,W2_034,"POLYGON ((3481.2277 1468.2008, 3476.1052 1476.7606, 3482.356 1478.7638, 3488.6067 1480.7669, 3492.487 1482.167, 3490.2393 1476.0142, 3488.6613 1475.7281, 3486.8167 1474.4994, 3484.9808 1472.8562, 3482.6696 1470.3865, 3481.2277 1468.2008))",1.445396,1410,Capital,Outer City,D1,0.93,2129,Ward 37
West Valley,W2,,W2_035,"POLYGON ((3484.3456 1469.6338, 3482.6696 1470.3865, 3484.9808 1472.8562, 3486.8167 1474.4994, 3487.8999 1474.0699, 3487.5341 1473.3812, 3487.1848 1472.6173, 3486.3861 1472.0133, 3484.3456 1469.6338))",0.143131,8585,Capital,Outer City,C2,0.86,987,Ward 37
West Valley,W2,,W2_036,"POLYGON ((3481.3103 1457.1447, 3486.7273 1457.4259, 3486.4067 1459.2184, 3483.5899 1459.4671, 3481.3103 1457.1447))",0.13177,10555,Capital,Outer City,E1,0.92,1424,Ward 37
West Valley,W2,,W2_037,"POLYGON ((3486.6903 1462.9066, 3484.6724 1464.1617, 3483.3605 1464.1995, 3482.475 1462.2791, 3482.6652 1461.0304, 3483.5899 1459.4671, 3486.4067 1459.2184, 3486.8493 1460.9171, 3486.6903 1462.9066))",0.265976,4120,Capital,Outer City,D1,0.96,1061,Ward 37
West Valley,W2,,W2_038,"POLYGON ((3486.7253 1467.712, 3485.3701 1468.8484, 3484.3456 1469.6338, 3483.6707 1466.4911, 3484.8144 1465.9743, 3486.6903 1465.5962, 3486.7253 1467.712))",0.123385,8320,Capital,Outer City,B1,0.96,1034,Ward 37
West Valley,W2,,W2_039,"POLYGON ((3487.2733 1464.1617, 3486.6903 1465.5962, 3484.8144 1465.9743, 3483.6707 1466.4911, 3483.3605 1464.1995, 3484.6724 1464.1617, 3486.6903 1462.9066, 3487.2733 1464.1617))",0.121679,9055,Capital,Outer City,B1,0.88,990,Ward 37
West Valley,W2,,W2_040,"POLYGON ((3486.7253 1467.712, 3485.3701 1468.8484, 3484.3456 1469.6338, 3486.3861 1472.0133, 3489.1852 1470.8234, 3490.3201 1470.2976, 3488.2598 1469.3615, 3486.9894 1468.5486, 3486.7253 1467.712))",0.180288,4945,Capital,Outer City,B1,0.94,815,Ward 37
West Valley,W2,,W2_041,"POLYGON ((3503.5845 1493.3059, 3510.8043 1506.4952, 3500.177 1504.7344, 3491.8359 1505.7937, 3485.0096 1509.6191, 3473.529 1514.6851, 3485.2665 1493.8788, 3503.5845 1493.3059))",5.666009,395,Capital,Suburb,C1,0.95,2127,Ward 47
West Valley,W2,,W2_042,"POLYGON ((3471.2892 1429.5724, 3488.5852 1449.2896, 3492.6795 1435.1839, 3478.6802 1421.4614, 3471.2892 1429.5724))",4.205664,775,Capital,Suburb,C2,0.94,3021,Ward 7
West Valley,W2,,W2_043,"POLYGON ((3498.5036 1452.8892, 3488.5852 1449.2896, 3481.355 1449.6579, 3475.9782 1453.0363, 3475.4471 1458.3287, 3481.3103 1457.1447, 3486.7273 1457.4259, 3489.9764 1457.7451, 3498.5036 1452.8892))",2.143879,2900,Capital,Outer City,D2,0.93,5900,Ward 7
West Valley,W2,,W2_044,"POLYGON ((3486.6903 1465.5962, 3487.2733 1464.1617, 3489.3925 1466.7977, 3488.1916 1467.2422, 3486.7253 1467.712, 3486.6903 1465.5962))",0.080577,8590,Capital,Outer City,B1,0.9,592,Ward 37
West Valley,W2,,W2_045,"POLYGON ((3490.9283 1473.5333, 3489.4367 1473.5024, 3489.0361 1473.6581, 3488.5596 1473.8509, 3487.8999 1474.0699, 3486.8167 1474.4994, 3488.6613 1475.7281, 3490.2393 1476.0142, 3491.1006 1475.8402, 3490.9993 1475.53, 3490.8342 1475.2307, 3490.7153 1474.9334, 3490.5964 1474.6362, 3490.9283 1473.5333))",0.105933,8835,Capital,Outer City,A1,0.9,876,Ward 37
West Valley,W2,,W2_046,"POLYGON ((3489.7237 1472.2976, 3489.9483 1472.3641, 3490.2312 1472.4805, 3490.5099 1472.5678, 3490.801 1472.7425, 3491.0658 1473.024, 3491.3747 1472.0397, 3491.5626 1471.3303, 3491.4783 1470.577, 3491.2148 1469.8004, 3490.3201 1470.2976, 3489.1852 1470.8234, 3486.3861 1472.0133, 3487.1848 1472.6173, 3487.5341 1473.3812, 3487.8999 1474.0699, 3488.5596 1473.8509, 3488.3873 1473.4921, 3488.416 1473.0901, 3488.6027 1472.6595, 3488.9474 1472.3868, 3489.355 1472.2538, 3489.7237 1472.2976))",0.144835,6595,Capital,Outer City,C1,0.93,965,Ward 37
West Valley,W2,,W2_047,"POLYGON ((3488.6067 1480.7669, 3482.356 1478.7638, 3485.2665 1493.8788, 3503.5845 1493.3059, 3496.3646 1480.1165, 3492.487 1482.167, 3488.6067 1480.7669))",3.277362,780,Capital,Suburb,C1,0.98,2380,Ward 47
West Valley,W2,,W2_048,"POLYGON ((3491.0658 1473.024, 3490.801 1472.7425, 3490.5099 1472.5678, 3490.2312 1472.4805, 3489.9483 1472.3641, 3489.7237 1472.2976, 3489.355 1472.2538, 3488.9474 1472.3868, 3488.6027 1472.6595, 3488.416 1473.0901, 3488.3873 1473.4921, 3488.5596 1473.8509, 3489.0361 1473.6581, 3489.4367 1473.5024, 3490.9283 1473.5333, 3491.0658 1473.024))",0.043945,11115,Capital,Outer City,B1,0.86,400,Ward 37
West Valley,W2,,W2_049,"POLYGON ((3486.7253 1467.712, 3488.1916 1467.2422, 3489.3925 1466.7977, 3491.2148 1469.8004, 3490.3201 1470.2976, 3488.2598 1469.3615, 3486.9894 1468.5486, 3486.7253 1467.712))",0.12857,6530,Capital,Outer City,C1,0.96,826,Ward 37
West Valley,W2,,W2_050,"POLYGON ((3486.4067 1459.2184, 3486.8493 1460.9171, 3486.6903 1462.9066, 3487.2733 1464.1617, 3489.3925 1466.7977, 3491.0809 1466.1242, 3492.2211 1465.0073, 3490.9997 1461.362, 3489.6586 1459.966, 3488.1159 1459.3352, 3486.4067 1459.2184))",0.430932,4520,Capital,Outer City,B1,0.95,1665,Ward 37
West Valley,W2,,W2_051,"POLYGON ((3486.7273 1457.4259, 3489.9764 1457.7451, 3490.9997 1461.362, 3489.6586 1459.966, 3488.1159 1459.3352, 3486.4067 1459.2184, 3486.7273 1457.4259))",0.123988,5905,Capital,Outer City,B1,0.99,671,Ward 37
West Valley,W2,,W2_052,"POLYGON ((3493.1733 1471.6935, 3493.091 1471.0247, 3493.1449 1470.7168, 3493.1988 1470.4088, 3493.2682 1470.1125, 3493.3375 1469.8161, 3493.39 1469.2343, 3493.4424 1468.6525, 3492.3847 1469.178, 3491.2148 1469.8004, 3491.4783 1470.577, 3491.5626 1471.3303, 3491.3747 1472.0397, 3491.0658 1473.024, 3490.9283 1473.5333, 3490.5964 1474.6362, 3490.7153 1474.9334, 3490.8342 1475.2307, 3490.9993 1475.53, 3491.1006 1475.8402, 3491.6965 1475.3093, 3492.1128 1474.5698, 3492.3441 1473.7493, 3492.5639 1472.9867, 3493.1348 1472.1279, 3493.1733 1471.6935))",0.157764,6810,Capital,Outer City,A2,0.89,950,Ward 47
West Valley,W2,,W2_053,"POLYGON ((3492.2211 1465.0073, 3493.4424 1468.6525, 3492.3847 1469.178, 3491.2148 1469.8004, 3489.3925 1466.7977, 3491.0809 1466.1242, 3492.2211 1465.0073))",0.156769,6015,Capital,Outer City,B1,0.92,858,Ward 47
West Valley,W2,,W2_054,"POLYGON ((3493.1348 1472.1279, 3501.7295 1472.0968, 3496.3646 1480.1165, 3492.487 1482.167, 3490.2393 1476.0142, 3491.1006 1475.8402, 3491.6965 1475.3093, 3492.1128 1474.5698, 3492.3441 1473.7493, 3492.5639 1472.9867, 3493.1348 1472.1279))",1.006809,2595,Capital,Outer City,A1,0.92,2501,Ward 47
West Valley,W2,,W2_055,"POLYGON ((3549 1537, 3549 1509.7551, 3537 1509.2036, 3527.697 1510.2035, 3523.8027 1509.3373, 3518.5335 1508.1654, 3510.8043 1506.4952, 3500.177 1504.7344, 3491.8359 1505.7937, 3485.0096 1509.6191, 3473.529 1514.6851, 3468.6812 1518.4128, 3468.843 1525, 3468.5109 1537, 3482 1537, 3549 1537))",35.077046,350,Capital,Rural,F1,0.93,11201,Ward 2
West Valley,W2,,W2_056,"POLYGON ((3495.5709 1463.8324, 3501.9041 1464.4488, 3501.7295 1472.0968, 3493.1348 1472.1279, 3493.1733 1471.6935, 3493.091 1471.0247, 3493.1449 1470.7168, 3493.1988 1470.4088, 3493.2682 1470.1125, 3493.3375 1469.8161, 3493.39 1469.2343, 3493.4424 1468.6525, 3492.2211 1465.0073, 3493.3184 1464.8359, 3495.5709 1463.8324))",1.082466,2430,Capital,Outer City,A1,0.88,2542,Ward 47
West Valley,W2,,W2_057,"POLYGON ((3498.5036 1452.8892, 3489.9764 1457.7451, 3490.9997 1461.362, 3492.2211 1465.0073, 3493.3184 1464.8359, 3495.5709 1463.8324, 3501.9041 1464.4488, 3498.5036 1452.8892))",1.391471,2295,Capital,Outer City,F1,0.99,3197,Ward 37
West Valley,W2,,W2_058,"POLYGON ((3503.5845 1493.3059, 3496.3646 1480.1165, 3501.7295 1472.0968, 3508.4414 1474.1189, 3517.9744 1485.1925, 3503.5845 1493.3059))",3.927337,645,Capital,Suburb,A1,0.89,2396,Ward 47
West Valley,W2,,W2_059,"POLYGON ((3517.9744 1485.1925, 3527.5073 1496.2661, 3523.8027 1509.3373, 3518.5335 1508.1654, 3510.8043 1506.4952, 3503.5845 1493.3059, 3517.9744 1485.1925))",5.540994,950,Capital,Suburb,A1,0.86,4287,Ward 47
West Valley,W2,,W2_060,"POLYGON ((3501.9041 1464.4488, 3519.0202 1466.4738, 3517.9744 1485.1925, 3508.4414 1474.1189, 3501.7295 1472.0968, 3501.9041 1464.4488))",3.070352,2120,Capital,Suburb,C2,0.92,6522,Ward 47
West Valley,W2,,W2_061,"POLYGON ((3498.5036 1452.8892, 3508.4502 1451.7069, 3501.9041 1464.4488, 3498.5036 1452.8892))",0.927361,2260,Capital,Outer City,F2,0.9,1803,Ward 8
West Valley,W2,,W2_062,"POLYGON ((3488.5852 1449.2896, 3492.6795 1435.1839, 3508.4502 1451.7069, 3498.5036 1452.8892, 3488.5852 1449.2896))",2.631208,2820,Capital,Outer City,C1,0.96,6942,Ward 8
West Valley,W2,,W2_063,"POLYGON ((3549 1468.3166, 3528.1735 1495.5454, 3527.5073 1496.2661, 3523.8027 1509.3373, 3527.697 1510.2035, 3537 1509.2036, 3549 1509.7551, 3549 1468.3166))",9.518932,325,Capital,Rural,F1,0.87,2534,Ward 2
West Valley,W2,,W2_064,"POLYGON ((3501.9041 1464.4488, 3508.4502 1451.7069, 3511.4615 1450.1317, 3520.0661 1447.7551, 3519.0202 1466.4738, 3501.9041 1464.4488))",3.515005,1600,Capital,Suburb,C2,0.97,5521,Ward 8
West Valley,W2,,W2_065,"POLYGON ((3520.0661 1447.7551, 3544.9066 1463.4487, 3549 1464.4823, 3549 1468.3166, 3528.1735 1495.5454, 3527.5073 1496.2661, 3517.9744 1485.1925, 3519.0202 1466.4738, 3520.0661 1447.7551))",13.296177,270,Capital,Rural,D1,0.94,3067,Ward 2
West Valley,W2,,W2_066,"POLYGON ((3507.4863 1433.744, 3511.4615 1450.1317, 3508.4502 1451.7069, 3492.6795 1435.1839, 3507.4863 1433.744))",2.516915,2300,Capital,Outer City,B1,0.99,5654,Ward 8
West Valley,W2,,W2_067,"POLYGON ((3520.0661 1447.7551, 3522.3646 1435.7499, 3507.4863 1433.744, 3511.4615 1450.1317, 3520.0661 1447.7551))",2.600406,1515,Capital,Suburb,C1,0.91,3586,Ward 8
West Valley,W2,,W2_068,"POLYGON ((3504.3383 1429.3538, 3507.4863 1433.744, 3492.6795 1435.1839, 3495.8508 1426.632, 3504.3383 1429.3538))",1.174823,6025,Capital,Outer City,B1,0.91,6311,Ward 43
West Valley,W2,,W2_069,"POLYGON ((3522.3646 1435.7499, 3520.0661 1447.7551, 3544.9066 1463.4487, 3549 1464.4823, 3549 1427.8558, 3537 1423.655, 3526.0366 1424.9516, 3522.3646 1435.7499))",13.405336,130,Capital,Rural,F1,0.88,1579,Ward 2
West Valley,W3,,W3_001,"POLYGON ((3522.8527 1202.7327, 3512.1722 1207.611, 3503.5113 1208.4486, 3494.7329 1208.7221, 3485.9313 1208.8838, 3477.2076 1209.4199, 3468.6393 1210.703, 3467.6165 1207.481, 3467.354 1202.7417, 3468.8039 1199.087, 3469.5185 1187.9807, 3476.8391 1176.8162, 3480.1835 1176.9277, 3482.859 1176.1476, 3484.4198 1174.6989, 3491.5544 1179.6105, 3496.603 1184.8311, 3504.263 1187.6155, 3511.4007 1190.3998, 3516.9716 1194.2283, 3522.3468 1201.1539, 3522.8527 1202.7327))",19.575029,280,Capital,Rural,F1,0.87,5200,Ward 14
West Valley,W3,,W3_002,"POLYGON ((3479.6261 1167.567, 3482.7224 1155.1813, 3484.3437 1146.3578, 3487.2101 1137.9966, 3495.0937 1140.9231, 3502.791 1144.1635, 3510.0764 1148.0974, 3516.8975 1152.813, 3523.343 1158.1611, 3529.6156 1163.8003, 3537 1167.5675, 3549 1174.6945, 3549 1197.049, 3537 1199.5453, 3528.1295 1202.5087, 3526.8786 1200.7205, 3524.8165 1200.0099, 3522.3468 1201.1539, 3516.9716 1194.2283, 3511.4007 1190.3998, 3504.263 1187.6155, 3496.603 1184.8311, 3491.5544 1179.6105, 3484.4198 1174.6989, 3484.0853 1172.1359, 3481.9672 1169.6843, 3479.6261 1167.567))",39.020437,230,Capital,Rural,F1,0.88,7418,Ward 16
West Valley,W3,,W3_003,"POLYGON ((3472.8502 1120.9839, 3482.1627 1127.6902, 3487.2101 1137.9966, 3495.0937 1140.9231, 3502.791 1144.1635, 3510.0764 1148.0974, 3516.8975 1152.813, 3523.343 1158.1611, 3529.6156 1163.8003, 3537 1167.5675, 3549 1174.6945, 3549 1092, 3455.7513 1092, 3462.8306 1104, 3470.0896 1111.165, 3472.8502 1120.9839))",72.026236,245,Capital,Rural,F1,0.93,15574,Ward 16
West Valley,W3,,W3_004,"POLYGON ((3479.6261 1167.567, 3475.9473 1169.35, 3472.8258 1170.6872, 3473.6062 1174.0303, 3476.8391 1176.8162, 3480.1835 1176.9277, 3482.859 1176.1476, 3484.4198 1174.6989, 3484.0853 1172.1359, 3481.9672 1169.6843, 3479.6261 1167.567))",1.154483,3465,Capital,Town,E1,0.85,3331,Ward 16
West Valley,W3,,W3_005,"POLYGON ((3472.8258 1170.6872, 3467.2789 1164.6977, 3462.5472 1159.5895, 3455.4655 1157.3495, 3457.6045 1149.4046, 3459.9801 1141.5784, 3462.9694 1134.0605, 3466.7632 1126.9465, 3472.8502 1120.9839, 3482.1627 1127.6902, 3487.2101 1137.9966, 3484.3437 1146.3578, 3482.7224 1155.1813, 3479.6261 1167.567, 3475.9473 1169.35, 3472.8258 1170.6872))",14.930342,400,Capital,Rural,F1,0.88,5290,Ward 17
West Valley,W3,,W3_006,"POLYGON ((3414 1132.5017, 3414 1092, 3426.3076 1092, 3455.7513 1092, 3462.8306 1104, 3470.0896 1111.165, 3472.8502 1120.9839, 3466.7632 1126.9465, 3462.9694 1134.0605, 3459.9801 1141.5784, 3457.6045 1149.4046, 3455.4655 1157.3495, 3450.0905 1151.1352, 3444.9426 1147.108, 3439.571 1145.0945, 3434.4232 1143.0809, 3426.142 1136.5927, 3414 1132.5017))",40.742395,375,Capital,Rural,D1,0.96,14264,Ward 17
West Valley,W3,,W3_007,"POLYGON ((3476.8391 1176.8162, 3469.5185 1187.9807, 3468.8039 1199.087, 3461.3224 1199.4718, 3457.7522 1203.2551, 3453.0585 1204.6969, 3446.1049 1197.4108, 3436.6819 1193.0127, 3441.9076 1186.6177, 3446.4164 1179.8627, 3450.1652 1172.7261, 3453.1139 1165.1877, 3455.4655 1157.3495, 3462.5472 1159.5895, 3467.2789 1164.6977, 3472.8258 1170.6872, 3473.6062 1174.0303, 3476.8391 1176.8162))",15.59553,425,Capital,Rural,F1,0.9,5918,Ward 15
West Valley,W3,,W3_008,"POLYGON ((3426 1189.371, 3414 1185.28, 3414 1132.5017, 3426.142 1136.5927, 3434.4232 1143.0809, 3439.571 1145.0945, 3444.9426 1147.108, 3450.0905 1151.1352, 3455.4655 1157.3495, 3453.1139 1165.1877, 3450.1652 1172.7261, 3446.4164 1179.8627, 3441.9076 1186.6177, 3436.6819 1193.0127, 3426 1189.371))",26.990409,130,Capital,Rural,D1,0.88,3355,Ward 15
West Valley,W3,,W3_009,"POLYGON ((3457.7522 1203.2551, 3461.3224 1199.4718, 3468.8039 1199.087, 3467.354 1202.7417, 3467.6165 1207.481, 3464.6416 1206.0723, 3462.1363 1203.7246, 3457.7522 1203.2551))",0.751856,4795,Capital,Town,D2,0.98,3780,Ward 15
West Valley,W3,,W3_010,"POLYGON ((3414 1223, 3414 1242.7026, 3426 1240.8502, 3436.1677 1240.2856, 3445.932 1237.1077, 3456.0486 1236.2117, 3459.597 1226.0753, 3460.7815 1215.4012, 3459.5289 1212.5481, 3453.0585 1204.6969, 3446.1049 1197.4108, 3436.6819 1193.0127, 3426 1189.371, 3414 1185.28, 3414 1223))",31.300887,75,Capital,Rural,D2,0.98,2203,Ward 15
West Valley,W3,,W3_011,"POLYGON ((3453.0585 1204.6969, 3459.5289 1212.5481, 3460.7815 1215.4012, 3468.6393 1210.703, 3467.6165 1207.481, 3464.6416 1206.0723, 3462.1363 1203.7246, 3457.7522 1203.2551, 3453.0585 1204.6969))",1.561145,4005,Capital,Town,E1,0.85,5073,Ward 15
West Valley,W3,,W3_012,"POLYGON ((3414 1267.225, 3414 1242.7026, 3426 1240.8502, 3436.1677 1240.2856, 3445.932 1237.1077, 3456.0486 1236.2117, 3460.8964 1241.8196, 3467.0741 1250.1687, 3467.9185 1254.3885, 3464.9527 1256.9463, 3463.8778 1261.3575, 3445.6519 1263.8541, 3427.4764 1266.6386, 3414 1267.225))",19.913842,85,Capital,Rural,D2,0.97,1688,Ward 34
West Valley,W3,,W3_013,"POLYGON ((3463.8778 1261.3575, 3445.6519 1263.8541, 3427.4764 1266.6386, 3414 1267.225, 3414 1300.8063, 3417.594 1300.9248, 3420.6558 1304.9372, 3423.0373 1303.8491, 3425.895 1306.7734, 3428.3837 1300.879, 3431.7707 1292.8973, 3437.0174 1286.7026, 3442.8775 1281.1455, 3449.3387 1276.213, 3456.2059 1271.7023, 3463.1605 1267.2825, 3463.3051 1266.2032, 3463.8104 1265.3688, 3464.2191 1263.5024, 3463.9422 1262.5142, 3463.8778 1261.3575))",17.068717,90,Capital,Rural,F1,0.96,1447,Ward 34
West Valley,W3,,W3_014,"POLYGON ((3414 1312, 3414 1300.8063, 3421.0505 1309.0974, 3414 1312))",0.615033,4220,Capital,Town,D2,0.95,2667,Ward 34
West Valley,W3,,W3_015,"POLYGON ((3414 1300.8063, 3417.594 1300.9248, 3420.6558 1304.9372, 3423.0373 1303.8491, 3425.895 1306.7734, 3421.0505 1309.0974, 3414 1300.8063))",0.555344,4550,Capital,Town,D2,0.95,2488,Ward 34
West Valley,W3,,W3_016,"POLYGON ((3421.0505 1309.0974, 3422.0055 1310.1203, 3422.0464 1312, 3414 1312, 3421.0505 1309.0974))",0.195673,6040,Capital,Town,F1,0.92,975,Ward 34
West Valley,W3,,W3_017,"POLYGON ((3421.0505 1309.0974, 3425.895 1306.7734, 3429.1603 1310.0878, 3429.1651 1312, 3422.0464 1312, 3422.0055 1310.1203, 3421.0505 1309.0974))",0.452442,4595,Capital,Town,C2,0.96,2231,Ward 34
West Valley,W3,,W3_018,"POLYGON ((3425.895 1306.7734, 3428.3837 1300.879, 3431.7707 1292.8973, 3437.0174 1286.7026, 3442.8775 1281.1455, 3449.3387 1276.213, 3456.2059 1271.7023, 3463.1605 1267.2825, 3468.7846 1269.1144, 3470.0511 1277.2485, 3472.1197 1285.1493, 3475.0544 1292.7984, 3479.5281 1300, 3483.0168 1312, 3429.1651 1312, 3429.1603 1310.0878, 3425.895 1306.7734))",25.413838,85,Capital,Rural,C1,0.85,1930,Ward 34
West Valley,W3,,W3_019,"POLYGON ((3463.1605 1267.2825, 3463.3051 1266.2032, 3463.8104 1265.3688, 3464.2191 1263.5024, 3463.9422 1262.5142, 3463.8778 1261.3575, 3466.1608 1261.1089, 3468.132 1260.8019, 3468.7846 1269.1144, 3463.1605 1267.2825))",0.520895,4155,Capital,Town,B2,0.85,1747,Ward 34
West Valley,W3,,W3_020,"POLYGON ((3477.4164 1260.6981, 3476.1164 1258.0916, 3473.4458 1256.0249, 3469.8638 1254.8192, 3467.9185 1254.3885, 3464.9527 1256.9463, 3463.8778 1261.3575, 3466.1608 1261.1089, 3468.132 1260.8019, 3469.8376 1260.2016, 3477.4164 1260.6981))",0.908093,3335,Capital,Town,F1,0.94,2619,Ward 34
West Valley,W3,,W3_021,"POLYGON ((3468.7846 1269.1144, 3468.132 1260.8019, 3469.8376 1260.2016, 3477.4164 1260.6981, 3474.4904 1266.6377, 3468.7846 1269.1144))",0.851651,3315,Capital,Town,E1,0.9,2469,Ward 34
West Valley,W3,,W3_022,"POLYGON ((3512.6305 1260.1871, 3508.406 1261.9363, 3503.7807 1262.6058, 3494.9752 1262.8292, 3486.1882 1262.1417, 3477.4164 1260.6981, 3476.1164 1258.0916, 3473.4458 1256.0249, 3469.8638 1254.8192, 3467.9185 1254.3885, 3467.0741 1250.1687, 3460.8964 1241.8196, 3456.0486 1236.2117, 3465.6945 1236.4238, 3474.8909 1239.6213, 3481.8882 1242.0194, 3489.885 1244.6174, 3498.2817 1247.0155, 3505.4789 1247.8149, 3511.8764 1248.4144, 3510.2616 1253.148, 3510.5416 1256.7863, 3512.6305 1260.1871))",12.725181,250,Capital,Rural,F1,0.87,2736,Ward 14
West Valley,W3,,W3_023,"POLYGON ((3511.1266 1265.911, 3512.7641 1272.8959, 3512.9259 1278.0078, 3513.9905 1286.9947, 3515.5236 1294.6571, 3513.9905 1302.6261, 3517.4871 1312, 3483.0168 1312, 3479.5281 1300, 3475.0544 1292.7984, 3472.1197 1285.1493, 3470.0511 1277.2485, 3468.7846 1269.1144, 3474.4904 1266.6377, 3477.4164 1260.6981, 3486.1882 1262.1417, 3494.9752 1262.8292, 3503.7807 1262.6058, 3511.1266 1265.911))",29.938673,75,Capital,Rural,F1,0.96,2183,Ward 34
West Valley,W3,,W3_024,"POLYGON ((3511.1266 1265.911, 3503.7807 1262.6058, 3508.406 1261.9363, 3512.6305 1260.1871, 3513.0094 1263.1882, 3511.1266 1265.911))",0.377476,3195,Capital,Town,F1,0.95,1040,Ward 14
West Valley,W3,,W3_025,"POLYGON ((3512.6305 1260.1871, 3515.7307 1257.1248, 3519.0792 1253.5684, 3517.405 1263.4007, 3511.1266 1265.911, 3513.0094 1263.1882, 3512.6305 1260.1871))",0.600316,2635,Capital,Town,D2,0.99,1561,Ward 14
West Valley,W3,,W3_026,"POLYGON ((3511.8764 1248.4144, 3516.4746 1250.213, 3519.0792 1253.5684, 3515.7307 1257.1248, 3512.6305 1260.1871, 3510.5416 1256.7863, 3510.2616 1253.148, 3511.8764 1248.4144))",0.948045,2140,Capital,Town,C2,0.95,1909,Ward 14
West Valley,W3,,W3_027,"POLYGON ((3519.0792 1253.5684, 3529.5052 1248.5845, 3537 1241.5506, 3549 1232.3737, 3549 1312, 3544.8472 1312, 3517.4871 1312, 3513.9905 1302.6261, 3515.5236 1294.6571, 3513.9905 1286.9947, 3512.9259 1278.0078, 3512.7641 1272.8959, 3511.1266 1265.911, 3517.405 1263.4007, 3519.0792 1253.5684))",35.671534,75,Capital,Rural,F1,0.89,2309,Ward 14
West Valley,W3,,W3_028,"POLYGON ((3456.0486 1236.2117, 3459.597 1226.0753, 3460.7815 1215.4012, 3468.6393 1210.703, 3477.2076 1209.4199, 3485.9313 1208.8838, 3494.7329 1208.7221, 3503.5113 1208.4486, 3512.1722 1207.611, 3522.8527 1202.7327, 3525.0273 1203.5926, 3528.1295 1202.5087, 3537 1199.5453, 3549 1197.049, 3549 1232.3737, 3537 1241.5506, 3529.5052 1248.5845, 3519.0792 1253.5684, 3516.4746 1250.213, 3511.8764 1248.4144, 3505.4789 1247.8149, 3498.2817 1247.0155, 3489.885 1244.6174, 3481.8882 1242.0194, 3474.8909 1239.6213, 3465.6945 1236.4238, 3456.0486 1236.2117))",52.294612,50,Capital,Rural,C1,0.87,2252,Ward 14
West Valley,W3,,W3_029,"POLYGON ((3522.3468 1201.1539, 3524.8165 1200.0099, 3526.8786 1200.7205, 3528.1295 1202.5087, 3525.0273 1203.5926, 3522.8527 1202.7327, 3522.3468 1201.1539))",0.204402,11035,Capital,Rural,F1,0.96,2021,Ward 14
West Valley,WL1,,WL1_001,"POLYGON ((3304.7403 876.8195, 3299.5595 875.4199, 3297.7922 871.471, 3301.6251 871.1926, 3303.1827 874.0061, 3304.7403 876.8195))",0.314989,7745,Capital,Town,D2,0.94,2082,Ward 49
West Valley,WL1,,WL1_002,"POLYGON ((3252.8771 873.7714, 3256.699 874.2365, 3266.0062 871.2634, 3267.7905 862.1508, 3267.4585 852.7396, 3267.4724 843.3772, 3268.2214 834.1186, 3272.4816 825.3551, 3263.837 825.9216, 3255.1108 826.0098, 3247 829.704, 3235 831.752, 3235 873.3297, 3252.8771 873.7714))",23.195731,75,Capital,Rural,D2,0.99,1748,Ward 49
West Valley,WL1,,WL1_003,"POLYGON ((3261.4508 883.2517, 3255.0267 880.7044, 3252.8771 873.7714, 3256.699 874.2365, 3266.0062 871.2634, 3261.4508 883.2517))",1.31968,3140,Capital,Suburb,A1,0.88,3340,Ward 39
West Valley,WL1,,WL1_004,"POLYGON ((3235 886.9823, 3235 873.3297, 3252.8771 873.7714, 3255.0267 880.7044, 3244.4289 887.6451, 3235 886.9823))",3.653956,1035,Capital,Suburb,E2,0.92,3597,Ward 39
West Valley,WL1,,WL1_005,"POLYGON ((3266.0062 871.2634, 3261.4508 883.2517, 3265.6717 889.3502, 3266.8938 894.4379, 3279.3624 880.6374, 3274.1845 873.8129, 3271.9572 873.1186, 3266.0062 871.2634))",3.4757,890,Capital,Suburb,E2,0.87,2905,Ward 39
West Valley,WL1,,WL1_006,"POLYGON ((3251.5681 891.242, 3244.4289 887.6451, 3255.0267 880.7044, 3261.4508 883.2517, 3257.3732 889.1223, 3251.5681 891.242))",1.47764,5010,Capital,Town,C2,0.89,6532,Ward 38
West Valley,WL1,,WL1_007,"POLYGON ((3244.4289 887.6451, 3243.283 896.1134, 3235 896.719, 3235 886.9823, 3244.4289 887.6451))",1.256664,3545,Capital,Suburb,E2,0.95,4286,Ward 39
West Valley,WL1,,WL1_008,"POLYGON ((3251.5681 891.242, 3244.4289 887.6451, 3243.283 896.1134, 3256.6815 897.101, 3255.7825 895.3654, 3251.5681 891.242))",1.103785,2730,Capital,Town,B2,0.92,2846,Ward 39
West Valley,WL1,,WL1_009,"POLYGON ((3261.4508 883.2517, 3265.6717 889.3502, 3266.8938 894.4379, 3260.944 896.4796, 3256.6815 897.101, 3255.7825 895.3654, 3251.5681 891.242, 3257.3732 889.1223, 3261.4508 883.2517))",1.694791,2820,Capital,Town,B2,0.92,4293,Ward 38
West Valley,WL1,,WL1_010,"POLYGON ((3243.6764 914.6932, 3235 914.1448, 3235 896.719, 3243.283 896.1134, 3243.6764 914.6932))",2.379422,1900,Capital,Suburb,C1,0.89,4078,Ward 39
West Valley,WL1,,WL1_011,"POLYGON ((3256.6815 897.101, 3256.0599 900.918, 3257.3031 904.4687, 3259.9672 906.6879, 3255.5228 911.0146, 3252.5434 915.6858, 3243.6764 914.6932, 3243.283 896.1134, 3256.6815 897.101))",3.780515,615,Capital,Suburb,C1,0.99,2576,Ward 39
West Valley,WL1,,WL1_012,"POLYGON ((3262.9865 902.9596, 3264.9402 897.9886, 3266.8938 894.4379, 3260.944 896.4796, 3256.6815 897.101, 3256.0599 900.918, 3257.3031 904.4687, 3259.9672 906.6879, 3262.9865 902.9596))",1.053909,5520,Capital,Town,B2,0.98,6196,Ward 38
West Valley,WL1,,WL1_013,"POLYGON ((3243.7611 920.6514, 3241.2905 919.1376, 3235 916.6649, 3235 914.1448, 3243.6764 914.6932, 3243.7611 920.6514))",0.547962,4455,Capital,Outer City,B1,0.97,2374,Ward 39
West Valley,WL1,,WL1_014,"POLYGON ((3266.8938 894.4379, 3268.5351 905.3104, 3265.3005 907.6384, 3259.9672 906.6879, 3262.9865 902.9596, 3264.9402 897.9886, 3266.8938 894.4379))",0.798925,6035,Capital,Town,B2,0.87,4075,Ward 38
West Valley,WL1,,WL1_015,"POLYGON ((3235 916.6649, 3235 926.0522, 3242.0192 928.4089, 3242.8584 924.39, 3243.7611 920.6514, 3241.2905 919.1376, 3235 916.6649))",1.120032,2520,Capital,Outer City,F1,0.91,2800,Ward 46
West Valley,WL1,,WL1_016,"POLYGON ((3243.6764 914.6932, 3252.5434 915.6858, 3251.0627 918.7721, 3249.3534 922.4254, 3243.7611 920.6514, 3243.6764 914.6932))",0.747834,3550,Capital,Outer City,A1,0.98,2596,Ward 46
West Valley,WL1,,WL1_017,"POLYGON ((3241.1378 931.6901, 3235 928.9441, 3235 926.0522, 3242.0192 928.4089, 3241.1378 931.6901))",0.333997,4680,Capital,Outer City,F1,0.99,1625,Ward 35
West Valley,WL1,,WL1_018,"POLYGON ((3243.7611 920.6514, 3242.8584 924.39, 3242.0192 928.4089, 3245.8965 929.7258, 3246.4247 925.9987, 3249.3534 922.4254, 3243.7611 920.6514))",0.55169,3235,Capital,Outer City,D2,0.88,1540,Ward 46
West Valley,WL1,,WL1_019,"POLYGON ((3241.1378 931.6901, 3240.1631 935.1002, 3235 931.8359, 3235 928.9441, 3241.1378 931.6901))",0.300324,4630,Capital,Outer City,F2,0.98,1262,Ward 35
West Valley,WL1,,WL1_020,"POLYGON ((3266.8938 894.4379, 3279.3624 880.6374, 3278.7566 888.2382, 3279.7917 894.1876, 3278.2391 898.3263, 3277.7215 903.4997, 3278.7566 908.4144, 3281.9754 913.6103, 3274.5974 915.7057, 3265.3005 907.6384, 3268.5351 905.3104, 3266.8938 894.4379))",4.732168,350,Capital,Suburb,C2,0.86,1414,Ward 48
West Valley,WL1,,WL1_021,"POLYGON ((3259.0236 916.7757, 3255.7093 925.425, 3250.9017 923.4077, 3249.3534 922.4254, 3251.0627 918.7721, 3252.5434 915.6858, 3259.0236 916.7757))",0.88684,3190,Capital,Outer City,A1,0.93,2539,Ward 46
West Valley,WL1,,WL1_022,"POLYGON ((3246.4247 925.9987, 3249.3534 922.4254, 3250.9017 923.4077, 3250.3658 927.3435, 3246.4247 925.9987))",0.192031,6615,Capital,Outer City,E2,0.9,1157,Ward 46
West Valley,WL1,,WL1_023,"POLYGON ((3245.8965 929.7258, 3245.8357 933.2457, 3241.1378 931.6901, 3242.0192 928.4089, 3245.8965 929.7258))",0.237793,4650,Capital,Outer City,F1,0.98,1040,Ward 46
West Valley,WL1,,WL1_024,"POLYGON ((3240.1631 935.1002, 3235 931.8359, 3235 945.9636, 3237.7102 946.148, 3238.7367 940.8048, 3239.4414 938.166, 3240.1631 935.1002))",0.793539,1560,Capital,Outer City,C1,0.97,1282,Ward 35
West Valley,WL1,,WL1_025,"POLYGON ((3255.5228 911.0146, 3252.5434 915.6858, 3259.0236 916.7757, 3267.064 919.5593, 3272.582 916.2781, 3274.5974 915.7057, 3265.3005 907.6384, 3259.9672 906.6879, 3255.5228 911.0146))",2.439627,1175,Capital,Suburb,C1,0.93,2645,Ward 48
West Valley,WL1,,WL1_026,"POLYGON ((3250.3658 927.3435, 3249.8299 931.2792, 3245.8965 929.7258, 3246.4247 925.9987, 3250.3658 927.3435))",0.247134,4785,Capital,Outer City,E2,0.96,1232,Ward 46
West Valley,WL1,,WL1_027,"POLYGON ((3241.1378 931.6901, 3245.8357 933.2457, 3245.9119 935.8117, 3242.6913 935.8202, 3241.0399 935.8202, 3240.1631 935.1002, 3241.1378 931.6901))",0.278702,4020,Capital,Outer City,F2,0.96,1083,Ward 35
West Valley,WL1,,WL1_028,"POLYGON ((3240.1631 935.1002, 3239.4414 938.166, 3241.2224 939.0814, 3243.3629 939.0621, 3243.0581 937.1207, 3242.6913 935.8202, 3241.0399 935.8202, 3240.1631 935.1002))",0.167568,4780,Capital,Outer City,F2,0.99,790,Ward 35
West Valley,WL1,,WL1_029,"POLYGON ((3245.8965 929.7258, 3249.8299 931.2792, 3249.9501 933.4385, 3245.8357 933.2457, 3245.8965 929.7258))",0.177686,5280,Capital,Outer City,D2,0.89,774,Ward 46
West Valley,WL1,,WL1_030,"POLYGON ((3242.2638 941.1324, 3238.7367 940.8048, 3239.4414 938.166, 3241.2224 939.0814, 3243.3629 939.0621, 3242.2638 941.1324))",0.129738,5600,Capital,Outer City,E1,0.86,644,Ward 35
West Valley,WL1,,WL1_031,"POLYGON ((3242.6913 935.8202, 3245.9119 935.8117, 3245.663 939.0459, 3243.3629 939.0621, 3243.0581 937.1207, 3242.6913 935.8202))",0.13689,4855,Capital,Outer City,F2,0.85,611,Ward 35
West Valley,WL1,,WL1_032,"POLYGON ((3241.0156 943.6738, 3239.26 947.2336, 3237.7102 946.148, 3238.7367 940.8048, 3242.2638 941.1324, 3241.0156 943.6738))",0.248731,4490,Capital,Outer City,E2,0.94,1000,Ward 35
West Valley,WL1,,WL1_033,"POLYGON ((3251.6641 931.6072, 3255.603 933.722, 3255.5459 935.8007, 3255.6123 937.5706, 3256.8913 937.6558, 3256.9882 933.6951, 3255.7093 925.425, 3250.9017 923.4077, 3250.3658 927.3435, 3249.8299 931.2792, 3251.6641 931.6072))",0.839398,2380,Capital,Outer City,E2,0.96,1893,Ward 46
West Valley,WL1,,WL1_034,"POLYGON ((3245.9119 935.8117, 3245.8357 933.2457, 3249.9501 933.4385, 3249.6144 939.0228, 3247.6387 939.0343, 3247.662 935.9327, 3245.9119 935.8117))",0.259137,3945,Capital,Outer City,E2,0.87,897,Ward 35
West Valley,WL1,,WL1_035,"POLYGON ((3247.6387 939.0343, 3245.663 939.0459, 3245.9119 935.8117, 3247.662 935.9327, 3247.6387 939.0343))",0.092097,6335,Capital,Outer City,D2,0.87,494,Ward 35
West Valley,WL1,,WL1_036,"POLYGON ((3245.7745 942.3143, 3242.2638 941.1324, 3243.3629 939.0621, 3245.663 939.0459, 3245.7745 942.3143))",0.125364,5055,Capital,Outer City,E1,0.91,566,Ward 35
West Valley,WL1,,WL1_037,"POLYGON ((3235 950.3873, 3235 945.9636, 3237.7102 946.148, 3239.26 947.2336, 3240.2561 948.5997, 3240.6595 950.2675, 3237.5385 950.3238, 3235 950.3873))",0.310897,3250,Capital,Outer City,E2,0.89,957,Ward 35
West Valley,WL1,,WL1_038,"POLYGON ((3249.8299 931.2792, 3249.9501 933.4385, 3251.9069 934.0953, 3255.5459 935.8007, 3255.603 933.722, 3251.6641 931.6072, 3249.8299 931.2792))",0.199338,5160,Capital,Outer City,F1,0.96,1016,Ward 46
West Valley,WL1,,WL1_039,"POLYGON ((3237.615 955.0392, 3235 954.8109, 3235 950.3873, 3237.5385 950.3238, 3237.5385 952.5548, 3237.615 955.0392))",0.182138,5300,Capital,Outer City,E2,0.91,907,Ward 35
West Valley,WL1,,WL1_040,"POLYGON ((3245.7745 942.3143, 3242.2638 941.1324, 3241.0156 943.6738, 3239.26 947.2336, 3243.3228 947.5344, 3245.8307 947.8352, 3245.8158 944.8535, 3245.7745 942.3143))",0.473903,2775,Capital,Outer City,E2,0.94,1216,Ward 35
West Valley,WL1,,WL1_041,"POLYGON ((3247.7092 942.9403, 3245.7745 942.3143, 3245.663 939.0459, 3247.6387 939.0343, 3247.7092 942.9403))",0.10888,5605,Capital,Outer City,C2,0.97,516,Ward 35
West Valley,WL1,,WL1_042,"POLYGON ((3237.615 955.0392, 3237.5385 952.5548, 3237.5385 950.3238, 3240.6595 950.2675, 3240.916 951.2382, 3241.399 953.3741, 3239.355 953.3849, 3239.4824 955.0392, 3237.615 955.0392))",0.215742,4485,Capital,Outer City,E2,0.89,860,Ward 35
West Valley,WL1,,WL1_043,"POLYGON ((3247.6387 939.0343, 3249.6144 939.0228, 3249.6439 943.5663, 3247.7092 942.9403, 3247.6387 939.0343))",0.128505,5225,Capital,Outer City,C2,0.89,629,Ward 35
West Valley,WL1,,WL1_044,"POLYGON ((3262.678 933.8576, 3256.9882 933.6951, 3255.7093 925.425, 3259.0236 916.7757, 3267.064 919.5593, 3268.4252 928.9479, 3267.1259 929.13, 3266.1606 929.2644, 3262.4341 929.3076, 3262.678 933.8576))",2.311558,1740,Capital,Suburb,A1,0.88,3527,Ward 46
West Valley,WL1,,WL1_045,"POLYGON ((3245.8307 947.8352, 3245.9067 949.985, 3240.6595 950.2675, 3240.2561 948.5997, 3239.26 947.2336, 3243.3228 947.5344, 3245.8307 947.8352))",0.23186,3830,Capital,Outer City,E2,0.88,831,Ward 35
West Valley,WL1,,WL1_046,"POLYGON ((3256.8913 937.6558, 3256.9082 938.9194, 3249.6144 939.0228, 3249.9501 933.4385, 3251.9069 934.0953, 3255.5459 935.8007, 3255.6123 937.5706, 3256.8913 937.6558))",0.430854,3215,Capital,Suburb,F1,0.95,1334,Ward 35
West Valley,WL1,,WL1_047,"POLYGON ((3245.8307 947.8352, 3245.8158 944.8535, 3245.7745 942.3143, 3247.7092 942.9403, 3247.7153 947.9307, 3245.8307 947.8352))",0.155588,5080,Capital,Outer City,C2,0.87,683,Ward 35
West Valley,WL1,,WL1_048,"POLYGON ((3240.15 960, 3235 960, 3235 954.8109, 3237.615 955.0392, 3239.4824 955.0392, 3240.15 960))",0.377037,3555,Capital,Outer City,D1,0.87,1097,Ward 35
West Valley,WL1,,WL1_049,"POLYGON ((3245.9067 949.985, 3245.9994 954.5704, 3241.399 953.3741, 3240.916 951.2382, 3240.6595 950.2675, 3245.9067 949.985))",0.291572,3795,Capital,Outer City,D2,0.93,1092,Ward 35
West Valley,WL1,,WL1_050,"POLYGON ((3247.7092 942.9403, 3249.6439 943.5663, 3249.5359 947.7874, 3249.4041 949.7995, 3245.9067 949.985, 3245.8307 947.8352, 3247.7153 947.9307, 3247.7092 942.9403))",0.248273,4445,Capital,Outer City,C1,0.95,1094,Ward 35
West Valley,WL1,,WL1_051,"POLYGON ((3239.4824 955.0392, 3239.355 953.3849, 3241.399 953.3741, 3245.9994 954.5704, 3246.033 955.914, 3246.0827 960, 3240.15 960, 3239.4824 955.0392))",0.609888,2900,Capital,Outer City,F2,0.99,1791,Ward 35
West Valley,WL1,,WL1_052,"POLYGON ((3262.5418 937.8245, 3256.8913 937.6558, 3256.9882 933.6951, 3262.678 933.8576, 3262.5418 937.8245))",0.350602,4450,Capital,Outer City,D1,0.92,1431,Ward 46
West Valley,WL1,,WL1_053,"POLYGON ((3254.4906 947.4482, 3252.2561 945.4703, 3249.6439 943.5663, 3249.5359 947.7874, 3249.4041 949.7995, 3245.9067 949.985, 3245.9994 954.5704, 3249.8317 955.63, 3254.0105 956.4566, 3254.18 953.4918, 3254.4906 947.4482))",1.079072,1520,Capital,Suburb,E2,0.91,1456,Ward 35
West Valley,WL1,,WL1_054,"POLYGON ((3262.678 933.8576, 3262.4341 929.3076, 3266.1606 929.2644, 3266.6608 933.8576, 3262.678 933.8576))",0.274781,6470,Capital,Outer City,D1,0.89,1707,Ward 46
West Valley,WL1,,WL1_055,"POLYGON ((3256.9082 938.9194, 3249.6144 939.0228, 3249.6439 943.5663, 3252.2561 945.4703, 3254.4906 947.4482, 3254.18 953.4918, 3254.0105 956.4566, 3253.0863 960, 3257.0431 960, 3257.0137 945.6096, 3256.9082 938.9194))",1.397482,1305,Capital,Suburb,B1,0.97,1790,Ward 35
West Valley,WL1,,WL1_056,"POLYGON ((3253.0863 960, 3254.0105 956.4566, 3249.8317 955.63, 3245.9994 954.5704, 3246.033 955.914, 3246.0827 960, 3253.0863 960))",0.520775,4345,Capital,Outer City,F2,0.9,2070,Ward 35
West Valley,WL1,,WL1_057,"POLYGON ((3268.6735 937.936, 3262.5418 937.8245, 3262.678 933.8576, 3266.6608 933.8576, 3266.1606 929.2644, 3267.1259 929.13, 3268.6735 937.936))",0.440271,4585,Capital,Outer City,D1,0.92,1645,Ward 46
West Valley,WL1,,WL1_058,"POLYGON ((3268.4252 928.9479, 3267.1259 929.13, 3268.6735 937.936, 3262.5418 937.8245, 3256.8913 937.6558, 3256.9082 938.9194, 3270.0587 939.289, 3268.4252 928.9479))",0.43327,5090,Capital,Outer City,F1,0.98,2313,Ward 46
West Valley,WL1,,WL1_059,"POLYGON ((3281.8224 942.729, 3281.9754 913.6103, 3274.5974 915.7057, 3272.582 916.2781, 3267.064 919.5593, 3268.4252 928.9479, 3270.0587 939.289, 3281.8224 942.729))",5.240357,525,Capital,Suburb,F1,0.92,2523,Ward 40
West Valley,WL1,,WL1_060,"POLYGON ((3274.1826 960, 3257.0431 960, 3257.0137 945.6096, 3256.9082 938.9194, 3270.0587 939.289, 3274.1826 960))",4.916025,470,Capital,Suburb,A1,0.98,2343,Ward 40
West Valley,WL1,,WL1_061,"POLYGON ((3281.8224 942.729, 3282 960, 3274.1826 960, 3270.0587 939.289, 3281.8224 942.729))",2.840286,1985,Capital,Suburb,E2,0.94,5478,Ward 40
West Valley,WL1,,WL1_062,"POLYGON ((3312.7254 901.4462, 3308.3158 909.3914, 3305.466 920.9822, 3297.6046 918.549, 3289.8748 915.6193, 3281.9754 913.6103, 3278.7566 908.4144, 3277.7215 903.4997, 3278.2391 898.3263, 3279.7917 894.1876, 3278.7566 888.2382, 3279.3624 880.6374, 3283.8963 885.0935, 3288.4302 889.5495, 3294.3316 892.1713, 3298.4297 894.3016, 3302.6919 897.2511, 3307.1179 898.3981, 3312.7254 901.4462))",11.88026,130,Capital,Rural,D1,0.93,1423,Ward 48
West Valley,WL1,,WL1_063,"POLYGON ((3318.2044 887.5375, 3312.7254 901.4462, 3307.1179 898.3981, 3302.6919 897.2511, 3298.4297 894.3016, 3294.3316 892.1713, 3288.4302 889.5495, 3283.8963 885.0935, 3279.3624 880.6374, 3287.0633 874.649, 3297.7922 871.471, 3299.5595 875.4199, 3302.4909 879.6838, 3305.5893 882.7811, 3310.7903 885.3252, 3318.2044 887.5375))",8.425129,185,Capital,Rural,C1,0.86,1359,Ward 48
West Valley,WL1,,WL1_064,"POLYGON ((3281.9754 913.6103, 3289.8748 915.6193, 3291.9367 927.6655, 3297.1324 935.456, 3303.5828 940.8874, 3296.9718 943.1751, 3290.1318 943.4106, 3281.8224 942.729, 3281.9754 913.6103))",5.568732,605,Capital,Suburb,E2,0.96,3236,Ward 40
West Valley,WL1,,WL1_065,"POLYGON ((3303.5828 940.8874, 3302.8849 950.4806, 3305.3838 960, 3282 960, 3281.8224 942.729, 3290.1318 943.4106, 3296.9718 943.1751, 3303.5828 940.8874))",5.830997,820,Capital,Suburb,E2,0.91,4592,Ward 40
West Valley,WL1,,WL1_066,"POLYGON ((3289.8748 915.6193, 3297.6046 918.549, 3305.466 920.9822, 3303.5828 940.8874, 3297.1324 935.456, 3291.9367 927.6655, 3289.8748 915.6193))",3.51685,2005,Capital,Suburb,E2,0.97,6607,Ward 40
West Valley,WL1,,WL1_067,"POLYGON ((3305.466 920.9822, 3313.5616 924.5704, 3322.2476 928.7166, 3332.2265 930.035, 3325.7775 937.9115, 3324.4166 948, 3319.1999 960, 3305.3838 960, 3302.8849 950.4806, 3303.5828 940.8874, 3305.466 920.9822))",11.333665,460,Capital,Suburb,E2,0.89,4618,Ward 50
West Valley,WL1,,WL1_068,"POLYGON ((3319.1999 960, 3355.3451 960, 3354.8225 949.5291, 3350.9229 941.3259, 3340.9225 936.7892, 3332.29 930.0015, 3332.2265 930.035, 3325.7775 937.9115, 3324.4166 948, 3319.1999 960))",11.267229,885,Capital,Suburb,C2,0.94,9283,Ward 50
West Valley,WL1,,WL1_069,"POLYGON ((3345.3276 909.3021, 3339.6349 915.3525, 3334.354 921.6626, 3332.29 930.0015, 3332.2265 930.035, 3322.2476 928.7166, 3313.5616 924.5704, 3305.466 920.9822, 3308.3158 909.3914, 3312.7254 901.4462, 3328.887 906.8629, 3345.3276 909.3021))",10.362946,270,Capital,Rural,D1,0.94,2583,Ward 48
West Valley,WL1,,WL1_070,"POLYGON ((3354.8225 949.5291, 3355.3451 960, 3370 960, 3370 944.477, 3358 942.4949, 3350.9229 941.3259, 3354.8225 949.5291))",4.15566,4055,Capital,Suburb,E2,0.9,13932,Ward 50
West Valley,WL1,,WL1_071,"POLYGON ((3310.7903 885.3252, 3305.5893 882.7811, 3302.4909 879.6838, 3299.5595 875.4199, 3304.7403 876.8195, 3312.0214 878.2192, 3312.2833 881.3392, 3310.7903 885.3252))",0.949504,3560,Capital,Town,E1,0.89,2795,Ward 49
West Valley,WL1,,WL1_072,"POLYGON ((3370 911.3778, 3370 944.477, 3358 942.4949, 3350.9229 941.3259, 3340.9225 936.7892, 3332.29 930.0015, 3334.354 921.6626, 3339.6349 915.3525, 3345.3276 909.3021, 3348.0603 904.2827, 3351.6377 905.7284, 3355.2912 905.1958, 3363.503 909.3968, 3370 911.3778))",17.023917,335,Capital,Rural,D2,0.92,4992,Ward 51
West Valley,WL1,,WL1_073,"POLYGON ((3312.7254 901.4462, 3318.2044 887.5375, 3320.2059 885.1051, 3323.3828 880.8659, 3324.6212 876.8769, 3329.7294 880.7734, 3336.8111 888.6685, 3348.0603 900.4024, 3347.6798 902.3045, 3348.0603 904.2827, 3345.3276 909.3021, 3328.887 906.8629, 3312.7254 901.4462))",9.873171,210,Capital,Rural,D1,0.92,1986,Ward 48
West Valley,WL1,,WL1_074,"POLYGON ((3355.2912 905.1958, 3351.6377 905.7284, 3348.0603 904.2827, 3347.6798 902.3045, 3348.0603 900.4024, 3349.7348 898.8807, 3351.8923 897.9715, 3354.2256 898.5003, 3355.7479 899.7938, 3356.2807 902.9893, 3355.2912 905.1958))",0.799867,10805,Capital,Town,E1,0.86,7228,Ward 48
West Valley,WL1,,WL1_075,"POLYGON ((3355.7479 899.7938, 3363.8712 898.0933, 3370 898.7693, 3370 911.3778, 3363.503 909.3968, 3355.2912 905.1958, 3356.2807 902.9893, 3355.7479 899.7938))",2.217733,7735,Capital,Town,C1,0.92,15350,Ward 51
West Valley,WL1,,WL1_076,"POLYGON ((3312.0214 878.2192, 3315.72 878.3252, 3324.6212 876.8769, 3323.3828 880.8659, 3320.2059 885.1051, 3318.2044 887.5375, 3310.7903 885.3252, 3312.2833 881.3392, 3312.0214 878.2192))",1.420398,3160,Capital,Town,C1,0.86,4188,Ward 32
West Valley,WL1,,WL1_077,"POLYGON ((3323.9332 868.3488, 3331.3981 867.678, 3338.382 868.1696, 3344.7758 868.5629, 3349.6941 869.9395, 3353.432 871.7094, 3359.3339 875.4458, 3362.3832 879.2805, 3363.8587 883.7053, 3365.5309 888.0316, 3368.0884 892.653, 3370 897.3035, 3370 898.7693, 3363.8712 898.0933, 3355.7479 899.7938, 3354.2256 898.5003, 3351.8923 897.9715, 3349.7348 898.8807, 3348.0603 900.4024, 3336.8111 888.6685, 3329.7294 880.7734, 3324.6212 876.8769, 3325.7221 872.4753, 3323.9332 868.3488))",14.106127,195,Capital,Rural,C1,0.85,2252,Ward 48
West Valley,WL1,,WL1_078,"POLYGON ((3307.4681 873.9461, 3309.8117 875.3205, 3312.0214 878.2192, 3304.7403 876.8195, 3303.1827 874.0061, 3307.4681 873.9461))",0.316754,6280,Capital,Town,C2,0.89,1720,Ward 49
West Valley,WL1,,WL1_079,"POLYGON ((3317.2387 871.7546, 3320.9808 873.5871, 3324.6212 876.8769, 3315.72 878.3252, 3312.0214 878.2192, 3311.6231 872.6426, 3317.2387 871.7546))",0.920035,3145,Capital,Town,D2,0.93,2622,Ward 32
West Valley,WL1,,WL1_080,"POLYGON ((3311.6231 872.6426, 3312.0214 878.2192, 3309.8117 875.3205, 3307.4681 873.9461, 3311.6231 872.6426))",0.155342,8885,Capital,Town,F1,0.88,1233,Ward 32
West Valley,WL1,,WL1_081,"POLYGON ((3316.8487 867.9898, 3319.0951 868.0886, 3323.9332 868.3488, 3325.7221 872.4753, 3324.6212 876.8769, 3320.9808 873.5871, 3317.2387 871.7546, 3315.4209 869.593, 3316.3206 868.9478, 3316.8487 867.9898))",0.766281,3445,Capital,Town,E1,0.9,2295,Ward 32
West Valley,WL1,,WL1_082,"POLYGON ((3315.4209 869.593, 3317.2387 871.7546, 3311.6231 872.6426, 3312.1383 871.7228, 3312.3976 870.9671, 3312.6431 870.1364, 3313.9652 869.8343, 3315.4209 869.593))",0.155067,8025,Capital,Town,F1,0.93,1181,Ward 32
West Valley,WL1,,WL1_083,"POLYGON ((3340.1086 845.4207, 3350.4554 842.0761, 3358 840.9914, 3370 839.2661, 3370 897.3035, 3368.0884 892.653, 3365.5309 888.0316, 3363.8587 883.7053, 3362.3832 879.2805, 3359.3339 875.4458, 3353.432 871.7094, 3349.6941 869.9395, 3344.7758 868.5629, 3338.382 868.1696, 3331.3981 867.678, 3323.9332 868.3488, 3322.97 864.3598, 3320.4931 863.2594, 3317.6034 861.6088, 3320.7189 854.1162, 3326.999 848.8848, 3340.1086 845.4207))",21.884355,170,Capital,Rural,D2,0.92,3544,Ward 29
West Valley,WL1,,WL1_084,"POLYGON ((3315.4209 869.593, 3314.5407 868.6936, 3314.2669 867.8138, 3316.8487 867.9898, 3316.3206 868.9478, 3315.4209 869.593))",0.042392,9580,Capital,Town,E1,0.91,395,Ward 32
West Valley,WL1,,WL1_085,"POLYGON ((3306.7281 870.6483, 3310.2639 868.7986, 3311.6231 872.6426, 3307.4681 873.9461, 3306.7281 870.6483))",0.239812,6515,Capital,Town,F1,0.88,1399,Ward 32
West Valley,WL1,,WL1_086,"POLYGON ((3315.7037 866.1652, 3317.1503 864.5021, 3317.6034 861.6088, 3320.4931 863.2594, 3322.97 864.3598, 3323.9332 868.3488, 3319.0951 868.0886, 3316.8487 867.9898, 3315.7037 866.1652))",0.533595,4140,Capital,Town,D2,0.94,2010,Ward 32
West Valley,WL1,,WL1_087,"POLYGON ((3311.6231 872.6426, 3310.2639 868.7986, 3314.2669 867.8138, 3314.5407 868.6936, 3315.4209 869.593, 3313.9652 869.8343, 3312.6431 870.1364, 3312.3976 870.9671, 3312.1383 871.7228, 3311.6231 872.6426))",0.158423,7710,Capital,Town,E1,0.93,1108,Ward 32
West Valley,WL1,,WL1_088,"POLYGON ((3316.8487 867.9898, 3314.2669 867.8138, 3315.7037 866.1652, 3316.8487 867.9898))",0.03514,16645,Capital,Town,C2,0.92,566,Ward 32
West Valley,WL1,,WL1_089,"POLYGON ((3315.7037 866.1652, 3314.2669 867.8138, 3313.0455 864.6426, 3314.7221 865.3513, 3315.7037 866.1652))",0.056413,12165,Capital,Town,C2,0.86,566,Ward 32
West Valley,WL1,,WL1_090,"POLYGON ((3313.0455 864.6426, 3314.2669 867.8138, 3310.2639 868.7986, 3309.8591 867.3546, 3310.3851 866.331, 3311.5102 865.3513, 3313.0455 864.6426))",0.172521,7675,Capital,Town,C1,0.99,1276,Ward 32
West Valley,WL1,,WL1_091,"POLYGON ((3313.0455 864.6426, 3311.824 861.4713, 3315.2641 860.7835, 3317.6034 861.6088, 3317.1503 864.5021, 3315.7037 866.1652, 3314.7221 865.3513, 3313.0455 864.6426))",0.314647,5075,Capital,Town,C2,0.95,1569,Ward 32
West Valley,WL1,,WL1_092,"POLYGON ((3326.999 848.8848, 3326.4739 845.8843, 3328.9773 843.5335, 3332.6187 843.3818, 3336.7152 843.9885, 3340.1086 845.4207, 3326.999 848.8848))",0.657848,6235,Capital,Town,F1,0.97,3782,Ward 29
West Valley,WL1,,WL1_093,"POLYGON ((3306.7281 870.6483, 3307.4681 873.9461, 3303.1827 874.0061, 3301.6251 871.1926, 3306.7281 870.6483))",0.228973,8020,Capital,Town,F1,0.99,1826,Ward 49
West Valley,WL1,,WL1_094,"POLYGON ((3310.2639 868.7986, 3306.7281 870.6483, 3305.4969 868.6703, 3306.0312 866.4287, 3306.4574 862.5717, 3311.824 861.4713, 3313.0455 864.6426, 3311.5102 865.3513, 3310.3851 866.331, 3309.8591 867.3546, 3310.2639 868.7986))",0.628303,3725,Capital,Town,B2,0.97,2257,Ward 32
West Valley,WL1,,WL1_095,"POLYGON ((3340.1086 845.4207, 3350.4554 842.0761, 3358 840.9914, 3370 839.2661, 3370 790, 3287.4396 790, 3282.3856 802, 3277.5016 809.0243, 3275.6829 817.3395, 3272.6401 825.1393, 3283.8234 827.1747, 3290.3651 831.8829, 3297.1686 837.899, 3301.8786 844.6997, 3305.8037 851.2389, 3311.824 861.4713, 3315.2641 860.7835, 3317.6034 861.6088, 3320.7189 854.1162, 3326.999 848.8848, 3326.4739 845.8843, 3328.9773 843.5335, 3332.6187 843.3818, 3336.7152 843.9885, 3340.1086 845.4207))",75.687056,85,Capital,Rural,D2,0.97,6161,Ward 29
West Valley,WL1,,WL1_096,"POLYGON ((3306.7281 870.6483, 3305.4969 868.6703, 3306.0312 866.4287, 3306.4574 862.5717, 3300.3234 864.6503, 3297.136 867.3179, 3297.7922 871.471, 3301.6251 871.1926, 3306.7281 870.6483))",0.906497,3495,Capital,Town,D2,0.89,2881,Ward 49
West Valley,WL1,,WL1_097,"POLYGON ((3268.2214 834.1186, 3272.4816 825.3551, 3272.6401 825.1393, 3283.8234 827.1747, 3280.6224 831.5101, 3274.3817 833.6101, 3268.2214 834.1186))",1.286301,9665,Capital,Town,D2,0.85,10567,Ward 49
West Valley,WL1,,WL1_098,"POLYGON ((3263.837 825.9216, 3272.4816 825.3551, 3272.6401 825.1393, 3275.6829 817.3395, 3277.5016 809.0243, 3282.3856 802, 3287.4396 790, 3235 790, 3235 831.752, 3247 829.704, 3255.1108 826.0098, 3263.837 825.9216))",25.9756,335,Capital,Rural,D2,0.86,7678,Ward 29
West Valley,WL1,,WL1_099,"POLYGON ((3283.8234 827.1747, 3290.3651 831.8829, 3297.1686 837.899, 3301.8786 844.6997, 3305.8037 851.2389, 3311.824 861.4713, 3306.4574 862.5717, 3300.3234 864.6503, 3297.136 867.3179, 3297.7922 871.471, 3287.0633 874.649, 3279.3624 880.6374, 3274.1845 873.8129, 3271.9572 873.1186, 3266.0062 871.2634, 3267.7905 862.1508, 3267.4585 852.7396, 3267.4724 843.3772, 3268.2214 834.1186, 3274.3817 833.6101, 3280.6224 831.5101, 3283.8234 827.1747))",22.98446,95,Capital,Rural,D2,0.91,1877,Ward 49
West Valley,WL2,,WL2_001,"POLYGON ((3419.6227 971.9827, 3418.5505 969.6833, 3415.8567 967.132, 3414.0881 966.9961, 3414.1082 959.7499, 3411.3343 947.1253, 3409.5398 938.853, 3409.7987 930.5419, 3417.8498 930.6006, 3425.9297 930.4519, 3433.8373 932.6501, 3441.7537 934.7226, 3449.7112 936.211, 3457.7297 936.8347, 3465.8102 936.5758, 3473.1822 935.8897, 3473.5262 936.1876, 3474.8117 942.9115, 3477.7256 952.9432, 3481.1743 960.4648, 3481.7661 966.9763, 3483.0593 975.0557, 3460.2802 971.5372, 3437.5761 971.7174, 3419.6227 971.9827))",39.027819,220,Capital,Rural,F1,0.91,8115,Ward 22
West Valley,WL2,,WL2_002,"POLYGON ((3399.9427 1044.94, 3395.729 1031.063, 3381.7872 1033.1086, 3370 1034.1779, 3370 1048, 3385.9325 1048.3566, 3399.9427 1044.94))",6.501429,520,Capital,Suburb,C1,0.93,3188,Ward 18
West Valley,WL2,,WL2_003,"POLYGON ((3415.1104 1055.0344, 3418.9277 1068.4914, 3400.9377 1066.5296, 3385.9201 1067.4955, 3377.618 1068.6811, 3370 1070, 3370 1048, 3385.9325 1048.3566, 3399.9427 1044.94, 3404.179 1058.2397, 3415.1104 1055.0344))",12.777429,380,Capital,Suburb,C1,0.9,4735,Ward 18
West Valley,WL2,,WL2_004,"POLYGON ((3411.7647 1034.3323, 3412.67 1038.4682, 3406.2173 1040.0128, 3406.9847 1042.8256, 3399.9427 1044.94, 3395.729 1031.063, 3410.0544 1028.2502, 3411.7647 1034.3323))",2.793924,1010,Capital,Town,F1,0.97,2753,Ward 19
West Valley,WL2,,WL2_005,"POLYGON ((3406.9847 1042.8256, 3406.2173 1040.0128, 3412.67 1038.4682, 3414.229 1046.7449, 3408.4827 1048.3216, 3406.9847 1042.8256))",0.834847,4290,Capital,Town,D2,0.92,3366,Ward 19
West Valley,WL2,,WL2_006,"POLYGON ((3418.9277 1068.4914, 3414.6465 1076.7834, 3414.7177 1086.2472, 3414 1092, 3380.2143 1092, 3370 1092, 3370 1070, 3377.618 1068.6811, 3385.9201 1067.4955, 3400.9377 1066.5296, 3418.9277 1068.4914))",17.187342,405,Capital,Suburb,C1,0.95,6954,Ward 18
West Valley,WL2,,WL2_007,"POLYGON ((3414.229 1046.7449, 3415.1104 1055.0344, 3404.179 1058.2397, 3399.9427 1044.94, 3406.9847 1042.8256, 3408.4827 1048.3216, 3414.229 1046.7449))",2.219229,1370,Capital,Town,C2,0.96,2921,Ward 19
West Valley,WL2,,WL2_008,"POLYGON ((3409.2995 1021.9196, 3410.0544 1028.2502, 3411.7647 1034.3323, 3412.67 1038.4682, 3421.2629 1036.5093, 3429.8558 1034.5504, 3428.7253 1029.8792, 3409.2995 1021.9196))",3.012983,930,Capital,Town,F1,0.96,2739,Ward 19
West Valley,WL2,,WL2_009,"POLYGON ((3414.229 1046.7449, 3412.67 1038.4682, 3421.2629 1036.5093, 3423.063 1044.1691, 3414.229 1046.7449))",1.141505,4295,Capital,Town,D2,0.93,4329,Ward 19
West Valley,WL2,,WL2_010,"POLYGON ((3421.2629 1036.5093, 3429.8558 1034.5504, 3430.7303 1050.1621, 3415.1104 1055.0344, 3414.229 1046.7449, 3423.063 1044.1691, 3421.2629 1036.5093))",3.041392,930,Capital,Town,D2,0.96,2804,Ward 19
West Valley,WL2,,WL2_011,"POLYGON ((3409.2919 997.0011, 3410.6883 988.6685, 3410.5864 974.0428, 3413.6203 974.6115, 3417.1283 973.569, 3419.6227 971.9827, 3437.5761 971.7174, 3460.2802 971.5372, 3483.0593 975.0557, 3483.4788 983.2691, 3483.2742 991.5783, 3409.2919 997.0011))",24.724832,210,Capital,Rural,F1,0.92,4427,Ward 21
West Valley,WL2,,WL2_012,"POLYGON ((3414.6465 1076.7834, 3418.9277 1068.4914, 3450.7506 1061.9253, 3445.3462 1067.9128, 3439.4935 1073.5867, 3434.6981 1080, 3426.3076 1092, 3414 1092, 3414.7177 1086.2472, 3414.6465 1076.7834))",8.460218,415,Capital,Rural,F1,0.86,3151,Ward 17
West Valley,WL2,,WL2_013,"POLYGON ((3483.2742 991.5783, 3482.8848 999.9159, 3485.1482 1007.8464, 3478.2966 1012.822, 3473.5479 1019.2679, 3469.537 1026.2297, 3429.8558 1034.5504, 3428.7253 1029.8792, 3409.2995 1021.9196, 3408.4168 1013.6301, 3408.4317 1005.3236, 3409.2919 997.0011, 3483.2742 991.5783))",37.566337,85,Capital,Rural,F1,0.91,2832,Ward 19
West Valley,WL2,,WL2_014,"POLYGON ((3429.8558 1034.5504, 3469.537 1026.2297, 3466.0889 1033.585, 3462.8577 1041.092, 3459.4317 1048.4627, 3455.458 1055.4505, 3450.7506 1061.9253, 3418.9277 1068.4914, 3415.1104 1055.0344, 3430.7303 1050.1621, 3429.8558 1034.5504))",18.396793,435,Capital,Rural,F1,0.99,7921,Ward 18
West Valley,WL2,,WL2_015,"POLYGON ((3455.7513 1092, 3426.3076 1092, 3434.6981 1080, 3439.4935 1073.5867, 3445.3462 1067.9128, 3450.7506 1061.9253, 3453.9085 1065.6035, 3454.8215 1070.897, 3454.8215 1080.5712, 3456.2823 1085.4996, 3455.7513 1092))",8.045669,505,Capital,Rural,F1,0.94,3833,Ward 17
West Valley,WL2,,WL2_016,"POLYGON ((3450.7506 1061.9253, 3455.458 1055.4505, 3459.4317 1048.4627, 3462.8577 1041.092, 3466.0889 1033.585, 3469.537 1026.2297, 3473.5479 1019.2679, 3478.2966 1012.822, 3485.1482 1007.8464, 3493.7408 1010.2581, 3502.3665 1011.182, 3511.0122 1011.209, 3519.6766 1010.3893, 3528.3531 1009.0304, 3537 1008.9994, 3549 1009.2662, 3549 1092, 3455.7513 1092, 3456.2823 1085.4996, 3454.8215 1080.5712, 3454.8215 1070.897, 3453.9085 1065.6035, 3450.7506 1061.9253))",112.003802,195,Capital,Rural,F1,0.91,20434,Ward 20
West Valley,WL2,,WL2_017,"POLYGON ((3549 961.1222, 3549 1009.2662, 3537 1008.9994, 3528.3531 1009.0304, 3519.6766 1010.3893, 3511.0122 1011.209, 3502.3665 1011.182, 3493.7408 1010.2581, 3485.1482 1007.8464, 3482.8848 999.9159, 3483.2742 991.5783, 3483.4788 983.2691, 3483.0593 975.0557, 3481.7661 966.9763, 3481.1743 960.4648, 3487.15 961.4363, 3494.4072 959.3001, 3505.7599 957.679, 3520.1535 957.8816, 3533.7361 958.2869, 3549 961.1222))",52.400589,205,Capital,Rural,F1,0.96,10254,Ward 23
West Valley,WL2,,WL2_018,"POLYGON ((3473.5262 936.1876, 3489.0499 934.2316, 3494.7686 944.682, 3494.4072 959.3001, 3487.15 961.4363, 3481.1743 960.4648, 3477.7256 952.9432, 3474.8117 942.9115, 3473.5262 936.1876))",6.779019,435,Capital,Rural,A1,0.94,2972,Ward 23
West Valley,WL2,,WL2_019,"POLYGON ((3489.0499 934.2316, 3522.994 930.9555, 3526.0373 937.0396, 3530.017 943.3578, 3534.933 949.6759, 3549 961.1222, 3533.7361 958.2869, 3520.1535 957.8816, 3505.7599 957.679, 3494.4072 959.3001, 3494.7686 944.682, 3489.0499 934.2316))",15.975891,215,Capital,Rural,D1,0.87,2852,Ward 23
West Valley,WL2,,WL2_020,"POLYGON ((3528.4666 912.791, 3537 913.187, 3549 912.9781, 3549 961.1222, 3534.933 949.6759, 3530.017 943.3578, 3526.0373 937.0396, 3522.994 930.9555, 3528.1692 922.8253, 3528.4666 912.791))",13.390386,230,Capital,Rural,D1,0.92,2905,Ward 23
West Valley,WL2,,WL2_021,"POLYGON ((3489.0499 934.2316, 3495.8387 930.0195, 3502.3935 924.8713, 3504.9685 918.5532, 3510.6551 918.4211, 3514.513 915.311, 3519.2485 923.7013, 3522.994 930.9555, 3489.0499 934.2316))",4.481448,770,Capital,Suburb,C1,0.91,3374,Ward 25
West Valley,WL2,,WL2_022,"POLYGON ((3514.513 915.311, 3521.4898 914.051, 3528.4666 912.791, 3528.1692 922.8253, 3522.994 930.9555, 3519.2485 923.7013, 3514.513 915.311))",2.230782,2445,Capital,Suburb,C1,0.93,4679,Ward 25
West Valley,WL2,,WL2_023,"POLYGON ((3515.4974 909.9673, 3521.4898 914.051, 3514.513 915.311, 3516.5943 912.4344, 3515.4974 909.9673))",0.216267,11010,Capital,Town,F1,0.99,2519,Ward 24
West Valley,WL2,,WL2_024,"POLYGON ((3509.0927 911.6659, 3514.513 915.311, 3510.6551 918.4211, 3504.9685 918.5532, 3509.0927 911.6659))",0.54193,5585,Capital,Town,B2,0.99,3128,Ward 25
West Valley,WL2,,WL2_025,"POLYGON ((3488.9468 922.292, 3494.3803 913.9287, 3500.7387 913.0206, 3502.41 915.7193, 3504.9685 918.5532, 3502.3935 924.8713, 3495.8387 930.0195, 3489.0499 934.2316, 3488.9468 922.292))",3.193207,1150,Capital,Suburb,C1,0.92,3456,Ward 25
West Valley,WL2,,WL2_026,"POLYGON ((3513.852 907.5001, 3519.208 902.7101, 3528.4666 912.791, 3521.4898 914.051, 3515.4974 909.9673, 3513.852 907.5001))",1.260402,3210,Capital,Town,F1,0.93,3717,Ward 24
West Valley,WL2,,WL2_027,"POLYGON ((3514.513 915.311, 3509.0927 911.6659, 3511.0182 906.4036, 3513.852 907.5001, 3515.4974 909.9673, 3516.5943 912.4344, 3514.513 915.311))",0.595876,5255,Capital,Town,F1,0.95,3068,Ward 24
West Valley,WL2,,WL2_028,"POLYGON ((3504.9685 918.5532, 3502.41 915.7193, 3500.7387 913.0206, 3505.8812 911.6069, 3509.0927 911.6659, 3504.9685 918.5532))",0.459486,6010,Capital,Town,C1,0.9,2443,Ward 25
West Valley,WL2,,WL2_029,"POLYGON ((3509.0927 911.6659, 3505.8812 911.6069, 3500.7387 913.0206, 3500.8673 910.0648, 3500.87 907.4749, 3509.0927 911.6659))",0.319375,10010,Capital,Town,C2,0.86,2849,Ward 25
West Valley,WL2,,WL2_030,"POLYGON ((3511.0182 906.4036, 3509.0927 911.6659, 3507.6472 907.1752, 3505.0083 903.5781, 3506.7218 902.1089, 3511.0182 906.4036))",0.343568,6515,Capital,Town,D2,0.93,2154,Ward 24
West Valley,WL2,,WL2_031,"POLYGON ((3506.7218 902.1089, 3505.6246 897.2211, 3519.208 902.7101, 3513.852 907.5001, 3511.0182 906.4036, 3506.7218 902.1089))",1.019782,3025,Capital,Town,F1,0.9,2545,Ward 24
West Valley,WL2,,WL2_032,"POLYGON ((3500.87 907.4749, 3501.7097 905.3766, 3503.389 903.8778, 3505.0083 903.5781, 3507.6472 907.1752, 3509.0927 911.6659, 3500.87 907.4749))",0.493856,8500,Capital,Town,E1,0.99,4597,Ward 24
West Valley,WL2,,WL2_033,"POLYGON ((3494.3803 913.9287, 3479.0843 915.9996, 3470.8584 913.8372, 3472.1988 922.2111, 3471.2121 929.248, 3473.5262 936.1876, 3489.0499 934.2316, 3488.9468 922.292, 3494.3803 913.9287))",5.688078,430,Capital,Rural,C1,0.85,1910,Ward 23
West Valley,WL2,,WL2_034,"POLYGON ((3492.3276 894.3935, 3486.9512 885.7737, 3481.299 879.985, 3500.3942 882.9558, 3516.1684 887.7078, 3534.5356 895.2678, 3549 912.9781, 3537 913.187, 3528.4666 912.791, 3519.208 902.7101, 3505.6246 897.2211, 3492.3276 894.3935))",12.705771,175,Capital,Rural,A1,0.91,2113,Ward 26
West Valley,WL2,,WL2_035,"POLYGON ((3500.87 907.4749, 3500.8673 910.0648, 3500.7387 913.0206, 3494.3803 913.9287, 3493.9785 906.1978, 3497.3978 905.9467, 3500.87 907.4749))",0.735108,8550,Capital,Town,E1,0.9,5221,Ward 25
West Valley,WL2,,WL2_036,"POLYGON ((3503.389 903.8778, 3500.4129 903.0161, 3497.7056 903.3061, 3493.9785 906.1978, 3497.3978 905.9467, 3500.87 907.4749, 3501.7097 905.3766, 3503.389 903.8778))",0.322673,12510,Capital,Town,D2,0.87,3827,Ward 24
West Valley,WL2,,WL2_037,"POLYGON ((3497.7056 903.3061, 3493.9785 906.1978, 3492.3276 894.3935, 3505.6246 897.2211, 3506.7218 902.1089, 3505.0083 903.5781, 3503.389 903.8778, 3500.4129 903.0161, 3497.7056 903.3061))",1.621607,2830,Capital,Town,D2,0.96,4599,Ward 24
West Valley,WL2,,WL2_038,"POLYGON ((3481.299 879.985, 3487.636 864.5872, 3496.5993 847.4822, 3507.5997 832.0062, 3517.7853 816.9375, 3523.8966 804.7196, 3533.6747 796.1671, 3549 790, 3549 912.9781, 3534.5356 895.2678, 3516.1684 887.7078, 3500.3942 882.9558, 3481.299 879.985))",69.776618,110,Capital,Rural,F1,1,7280,Ward 26
West Valley,WL2,,WL2_039,"POLYGON ((3481.299 879.985, 3486.9512 885.7737, 3492.3276 894.3935, 3493.9785 906.1978, 3494.3803 913.9287, 3479.0843 915.9996, 3470.8584 913.8372, 3469.9369 903.956, 3470.4396 893.9911, 3473.3716 885.366, 3481.299 879.985))",10.496808,215,Capital,Rural,D1,0.88,2140,Ward 22
West Valley,WL2,,WL2_040,"POLYGON ((3431.7139 824.8648, 3431.1995 811.0806, 3435.1744 802, 3436.4479 790, 3549 790, 3533.6747 796.1671, 3523.8966 804.7196, 3517.7853 816.9375, 3507.5997 832.0062, 3496.5993 847.4822, 3487.636 864.5872, 3481.299 879.985, 3475.9924 873.7791, 3470.2501 868.0991, 3463.9343 863.1117, 3457.0812 858.7729, 3449.8905 854.8417, 3449.271 847.0336, 3445.7068 837.9286, 3439.8984 830.407, 3431.7139 824.8648))",83.986795,105,Capital,Rural,F1,0.93,8434,Ward 26
West Valley,WL2,,WL2_041,"POLYGON ((3449.8905 854.8417, 3457.0812 858.7729, 3463.9343 863.1117, 3470.2501 868.0991, 3475.9924 873.7791, 3481.299 879.985, 3461.5246 875.117, 3451.6442 873.4709, 3450.9871 863.9241, 3449.8905 854.8417))",5.019077,565,Capital,Suburb,C1,0.97,2574,Ward 26
West Valley,WL2,,WL2_042,"POLYGON ((3436.4057 839.0831, 3440.5585 844.1305, 3442.6645 850.9532, 3449.8905 854.8417, 3449.271 847.0336, 3445.7068 837.9286, 3440.9545 837.5327, 3436.4057 839.0831))",1.848742,1185,Capital,Suburb,F1,0.86,1810,Ward 27
West Valley,WL2,,WL2_043,"POLYGON ((3436.223 852.0069, 3439.3144 851.3439, 3442.6645 850.9532, 3449.8905 854.8417, 3450.9871 863.9241, 3447.2909 861.2849, 3440.8225 860.6252, 3433.6151 860.0658, 3433.6151 856.4745, 3432.3696 853.0083, 3436.223 852.0069))",2.306789,1000,Capital,Suburb,F1,0.92,2137,Ward 27
West Valley,WL2,,WL2_044,"POLYGON ((3436.4057 839.0831, 3434.222 834.1018, 3429.6017 832.1225, 3431.7139 824.8648, 3439.8984 830.407, 3445.7068 837.9286, 3440.9545 837.5327, 3436.4057 839.0831))",1.583956,1335,Capital,Suburb,E2,0.98,2146,Ward 27
West Valley,WL2,,WL2_045,"POLYGON ((3436.4057 839.0831, 3440.5585 844.1305, 3442.6645 850.9532, 3439.3144 851.3439, 3436.0688 846.4602, 3433.9041 845.3882, 3432.5019 844.2282, 3431.2448 843.4065, 3433.9916 842.4302, 3436.4057 839.0831))",0.907224,3000,Capital,Town,B2,0.91,2464,Ward 27
West Valley,WL2,,WL2_046,"POLYGON ((3450.9871 863.9241, 3451.6442 873.4709, 3442.5873 871.0018, 3434.3031 872.4123, 3433.6151 860.0658, 3440.8225 860.6252, 3447.2909 861.2849, 3450.9871 863.9241))",2.931568,945,Capital,Suburb,E2,0.87,2301,Ward 27
West Valley,WL2,,WL2_047,"POLYGON ((3436.4057 839.0831, 3433.9916 842.4302, 3431.2448 843.4065, 3430.0843 841.6666, 3428.6744 839.9356, 3428.6744 836.1704, 3429.6017 832.1225, 3434.222 834.1018, 3436.4057 839.0831))",0.913479,2900,Capital,Town,D2,0.93,2277,Ward 27
West Valley,WL2,,WL2_048,"POLYGON ((3433.9041 845.3882, 3436.0688 846.4602, 3439.3144 851.3439, 3436.223 852.0069, 3432.3696 853.0083, 3429.1083 847.7071, 3431.9701 847.2732, 3433.9041 845.3882))",0.66512,3375,Capital,Town,B2,0.87,1823,Ward 27
West Valley,WL2,,WL2_049,"POLYGON ((3428.8301 845.4023, 3431.2448 843.4065, 3432.5019 844.2282, 3433.9041 845.3882, 3431.9701 847.2732, 3429.1083 847.7071, 3428.8301 845.4023))",0.207703,4530,Capital,Town,D2,0.98,957,Ward 27
West Valley,WL2,,WL2_050,"POLYGON ((3429.1083 847.7071, 3426.4846 847.7866, 3424.4969 847.0315, 3423.9802 844.2896, 3425.6895 842.263, 3425.8903 841.3271, 3428.6744 839.9356, 3430.0843 841.6666, 3431.2448 843.4065, 3428.8301 845.4023, 3429.1083 847.7071))",0.545471,3325,Capital,Town,F1,0.9,1607,Ward 27
West Valley,WL2,,WL2_051,"POLYGON ((3418.2568 840.0806, 3429.6017 832.1225, 3428.6744 836.1704, 3428.6744 839.9356, 3425.8903 841.3271, 3421.9598 841.3271, 3418.2568 840.0806))",0.754048,3210,Capital,Town,C1,0.88,2237,Ward 27
West Valley,WL2,,WL2_052,"POLYGON ((3481.299 879.985, 3473.3716 885.366, 3470.4396 893.9911, 3469.9369 903.956, 3470.8584 913.8372, 3472.1988 922.2111, 3471.2121 929.248, 3473.5262 936.1876, 3473.1822 935.8897, 3465.8102 936.5758, 3457.7297 936.8347, 3449.7112 936.211, 3441.7537 934.7226, 3433.8373 932.6501, 3425.9297 930.4519, 3417.8498 930.6006, 3409.7987 930.5419, 3421.5782 904.2122, 3427.6225 891.8102, 3434.3031 872.4123, 3442.5873 871.0018, 3451.6442 873.4709, 3461.5246 875.117, 3481.299 879.985))",47.06836,155,Capital,Rural,F1,0.97,6716,Ward 22
West Valley,WL2,,WL2_053,"POLYGON ((3408.6684 840.0385, 3412.2741 833.3837, 3420.2291 827.8998, 3431.7139 824.8648, 3429.6017 832.1225, 3418.2568 840.0806, 3408.6684 840.0385))",2.723499,735,Capital,Suburb,C1,0.92,2053,Ward 28
West Valley,WL2,,WL2_054,"POLYGON ((3419.8783 848.4991, 3422.0427 852.4691, 3426.6667 853.8557, 3432.3696 853.0083, 3429.1083 847.7071, 3426.4846 847.7866, 3424.4969 847.0315, 3419.8783 848.4991))",0.864389,2940,Capital,Town,B2,0.98,2466,Ward 27
West Valley,WL2,,WL2_055,"POLYGON ((3416.6788 856.2216, 3420.4765 856.2966, 3422.0427 852.4691, 3426.6667 853.8557, 3432.3696 853.0083, 3433.6151 856.4745, 3433.6151 860.0658, 3422.6932 859.0603, 3416.6788 856.2216))",1.241692,2940,Capital,Town,D2,0.89,3194,Ward 28
West Valley,WL2,,WL2_056,"POLYGON ((3425.8903 841.3271, 3425.6895 842.263, 3423.9802 844.2896, 3424.4969 847.0315, 3419.8783 848.4991, 3418.2568 840.0806, 3421.9598 841.3271, 3425.8903 841.3271))",0.5928,3615,Capital,Town,D2,0.9,1807,Ward 27
West Valley,WL2,,WL2_057,"POLYGON ((3408.6684 840.0385, 3404.9285 838.636, 3399.6293 837.6729, 3394.009 837.6729, 3382.7682 837.9939, 3370 839.2661, 3370 790, 3436.4479 790, 3435.1744 802, 3431.1995 811.0806, 3431.7139 824.8648, 3420.2291 827.8998, 3412.2741 833.3837, 3408.6684 840.0385))",44.183353,110,Capital,Rural,D2,0.98,5225,Ward 28
West Valley,WL2,,WL2_058,"POLYGON ((3407.1525 848.1851, 3408.6684 840.0385, 3418.2568 840.0806, 3419.8783 848.4991, 3407.1525 848.1851))",1.440145,1395,Capital,Town,D2,0.87,1748,Ward 28
West Valley,WL2,,WL2_059,"POLYGON ((3406.2065 852.8147, 3407.1525 848.1851, 3419.8783 848.4991, 3422.0427 852.4691, 3420.4765 856.2966, 3416.6788 856.2216, 3412.7282 856.3114, 3409.2171 855.1121, 3406.2065 852.8147))",1.667005,2015,Capital,Town,E1,0.93,2986,Ward 28
West Valley,WL2,,WL2_060,"POLYGON ((3408.0281 860.5443, 3408.7378 857.9184, 3409.2171 855.1121, 3412.7282 856.3114, 3416.6788 856.2216, 3415.9605 860.799, 3412.1894 860.9785, 3408.0281 860.5443))",0.584035,3255,Capital,Town,E1,0.95,1738,Ward 28
West Valley,WL2,,WL2_061,"POLYGON ((3408.0281 860.5443, 3405.2758 857.0294, 3406.2065 852.8147, 3409.2171 855.1121, 3408.7378 857.9184, 3408.0281 860.5443))",0.270341,4225,Capital,Town,C1,0.88,927,Ward 28
West Valley,WL2,,WL2_062,"POLYGON ((3415.9605 860.799, 3412.1617 864.7766, 3410.0268 866.1805, 3407.7565 863.2261, 3408.0281 860.5443, 3412.1894 860.9785, 3415.9605 860.799))",0.404182,3865,Capital,Town,E1,0.88,1549,Ward 28
West Valley,WL2,,WL2_063,"POLYGON ((3410.0268 866.1805, 3400.9712 869.8657, 3393.6735 874.6242, 3386.0086 881.5597, 3384.5436 884.8419, 3383.2302 888.2756, 3381.8663 891.2548, 3379.391 894.4866, 3374.4405 897.7688, 3370 898.7693, 3370 897.3035, 3370 839.2661, 3382.7682 837.9939, 3394.009 837.6729, 3399.6293 837.6729, 3404.9285 838.636, 3408.6684 840.0385, 3407.1525 848.1851, 3406.2065 852.8147, 3405.2758 857.0294, 3408.0281 860.5443, 3407.7565 863.2261, 3410.0268 866.1805))",25.502317,50,Capital,Rural,D2,0.9,1143,Ward 28
West Valley,WL2,,WL2_064,"POLYGON ((3433.6151 860.0658, 3422.6932 859.0603, 3416.6788 856.2216, 3415.9605 860.799, 3412.1617 864.7766, 3410.0268 866.1805, 3400.9712 869.8657, 3393.6735 874.6242, 3386.0086 881.5597, 3384.5436 884.8419, 3383.2302 888.2756, 3381.8663 891.2548, 3379.391 894.4866, 3374.4405 897.7688, 3370 898.7693, 3370 911.3778, 3390.9808 922.2108, 3400.9633 925.1852, 3409.7987 930.5419, 3421.5782 904.2122, 3427.6225 891.8102, 3434.3031 872.4123, 3433.6151 860.0658))",41.046461,65,Capital,Rural,D1,0.95,2563,Ward 28
West Valley,WL2,,WL2_065,"POLYGON ((3370 960, 3370 944.477, 3370 911.3778, 3390.9808 922.2108, 3400.9633 925.1852, 3409.7987 930.5419, 3409.5398 938.853, 3411.3343 947.1253, 3414.1082 959.7499, 3414.0881 966.9961, 3412.3196 966.8601, 3410.1883 967.7667, 3408.8732 968.3559, 3407.6035 969.4439, 3407.0142 970.6845, 3400.7239 964.9075, 3390.772 960.5405, 3387.7333 960.3236, 3370 960))",26.980347,420,Capital,Rural,F1,0.9,9136,Ward 22
West Valley,WL2,,WL2_066,"POLYGON ((3370 965.1254, 3370 960, 3387.7333 960.3236, 3378.8343 961.8423, 3370 965.1254))",0.585181,8500,Capital,Town,F1,0.89,4601,Ward 21
West Valley,WL2,,WL2_067,"POLYGON ((3410.5864 974.0428, 3408.3109 972.6212, 3407.0142 970.6845, 3407.6035 969.4439, 3408.8732 968.3559, 3410.1883 967.7667, 3412.3196 966.8601, 3414.0881 966.9961, 3415.8567 967.132, 3418.5505 969.6833, 3419.6227 971.9827, 3417.1283 973.569, 3413.6203 974.6115, 3410.5864 974.0428))",1.056452,13085,Capital,Town,E1,0.89,12306,Ward 21
West Valley,WL2,,WL2_068,"POLYGON ((3390.772 960.5405, 3387.7333 960.3236, 3378.8343 961.8423, 3370 965.1254, 3370 1034.1779, 3381.7872 1033.1086, 3395.729 1031.063, 3410.0544 1028.2502, 3409.2995 1021.9196, 3408.4168 1013.6301, 3408.4317 1005.3236, 3409.2919 997.0011, 3410.6883 988.6685, 3410.5864 974.0428, 3408.3109 972.6212, 3407.0142 970.6845, 3400.7239 964.9075, 3390.772 960.5405))",41.883949,90,Capital,Suburb,E2,0.96,3608,Ward 21
Goldcrest Villas,GD01,,GD01_001,"POLYGON ((2873 -80, 2873 -96, 2873 -110, 2908 -110, 2908 -96, 2908 -80, 2886 -80, 2873 -80))",16.365311,7500,,,,,,
Goldcrest Villas,GD02,,GD02_001,"POLYGON ((2837 -63, 2837 -96, 2873 -96, 2873 -80, 2886 -80, 2886 -63, 2837 -63))",21.960689,1100,,,,,,
Goldcrest Villas,GD03,,GD03_001,"POLYGON ((2837 -96, 2837 -124, 2908 -124, 2908 -110, 2873 -110, 2873 -96, 2837 -96))",23.347844,950,,,,,,
Goldcrest Villas,GD04,,GD04_001,"POLYGON ((2908 -124, 2908 -110, 2908 -96, 2930 -96, 2930 -124, 2908 -124))",9.600983,2200,,,,,,
Goldcrest Villas,GD05,,GD05_001,"POLYGON ((2886 -63, 2886 -80, 2908 -80, 2908 -96, 2930 -96, 2930 -63, 2908 -63, 2886 -63))",17.144612,2200,,,,,,
Goldcrest Villas,GD06,,GD06_001,"POLYGON ((2930 -63, 2930 -96, 2952 -96, 2952 -63, 2930 -63))",11.315444,3200,,,,,,
Goldcrest Villas,GD07,,GD07_001,"POLYGON ((2930 -124, 2930 -96, 2952 -96, 2952 -124, 2930 -124))",9.600983,3200,,,,,,
Goldcrest Villas,GD08,,GD08_001,"POLYGON ((2919 -154, 2919 -139, 2908 -139, 2908 -124, 2930 -124, 2952 -124, 2952 -154, 2919 -154))",18.001842,2000,,,,,,
Goldcrest Villas,GD09,,GD09_001,"POLYGON ((2952 -154, 2952 -124, 2996 -124, 2996 -154, 2952 -154))",20.573534,1500,,,,,,
Goldcrest Villas,GD10,,GD10_001,"POLYGON ((2996 -124, 2996 -154, 3018 -154, 3018 -124, 2996 -124))",10.286767,5250,,,,,,
Goldcrest Villas,GD11,,GD11_001,"POLYGON ((2952 -124, 2952 -96, 2996 -96, 2996 -110, 3018 -110, 3018 -124, 2996 -124, 2952 -124))",24.002456,2000,,,,,,
Goldcrest Villas,GD12,,GD12_001,"POLYGON ((3018 -124, 3018 -110, 2996 -110, 2996 -96, 3018 -96, 3040 -96, 3040 -124, 3018 -124))",14.401474,3300,,,,,,
Goldcrest Villas,GD13,,GD13_001,"POLYGON ((3040 -96, 3040 -124, 3084 -124, 3084 -96, 3040 -96))",19.201965,2500,,,,,,
Goldcrest Villas,GD14,,GD14_001,"POLYGON ((3040 -63, 3040 -74, 3040 -96, 3084 -96, 3084 -63, 3040 -63))",22.630887,2700,,,,,,
Goldcrest Villas,GD15,,GD15_001,"POLYGON ((3018 -74, 3018 -96, 3040 -96, 3040 -74, 3018 -74))",7.543629,3800,,,,,,
Goldcrest Villas,GD16,,GD16_001,"POLYGON ((3018 -52, 3018 -74, 3040 -74, 3040 -63, 3040 -52, 3018 -52))",7.543629,4300,,,,,,
Goldcrest Villas,GD17,,GD17_001,"POLYGON ((3018 -30, 3018 -52, 3040 -52, 3040 -30, 3018 -30))",7.543629,8000,,,,,,
Goldcrest Villas,GD18,,GD18_001,"POLYGON ((3018 -8, 3040 -8, 3040 -30, 3018 -30, 3018 -8))",7.543629,9000,,,,,,
Goldcrest Villas,GD19,,GD19_001,"POLYGON ((2996 -30, 2996 -8, 3018 -8, 3018 -30, 2996 -30))",7.543629,8500,,,,,,
Goldcrest Villas,GD20,,GD20_001,"POLYGON ((2996 -30, 2996 -52, 3018 -52, 3018 -30, 2996 -30))",7.543629,9750,,,,,,
Goldcrest Villas,GD21,,GD21_001,"POLYGON ((2996 -52, 2996 -74, 3018 -74, 3018 -52, 2996 -52))",7.543629,5750,,,,,,
Goldcrest Villas,GD22,,GD22_001,"POLYGON ((2996 -74, 2996 -96, 3018 -96, 3018 -74, 2996 -74))",7.543629,3800,,,,,,
Goldcrest Villas,GD23,,GD23_001,"POLYGON ((2996 -96, 2952 -96, 2952 -63, 2974 -63, 2974 -74, 2996 -74, 2996 -96))",18.859073,1500,,,,,,
Goldcrest Villas,GD24,,GD24_001,"POLYGON ((2952 -30, 2952 -63, 2974 -63, 2974 -74, 2996 -74, 2996 -52, 2996 -30, 2974 -30, 2952 -30))",26.402702,1250,,,,,,
Goldcrest Villas,GD25,,GD25_001,"POLYGON ((2952 -30, 2952 14, 2974 14, 2974 -30, 2952 -30))",15.087258,1500,,,,,,
Goldcrest Villas,GD26,,GD26_001,"POLYGON ((2996 -30, 2974 -30, 2974 14, 3018 14, 3018 -8, 2996 -8, 2996 -30))",22.630887,3750,,,,,,
Goldcrest Villas,GD27,,GD27_001,"POLYGON ((2974 14, 2974 36, 2996 36, 3018 36, 3018 14, 2974 14))",15.087258,12000,,,,,,
Goldcrest Villas,GD28,,GD28_001,"POLYGON ((2952 14, 2952 58, 2996 58, 2996 36, 2974 36, 2974 14, 2952 14))",22.630887,2400,,,,,,
Goldcrest Villas,GD29,,GD29_001,"POLYGON ((2996 36, 2996 58, 3040 58, 3040 14, 3018 14, 3018 36, 2996 36))",22.630887,2700,,,,,,
Goldcrest Villas,GD30,,GD30_001,"POLYGON ((3040 -30, 3040 -8, 3018 -8, 3018 14, 3040 14, 3084 14, 3084 -63, 3040 -63, 3040 -52, 3040 -30))",60.349033,750,,,,,,
Goldcrest Villas,GD31,,GD31_001,"POLYGON ((2996 58, 2996 80, 3084 80, 3084 36, 3084 14, 3040 14, 3040 58, 2996 58))",60.349033,550,,,,,,
Goldcrest Villas,GD32,,GD32_001,"POLYGON ((2908 14, 2908 80, 2996 80, 2996 58, 2952 58, 2952 14, 2908 14))",60.349033,300,,,,,,
Goldcrest Villas,GD33,,GD33_001,"POLYGON ((2908 14, 2908 -63, 2930 -63, 2952 -63, 2952 -30, 2952 14, 2908 14))",52.805404,500,,,,,,
Goldcrest Villas,GD34,,GD34_001,"POLYGON ((2754 14, 2754 80, 2908 80, 2908 14, 2754 14))",158.416212,50,,,,,,
Goldcrest Villas,GD35,,GD35_001,"POLYGON ((2754 -124, 2754 -63, 2754 14, 2908 14, 2908 -63, 2886 -63, 2837 -63, 2837 -96, 2837 -124, 2754 -124))",263.730886,80,,,,,,
Goldcrest Villas,GD36,,GD36_001,"POLYGON ((2754 -184, 2754 -124, 2837 -124, 2908 -124, 2908 -139, 2919 -139, 2919 -154, 2919 -184, 2754 -184))",151.729813,70,,,,,,
Goldcrest Villas,GD37,,GD37_001,"POLYGON ((2919 -154, 2919 -184, 2996 -184, 2996 -154, 2952 -154, 2919 -154))",36.003685,500,,,,,,
Goldcrest Villas,GD38,,GD38_001,"POLYGON ((2996 -184, 2996 -154, 3018 -154, 3018 -124, 3040 -124, 3084 -124, 3084 -151, 3084 -184, 2996 -184))",72.007369,450,,,,,,
Grillbys Crest,GC01,,GC01_001,"POLYGON ((2578 -30, 2578 -96, 2583 -96, 2600 -96, 2600 -74, 2622 -74, 2622 -63, 2622 -52, 2600 -52, 2600 -30, 2578 -30))",30.174517,1750,,,,,,
Grillbys Crest,GC02,,GC02_001,"POLYGON ((2411 80, 2411 -96, 2578 -96, 2578 -30, 2578 80, 2411 80))",458.104024,20,,,,,,
Grillbys Crest,GC03,,GC03_001,"POLYGON ((2583 -96, 2583 -357, 2411 -357, 2411 -96, 2578 -96, 2583 -96))",699.687189,10,,,,,,
Grillbys Crest,GC04,,GC04_001,"POLYGON ((2583 -357, 2583 -96, 2600 -96, 2600 -74, 2622 -74, 2622 -63, 2754 -63, 2754 -124, 2754 -184, 2754 -357, 2583 -357))",771.055531,15,,,,,,
Grillbys Crest,GC05,,GC05_001,"POLYGON ((2578 -30, 2578 80, 2754 80, 2754 14, 2754 -63, 2622 -63, 2622 -52, 2600 -52, 2600 -30, 2578 -30))",377.181457,25,,,,,,
Grillbys Crest,GC06,,GC06_001,"POLYGON ((2411 212, 2411 80, 2578 80, 2754 80, 2754 190, 2732 190, 2732 212, 2600 212, 2556 212, 2411 212))",698.128588,20,,,,,,
Grillbys Crest,GC07,,GC07_001,"POLYGON ((2556 212, 2411 212, 2411 340, 2578 340, 2578 234, 2556 234, 2556 212))",325.622934,47,,,,,,
Grillbys Crest,GC08,,GC08_001,"POLYGON ((2556 234, 2556 212, 2600 212, 2600 234, 2578 234, 2556 234))",15.087258,2000,,,,,,
Grillbys Crest,GC09,,GC09_001,"POLYGON ((2578 340, 2578 234, 2600 234, 2600 212, 2732 212, 2746 212, 2746 340, 2578 340))",327.617943,30,,,,,,
Grillbys Crest,GC10,,GC10_001,"POLYGON ((2732 212, 2732 190, 2754 190, 2754 210, 2754 212, 2746 212, 2732 212))",7.543629,2500,,,,,,
Grillbys Crest,GC11,,GC11_001,"POLYGON ((2754 210, 2754 212, 2746 212, 2746 340, 2908 340, 2908 210, 2754 210))",327.992007,30,,,,,,
Grillbys Crest,GC12,,GC12_001,"POLYGON ((2754 80, 2754 190, 2754 210, 2908 210, 2908 80, 2754 80))",312.031933,25,,,,,,
Hopewell Harbor,H01,,H01_001,"POLYGON ((3559 1048, 3559 563, 3666 563, 3666 1048, 3559 1048))",808.836021,10,,,,,,
Hopewell Harbor,H02,,H02_001,"POLYGON ((3559 563, 3559 555, 3559 520, 3559 451, 3666 451, 3666 563, 3559 563))",186.782751,71,,,,,,
Hopewell Harbor,H03,,H03_001,"POLYGON ((3559 451, 3559 410, 3559 340, 3559 220, 3666 220, 3666 451, 3559 451))",385.239425,70,,,,,,
Lancer Gate,LA01,,LA01_001,"POLYGON ((2996 230, 2985 230, 2985 208, 2996 208, 3007 208, 3007 218, 2996 218, 2996 230))",5.486276,16000,,,,,,
Lancer Gate,LA02,,LA02_001,"POLYGON ((2996 198, 2996 208, 3007 208, 3007 218, 3018 218, 3018 198, 2996 198))",5.143384,9500,,,,,,
Lancer Gate,LA03,,LA03_001,"POLYGON ((2974 230, 2974 198, 2996 198, 2996 208, 2985 208, 2985 230, 2974 230))",7.200737,10500,,,,,,
Lancer Gate,LA04,,LA04_001,"POLYGON ((2974 230, 2974 242, 2996 242, 2996 230, 2985 230, 2974 230))",4.114707,9000,,,,,,
Lancer Gate,LA05,,LA05_001,"POLYGON ((2974 256, 2974 242, 2996 242, 2996 256, 2974 256))",4.800491,7750,,,,,,
Lancer Gate,LA06,,LA06_001,"POLYGON ((2996 256, 2974 256, 2974 270, 2996 270, 2996 256))",4.800491,6250,,,,,,
Lancer Gate,LA07,,LA07_001,"POLYGON ((2952 270, 2952 256, 2974 256, 2974 270, 2952 270))",4.800491,4350,,,,,,
Lancer Gate,LA08,,LA08_001,"POLYGON ((2952 256, 2952 242, 2974 242, 2974 256, 2952 256))",4.800491,8500,,,,,,
Lancer Gate,LA09,,LA09_001,"POLYGON ((2952 242, 2952 230, 2974 230, 2974 242, 2952 242))",4.114707,8500,,,,,,
Lancer Gate,LA10,,LA10_001,"POLYGON ((2952 230, 2952 210, 2952 168, 2996 168, 2996 198, 2974 198, 2974 230, 2952 230))",31.546085,800,,,,,,
Lancer Gate,LA11,,LA11_001,"POLYGON ((2996 198, 2996 168, 3040 168, 3040 198, 3018 198, 2996 198))",20.573534,950,,,,,,
Lancer Gate,LA12,,LA12_001,"POLYGON ((3018 198, 3040 198, 3040 218, 3018 218, 3018 198))",6.857845,11000,,,,,,
Lancer Gate,LA13,,LA13_001,"POLYGON ((2996 80, 2996 168, 3040 168, 3040 198, 3040 218, 3084 218, 3084 168, 3084 80, 2996 80))",154.98729,300,,,,,,
Lancer Gate,LA14,,LA14_001,"POLYGON ((2908 210, 2952 210, 2952 168, 2996 168, 2996 80, 2908 80, 2908 210))",149.501014,150,,,,,,
Lancer Gate,LA15,,LA15_001,"POLYGON ((2908 210, 2908 340, 2996 340, 2996 270, 2974 270, 2952 270, 2952 256, 2952 242, 2952 230, 2952 210, 2908 210))",137.156893,100,,,,,,
Lancer Gate,LA16,,LA16_001,"POLYGON ((2996 218, 2996 230, 2996 242, 2996 256, 2996 270, 2996 340, 3084 340, 3084 300, 3084 218, 3040 218, 3018 218, 3007 218, 2996 218))",167.33141,500,,,,,,
Lancer Gate,LA17,,LA17_001,"POLYGON ((3084 340, 3084 300, 3128 300, 3128 322, 3128 340, 3084 340))",27.431379,3000,,,,,,
Lancer Gate,LA18,,LA18_001,"POLYGON ((3084 300, 3084 218, 3150 218, 3183 218, 3183 267, 3150 267, 3150 278, 3150 300, 3128 300, 3084 300))",109.554069,650,,,,,,
Lancer Gate,LA19,,LA19_001,"POLYGON ((3183 218, 3183 267, 3216 267, 3216 278, 3216 300, 3238 300, 3281 300, 3281 218, 3216 218, 3183 218))",108.276016,700,,,,,,
Lancer Gate,LA20,,LA20_001,"POLYGON ((3183 278, 3183 267, 3216 267, 3216 278, 3194 278, 3183 278))",5.657722,5000,,,,,,
Lancer Gate,LA21,,LA21_001,"POLYGON ((3150 278, 3150 267, 3183 267, 3183 278, 3172 278, 3150 278))",5.657722,6000,,,,,,
Lancer Gate,LA22,,LA22_001,"POLYGON ((3150 278, 3150 300, 3172 300, 3172 289, 3172 278, 3150 278))",7.543629,9000,,,,,,
Lancer Gate,LA23,,LA23_001,"POLYGON ((3172 289, 3172 278, 3183 278, 3194 278, 3194 289, 3172 289))",3.771815,10000,,,,,,
Lancer Gate,LA24,,LA24_001,"POLYGON ((3172 300, 3172 289, 3194 289, 3194 300, 3183 300, 3172 300))",3.771815,15000,,,,,,
Lancer Gate,LA25,,LA25_001,"POLYGON ((3194 278, 3194 289, 3194 300, 3216 300, 3216 278, 3194 278))",7.543629,8000,,,,,,
Lancer Gate,LA26,,LA26_001,"POLYGON ((3183 322, 3183 300, 3194 300, 3216 300, 3216 322, 3183 322))",11.315444,10000,,,,,,
Lancer Gate,LA27,,LA27_001,"POLYGON ((3150 322, 3150 300, 3172 300, 3183 300, 3183 322, 3150 322))",11.315444,10500,,,,,,
Lancer Gate,LA28,,LA28_001,"POLYGON ((3128 322, 3128 300, 3150 300, 3150 322, 3128 322))",7.543629,7500,,,,,,
Lancer Gate,LA29,,LA29_001,"POLYGON ((3128 340, 3128 322, 3150 322, 3150 340, 3128 340))",6.17206,6500,,,,,,
Lancer Gate,LA30,,LA30_001,"POLYGON ((3150 340, 3150 322, 3183 322, 3183 340, 3150 340))",9.25809,9500,,,,,,
Lancer Gate,LA31,,LA31_001,"POLYGON ((3183 340, 3183 322, 3216 322, 3238 322, 3238 340, 3183 340))",15.430151,8000,,,,,,
Lancer Gate,LA32,,LA32_001,"POLYGON ((3216 322, 3216 300, 3238 300, 3238 322, 3216 322))",7.543629,8500,,,,,,
Lancer Gate,LA33,,LA33_001,"POLYGON ((3238 322, 3238 300, 3281 300, 3281 322, 3238 322))",14.744366,2750,,,,,,
Lancer Gate,LA34,,LA34_001,"POLYGON ((3238 340, 3238 322, 3281 322, 3281 340, 3238 340))",12.063572,3750,,,,,,
Meadow Hill,M01,,M01_001,"POLYGON ((3348 388, 3348 399, 3370 399, 3392 399, 3392 366, 3370 366, 3370 388, 3348 388))",15.087258,2000,,,,,,
Meadow Hill,M02,,M02_001,"POLYGON ((3326 388, 3326 410, 3370 410, 3370 399, 3348 399, 3348 388, 3326 388))",11.315444,1500,,,,,,
Meadow Hill,M03,,M03_001,"POLYGON ((3370 399, 3370 410, 3414 410, 3414 366, 3392 366, 3392 399, 3370 399))",18.859073,750,,,,,,
Meadow Hill,M04,,M04_001,"POLYGON ((3326 340, 3326 388, 3348 388, 3370 388, 3370 366, 3392 366, 3414 366, 3414 340, 3370 340, 3326 340))",50.748051,1250,,,,,,
Meadow Hill,M05,,M05_001,"POLYGON ((3290 340, 3290 410, 3326 410, 3326 388, 3326 340, 3290 340))",39.276747,550,,,,,,
Meadow Hill,M06,,M06_001,"POLYGON ((3370 410, 3326 410, 3290 410, 3290 498, 3348 498, 3370 498, 3370 410))",109.725515,70,,,,,,
Meadow Hill,M07,,M07_001,"POLYGON ((3326 542, 3414 542, 3414 520, 3392 520, 3392 498, 3370 498, 3348 498, 3348 520, 3326 520, 3326 542))",45.261775,1100,,,,,,
Meadow Hill,M08,,M08_001,"POLYGON ((3348 498, 3348 520, 3326 520, 3326 542, 3414 542, 3414 555, 3290 555, 3290 498, 3348 498))",57.356519,150,,,,,,
Meadow Hill,M09,,M09_001,"POLYGON ((3414 555, 3559 555, 3559 520, 3524 520, 3524 542, 3480 542, 3414 542, 3414 555))",41.380858,40,,,,,,
Meadow Hill,M10,,M10_001,"POLYGON ((3480 542, 3480 520, 3524 520, 3524 542, 3480 542))",15.087258,1000,,,,,,
Meadow Hill,M11,,M11_001,"POLYGON ((3414 410, 3480 410, 3480 520, 3480 542, 3414 542, 3414 520, 3392 520, 3392 498, 3370 498, 3370 410, 3414 410))",203.677987,75,,,,,,
Meadow Hill,M12,,M12_001,"POLYGON ((3480 520, 3524 520, 3559 520, 3559 451, 3559 410, 3480 410, 3480 520))",135.442432,80,,,,,,
Meadow Hill,M13,,M13_001,"POLYGON ((3414 340, 3436 340, 3549 340, 3559 340, 3559 410, 3480 410, 3414 410, 3414 366, 3414 340))",158.198008,70,,,,,,
Pebble Palace,P01,,P01_001,"POLYGON ((3370 146, 3370 80, 3370 14, 3370 -52, 3370 -118, 3392 -118, 3414 -118, 3414 14, 3414 146, 3392 146, 3370 146))",181.047099,850,,,,,,
Pebble Palace,P02,,P02_001,"POLYGON ((3348 80, 3348 58, 3348 36, 3348 14, 3370 14, 3370 80, 3348 80))",22.630887,6000,,,,,,
Pebble Palace,P03,,P03_001,"POLYGON ((3348 14, 3348 -8, 3348 -30, 3348 -52, 3370 -52, 3370 14, 3348 14))",22.630887,5500,,,,,,
Pebble Palace,P04,,P04_001,"POLYGON ((3326 -30, 3326 -52, 3348 -52, 3348 -30, 3326 -30))",7.543629,3750,,,,,,
Pebble Palace,P05,,P05_001,"POLYGON ((3326 -8, 3326 -30, 3348 -30, 3348 -8, 3326 -8))",7.543629,3750,,,,,,
Pebble Palace,P06,,P06_001,"POLYGON ((3326 14, 3326 -8, 3348 -8, 3348 14, 3326 14))",7.543629,7000,,,,,,
Pebble Palace,P07,,P07_001,"POLYGON ((3326 36, 3326 14, 3348 14, 3348 36, 3326 36))",7.543629,7500,,,,,,
Pebble Palace,P08,,P08_001,"POLYGON ((3326 58, 3326 36, 3348 36, 3348 58, 3326 58))",7.543629,12000,,,,,,
Pebble Palace,P09,,P09_001,"POLYGON ((3326 80, 3326 58, 3348 58, 3348 80, 3326 80))",7.543629,7500,,,,,,
Pebble Palace,P10,,P10_001,"POLYGON ((3304 80, 3304 58, 3326 58, 3326 80, 3304 80))",7.543629,8250,,,,,,
Pebble Palace,P11,,P11_001,"POLYGON ((3304 102, 3304 80, 3326 80, 3326 102, 3304 102))",7.543629,6300,,,,,,
Pebble Palace,P12,,P12_001,"POLYGON ((3304 146, 3304 102, 3326 102, 3326 80, 3348 80, 3370 80, 3370 146, 3326 146, 3304 146))",60.349033,950,,,,,,
Pebble Palace,P13,,P13_001,"POLYGON ((3281 146, 3281 124, 3281 102, 3304 102, 3304 146, 3281 146))",15.773043,3750,,,,,,
Pebble Palace,P14,,P14_001,"POLYGON ((3281 102, 3281 80, 3304 80, 3304 102, 3281 102))",7.886521,6750,,,,,,
Pebble Palace,P15,,P15_001,"POLYGON ((3281 80, 3281 58, 3304 58, 3304 80, 3281 80))",7.886521,7000,,,,,,
Pebble Palace,P16,,P16_001,"POLYGON ((3281 58, 3281 36, 3304 36, 3304 58, 3281 58))",7.886521,10000,,,,,,
Pebble Palace,P17,,P17_001,"POLYGON ((3304 58, 3304 36, 3326 36, 3326 58, 3304 58))",7.543629,12500,,,,,,
Pebble Palace,P18,,P18_001,"POLYGON ((3304 36, 3304 14, 3326 14, 3326 36, 3304 36))",7.543629,13500,,,,,,
Pebble Palace,P19,,P19_001,"POLYGON ((3281 36, 3281 14, 3304 14, 3304 36, 3281 36))",7.886521,10000,,,,,,
Pebble Palace,P20,,P20_001,"POLYGON ((3281 14, 3281 -8, 3304 -8, 3304 14, 3281 14))",7.886521,9000,,,,,,
Pebble Palace,P21,,P21_001,"POLYGON ((3304 14, 3304 -8, 3326 -8, 3326 14, 3304 14))",7.543629,9000,,,,,,
Pebble Palace,P22,,P22_001,"POLYGON ((3326 -30, 3304 -30, 3304 -8, 3326 -8, 3326 -30))",7.543629,6000,,,,,,
Pebble Palace,P23,,P23_001,"POLYGON ((3281 -8, 3281 -30, 3304 -30, 3304 -8, 3281 -8))",7.886521,6750,,,,,,
Pebble Palace,P24,,P24_001,"POLYGON ((3281 -30, 3281 -52, 3304 -52, 3304 -30, 3281 -30))",7.886521,6750,,,,,,
Pebble Palace,P25,,P25_001,"POLYGON ((3304 -30, 3304 -52, 3326 -52, 3326 -30, 3304 -30))",7.543629,6000,,,,,,
Pebble Palace,P26,,P26_001,"POLYGON ((3304 -52, 3304 -74, 3326 -74, 3326 -52, 3304 -52))",7.543629,7000,,,,,,
Pebble Palace,P27,,P27_001,"POLYGON ((3281 -52, 3281 -96, 3304 -96, 3304 -118, 3326 -118, 3326 -74, 3304 -74, 3304 -52, 3281 -52))",30.860301,2000,,,,,,
Pebble Palace,P28,,P28_001,"POLYGON ((3281 -96, 3281 -118, 3304 -118, 3304 -96, 3281 -96))",7.886521,9000,,,,,,
Pebble Palace,P29,,P29_001,"POLYGON ((3281 -118, 3281 -135, 3304 -135, 3304 -118, 3281 -118))",6.09413,10500,,,,,,
Pebble Palace,P30,,P30_001,"POLYGON ((3326 -118, 3326 -135, 3304 -135, 3304 -118, 3326 -118))",5.829168,10000,,,,,,
Pebble Palace,P31,,P31_001,"POLYGON ((3326 -118, 3326 -135, 3348 -135, 3348 -118, 3326 -118))",5.829168,9000,,,,,,
Pebble Palace,P32,,P32_001,"POLYGON ((3304 -135, 3304 -162, 3348 -162, 3348 -135, 3326 -135, 3304 -135))",18.516181,3750,,,,,,
Pebble Palace,P33,,P33_001,"POLYGON ((3281 -135, 3281 -162, 3304 -162, 3304 -135, 3281 -135))",9.678913,8500,,,,,,
Pebble Palace,P34,,P34_001,"POLYGON ((3281 -162, 3281 -184, 3304 -184, 3304 -162, 3281 -162))",7.886521,6000,,,,,,
Pebble Palace,P35,,P35_001,"POLYGON ((3304 -162, 3304 -184, 3348 -184, 3348 -162, 3304 -162))",15.087258,3000,,,,,,
Pebble Palace,P36,,P36_001,"POLYGON ((3348 -184, 3348 -162, 3348 -135, 3370 -135, 3370 -118, 3392 -118, 3392 -184, 3348 -184))",39.432607,1250,,,,,,
Pebble Palace,P37,,P37_001,"POLYGON ((3370 -52, 3348 -52, 3326 -52, 3326 -74, 3326 -118, 3348 -118, 3348 -135, 3370 -135, 3370 -118, 3370 -52))",51.090943,1000,,,,,,
Pebble Palace,P38,,P38_001,"POLYGON ((3392 -184, 3392 -118, 3414 -118, 3414 14, 3549 14, 3549 -184, 3392 -184))",439.244951,50,,,,,,
Pebble Palace,P39,,P39_001,"POLYGON ((3392 218, 3392 146, 3414 146, 3414 14, 3549 14, 3549 218, 3392 218))",453.926973,100,,,,,,
Pebble Palace,P40,,P40_001,"POLYGON ((3348 218, 3348 168, 3370 168, 3370 146, 3392 146, 3392 218, 3348 218))",41.832853,750,,,,,,
Pebble Palace,P41,,P41_001,"POLYGON ((3281 218, 3348 218, 3348 168, 3326 168, 3326 146, 3304 146, 3281 146, 3281 218))",67.643286,400,,,,,,
Pebble Palace,P42,,P42_001,"POLYGON ((3326 168, 3326 146, 3370 146, 3370 168, 3348 168, 3326 168))",15.087258,7000,,,,,,
Queens Mansion,Q01,,Q01_001,"POLYGON ((3238 58, 3238 36, 3260 36, 3260 58, 3238 58))",7.543629,16500,,,,,,
Queens Mansion,Q02,,Q02_001,"POLYGON ((3238 14, 3238 36, 3260 36, 3260 14, 3238 14))",7.543629,14000,,,,,,
Queens Mansion,Q03,,Q03_001,"POLYGON ((3260 14, 3260 36, 3281 36, 3281 14, 3260 14))",7.200737,9750,,,,,,
Queens Mansion,Q04,,Q04_001,"POLYGON ((3260 58, 3260 36, 3281 36, 3281 58, 3260 58))",7.200737,11000,,,,,,
Queens Mansion,Q05,,Q05_001,"POLYGON ((3260 80, 3260 58, 3281 58, 3281 80, 3260 80))",7.200737,9000,,,,,,
Queens Mansion,Q06,,Q06_001,"POLYGON ((3238 80, 3238 58, 3260 58, 3260 80, 3238 80))",7.543629,9000,,,,,,
Queens Mansion,Q07,,Q07_001,"POLYGON ((3216 80, 3216 58, 3238 58, 3238 80, 3216 80))",7.543629,7250,,,,,,
Queens Mansion,Q08,,Q08_001,"POLYGON ((3216 36, 3216 58, 3238 58, 3238 36, 3216 36))",7.543629,8000,,,,,,
Queens Mansion,Q09,,Q09_001,"POLYGON ((3238 14, 3216 14, 3216 36, 3238 36, 3238 14))",7.543629,8000,,,,,,
Queens Mansion,Q10,,Q10_001,"POLYGON ((3216 -8, 3216 14, 3238 14, 3238 -8, 3216 -8))",7.543629,4750,,,,,,
Queens Mansion,Q11,,Q11_001,"POLYGON ((3238 -8, 3238 14, 3260 14, 3260 -8, 3238 -8))",7.543629,7250,,,,,,
Queens Mansion,Q12,,Q12_001,"POLYGON ((3260 -8, 3260 14, 3281 14, 3281 -8, 3260 -8))",7.200737,6250,,,,,,
Queens Mansion,Q13,,Q13_001,"POLYGON ((3260 -30, 3260 -8, 3281 -8, 3281 -30, 3260 -30))",7.200737,6750,,,,,,
Queens Mansion,Q14,,Q14_001,"POLYGON ((3238 -30, 3238 -8, 3260 -8, 3260 -30, 3238 -30))",7.543629,6250,,,,,,
Queens Mansion,Q15,,Q15_001,"POLYGON ((3238 -63, 3238 -30, 3260 -30, 3281 -30, 3281 -52, 3271 -52, 3271 -63, 3260 -63, 3238 -63))",20.402088,1500,,,,,,
Queens Mansion,Q16,,Q16_001,"POLYGON ((3194 -63, 3194 -30, 3216 -30, 3238 -30, 3238 -63, 3194 -63))",22.630887,850,,,,,,
Queens Mansion,Q17,,Q17_001,"POLYGON ((3216 -30, 3216 -8, 3238 -8, 3238 -30, 3216 -30))",7.543629,4550,,,,,,
Queens Mansion,Q18,,Q18_001,"POLYGON ((3194 -30, 3194 -8, 3216 -8, 3216 -30, 3194 -30))",7.543629,4350,,,,,,
Queens Mansion,Q19,,Q19_001,"POLYGON ((3150 -8, 3150 -30, 3194 -30, 3194 -8, 3150 -8))",15.087258,1300,,,,,,
Queens Mansion,Q20,,Q20_001,"POLYGON ((3150 -30, 3150 -63, 3194 -63, 3194 -30, 3150 -30))",22.630887,875,,,,,,
Queens Mansion,Q21,,Q21_001,"POLYGON ((3150 -63, 3084 -63, 3084 14, 3106 14, 3106 -8, 3150 -8, 3150 -30, 3150 -63))",64.120848,650,,,,,,
Queens Mansion,Q22,,Q22_001,"POLYGON ((3106 14, 3106 -8, 3150 -8, 3150 14, 3128 14, 3106 14))",15.087258,3900,,,,,,
Queens Mansion,Q23,,Q23_001,"POLYGON ((3084 36, 3084 14, 3106 14, 3106 36, 3084 36))",7.543629,3400,,,,,,
Queens Mansion,Q24,,Q24_001,"POLYGON ((3106 36, 3106 14, 3128 14, 3128 36, 3106 36))",7.543629,6000,,,,,,
Queens Mansion,Q25,,Q25_001,"POLYGON ((3128 36, 3128 14, 3150 14, 3150 36, 3128 36))",7.543629,7500,,,,,,
Queens Mansion,Q26,,Q26_001,"POLYGON ((3128 58, 3128 36, 3150 36, 3150 58, 3128 58))",7.543629,4400,,,,,,
Queens Mansion,Q27,,Q27_001,"POLYGON ((3150 58, 3150 36, 3194 36, 3194 58, 3150 58))",15.087258,1900,,,,,,
Queens Mansion,Q28,,Q28_001,"POLYGON ((3194 58, 3194 36, 3216 36, 3216 58, 3194 58))",7.543629,8500,,,,,,
Queens Mansion,Q29,,Q29_001,"POLYGON ((3150 124, 3150 80, 3194 80, 3194 58, 3216 58, 3216 80, 3216 124, 3150 124))",52.805404,350,,,,,,
Queens Mansion,Q30,,Q30_001,"POLYGON ((3150 80, 3150 58, 3194 58, 3194 80, 3150 80))",15.087258,1500,,,,,,
Queens Mansion,Q31,,Q31_001,"POLYGON ((3150 36, 3150 14, 3150 -8, 3194 -8, 3216 -8, 3216 14, 3216 36, 3194 36, 3150 36))",45.261775,250,,,,,,
Queens Mansion,Q32,,Q32_001,"POLYGON ((3084 80, 3084 36, 3106 36, 3128 36, 3128 58, 3150 58, 3150 80, 3084 80))",37.718146,900,,,,,,
Queens Mansion,Q33,,Q33_001,"POLYGON ((3084 168, 3084 80, 3150 80, 3150 124, 3150 168, 3084 168))",90.52355,350,,,,,,
Queens Mansion,Q34,,Q34_001,"POLYGON ((3150 168, 3150 124, 3216 124, 3216 146, 3216 168, 3194 168, 3172 168, 3150 168))",45.261775,400,,,,,,
Queens Mansion,Q35,,Q35_001,"POLYGON ((3084 218, 3150 218, 3150 168, 3084 168, 3084 218))",51.433835,600,,,,,,
Queens Mansion,Q36,,Q36_001,"POLYGON ((3150 168, 3150 218, 3183 218, 3183 190, 3172 190, 3172 168, 3150 168))",21.945103,2500,,,,,,
Queens Mansion,Q37,,Q37_001,"POLYGON ((3172 190, 3172 168, 3194 168, 3194 190, 3183 190, 3172 190))",7.543629,8000,,,,,,
Queens Mansion,Q38,,Q38_001,"POLYGON ((3183 190, 3183 218, 3216 218, 3216 168, 3194 168, 3194 190, 3183 190))",21.945103,3500,,,,,,
Queens Mansion,Q39,,Q39_001,"POLYGON ((3216 218, 3216 168, 3260 168, 3260 146, 3281 146, 3281 218, 3216 218))",57.855271,400,,,,,,
Queens Mansion,Q40,,Q40_001,"POLYGON ((3216 168, 3216 146, 3238 146, 3260 146, 3260 168, 3216 168))",15.087258,2500,,,,,,
Queens Mansion,Q41,,Q41_001,"POLYGON ((3216 146, 3216 124, 3238 124, 3238 146, 3216 146))",7.543629,5750,,,,,,
Queens Mansion,Q42,,Q42_001,"POLYGON ((3216 124, 3216 80, 3238 80, 3238 102, 3238 124, 3216 124))",15.087258,3100,,,,,,
Queens Mansion,Q43,,Q43_001,"POLYGON ((3238 102, 3238 80, 3260 80, 3260 102, 3238 102))",7.543629,5750,,,,,,
Queens Mansion,Q44,,Q44_001,"POLYGON ((3260 102, 3260 80, 3281 80, 3281 102, 3260 102))",7.200737,8000,,,,,,
Queens Mansion,Q45,,Q45_001,"POLYGON ((3260 124, 3260 102, 3281 102, 3281 124, 3260 124))",7.200737,5750,,,,,,
Queens Mansion,Q46,,Q46_001,"POLYGON ((3238 124, 3238 102, 3260 102, 3260 124, 3238 124))",7.543629,7250,,,,,,
Queens Mansion,Q47,,Q47_001,"POLYGON ((3238 146, 3238 124, 3260 124, 3260 146, 3238 146))",7.543629,5750,,,,,,
Queens Mansion,Q48,,Q48_001,"POLYGON ((3260 146, 3260 124, 3281 124, 3281 146, 3260 146))",7.200737,5250,,,,,,
Queens Mansion,Q49,,Q49_001,"POLYGON ((3281 -184, 3281 -162, 3260 -162, 3260 -184, 3281 -184))",7.200737,7000,,,,,,
Queens Mansion,Q50,,Q50_001,"POLYGON ((3216 -184, 3216 -162, 3238 -162, 3260 -162, 3260 -184, 3238 -184, 3216 -184))",15.087258,2000,,,,,,
Queens Mansion,Q51,,Q51_001,"POLYGON ((3194 -184, 3194 -151, 3238 -151, 3238 -162, 3216 -162, 3216 -184, 3194 -184))",15.087258,1500,,,,,,
Queens Mansion,Q52,,Q52_001,"POLYGON ((3194 -151, 3194 -118, 3216 -118, 3216 -135, 3238 -135, 3238 -151, 3194 -151))",16.801719,1350,,,,,,
Queens Mansion,Q53,,Q53_001,"POLYGON ((3216 -118, 3216 -135, 3238 -135, 3238 -118, 3216 -118))",5.829168,3750,,,,,,
Queens Mansion,Q54,,Q54_001,"POLYGON ((3238 -118, 3238 -135, 3260 -135, 3260 -118, 3238 -118))",5.829168,7500,,,,,,
Queens Mansion,Q55,,Q55_001,"POLYGON ((3238 -135, 3238 -151, 3238 -162, 3260 -162, 3260 -135, 3238 -135))",9.25809,1500,,,,,,
Queens Mansion,Q56,,Q56_001,"POLYGON ((3260 -135, 3260 -162, 3281 -162, 3281 -135, 3260 -135))",8.837268,9250,,,,,,
Queens Mansion,Q57,,Q57_001,"POLYGON ((3260 -118, 3260 -135, 3281 -135, 3281 -118, 3260 -118))",5.564206,11000,,,,,,
Queens Mansion,Q58,,Q58_001,"POLYGON ((3260 -96, 3260 -118, 3281 -118, 3281 -96, 3260 -96))",7.200737,6750,,,,,,
Queens Mansion,Q59,,Q59_001,"POLYGON ((3260 -96, 3260 -63, 3271 -63, 3271 -52, 3281 -52, 3281 -96, 3260 -96))",12.515567,3000,,,,,,
Queens Mansion,Q60,,Q60_001,"POLYGON ((3194 -63, 3194 -96, 3216 -96, 3216 -118, 3238 -118, 3260 -118, 3260 -96, 3260 -63, 3238 -63, 3194 -63))",49.033589,550,,,,,,
Queens Mansion,Q61,,Q61_001,"POLYGON ((3194 -96, 3150 -96, 3150 -63, 3194 -63, 3194 -96))",22.630887,725,,,,,,
Queens Mansion,Q62,,Q62_001,"POLYGON ((3150 -151, 3150 -96, 3194 -96, 3216 -96, 3216 -118, 3194 -118, 3194 -151, 3150 -151))",45.261775,300,,,,,,
Queens Mansion,Q63,,Q63_001,"POLYGON ((3150 -184, 3150 -151, 3194 -151, 3194 -184, 3150 -184))",22.630887,2000,,,,,,
Queens Mansion,Q64,,Q64_001,"POLYGON ((3084 -151, 3084 -184, 3150 -184, 3150 -151, 3106 -151, 3084 -151))",33.946331,900,,,,,,
Queens Mansion,Q65,,Q65_001,"POLYGON ((3084 -96, 3084 -124, 3084 -151, 3106 -151, 3106 -96, 3084 -96))",18.859073,5000,,,,,,
Queens Mansion,Q66,,Q66_001,"POLYGON ((3106 -96, 3106 -151, 3150 -151, 3150 -96, 3106 -96))",37.718146,600,,,,,,
Queens Mansion,Q67,,Q67_001,"POLYGON ((3084 -63, 3084 -96, 3106 -96, 3150 -96, 3150 -63, 3084 -63))",33.946331,2000,,,,,,
Slothwood,SL01,,SL01_001,"POLYGON ((2974 -228, 2974 -250, 2974 -295, 3040 -295, 3040 -272, 3018 -272, 3018 -250, 2996 -250, 2996 -228, 2974 -228))",46.290452,4000,,,,,,
Slothwood,SL02,,SL02_001,"POLYGON ((2996 -184, 2996 -228, 2996 -250, 3018 -250, 3018 -272, 3040 -272, 3040 -295, 3084 -295, 3084 -228, 3084 -184, 2996 -184))",128.92748,250,,,,,,
Slothwood,SL03,,SL03_001,"POLYGON ((2919 -250, 2919 -184, 2996 -184, 2996 -228, 2974 -228, 2974 -250, 2919 -250))",71.664477,300,,,,,,
Slothwood,SL04,,SL04_001,"POLYGON ((2754 -184, 2754 -357, 2919 -357, 2919 -250, 2919 -184, 2754 -184))",444.902673,35,,,,,,
Slothwood,SL05,,SL05_001,"POLYGON ((2919 -357, 2919 -250, 2974 -250, 2974 -295, 3040 -295, 3084 -295, 3084 -357, 2919 -357))",198.020265,100,,,,,,
Slothwood,SL06,,SL06_001,"POLYGON ((3084 -295, 3172 -295, 3216 -295, 3216 -357, 3084 -357, 3084 -295))",127.555911,150,,,,,,
Slothwood,SL07,,SL07_001,"POLYGON ((3216 -295, 3216 -357, 3304 -357, 3304 -295, 3216 -295))",85.037274,125,,,,,,
Slothwood,SL08,,SL08_001,"POLYGON ((3304 -295, 3304 -357, 3392 -357, 3392 -295, 3348 -295, 3326 -295, 3304 -295))",85.037274,135,,,,,,
Slothwood,SL09,,SL09_001,"POLYGON ((3392 -250, 3392 -295, 3392 -357, 3549 -357, 3549 -250, 3392 -250))",261.829392,35,,,,,,
Slothwood,SL10,,SL10_001,"POLYGON ((3392 -184, 3392 -207, 3392 -250, 3549 -250, 3549 -184, 3392 -184))",161.502242,70,,,,,,
Slothwood,SL11,,SL11_001,"POLYGON ((3348 -184, 3348 -207, 3392 -207, 3392 -184, 3348 -184))",15.773043,1250,,,,,,
Slothwood,SL12,,SL12_001,"POLYGON ((3348 -207, 3348 -250, 3392 -250, 3392 -207, 3348 -207))",29.488732,1000,,,,,,
Slothwood,SL13,,SL13_001,"POLYGON ((3293 -229, 3293 -250, 3304 -250, 3326 -250, 3348 -250, 3348 -207, 3304 -207, 3304 -229, 3293 -229))",33.089101,800,,,,,,
Slothwood,SL14,,SL14_001,"POLYGON ((3304 -184, 3304 -207, 3348 -207, 3348 -184, 3304 -184))",15.773043,2000,,,,,,
Slothwood,SL15,,SL15_001,"POLYGON ((3281 -184, 3281 -207, 3304 -207, 3304 -184, 3281 -184))",8.245,7500,,,,,,
Slothwood,SL16,,SL16_001,"POLYGON ((3281 -207, 3281 -229, 3293 -229, 3304 -229, 3304 -207, 3281 -207))",7.886521,7000,,,,,,
Slothwood,SL17,,SL17_001,"POLYGON ((3293 -250, 3238 -250, 3238 -207, 3281 -207, 3281 -229, 3293 -229, 3293 -250))",32.746208,750,,,,,,
Slothwood,SL18,,SL18_001,"POLYGON ((3281 -207, 3238 -207, 3238 -184, 3260 -184, 3281 -184, 3281 -207))",15.414565,2500,,,,,,
Slothwood,SL19,,SL19_001,"POLYGON ((3194 -184, 3194 -207, 3238 -207, 3238 -184, 3216 -184, 3194 -184))",15.773043,2000,,,,,,
Slothwood,SL20,,SL20_001,"POLYGON ((3150 -184, 3150 -207, 3194 -207, 3194 -184, 3150 -184))",15.773043,500,,,,,,
Slothwood,SL21,,SL21_001,"POLYGON ((3150 -207, 3150 -228, 3150 -250, 3172 -250, 3194 -250, 3194 -207, 3150 -207))",29.488732,250,,,,,,
Slothwood,SL22,,SL22_001,"POLYGON ((3194 -207, 3194 -250, 3216 -250, 3238 -250, 3238 -207, 3194 -207))",29.488732,500,,,,,,
Slothwood,SL23,,SL23_001,"POLYGON ((3216 -250, 3238 -250, 3238 -272, 3216 -272, 3216 -250))",7.543629,7000,,,,,,
Slothwood,SL24,,SL24_001,"POLYGON ((3172 -272, 3172 -250, 3194 -250, 3216 -250, 3216 -272, 3172 -272))",15.087258,4500,,,,,,
Slothwood,SL25,,SL25_001,"POLYGON ((3150 -250, 3172 -250, 3172 -272, 3150 -272, 3150 -250))",7.543629,6000,,,,,,
Slothwood,SL26,,SL26_001,"POLYGON ((3084 -228, 3084 -184, 3150 -184, 3150 -207, 3150 -228, 3084 -228))",45.261775,650,,,,,,
Slothwood,SL27,,SL27_001,"POLYGON ((3084 -228, 3084 -295, 3172 -295, 3172 -272, 3150 -272, 3150 -250, 3150 -228, 3084 -228))",76.80786,400,,,,,,
Slothwood,SL28,,SL28_001,"POLYGON ((3172 -295, 3172 -272, 3216 -272, 3216 -295, 3172 -295))",15.773043,4000,,,,,,
Slothwood,SL29,,SL29_001,"POLYGON ((3216 -295, 3216 -272, 3238 -272, 3238 -250, 3293 -250, 3304 -250, 3304 -272, 3304 -295, 3216 -295))",54.176973,450,,,,,,
Slothwood,SL30,,SL30_001,"POLYGON ((3304 -272, 3304 -250, 3326 -250, 3326 -272, 3304 -272))",7.543629,6500,,,,,,
Slothwood,SL31,,SL31_001,"POLYGON ((3304 -272, 3304 -295, 3326 -295, 3326 -272, 3304 -272))",7.886521,5500,,,,,,
Slothwood,SL32,,SL32_001,"POLYGON ((3326 -272, 3326 -295, 3348 -295, 3348 -272, 3326 -272))",7.886521,9000,,,,,,
Slothwood,SL33,,SL33_001,"POLYGON ((3326 -250, 3326 -272, 3348 -272, 3348 -250, 3326 -250))",7.543629,9000,,,,,,
Slothwood,SL34,,SL34_001,"POLYGON ((3348 -250, 3348 -272, 3348 -295, 3392 -295, 3392 -250, 3348 -250))",30.860301,600,,,,,,
Tenna Court,TC01,,TC01_001,"POLYGON ((3326 300, 3326 278, 3337 278, 3337 256, 3348 256, 3359 256, 3359 278, 3370 278, 3370 300, 3326 300))",22.630887,2250,,,,,,
Tenna Court,TC02,,TC02_001,"POLYGON ((3326 340, 3326 300, 3370 300, 3370 340, 3326 340))",27.431379,1800,,,,,,
Tenna Court,TC03,,TC03_001,"POLYGON ((3281 340, 3281 322, 3281 300, 3326 300, 3326 340, 3290 340, 3281 340))",28.054819,1500,,,,,,
Tenna Court,TC04,,TC04_001,"POLYGON ((3281 300, 3281 218, 3348 218, 3348 256, 3337 256, 3337 278, 3326 278, 3326 300, 3281 300))",74.314099,250,,,,,,
Tenna Court,TC05,,TC05_001,"POLYGON ((3348 218, 3348 256, 3359 256, 3359 278, 3370 278, 3370 300, 3414 300, 3414 340, 3436 340, 3549 340, 3549 218, 3392 218, 3348 218))",329.737641,80,,,,,,
Tenna Court,TC06,,TC06_001,"POLYGON ((3370 340, 3370 300, 3414 300, 3414 340, 3370 340))",27.431379,1000,,,,,,
