Zone,County,District,geometry,Area,Region,Population,Constituency,centroid
Alington,A01,Alington City,"POLYGON ((2842 1312, 2842 1318.43, 2842 1324.86, 2842 1334, 2848.92 1334, 2856.88 1334, 2864 1334, 2864 1339.34, 2864 1346.52, 2864 1356, 2870.2 1356, 2874.58 1356, 2884.34 1356, 2886.99 1356, 2888.82 1356, 2898.41 1356, 2904.4 1356, 2908 1356, 2908 1353.08, 2908 1347.52, 2908 1344.41, 2908 1342.66, 2908 1340.5, 2908 1334, 2908 1329.8, 2908 1323, 2908 1314.28, 2908 1312, 2906.81 1312, 2898.59 1312, 2893.73 1312, 2886.03 1312, 2866.75 1312, 2858.5 1312, 2852.91 1312, 2849.5 1312, 2842 1312))",37.718146999999995,Capital,540658,The City of Alington,"(2879.4, 1331.8)"
Alington,A02,Alington City,"POLYGON ((2842 1334, 2842 1342.35, 2842 1349.48, 2842 1356, 2854 1356, 2864 1356, 2864 1346.52, 2864 1339.34, 2864 1334, 2856.88 1334, 2848.92 1334, 2842 1334))",7.54363,Capital,64742,The City of Alington,"(2853.0, 1345.0)"
Alington,A03,Alington City,"POLYGON ((2854 1375.34, 2854 1378, 2860.19 1378, 2868.26 1378, 2869.87 1378, 2871.48 1378, 2879.55 1378, 2886 1378, 2886 1385.55, 2886 1388.07, 2886 1395.34, 2886 1400, 2890.16 1400, 2896.49 1400, 2906.11 1400, 2908 1400, 2908 1394.68, 2908 1389, 2908 1382.42, 2908 1379.75, 2908 1378, 2908 1364.68, 2908 1360.05, 2908 1356, 2904.4 1356, 2898.41 1356, 2888.82 1356, 2886.99 1356, 2884.34 1356, 2874.58 1356, 2870.2 1356, 2864 1356, 2854 1356, 2854 1367.11, 2854 1375.34))",26.059807999999997,Capital,341794,Upper Alington,"(2885.6315789473692, 1373.3684210526314)"
Alington,A04,Alington City,"POLYGON ((2829.91 1378, 2820 1378, 2820 1382.16, 2820 1384.24, 2820 1388.59, 2820 1392.03, 2820 1400, 2825.42 1400, 2825.64 1400, 2827.4 1400, 2834.1 1400, 2839.37 1400, 2842 1400, 2847.11 1400, 2849.44 1400, 2850.65 1400, 2856.1 1400, 2858.66 1400, 2864 1400, 2870.46 1400, 2880.26 1400, 2883.21 1400, 2886 1400, 2886 1395.34, 2886 1388.07, 2886 1385.55, 2886 1378, 2879.55 1378, 2871.48 1378, 2869.87 1378, 2868.26 1378, 2860.19 1378, 2854 1378, 2851.96 1378, 2840.22 1378, 2831.33 1378, 2829.91 1378))",22.630883000000004,Capital,336535,Upper Alington,"(2853.0000000000005, 1389.0)"
Alington,A05,Alington City,"POLYGON ((2798 1356, 2798 1358.4, 2798 1365.61, 2798 1369.97, 2798 1375.22, 2798 1378, 2798 1381.6, 2798 1385.2, 2798 1392.39, 2798 1400, 2805.36 1400, 2809.85 1400, 2816.14 1400, 2820 1400, 2820 1392.03, 2820 1388.59, 2820 1384.24, 2820 1382.16, 2820 1378, 2829.91 1378, 2831.33 1378, 2840.22 1378, 2851.96 1378, 2854 1378, 2854 1375.34, 2854 1367.11, 2854 1356, 2842 1356, 2832.37 1356, 2820 1356, 2814.5 1356, 2811.75 1356, 2806.25 1356, 2798 1356))",26.745596,Capital,251610,Upper Alington,"(2821.2051282051284, 1373.2051282051282)"
Alington,A06,Alington Pass,"POLYGON ((2799.49 1312, 2798 1312, 2798 1323, 2798 1328.5, 2798 1334, 2798 1338.59, 2798 1340.81, 2798 1345, 2798 1350.5, 2798 1356, 2806.25 1356, 2811.75 1356, 2814.5 1356, 2820 1356, 2832.37 1356, 2842 1356, 2842 1349.48, 2842 1342.35, 2842 1334, 2842 1324.86, 2842 1318.43, 2842 1312, 2832.07 1312, 2828.95 1312, 2823.93 1312, 2820 1312, 2816.6 1312, 2816.26 1312, 2815.58 1312, 2811.39 1312, 2806.67 1312, 2804.88 1312, 2800.75 1312, 2799.49 1312))",30.174519,Capital,252552,Alington Pass,"(2819.9999999999995, 1333.9999999999998)"
Alington,A07,Alington Pass,"POLYGON ((2820 1281.4, 2820 1282.41, 2820 1286.09, 2820 1287.29, 2820 1290.02, 2820 1290.17, 2820 1292.13, 2820 1293.52, 2820 1298.59, 2820 1306.6, 2820 1308.79, 2820 1308.83, 2820 1312, 2823.93 1312, 2828.95 1312, 2832.07 1312, 2842 1312, 2842 1310.31, 2842 1304.3, 2842 1301.37, 2842 1297.31, 2842 1295.58, 2842 1291.81, 2842 1287.84, 2842 1282.98, 2842 1281.6, 2842 1280.18, 2842 1277.61, 2842 1271.68, 2842 1268, 2833.09 1268, 2827.53 1268, 2824.98 1268, 2820.85 1268, 2820 1268, 2820 1274.14, 2820 1277.44, 2820 1280.89, 2820 1281.4))",15.087252,Capital,198509,Alington Pass,"(2831.0, 1290.0)"
Alington,A08,Alington Pass,"POLYGON ((2798 1272.29, 2798 1282.05, 2798 1285.15, 2798 1289.2, 2798 1289.46, 2798 1290.89, 2798 1295.41, 2798 1299.94, 2798 1300.15, 2798 1307.07, 2798 1312, 2799.49 1312, 2800.75 1312, 2804.88 1312, 2806.67 1312, 2811.39 1312, 2815.58 1312, 2816.26 1312, 2816.6 1312, 2820 1312, 2820 1308.83, 2820 1308.79, 2820 1306.6, 2820 1298.59, 2820 1293.52, 2820 1292.13, 2820 1290.17, 2820 1290.02, 2820 1287.29, 2820 1286.09, 2820 1282.41, 2820 1281.4, 2820 1280.89, 2820 1277.44, 2820 1274.14, 2820 1268, 2817.71 1268, 2809.83 1268, 2808.38 1268, 2798 1268, 2798 1272.29))",15.087261999999999,Capital,150267,Alington Pass,"(2808.9999999999986, 1290.0)"
Alington,A09,Alington Pass,"POLYGON ((2761.26 1268, 2754 1268, 2754 1277.12, 2754 1286.25, 2754 1304.49, 2754 1312, 2769.13 1312, 2773.85 1312, 2774.05 1312, 2782.1 1312, 2787.22 1312, 2792.61 1312, 2798 1312, 2798 1307.07, 2798 1300.15, 2798 1299.94, 2798 1295.41, 2798 1290.89, 2798 1289.46, 2798 1289.2, 2798 1285.15, 2798 1282.05, 2798 1272.29, 2798 1268, 2796.35 1268, 2788.83 1268, 2782.25 1268, 2775.66 1268, 2775.52 1268, 2766.58 1268, 2761.26 1268))",30.174523999999998,Capital,99633,Alington Pass,"(2776.0, 1290.0000000000002)"
Alington,A10,Alington Pass,"POLYGON ((2757.47 1223, 2754 1223, 2754 1234.03, 2754 1250.61, 2754 1268, 2761.26 1268, 2766.58 1268, 2775.52 1268, 2775.66 1268, 2782.25 1268, 2788.83 1268, 2796.35 1268, 2798 1268, 2808.38 1268, 2809.83 1268, 2817.71 1268, 2820 1268, 2820.85 1268, 2824.98 1268, 2827.53 1268, 2833.09 1268, 2842 1268, 2842 1267.21, 2842 1262.76, 2842 1257.96, 2842 1252.03, 2842 1250.84, 2842 1245.53, 2842 1244.18, 2842 1241.73, 2842 1240.97, 2842 1235.41, 2842 1233.78, 2842 1231.42, 2842 1228.86, 2842 1226.9, 2842 1223, 2840.22 1223, 2832.75 1223, 2825.59 1223, 2814.55 1223, 2807.59 1223, 2799.61 1223, 2796.45 1223, 2790.71 1223, 2781.32 1223, 2775.61 1223, 2769.55 1223, 2757.47 1223))",61.72065899999999,Capital,279664,Alington Pass,"(2797.9999999999995, 1245.5)"
Alington,A11,Alington Pass,"POLYGON ((2842 1231.42, 2842 1233.78, 2842 1235.41, 2842 1240.97, 2842 1241.73, 2842 1244.18, 2842 1245.53, 2842 1250.84, 2842 1252.03, 2842 1257.96, 2842 1262.76, 2842 1267.21, 2842 1268, 2844.44 1268, 2847.15 1268, 2848.61 1268, 2850.24 1268, 2854.12 1268, 2856.77 1268, 2861.32 1268, 2861.38 1267.9, 2861.43 1268, 2865.06 1268, 2865.87 1268, 2870.31 1268, 2871.32 1267.78, 2871.4 1268, 2876.42 1268, 2878.59 1268, 2881.75 1268, 2885.6 1268, 2890.08 1268, 2893.02 1268, 2894.12 1268, 2898.85 1268, 2899.85 1268, 2906.55 1268, 2908 1268, 2908 1265.99, 2908 1264.17, 2908 1263.38, 2908 1261.23, 2908 1257.76, 2908 1253.82, 2908 1251.48, 2908 1244.57, 2908 1240.54, 2908 1237.21, 2908 1226.34, 2908 1223, 2902.35 1223, 2900.75 1223, 2893.1 1223, 2884.09 1223, 2864.36 1223, 2857.61 1223, 2855.42 1223, 2845.84 1223, 2843.92 1223, 2842 1223, 2842 1226.9, 2842 1228.86, 2842 1231.42), (2865 1247, 2865 1247.01, 2864.89 1247.1, 2865 1247))",46.288492000000005,Capital,234747,Alington Pass,"(2875.000188172793, 1245.4990526974818)"
Alington,A12,Alington City,"POLYGON ((2847.15 1268, 2844.44 1268, 2842 1268, 2842 1271.68, 2842 1277.61, 2842 1280.18, 2842 1281.6, 2842 1282.98, 2842 1287.84, 2842 1291.81, 2842 1295.58, 2842 1297.31, 2842 1301.37, 2842 1304.3, 2842 1310.31, 2842 1312, 2849.5 1312, 2852.91 1312, 2858.5 1312, 2866.75 1312, 2886.03 1312, 2893.73 1312, 2898.59 1312, 2906.81 1312, 2908 1312, 2908 1303.73, 2908 1296.47, 2908 1295.24, 2908 1289.28, 2908 1284.36, 2908 1282.33, 2908 1279.34, 2908 1278.66, 2908 1274.17, 2908 1271.09, 2908 1268, 2906.55 1268, 2899.85 1268, 2898.85 1268, 2894.12 1268, 2893.02 1268, 2890.08 1268, 2885.6 1268, 2881.75 1268, 2878.59 1268, 2876.42 1268, 2871.4 1268, 2870.31 1268, 2865.87 1268, 2865.06 1268, 2861.43 1268, 2861.32 1268, 2856.77 1268, 2854.12 1268, 2850.24 1268, 2848.61 1268, 2847.15 1268))",45.261796,Capital,639437,The City of Alington,"(2875.0000000000005, 1290.0000000000005)"
Alma Bridge,AB01,White Bridge and Red Market,"POLYGON ((3086.73 1165.9, 3086.37 1165.95, 3085.6 1166.06, 3085.03 1166.07, 3084.55 1166.06, 3084.24 1166.06, 3084.1 1166.07, 3084 1166.08, 3083.68 1166.13, 3083.31 1166.2, 3082.74 1166.32, 3082.26 1166.45, 3081.45 1166.65, 3080.8 1166.7, 3080.42 1166.75, 3079.93 1166.87, 3079.56 1166.99, 3079.21 1167.14, 3078.97 1167.21, 3078.75 1168.23, 3078.75 1168.29, 3078.77 1169.24, 3078.74 1169.67, 3078.71 1170.05, 3078.68 1170.58, 3078.65 1170.95, 3078.5 1171.54, 3078.42 1171.7, 3078.29 1171.98, 3078.08 1172.74, 3077.92 1173.53, 3078.11 1173.89, 3078.33 1174.23, 3078.52 1174.56, 3078.76 1174.84, 3078.77 1174.97, 3078.8 1175.69, 3078.91 1176.53, 3078.95 1176.75, 3078.95 1177.3, 3078.94 1177.68, 3078.73 1178.46, 3078.37 1179.13, 3078.25 1179.53, 3077.85 1179.78, 3077.72 1179.89, 3077.82 1180.33, 3078.01 1180.67, 3078.13 1181.05, 3078.28 1181.49, 3078.46 1181.83, 3078.84 1182.28, 3079.45 1182.99, 3079.66 1182.83, 3079.92 1183.13, 3080.21 1183.49, 3080.52 1183.82, 3080.86 1184.1, 3081.36 1184.42, 3081.74 1184.67, 3082.26 1185.2, 3082.68 1185.71, 3083.19 1186.42, 3083.5 1186.87, 3084.22 1187.89, 3084.43 1188.18, 3084.78 1188.59, 3085.08 1188.95, 3085.39 1189.31, 3085.69 1189.68, 3086.14 1190.21, 3086.77 1190.96, 3087.02 1191.24, 3087.93 1192.31, 3088.5 1193, 3088.74 1193.28, 3089.06 1193.58, 3089.48 1193.88, 3089.87 1194.13, 3090.38 1194.54, 3090.73 1194.9, 3091.04 1195.3, 3091.24 1195.64, 3091.42 1196.08, 3091.57 1196.56, 3091.63 1196.94, 3091.68 1197.33, 3091.7 1197.83, 3091.67 1198.45, 3091.59 1198.88, 3091.52 1199.38, 3091.47 1199.78, 3091.42 1200.17, 3091.37 1200.6, 3091.31 1201, 3091.3 1201.11, 3091.67 1201.23, 3092.03 1201.47, 3092.45 1201.46, 3092.8 1201.56, 3093.93 1201.93, 3094.21 1202.33, 3094.39 1202.65, 3094.87 1203.15, 3095.4 1203.46, 3095.72 1203.03, 3096.22 1203.09, 3096.81 1203.16, 3097.39 1203.22, 3097.84 1203.23, 3099.04 1203.26, 3099 1202.63, 3099.36 1202.61, 3099.91 1202.46, 3100.27 1202.41, 3100.79 1202.69, 3100.93 1202.71, 3100.97 1202.71, 3101.66 1202.76, 3102.37 1202.74, 3103.34 1202.38, 3104.3 1202.01, 3103.89 1201.29, 3103.84 1201.16, 3103.78 1201.06, 3103.74 1201, 3103.53 1200.6, 3103.23 1200.24, 3103.21 1200.2, 3103.18 1200.16, 3102.96 1199.85, 3102.69 1199.57, 3102.37 1199.31, 3102.87 1197.37, 3102.9 1197.26, 3102.96 1197.03, 3103.02 1196.8, 3103.05 1196.69, 3103.84 1196.89, 3104.27 1196.98, 3104.55 1197.0333, 3105.23 1197.17, 3105.26 1197.1767, 3105.32 1197.19, 3105.42 1197.21, 3105.46 1197.22, 3105.4747 1197.22, 3105.97 1197.32, 3106.71 1197.46, 3106.57 1196.64, 3106.46 1196, 3106.38 1195.57, 3106.28 1195.01, 3106.19 1194.45, 3106.09 1193.87, 3106 1193.39, 3105.97 1193.04, 3105.97 1192.97, 3106.03 1192.93, 3106.4 1192.43, 3106.66 1192.17, 3106.92 1191.92, 3107.05 1191.79, 3107.44 1191.41, 3107.79 1191.06, 3108.16 1190.66, 3108.38 1190.4, 3108.64 1190.08, 3108.72 1189.99, 3108.9 1189.67, 3108.85 1189.61, 3108.94 1189.47, 3109.17 1189.12, 3109.24 1189.01, 3109.31 1188.9, 3109.37 1188.79, 3110.21 1187.47, 3110.71 1187.3, 3110.85 1186.71, 3111.22 1186.38, 3111.7 1186.16, 3112.51 1185.79, 3112.57 1185.51, 3112.68 1185.45, 3112.65 1185.29, 3113.05 1184.87, 3113.07 1184.86, 3113.49 1184.57, 3114.35 1184.2, 3114.7 1184.05, 3114.92 1183.76, 3114.94 1183.5, 3115.12 1182.9, 3115.53 1182.52, 3115.95 1182.13, 3116.19 1181.88, 3116.69 1181.42, 3117.38 1180.78, 3117.87 1180.33, 3118.29 1180, 3118.62 1179.75, 3118.92 1179.51, 3119.24 1179.27, 3119.78 1178.84, 3119.96 1178.69, 3120.63 1178.28, 3120.76 1178.24, 3121.13 1178.04, 3121.23 1177.87, 3121.19 1177.82, 3121.21 1177.39, 3120.93 1177.06, 3120.49 1176.59, 3120.07 1176.1, 3118.89 1174.48, 3118.84 1174.39, 3118.7 1174.21, 3118.28 1173.7, 3118 1173.38, 3117.61 1172.99, 3117.35 1172.73, 3117.32 1172.71, 3116.88 1172.03, 3116.77 1171.66, 3116.76 1171.59, 3116.69 1171.03, 3116.64 1170.59, 3116.54 1169.84, 3116.48 1169.3, 3116.39 1168.71, 3116.51 1168.66, 3116.48 1168.38, 3116.4844 1168.2556, 3116.5 1167.96, 3116.51 1167.54, 3116.52 1167.48, 3116.51 1167.11, 3116.48 1166.73, 3116.5 1166.25, 3116.53 1165.83, 3116.53 1165.53, 3116.55 1165.12, 3116.59 1164.75, 3116.63 1164.52, 3116.69 1164.13, 3116.74 1163.87, 3116.84 1163.25, 3116.83 1163.15, 3116.74 1162.7, 3116.52 1162.77, 3115.99 1162.95, 3115.43 1163.15, 3114.87 1163.41, 3114.26 1163.59, 3113.87 1163.71, 3113.5 1163.79, 3112.97 1163.85, 3112.38 1163.93, 3111.99 1163.99, 3111.54 1164.05, 3111.1169 1164.1, 3111.1 1164.1, 3111.0907 1164.1031, 3111.0323 1164.11, 3111 1164.11, 3110.94 1164.12, 3110.82 1164.13, 3110.44 1164.18, 3109.95 1164.21, 3109.24 1164.22, 3108.62 1164.18, 3108.58 1164.18, 3108.02 1164.15, 3107.65 1164.13, 3106.9 1164.1, 3106.42 1164.12, 3105.84 1164.14, 3105.19 1164.17, 3104.83 1164.2, 3104.42 1164.23, 3103.97 1164.25, 3103.58 1164.21, 3103.16 1164, 3102.93 1164.37, 3102.45 1164.23, 3102.06 1164.24, 3101.44 1164.26, 3100.67 1164.4, 3099.813 1164.5575, 3099.74 1164.57, 3099.31 1164.65, 3098.65 1164.72, 3098.04 1164.76, 3097.72 1164.76, 3097.19 1164.77, 3096.81 1164.81, 3096.41 1164.81, 3096 1164.82, 3095.87 1164.83, 3095.08 1164.96, 3094.69 1165.03, 3094.34 1165.12, 3093.76 1165.27, 3093.46 1165.33, 3093.44 1165.33, 3092.79 1165.44, 3091.99 1165.53, 3091.61 1165.56, 3091.27 1165.59, 3090.93 1165.63, 3089.89 1165.7, 3089.14 1165.71, 3088.35 1165.74, 3087.95 1165.79, 3087.56 1165.84, 3087.18 1165.89, 3087.14 1165.89, 3086.73 1165.9))",17.092692,Lowland,258391,Red Market,"(3098.367457500021, 1179.9634676873802)"
Alma Bridge,AB02,White Bridge and Red Market,"POLYGON ((3051.42 1167.57, 3050.94 1167.9, 3050.8 1168.04, 3051.16 1168.42, 3050.84 1168.87, 3050.62 1169.2, 3050.33 1169.64, 3050.28 1169.61, 3049.93 1169.43, 3049.32 1169.34, 3049.22 1169.39, 3049.31 1169.8, 3049.34 1170.54, 3049.4 1170.97, 3049.48 1171.48, 3049.59 1172.03, 3049.62 1172.23, 3049.68 1172.58, 3049.86 1173.68, 3049.91 1174.08, 3049.97 1174.65, 3050.02 1175.09, 3050.13 1175.52, 3049.97 1175.67, 3049.52 1176.07, 3048.87 1176.36, 3048.5 1176.53, 3047.42 1177.11, 3047.32 1177.17, 3046.34 1177.81, 3045.49 1178.44, 3044.93 1178.93, 3044.16 1179.7, 3043.99 1180.11, 3043.67 1180.87, 3043.3 1181.13, 3042.98 1181.44, 3042.74 1182.16, 3042.78 1182.37, 3043.29 1182.7, 3042.7 1182.67, 3042.61 1182.74, 3042.44 1183.12, 3042.38 1183.53, 3042.39 1183.85, 3042.17 1185.04, 3042.07 1185.48, 3042.06 1185.52, 3041.91 1186.22, 3041.78 1186.96, 3041.72 1187.31, 3041.71 1187.47, 3041.73 1187.75, 3041.7 1187.94, 3041.46 1187.97, 3041.22 1188.31, 3041.04 1188.71, 3040.73 1189.55, 3040.35 1190.09, 3040.3 1190.16, 3039.84 1190.62, 3039.85 1190.82, 3039.73 1190.97, 3039.29 1191.55, 3039.27 1191.57, 3038.95 1192.13, 3038.49 1192.8, 3038.31 1193.05, 3037.99 1193.6, 3037.76 1194.06, 3037.72 1194.23, 3037.72 1194.25, 3037.61 1194.3, 3037.06 1195.41, 3036.88 1195.74, 3036.41 1196.67, 3036.21 1197.1, 3036.17 1197.19, 3036.16 1197.65, 3036.17 1197.72, 3036.23 1197.83, 3036.61 1198.23, 3036.76 1198.44, 3037.28 1199.21, 3037.83 1200.01, 3038.26 1200.58, 3039.12 1200, 3039.76 1199.58, 3040.96 1198.78, 3041.54 1198.38, 3041.95 1198.14, 3042.37 1198.13, 3042.78 1198.27, 3043.13 1198.42, 3043.1 1198.03, 3043.06 1197.61, 3043.42 1197.73, 3043.79 1197.85, 3044.19 1197.86, 3044.36 1197.81, 3044.51 1198.05, 3045.25 1198.2, 3045.3 1198.21, 3045.75 1198.29, 3046.25 1198.31, 3046.45 1198.31, 3046.58 1198.5, 3047.05 1198.44, 3047.07 1198.44, 3047.41 1198.33, 3047.77 1198.2, 3048.35 1198.01, 3048.6 1197.95, 3049.13 1197.82, 3049.6 1197.74, 3050.13 1198.09, 3050.3 1198.22, 3050.73 1198.64, 3050.88 1198.8, 3051.29 1199.21, 3051.77 1199.77, 3052 1200.1, 3052.4 1200.41, 3052.82 1200.62, 3053.08 1201, 3053.61 1201.27, 3054.49 1201.49, 3054.96 1201.53, 3055.34 1201.56, 3055.8051 1201.5969, 3055.89 1201.61, 3055.97 1201.61, 3056.09 1201.62, 3056.48 1201.65, 3056.86 1201.66, 3057.28 1201.67, 3057.64 1201.68, 3057.92 1201.68, 3058.48 1201.7, 3058.87 1201.68, 3059.48 1201.54, 3060.13 1201.34, 3060.48 1201.16, 3060.9 1200.52, 3061.16 1200.23, 3061.53 1199.96, 3061.89 1199.76, 3062.27 1199.56, 3062.74 1199.3, 3063.45 1198.96, 3063.93 1198.88, 3064.06 1198.88, 3064.74 1198.85, 3065.24 1198.82, 3065.39 1198.82, 3066.12 1198.76, 3066.58 1198.77, 3066.72 1198.77, 3067.37 1198.82, 3068.15 1198.97, 3068.78 1199.05, 3069.51 1199.14, 3070.08 1199.44, 3071.34 1199.61, 3073.02 1199.9, 3074.2 1200.28, 3075.36 1200.34, 3077.22 1200.34, 3078.67 1200.28, 3079.38 1200.32, 3080.53 1200.35, 3080.98 1200.3, 3081.97 1200.27, 3082.8 1200.42, 3084.21 1200.95, 3085.48 1201, 3087.01 1201, 3088.62 1201, 3088.97 1200.97, 3089.73 1201, 3090.95 1201, 3091.3 1201.11, 3091.37 1200.6, 3091.42 1200.17, 3091.47 1199.78, 3091.52 1199.38, 3091.59 1198.88, 3091.67 1198.45, 3091.7 1197.83, 3091.68 1197.33, 3091.63 1196.94, 3091.57 1196.56, 3091.42 1196.08, 3091.24 1195.64, 3091.04 1195.3, 3090.73 1194.9, 3090.38 1194.54, 3089.87 1194.13, 3089.48 1193.88, 3089.06 1193.58, 3088.74 1193.28, 3088.5 1193, 3087.93 1192.31, 3087.02 1191.24, 3086.77 1190.96, 3086.42 1190.53, 3086.14 1190.21, 3085.69 1189.68, 3085.39 1189.31, 3085.08 1188.95, 3084.78 1188.59, 3084.43 1188.18, 3084.22 1187.89, 3084 1187.57, 3083.84 1187.34, 3083.5 1186.87, 3083.19 1186.42, 3082.68 1185.71, 3082.26 1185.2, 3081.74 1184.67, 3081.36 1184.42, 3080.86 1184.1, 3080.52 1183.82, 3080.21 1183.49, 3079.92 1183.13, 3079.66 1182.83, 3079.45 1182.99, 3078.84 1182.28, 3078.46 1181.83, 3078.28 1181.49, 3078.13 1181.05, 3078.01 1180.67, 3077.82 1180.33, 3077.72 1179.89, 3077.85 1179.78, 3078.25 1179.53, 3078.37 1179.13, 3078.73 1178.46, 3078.94 1177.68, 3078.95 1177.3, 3078.95 1176.75, 3078.91 1176.53, 3078.86 1176.11, 3078.8 1175.69, 3078.77 1174.97, 3078.76 1174.84, 3078.52 1174.56, 3078.33 1174.23, 3078.11 1173.89, 3077.92 1173.53, 3078.08 1172.74, 3078.29 1171.98, 3078.42 1171.7, 3078.5 1171.54, 3078.65 1170.95, 3078.68 1170.58, 3078.71 1170.05, 3078.74 1169.67, 3078.77 1169.24, 3078.75 1168.23, 3078.97 1167.21, 3078.68 1167.16, 3078.27 1167.16, 3077.75 1167.21, 3077.29 1167.22, 3077.19 1167.22, 3076.76 1167.18, 3076.44 1167.14, 3075.95 1167.14, 3075.54 1167.17, 3075.49 1167.17, 3075.43 1167.18, 3075.06 1167.16, 3074.2 1167.04, 3073.33 1166.93, 3072.56 1166.78, 3071.95 1166.67, 3071.36 1166.55, 3070.73 1166.32, 3070.64 1166.03, 3070.58 1165.58, 3069.61 1165.82, 3068.96 1165.98, 3068.62 1166.1, 3067.37 1166.58, 3067.2 1166.63, 3066.07 1166.98, 3065.86 1167.12, 3065.31 1167.49, 3064.77 1166.89, 3064.76 1166.87, 3064.29 1166.19, 3064.18 1166, 3063.85 1165.46, 3063.49 1165.71, 3063.05 1165.84, 3062.61 1165.98, 3061.69 1166.22, 3060.74 1166.47, 3060.17 1166.6, 3059.89 1166.65, 3059.53 1166.71, 3059.07 1166.72, 3058.68 1166.72, 3058.29 1166.7, 3057.74 1166.67, 3057.17 1166.66, 3056.68 1166.7, 3056.28 1166.74, 3056.11 1167.41, 3055.9 1168.23, 3055.32 1168.29, 3054.98 1168.06, 3054.66 1167.8, 3054.31 1167.34, 3054.36 1167.07, 3053.7786 1166.9643, 3053.77 1166.96, 3053.755 1166.96, 3053.7 1166.95, 3053.66 1166.94, 3053.59 1166.93, 3053.23 1166.71, 3052.9 1166.44, 3052.58 1166.62, 3052.21 1166.87, 3051.91 1167.11, 3051.42 1167.57))",20.315839,Lowland,329529,Red Market,"(3063.607979162586, 1185.6510111385567)"
Alma Bridge,AB03,White Bridge and Red Market,"POLYGON ((3017.16 1185.38, 3017.09 1185.49, 3017.08 1185.49, 3016.87 1185.52, 3016.66 1185.91, 3016.34 1186.13, 3016.06 1186.44, 3015.77 1186.77, 3015.52 1187.05, 3015.27 1187.34, 3014.53 1188.23, 3014.07 1188.77, 3013.78 1189.12, 3013.54 1189.39, 3012.82 1190.23, 3012.24 1190.95, 3012.01 1191.48, 3011.89 1191.86, 3011.77 1192.22, 3011.66 1192.6, 3011.57 1192.96, 3011.4 1193.34, 3011.17 1193.8, 3011.11 1194.21, 3011.1 1194.4, 3011.07 1194.78, 3011.01 1195.6, 3011.05 1195.65, 3010.99 1195.86, 3010.93 1196.5, 3010.92 1196.7, 3010.86 1197.11, 3010.78 1197.42, 3010.71 1197.47, 3010.37 1198.17, 3010.25 1198.55, 3010.13 1198.97, 3010.22 1199.39, 3010.8 1199.34, 3011.44 1199.19, 3011.89 1199.25, 3012.34 1199.39, 3012.46 1199.76, 3012.61 1200.1, 3012.8 1200.49, 3012.98 1200.89, 3013.33 1201.05, 3013.9 1201.35, 3014.24 1201.59, 3014.62 1201.86, 3014.97 1202.12, 3015.31 1202.36, 3016.07 1202.78, 3016.23 1202.91, 3016.38 1203.03, 3016.69 1203.41, 3016.75 1203.48, 3017.22 1203.69, 3017.49 1204.01, 3017.8 1204.36, 3018.12 1204.64, 3018.18 1204.7, 3018.76 1204.96, 3019.13 1205.12, 3019.37 1205.22, 3019.79 1205.41, 3020.38 1205.66, 3020.74 1205.82, 3021.81 1206.26, 3022.33 1206.33, 3022.85 1206.37, 3023.06 1206.39, 3023.5 1206.4, 3023.84 1206.41, 3024.47 1206.41, 3024.6 1206.4, 3025.33 1206.4, 3025.85 1206.39, 3026.21 1206.37, 3026.82 1206.29, 3027.01 1206.27, 3027.57 1206.25, 3028.42 1206.16, 3028.8 1206.14, 3029.82 1206.11, 3030.03 1206.35, 3030.52 1206.02, 3031.13 1206.12, 3031.15 1206.12, 3031.78 1206.1, 3032.3664 1206.0727, 3032.44 1206.07, 3032.68 1206.06, 3032.76 1206.0544, 3033.5 1206.02, 3034.14 1205.98, 3034.56 1205.96, 3035.2289 1205.9274, 3035.64 1205.91, 3035.79 1205.9, 3035.91 1205.9, 3036.67 1205.86, 3037.31 1205.61, 3037.39 1205.56, 3037.04 1204.84, 3036.87 1204.29, 3036.86 1204.26, 3036.83 1204.16, 3036.71 1203.62, 3036.56 1202.95, 3037.09 1202.85, 3037.58 1202.7, 3037.73 1202.76, 3037.82 1202.59, 3038.2 1202.47, 3038.53 1202.29, 3038.84 1202.09, 3039.23 1201.85, 3038.93 1201.47, 3038.69 1201.14, 3038.6 1201.02, 3038.26 1200.58, 3037.83 1200.01, 3037.56 1199.61, 3037.28 1199.21, 3036.76 1198.44, 3036.61 1198.23, 3036.23 1197.83, 3036.17 1197.72, 3036.16 1197.65, 3036.17 1197.19, 3036.21 1197.1, 3036.41 1196.67, 3036.65 1196.21, 3036.88 1195.74, 3037.06 1195.41, 3037.34 1194.85, 3037.61 1194.3, 3037.72 1194.25, 3037.76 1194.06, 3037.99 1193.6, 3038.31 1193.05, 3038.49 1192.8, 3038.95 1192.13, 3039.29 1191.55, 3039.73 1190.97, 3039.85 1190.82, 3039.84 1190.62, 3040.3 1190.16, 3040.35 1190.09, 3040.42 1190, 3040.65 1189.67, 3040.73 1189.55, 3040.89 1189.13, 3041.04 1188.71, 3041.22 1188.31, 3041.46 1187.97, 3041.7 1187.94, 3041.73 1187.75, 3041.71 1187.47, 3041.72 1187.31, 3041.78 1186.97, 3041.78 1186.96, 3041.85 1186.59, 3041.91 1186.22, 3042.17 1185.04, 3042.39 1183.85, 3042.38 1183.53, 3042.44 1183.12, 3042.61 1182.74, 3042.7 1182.67, 3043.29 1182.7, 3042.78 1182.37, 3042.74 1182.16, 3042.98 1181.44, 3043.3 1181.13, 3043.67 1180.87, 3043.99 1180.11, 3044.16 1179.7, 3044.93 1178.93, 3045.49 1178.44, 3046.34 1177.81, 3047.32 1177.17, 3048.5 1176.53, 3049.52 1176.07, 3049.97 1175.67, 3050.13 1175.52, 3050.02 1175.09, 3049.91 1174.08, 3049.87 1173.72, 3049.86 1173.68, 3049.79 1173.23, 3049.68 1172.58, 3049.62 1172.23, 3049.59 1172.03, 3049.48 1171.48, 3049.4 1170.97, 3049.34 1170.54, 3049.31 1169.8, 3049.22 1169.39, 3049.32 1169.34, 3049.93 1169.43, 3050.33 1169.64, 3050.84 1168.87, 3051.16 1168.42, 3050.8 1168.04, 3050.94 1167.9, 3050.81 1167.77, 3050.82 1167.3, 3050.18 1166.92, 3049.83 1166.72, 3049.62 1167.26, 3049.32 1168.03, 3048.95 1167.9, 3048.33 1167.68, 3047.98 1167.57, 3047.62 1167.44, 3047.25 1167.31, 3046.83 1167.17, 3046.78 1167.26, 3045.92 1166.91, 3043.41 1166.5, 3042.77 1166.42, 3042.66 1166.41, 3042.33 1166.36, 3041.67 1166.29, 3041.07 1166.22, 3041.19 1166.92, 3041.32 1167.47, 3041.35 1167.58, 3040.92 1167.8, 3040.55 1167.99, 3039.88 1168.33, 3039.55 1168.5, 3039.21 1168.67, 3038.81 1168.87, 3038.46 1169.02, 3037.8 1168.94, 3037.17 1169.1, 3037.22 1169.37, 3036.81 1169.44, 3036.26 1169.55, 3035.91 1169.63, 3035.5 1169.72, 3035.07 1169.81, 3034.98 1169.82, 3033.62 1170.1, 3032.35 1170.36, 3032.14 1170.4, 3031.45 1170.53, 3031.41 1170.54, 3030.85 1170.65, 3030.49 1170.74, 3030.14 1170.9, 3028.59 1171.7, 3028.38 1171.26, 3027.97 1170.39, 3027.76 1169.96, 3027.29 1170.2, 3026.79 1170.45, 3026.43 1170.61, 3026.45 1170.67, 3026.7 1171.12, 3026.74 1171.2, 3026.78 1171.27, 3026.84 1171.38, 3027.03 1171.75, 3027.22 1172.13, 3027.3 1172.28, 3027.49 1172.67, 3027.88 1173.41, 3028.07 1173.78, 3028.82 1175.2, 3029 1175.64, 3029.28 1176.65, 3029.35 1177.01, 3029.46 1177.53, 3029.46 1177.67, 3029.42 1177.8, 3029.38 1177.79, 3029.28 1177.72, 3028.49 1177.64, 3028.02 1177.91, 3027.86 1177.97, 3027.57 1178.21, 3027.56 1178.22, 3026.83 1178.71, 3025.21 1179.95, 3024.86 1180.19, 3024.51 1180.44, 3024.29 1180.47, 3024.27 1180.52, 3024.08 1180.69, 3023.65 1180.94, 3023.33 1181.12, 3023.23 1181.28, 3023.19 1181.29, 3022.87 1181.33, 3022.44 1181.44, 3022.01 1181.56, 3021.9638 1181.5785, 3021.96 1181.58, 3021.63 1181.67, 3021.11 1181.75, 3020.92 1182.13, 3020.73 1182.39, 3020.38 1182.68, 3019.9 1182.96, 3019.45 1183.25, 3018.94 1183.69, 3018.41 1184.17, 3017.55 1184.97, 3017.29 1185.22, 3017.27 1185.24, 3017.19 1185.33, 3017.16 1185.38))",13.616703,Lowland,166659,White Bridge,"(3030.3306747529405, 1187.7615316048452)"
Alma Bridge,AB04,White Bridge and Red Market,"POLYGON ((2999.33 1171.84, 2999.17 1172.11, 2998.8 1172.84, 2998.41 1173.59, 2998.28 1173.84, 2998.11 1174.22, 2998.08 1174.52, 2997.89 1175.03, 2997.73 1175.59, 2997.28 1176.64, 2997.14 1177.3, 2997.06 1177.74, 2996.78 1178.6, 2996.51 1179.46, 2996.48 1179.72, 2996.45 1179.99, 2996.45 1180.45, 2996.29 1181.12, 2996.05 1180.98, 2996 1180.95, 2996 1184.77, 2996 1184.93, 2996 1189.4, 2996 1191.71, 2995.64 1191.73, 2995.49 1193.16, 2994.74 1193.22, 2993.82 1193.49, 2992.33 1193.72, 2991.56 1194.06, 2992.41 1195.58, 2992.72 1196.79, 2993.42 1197.79, 2994.05 1198.76, 2994.42 1199.99, 2994.27 1201, 2994.47 1201, 2996 1201, 2996 1200.96, 2996.25 1199.98, 2997.68 1200.13, 2998.68 1200.2, 2999.69 1200.27, 3000.79 1200.32, 3001.34 1200.34, 3002.07 1200.05, 3002.57 1199.68, 3002.6 1199.56, 3002.86 1199.42, 3003 1199.32, 3003.38 1199.11, 3003.57 1199.22, 3004.13 1198.78, 3004.45 1198.53, 3005 1198.1, 3005.36 1197.82, 3005.72 1197.66, 3006.57 1197.29, 3007.13 1197.04, 3007.46 1196.84, 3007.89 1196.56, 3008.29 1196.3, 3008.68 1196.04, 3008.81 1195.95, 3009.17 1195.72, 3009.64 1195.41, 3010.1 1195.1, 3010.64 1194.73, 3011.1 1194.4, 3011.11 1194.21, 3011.17 1193.8, 3011.4 1193.34, 3011.57 1192.96, 3011.66 1192.6, 3011.77 1192.22, 3011.89 1191.86, 3012.01 1191.48, 3012.24 1190.95, 3012.82 1190.23, 3013.08 1189.93, 3013.54 1189.39, 3013.78 1189.12, 3014.53 1188.23, 3014.89 1187.8, 3015.27 1187.34, 3015.77 1186.77, 3016.06 1186.44, 3016.34 1186.13, 3016.66 1185.91, 3016.87 1185.52, 3017.09 1185.49, 3017.16 1185.38, 3017.19 1185.33, 3017.29 1185.22, 3017.55 1184.97, 3018.94 1183.69, 3019.4 1183.3, 3019.45 1183.25, 3019.9 1182.96, 3020.38 1182.68, 3020.73 1182.39, 3020.92 1182.13, 3021.11 1181.75, 3021.63 1181.67, 3021.96 1181.58, 3021.9638 1181.5785, 3022.87 1181.33, 3023.19 1181.29, 3023.23 1181.28, 3023.33 1181.12, 3023.65 1180.94, 3024.08 1180.69, 3024.27 1180.52, 3024.29 1180.47, 3024.51 1180.44, 3025.21 1179.95, 3026.83 1178.71, 3027.56 1178.22, 3027.57 1178.21, 3027.86 1177.97, 3028.02 1177.91, 3028.49 1177.64, 3029.28 1177.72, 3029.38 1177.79, 3029.42 1177.8, 3029.46 1177.67, 3029.46 1177.53, 3029.35 1177.01, 3029.28 1176.65, 3029.14 1176.14, 3029.12 1176.06, 3029 1175.64, 3028.82 1175.2, 3028.45 1174.49, 3028.07 1173.78, 3027.88 1173.41, 3027.68 1173.02, 3027.49 1172.67, 3027.3 1172.28, 3027.22 1172.13, 3027.03 1171.75, 3026.84 1171.38, 3026.78 1171.27, 3026.7 1171.12, 3026.45 1170.67, 3026.43 1170.61, 3026.0357 1169.8614, 3025.94 1169.67, 3025.74 1169.3, 3025.5 1168.81, 3025.21 1168.23, 3025.2 1168.2, 3024.8 1167.46, 3024.57 1167.07, 3024.27 1166.58, 3024.12 1166.34, 3023.74 1165.92, 3023.45 1165.63, 3021.62 1164.06, 3020.57 1163.16, 3019.58 1162.4, 3019.55 1162.38, 3019.17 1162.17, 3018.45 1161.87, 3018.11 1161.73, 3017.76 1161.59, 3017.07 1161.33, 3016.64 1161.15, 3015.88 1160.9, 3015.72 1160.87, 3015.45 1160.68, 3014.88 1160.44, 3014.52 1160.28, 3014.41 1160.22, 3014.04 1160.04, 3013.98 1160.01, 3013.69 1159.79, 3013.46 1159.55, 3013.16 1159.16, 3012.94 1158.86, 3012.55 1158.3, 3012.31 1157.94, 3012.07 1157.58, 3011.84 1157.19, 3011.69 1156.86, 3011.61 1156.46, 3011.45 1156, 3011.16 1155.54, 3010.86 1155.09, 3010.62 1154.72, 3010.54 1154.96, 3010.5 1155.12, 3010.4 1155.49, 3010.18 1156.21, 3010.05 1156.56, 3009.89 1156.9, 3009.5 1157.65, 3009.43 1157.97, 3009.27 1158.32, 3009.15 1158.69, 3008.62 1159.47, 3008.31 1159.96, 3008.06 1160.49, 3007.78 1160.95, 3007.57 1161.38, 3007.44 1161.79, 3007.37 1162.18, 3007.03 1162.16, 3006.79 1162.14, 3006.39 1162.44, 3006.38 1162.45, 3006.2 1162.68, 3005.96 1163.06, 3005.62 1163.47, 3005.08 1163.84, 3004.21 1164.44, 3003.82 1164.77, 3003.47 1165.3, 3003.41 1165.69, 3003.45 1166.33, 3003.45 1166.39, 3003.43 1166.74, 3003.39 1167.41, 3003.37 1167.79, 3003.36 1167.82, 3003.17 1168.36, 3003.05 1168.51, 3002.61 1169.07, 3002.33 1169.36, 3002.01 1169.73, 3001.66 1169.71, 3001.34 1170.01, 3001.05 1170.24, 3000.75 1170.48, 3000.13 1170.87, 2999.8 1171.09, 2999.79 1171.18, 2999.47 1171.64, 2999.33 1171.84))",13.303215,Lowland,74157,White Bridge,"(3009.537782250988, 1178.9445021384065)"
Alma Bridge,AB05,White Bridge and Red Market,"POLYGON ((3007.13 1197.04, 3006.57 1197.29, 3006.14 1197.47, 3005.72 1197.66, 3005.36 1197.82, 3005 1198.1, 3004.45 1198.53, 3004.13 1198.78, 3003.98 1198.89, 3003.57 1199.22, 3003.38 1199.11, 3003 1199.32, 3002.86 1199.42, 3002.6 1199.56, 3002.57 1199.68, 3002.07 1200.05, 3001.34 1200.34, 2999.69 1200.27, 2998.68 1200.2, 2997.68 1200.13, 2996.25 1199.98, 2996 1200.96, 2996 1201, 2994.47 1201, 2994.4 1201.1, 2994.41 1201.12, 2993.98 1201.87, 2992.52 1204.64, 2991.51 1206.14, 2991.5 1206.17, 2991.52 1206.76, 2991.51 1206.87, 2990.94 1207.14, 2989.97 1208.81, 2989.47 1209.69, 2989.39 1209.76, 2988.88 1210.24, 2988.63 1210.48, 2987.84 1210.88, 2987.84 1214, 2993.05 1214, 2996 1214, 3003.81 1214, 3007.34 1214, 3012.23 1214, 3017.79 1214, 3023.48 1214, 3030.09 1214, 3034.6 1214, 3034.96 1213.99, 3034.96 1213.61, 3034.89 1213.06, 3034.82 1212.6, 3034.77 1212.13, 3034.52 1212.02, 3034.4 1211.29, 3034.32 1210.81, 3034.37 1210.75, 3034.4343 1210.7571, 3034.44 1210.76, 3034.55 1210.77, 3034.69 1210.82, 3034.82 1210.86, 3034.97 1210.9, 3035.12 1209.72, 3035.27 1209.11, 3035.42 1208.5, 3035.45 1208.41, 3035.46 1208.34, 3035.53 1208.06, 3035.56 1207.93, 3035.73 1207.3, 3035.87 1206.8, 3035.83 1206.33, 3035.79 1205.9, 3035.2289 1205.9274, 3034.93 1205.94, 3034.56 1205.96, 3034.14 1205.98, 3033.5 1206.02, 3033.11 1206.03, 3032.76 1206.0544, 3032.44 1206.07, 3032.3664 1206.0727, 3032.17 1206.08, 3031.78 1206.1, 3031.15 1206.12, 3031.13 1206.12, 3030.52 1206.02, 3030.03 1206.35, 3029.82 1206.11, 3028.8 1206.14, 3028.42 1206.16, 3027.57 1206.25, 3027.01 1206.27, 3026.82 1206.29, 3026.21 1206.37, 3025.85 1206.39, 3025.33 1206.4, 3024.6 1206.4, 3024.47 1206.41, 3023.84 1206.41, 3023.5 1206.4, 3023.06 1206.39, 3022.85 1206.37, 3022.33 1206.33, 3021.81 1206.26, 3020.74 1205.82, 3020.38 1205.66, 3019.79 1205.41, 3019.37 1205.22, 3019.13 1205.12, 3018.76 1204.96, 3018.18 1204.7, 3018.12 1204.64, 3017.8 1204.36, 3017.49 1204.01, 3017.22 1203.69, 3016.75 1203.48, 3016.69 1203.41, 3016.54 1203.22, 3016.38 1203.03, 3016.23 1202.91, 3016.07 1202.78, 3015.31 1202.36, 3014.62 1201.86, 3014.24 1201.59, 3013.9 1201.35, 3013.51 1201.14, 3013.42 1201.09, 3013.33 1201.05, 3012.98 1200.89, 3012.8 1200.49, 3012.61 1200.1, 3012.46 1199.76, 3012.34 1199.39, 3011.89 1199.25, 3011.44 1199.19, 3010.8 1199.34, 3010.22 1199.39, 3010.13 1198.97, 3010.25 1198.55, 3010.37 1198.17, 3010.71 1197.47, 3010.78 1197.42, 3010.86 1197.11, 3010.92 1196.7, 3010.93 1196.5, 3010.99 1195.86, 3011.05 1195.65, 3011.01 1195.6, 3011.1 1194.4, 3010.64 1194.73, 3010.1 1195.1, 3009.17 1195.72, 3008.81 1195.95, 3007.89 1196.56, 3007.46 1196.84, 3007.13 1197.04))",8.153532,Lowland,75251,White Bridge,"(3010.0824410667497, 1207.7916186289133)"
Alma Bridge,AB06,White Bridge and Red Market,"POLYGON ((3056.48 1201.65, 3056.09 1201.62, 3055.97 1201.61, 3055.8051 1201.5969, 3055.76 1201.59, 3055.34 1201.56, 3054.96 1201.53, 3054.49 1201.49, 3053.61 1201.27, 3053.08 1201, 3052.82 1200.62, 3052.4 1200.41, 3052 1200.1, 3051.77 1199.77, 3051.29 1199.21, 3050.88 1198.8, 3050.73 1198.64, 3050.3 1198.22, 3050.13 1198.09, 3049.6 1197.74, 3049.13 1197.82, 3048.6 1197.95, 3048.35 1198.01, 3047.77 1198.2, 3047.41 1198.33, 3047.05 1198.44, 3046.58 1198.5, 3046.45 1198.31, 3046.25 1198.31, 3045.75 1198.29, 3045.3 1198.21, 3045.25 1198.2, 3044.51 1198.05, 3044.36 1197.81, 3044.19 1197.86, 3043.79 1197.85, 3043.06 1197.61, 3043.1 1198.03, 3043.13 1198.42, 3042.78 1198.27, 3042.37 1198.13, 3041.95 1198.14, 3041.54 1198.38, 3040.96 1198.78, 3039.76 1199.58, 3039.12 1200, 3038.67 1200.3, 3038.26 1200.58, 3038.6 1201.02, 3038.93 1201.47, 3039.23 1201.85, 3038.84 1202.09, 3038.53 1202.29, 3038.2 1202.47, 3037.82 1202.59, 3037.73 1202.76, 3037.58 1202.7, 3037.09 1202.85, 3036.56 1202.95, 3036.71 1203.62, 3036.83 1204.16, 3036.86 1204.26, 3036.87 1204.29, 3037.04 1204.84, 3037.39 1205.56, 3037.31 1205.61, 3036.67 1205.86, 3035.79 1205.9, 3035.83 1206.33, 3035.87 1206.8, 3035.73 1207.3, 3035.56 1207.93, 3035.46 1208.34, 3035.42 1208.5, 3035.27 1209.11, 3035.15 1209.59, 3035.12 1209.72, 3034.97 1210.9, 3034.82 1210.86, 3034.55 1210.77, 3034.4343 1210.7571, 3034.42 1210.75, 3034.37 1210.75, 3034.32 1210.81, 3034.4 1211.29, 3034.52 1212.02, 3034.77 1212.13, 3034.82 1212.6, 3034.89 1213.06, 3034.96 1213.61, 3034.96 1213.99, 3034.6 1214, 3039.79 1214, 3045.77 1214, 3051.78 1214, 3054.6 1214, 3060.95 1214, 3062.15 1214, 3064.61 1214, 3068.62 1214, 3076.76 1214, 3079.06 1214, 3081.28 1214, 3091.04 1214, 3091.04 1213.63, 3091.01 1211.26, 3091.6 1210.68, 3091.83 1210.13, 3092.03 1209.64, 3092.07 1209.05, 3092.29 1209.06, 3092.34 1207.31, 3092.34 1207.19, 3092.28 1206.8, 3092.33 1206.27, 3092.37 1205.69, 3092 1205.45, 3091.7 1205.19, 3091.34 1204.91, 3091.02 1204.72, 3091.44 1204.3, 3091.85 1203.68, 3091.53 1203.48, 3091.2 1203.35, 3091.19 1203.27, 3091.13 1202.65, 3091.15 1202.23, 3091.18 1201.98, 3091.23 1201.53, 3091.3 1201.11, 3090.95 1201, 3089.73 1201, 3088.97 1200.97, 3088.62 1201, 3087.01 1201, 3085.48 1201, 3084.21 1200.95, 3082.8 1200.42, 3081.97 1200.27, 3080.98 1200.3, 3080.53 1200.35, 3079.38 1200.32, 3078.67 1200.28, 3077.22 1200.34, 3075.36 1200.34, 3074.2 1200.28, 3073.02 1199.9, 3071.34 1199.61, 3070.08 1199.44, 3069.51 1199.14, 3068.15 1198.97, 3067.37 1198.82, 3066.72 1198.77, 3066.58 1198.77, 3066.12 1198.76, 3065.79 1198.78, 3065.39 1198.82, 3065.24 1198.82, 3064.74 1198.85, 3063.93 1198.88, 3063.45 1198.96, 3062.74 1199.3, 3062.27 1199.56, 3061.89 1199.76, 3061.53 1199.96, 3061.16 1200.23, 3060.9 1200.52, 3060.48 1201.16, 3060.13 1201.34, 3060.09 1201.35, 3059.48 1201.54, 3058.87 1201.68, 3058.48 1201.7, 3057.99 1201.68, 3057.92 1201.68, 3057.64 1201.68, 3057.28 1201.67, 3056.86 1201.66, 3056.48 1201.65))",12.174630999999998,Lowland,190917,White Bridge,"(3063.2821001902516, 1206.9952263914213)"
Alma Bridge,AB07,White Bridge and Red Market,"POLYGON ((3105.26 1197.1767, 3105.23 1197.17, 3104.69 1197.06, 3104.55 1197.0333, 3104.27 1196.98, 3103.84 1196.89, 3103.45 1196.79, 3103.05 1196.69, 3103.02 1196.8, 3102.96 1197.03, 3102.9 1197.26, 3102.87 1197.37, 3102.73 1197.9, 3102.59 1198.44, 3102.48 1198.87, 3102.37 1199.31, 3102.69 1199.57, 3102.96 1199.85, 3103.18 1200.16, 3103.21 1200.2, 3103.23 1200.24, 3103.53 1200.6, 3103.74 1201, 3103.78 1201.06, 3103.84 1201.16, 3103.89 1201.29, 3104.3 1202.01, 3103.34 1202.38, 3102.37 1202.74, 3101.66 1202.76, 3100.97 1202.71, 3100.93 1202.71, 3100.79 1202.69, 3100.59 1202.58, 3100.44 1202.5, 3100.27 1202.41, 3099.91 1202.46, 3099.78 1202.49, 3099.36 1202.61, 3099 1202.63, 3099.02 1202.97, 3099.04 1203.26, 3098.49 1203.24, 3097.99 1203.23, 3097.84 1203.23, 3097.39 1203.22, 3096.81 1203.16, 3096.22 1203.09, 3095.72 1203.03, 3095.4 1203.46, 3094.87 1203.15, 3094.39 1202.65, 3094.21 1202.33, 3093.93 1201.93, 3092.8 1201.56, 3092.45 1201.46, 3092.28 1201.46, 3092.03 1201.47, 3091.67 1201.23, 3091.32 1201.11, 3091.3 1201.11, 3091.23 1201.53, 3091.2 1201.73, 3091.18 1201.98, 3091.15 1202.23, 3091.13 1202.65, 3091.19 1203.27, 3091.2 1203.35, 3091.53 1203.48, 3091.85 1203.68, 3091.44 1204.3, 3091.02 1204.72, 3091.34 1204.91, 3091.7 1205.19, 3092 1205.45, 3092.37 1205.69, 3092.33 1206.27, 3092.28 1206.8, 3092.34 1207.19, 3092.34 1207.31, 3092.31 1208.19, 3092.29 1209.06, 3092.07 1209.05, 3092.03 1209.64, 3091.83 1210.13, 3091.6 1210.68, 3091.01 1211.26, 3091.04 1213.63, 3091.04 1214, 3102.85 1214, 3110.25 1214, 3114.87 1214, 3118.81 1214, 3123.94 1214, 3128 1214, 3133.42 1214, 3150.25 1214, 3150.3 1211.52, 3150.25 1208.04, 3149.48 1208.32, 3148.8 1208.28, 3148.75 1207.75, 3148.38 1207.79, 3148.37 1207.79, 3148.02 1207.82, 3147.3384 1207.8795, 3146.76 1207.93, 3146.57 1207.95, 3145.65 1208.03, 3144.69 1208.12, 3144.26 1208.16, 3143.62 1208.25, 3142.98 1208.33, 3142.23 1208.45, 3141.49 1208.57, 3140.79 1208.68, 3138.81 1208.99, 3138.762 1208.996, 3138.65 1209.01, 3138.3187 1209.066, 3137.94 1209.13, 3137.24 1209.24, 3136.9 1209.29, 3136.56 1209.34, 3136.52 1209.35, 3136.1 1209.42, 3135.15 1209.53, 3134.58 1209.59, 3134.52 1209.6, 3134.47 1209.6, 3133.42 1209.59, 3131.85 1209.33, 3131.28 1209.18, 3130.71 1208.98, 3130.54 1208.91, 3129.84 1208.56, 3128.26 1207.46, 3128.13 1207.36, 3128 1207.27, 3127.72 1207.07, 3127.556 1206.95, 3127.31 1206.77, 3126.8 1206.41, 3126.52 1206.2, 3126.04 1205.84, 3125.9233 1205.7481, 3125.57 1205.47, 3125.49 1205.42, 3125.15 1205.17, 3124.81 1204.93, 3124.38 1204.69, 3123.94 1204.45, 3123.39 1204.22, 3123.33 1204.2, 3122.83 1204.04, 3122.32 1203.88, 3121.61 1203.73, 3121.36 1203.66, 3120.98 1203.56, 3120.59 1203.44, 3119.9 1203.19, 3119.5 1203.05, 3119.69 1202.47, 3119.76 1202.28, 3119.3 1202.08, 3118.39 1201.74, 3118.55 1201.34, 3118.36 1201.25, 3117.99 1201.06, 3117.86 1201, 3117.48 1200.81, 3117.39 1201, 3117.28 1201.23, 3117.07 1201.66, 3116.96 1201.9, 3116.91 1202.02, 3116.8 1202.28, 3116.66 1202.61, 3116.42 1203.01, 3116.21 1203.35, 3116 1203.49, 3115.8 1203.91, 3115.58 1204.16, 3115.56 1204.18, 3115.55 1204.16, 3115.5438 1204.1484, 3115.32 1203.73, 3115.32 1203.72, 3115.31 1203.7, 3115.3 1203.69, 3115.16 1203.4, 3114.86 1202.82, 3114.71 1202.48, 3114.48 1201.98, 3114.26 1201.6, 3114.34 1201.48, 3114.31 1201.31, 3114.15 1201.24, 3114.03 1201, 3113.69 1200.32, 3113.4 1199.68, 3113.22 1199.32, 3112.95 1198.82, 3112.45 1198.01, 3111.43 1196.79, 3111.42 1196.79, 3110.99 1196.33, 3110.63 1195.99, 3110.26 1195.71, 3109.36 1195.06, 3108.61 1194.56, 3108.41 1194.43, 3107.98 1194.15, 3107.69 1193.95, 3107.05 1193.53, 3106.58 1193.19, 3106.03 1192.93, 3105.97 1192.97, 3105.97 1193.04, 3106 1193.39, 3106.09 1193.87, 3106.19 1194.45, 3106.28 1195.01, 3106.38 1195.57, 3106.46 1196, 3106.57 1196.64, 3106.71 1197.46, 3105.97 1197.32, 3105.5 1197.22, 3105.4747 1197.22, 3105.46 1197.22, 3105.42 1197.21, 3105.32 1197.19, 3105.26 1197.1767))",9.122300000000001,Lowland,144905,White Bridge,"(3115.20365184682, 1207.9560739525862)"
Alma Bridge,AB08,White Bridge and Red Market,"POLYGON ((3113.49 1184.57, 3113.05 1184.87, 3112.65 1185.29, 3112.68 1185.45, 3112.57 1185.51, 3112.51 1185.79, 3112.1 1185.97, 3111.7 1186.16, 3111.22 1186.38, 3110.85 1186.71, 3110.71 1187.3, 3110.21 1187.47, 3109.37 1188.79, 3109.24 1189.01, 3108.94 1189.47, 3108.85 1189.61, 3108.9 1189.67, 3108.72 1189.99, 3108.67 1190.04, 3108.64 1190.08, 3108.38 1190.4, 3108.16 1190.66, 3107.79 1191.06, 3107.44 1191.41, 3107.18 1191.66, 3107.05 1191.79, 3106.66 1192.17, 3106.4 1192.43, 3106.03 1192.93, 3106.58 1193.19, 3107.05 1193.53, 3107.69 1193.95, 3107.98 1194.15, 3108.41 1194.43, 3108.61 1194.56, 3109.36 1195.06, 3110.26 1195.71, 3110.63 1195.99, 3110.99 1196.33, 3111.42 1196.79, 3111.43 1196.79, 3112.45 1198.01, 3112.95 1198.82, 3113.22 1199.32, 3113.4 1199.68, 3113.69 1200.32, 3114.03 1201, 3114.15 1201.24, 3114.31 1201.31, 3114.34 1201.48, 3114.26 1201.6, 3114.48 1201.98, 3114.86 1202.82, 3115.16 1203.4, 3115.3 1203.69, 3115.31 1203.7, 3115.32 1203.72, 3115.32 1203.73, 3115.5438 1204.1484, 3115.55 1204.16, 3115.56 1204.18, 3115.58 1204.16, 3115.8 1203.91, 3116 1203.49, 3116.21 1203.35, 3116.42 1203.01, 3116.66 1202.61, 3116.8 1202.28, 3116.91 1202.02, 3116.96 1201.9, 3117.07 1201.66, 3117.28 1201.23, 3117.39 1201, 3117.48 1200.81, 3117.86 1201, 3117.99 1201.06, 3118.36 1201.25, 3118.55 1201.34, 3118.39 1201.74, 3119.3 1202.08, 3119.76 1202.28, 3119.69 1202.47, 3119.5 1203.05, 3119.9 1203.19, 3120.59 1203.44, 3120.98 1203.56, 3121.61 1203.73, 3122.32 1203.88, 3123.33 1204.2, 3123.39 1204.22, 3123.94 1204.45, 3124.81 1204.93, 3125.49 1205.42, 3125.9233 1205.7481, 3126.04 1205.84, 3126.52 1206.2, 3126.8 1206.41, 3127.556 1206.95, 3127.72 1207.07, 3128 1207.27, 3128.13 1207.36, 3128.26 1207.46, 3129.84 1208.56, 3130.54 1208.91, 3130.71 1208.98, 3131.28 1209.18, 3131.85 1209.33, 3133.42 1209.59, 3134.47 1209.6, 3134.52 1209.6, 3134.58 1209.59, 3135.15 1209.53, 3136.1 1209.42, 3135.92 1208.88, 3135.73 1208.47, 3135.49 1208, 3135.05 1207.77, 3134.9 1207.64, 3134.82 1207.4, 3134.809 1207.3639, 3134.75 1207.17, 3134.61 1206.76, 3134.37 1206.06, 3134.05 1205.25, 3133.86 1204.77, 3133.69 1204.24, 3133.54 1203.74, 3133.37 1203.16, 3133.29 1202.76, 3133.14 1202.05, 3133.02 1201.54, 3132.87 1200.95, 3132.75 1200.53, 3132.61 1199.52, 3132.54 1199.01, 3132.35 1197.79, 3132.33 1197.71, 3132.23 1197.33, 3132.11 1197, 3131.94 1196.45, 3131.93 1196.41, 3131.88 1196.2, 3131.77 1195.49, 3131.73 1195.03, 3131.64 1194.53, 3131.62 1194.24, 3131.63 1193.97, 3131.61 1193.66, 3131.54 1193.09, 3131.2 1193.05, 3131.21 1192.77, 3131.21 1192.74, 3131.1929 1192.5086, 3131.13 1191.55, 3131.09 1191.05, 3131.07 1190.76, 3130.97 1189.97, 3130.96 1189.2, 3130.84 1188.69, 3130.8 1188.62, 3130.46 1188.04, 3130.18 1187.6, 3130.04 1187.22, 3130.33 1186.51, 3130.42 1186.1, 3130.43 1186.05, 3130.39 1185.57, 3130.09 1184.75, 3129.92 1184.3, 3129.81 1183.68, 3129.5 1183.36, 3129.1944 1182.9941, 3129.03 1182.79, 3128.74 1182.45, 3128.23 1181.96, 3128 1181.82, 3128 1179, 3127.48 1179, 3127.44 1178.51, 3127.18 1178.22, 3126.87 1177.96, 3126.16 1178.16, 3125.5 1178.18, 3125 1178.12, 3124.32 1178.08, 3124.31 1178.09, 3124 1177.99, 3123.41 1177.91, 3122.74 1177.87, 3122.31 1177.86, 3121.76 1177.84, 3121.39 1177.82, 3121.23 1177.87, 3121.13 1178.04, 3120.76 1178.24, 3120.63 1178.28, 3119.96 1178.69, 3119.24 1179.27, 3118.92 1179.51, 3118.62 1179.75, 3118.29 1180, 3117.87 1180.33, 3117.38 1180.78, 3116.19 1181.88, 3115.95 1182.13, 3115.53 1182.52, 3115.12 1182.9, 3114.94 1183.5, 3114.92 1183.76, 3114.7 1184.05, 3114.35 1184.2, 3113.49 1184.57))",7.934212000000001,Lowland,80651,Red Market,"(3122.19795965208, 1193.16246690745)"
Alma Bridge,AB09,White Bridge and Red Market,"POLYGON ((3122.32 1161.85, 3122.2 1161.68, 3121.64 1161.71, 3121.34 1161.78, 3120.56 1161.9, 3120.01 1161.99, 3119.41 1162.09, 3119.02 1162.17, 3118.48 1162.27, 3118.11 1162.35, 3117.78 1162.42, 3117.14 1162.58, 3116.74 1162.7, 3116.83 1163.15, 3116.84 1163.25, 3116.74 1163.87, 3116.71 1164.01, 3116.69 1164.13, 3116.59 1164.75, 3116.55 1165.12, 3116.53 1165.53, 3116.53 1165.83, 3116.5 1166.25, 3116.48 1166.73, 3116.51 1167.11, 3116.52 1167.48, 3116.51 1167.54, 3116.4844 1168.2556, 3116.48 1168.34, 3116.48 1168.38, 3116.51 1168.66, 3116.39 1168.71, 3116.48 1169.3, 3116.54 1169.84, 3116.64 1170.59, 3116.69 1171.03, 3116.76 1171.59, 3116.77 1171.66, 3116.88 1172.03, 3117.32 1172.71, 3117.61 1172.99, 3118 1173.38, 3118.28 1173.7, 3118.7 1174.21, 3118.84 1174.39, 3118.89 1174.48, 3120.07 1176.1, 3120.49 1176.59, 3120.93 1177.06, 3121.21 1177.39, 3121.19 1177.82, 3121.23 1177.87, 3121.39 1177.82, 3121.76 1177.84, 3122.31 1177.86, 3122.74 1177.87, 3123.41 1177.91, 3124 1177.99, 3124.31 1178.09, 3124.32 1178.08, 3125 1178.12, 3125.5 1178.18, 3126.16 1178.16, 3126.87 1177.96, 3127.18 1178.22, 3127.44 1178.51, 3127.48 1179, 3128 1179, 3128 1181.82, 3128.23 1181.96, 3128.74 1182.45, 3129.1944 1182.9941, 3129.32 1183.15, 3129.5 1183.36, 3129.81 1183.68, 3130.38 1183.67, 3130.96 1183.58, 3132.5619 1183.3118, 3132.58 1183.31, 3133.17 1183.21, 3133.37 1183.26, 3133.74 1183.09, 3134.34 1182.99, 3134.96 1182.89, 3135.74 1182.71, 3136.63 1182.54, 3137.27 1182.55, 3137.73 1182.57, 3138.29 1182.59, 3138.79 1182.68, 3139.04 1182.72, 3139.72 1182.83, 3140.22 1182.87, 3140.65 1182.89, 3141.1 1182.87, 3141.96 1182.94, 3142.54 1183.02, 3143.28 1183.23, 3143.46 1183.3, 3143.96 1183.38, 3144.87 1183.45, 3145.41 1183.64, 3146.21 1184.05, 3146.54 1184.2, 3146.95 1184.33, 3147.39 1184.47, 3147.83 1184.61, 3147.92 1184.64, 3147.99 1184.66, 3148.18 1184.72, 3149.02 1185.01, 3149.49 1185.45, 3149.77 1185.77, 3150.05 1186.08, 3150.32 1186.39, 3150.79 1186.91, 3150.95 1186.34, 3150.97 1185.94, 3150.98 1185.16, 3150.98 1184.64, 3150.99 1184.24, 3151.01 1183.1, 3151.02 1182.67, 3151.03 1182.04, 3151.04 1181.4, 3151.04 1180.7, 3151.05 1180.21, 3151.05 1179.72, 3151.06 1179.15, 3151.06 1179.005, 3151.06 1179, 3151.0601 1178.9968, 3151.07 1178.72, 3151.07 1178.29, 3151.08 1178.21, 3151.08 1177.53, 3151.09 1176.92, 3151.09 1176.66, 3151.07 1176.17, 3151.05 1175.68, 3151.01 1175.08, 3150.96 1174.63, 3150.96 1174.11, 3150.99 1173.62, 3151.02 1173.18, 3151.04 1172.65, 3151.05 1171.87, 3151.03 1171.19, 3150.97 1169.86, 3150.9 1168.56, 3150.88 1168.05, 3150.86 1167.64, 3150.84 1167.08, 3150.84 1166.3, 3150.82 1165.24, 3150.73 1163.57, 3150.61 1161.76, 3150.21 1159.67, 3150.08 1158.95, 3149.78 1158, 3149.76 1158, 3149.4 1157.06, 3147.75 1156.11, 3147.7 1156.1, 3147.2 1155.65, 3146.99 1155.66, 3146.67 1155.9, 3146.32 1156.08, 3145.53 1156.59, 3144.73 1157.11, 3143.31 1157.96, 3143.05 1158.2, 3142.53 1158.74, 3141.86 1159.1, 3141.42 1159.39, 3141.3 1159.49, 3141.02 1159.74, 3140.36 1160.43, 3139.72 1160.92, 3138.89 1161.23, 3138.45 1161.36, 3137.88 1161.54, 3137.49 1161.65, 3136.98 1161.79, 3136.34 1161.9, 3135.86 1161.98, 3134.87 1162.16, 3134.36 1162.25, 3133.86 1162.34, 3133.27 1162.46, 3132.27 1162.72, 3131.67 1162.92, 3131.09 1163.25, 3130.6 1163.45, 3130.09 1163.8, 3129.52 1164.1, 3129.08 1164.26, 3128.58 1164.35, 3128 1164.42, 3127.79 1164.39, 3127.61 1164.19, 3126.91 1163.95, 3126.48 1163.81, 3126.13 1163.63, 3125.49 1163.27, 3125.1 1162.95, 3124.8 1162.69, 3124.32 1162.31, 3124.07 1162.14, 3123.68 1161.97, 3123.28 1161.9, 3122.9 1161.82, 3122.54 1161.73, 3122.32 1161.85))",10.804052,Lowland,66071,Red Market,"(3136.22781446971, 1171.3082114216147)"
Alma Bridge,AB10,White Bridge and Red Market,"POLYGON ((3130.96 1183.58, 3130.38 1183.67, 3129.81 1183.68, 3129.92 1184.3, 3130.09 1184.75, 3130.39 1185.57, 3130.43 1186.05, 3130.42 1186.1, 3130.33 1186.51, 3130.04 1187.22, 3130.18 1187.6, 3130.46 1188.04, 3130.8 1188.62, 3130.84 1188.69, 3130.96 1189.2, 3130.97 1189.97, 3131.07 1190.76, 3131.09 1191.05, 3131.13 1191.55, 3131.17 1192.2, 3131.1929 1192.5086, 3131.21 1192.77, 3131.2 1193.05, 3131.54 1193.09, 3131.61 1193.66, 3131.63 1193.97, 3131.62 1194.24, 3131.64 1194.53, 3131.73 1195.03, 3131.77 1195.49, 3131.88 1196.2, 3131.93 1196.41, 3131.94 1196.45, 3132.11 1197, 3132.23 1197.33, 3132.33 1197.71, 3132.35 1197.79, 3132.44 1198.4, 3132.54 1199.01, 3132.61 1199.52, 3132.69 1200.11, 3132.75 1200.53, 3132.87 1200.95, 3133.02 1201.54, 3133.14 1202.05, 3133.29 1202.76, 3133.37 1203.16, 3133.54 1203.74, 3133.69 1204.24, 3133.86 1204.77, 3134.05 1205.25, 3134.18 1205.59, 3134.37 1206.06, 3134.61 1206.76, 3134.809 1207.3639, 3134.82 1207.4, 3134.89 1207.62, 3134.9 1207.64, 3135.05 1207.77, 3135.49 1208, 3135.73 1208.47, 3135.92 1208.88, 3136.1 1209.42, 3136.52 1209.35, 3136.9 1209.29, 3137.24 1209.24, 3137.94 1209.13, 3138.3187 1209.066, 3138.762 1208.996, 3138.81 1208.99, 3140.79 1208.68, 3141.49 1208.57, 3142.23 1208.45, 3142.98 1208.33, 3143.62 1208.25, 3144.26 1208.16, 3144.69 1208.12, 3145.65 1208.03, 3146.57 1207.95, 3147.3384 1207.8795, 3148.02 1207.82, 3148.37 1207.79, 3148.38 1207.79, 3148.75 1207.75, 3148.65 1207.28, 3148.51 1206.37, 3148.48 1206.02, 3148.45 1205.8, 3148.42 1205.38, 3148.4 1205.22, 3148.38 1204.76, 3148.38 1204.35, 3148.37 1203.95, 3148.33 1203.15, 3148.3 1202.53, 3148.43 1201.9, 3148.56 1201.33, 3148.72 1200.61, 3148.84 1200.2, 3148.92 1199.92, 3149.03 1199.16, 3149.25 1198.59, 3149.28 1198.55, 3149.52 1198.22, 3149.72 1197.93, 3149.88 1197.4, 3150.02 1196.82, 3150.03 1196.79, 3150.16 1196.24, 3150.26 1195.85, 3150.3 1195.67, 3150.42 1195.18, 3150.55 1194.52, 3150.66 1194.01, 3150.74 1193.62, 3150.85 1193, 3150.95 1192.51, 3151.07 1192.06, 3151.24 1191.57, 3151.47 1191.19, 3151.59 1190.79, 3151.69 1190.67, 3151.62 1190.56, 3151.64 1190.15, 3151.59 1189.61, 3151.51 1189.04, 3151.36 1188.36, 3151.35 1188.31, 3151.23 1187.83, 3150.99 1187.21, 3150.79 1186.91, 3150.05 1186.08, 3149.49 1185.45, 3149.02 1185.01, 3148.18 1184.72, 3147.99 1184.66, 3147.92 1184.64, 3147.83 1184.61, 3147.39 1184.47, 3146.95 1184.33, 3146.54 1184.2, 3146.21 1184.05, 3145.41 1183.64, 3144.87 1183.45, 3143.96 1183.38, 3143.46 1183.3, 3143.37 1183.26, 3143.28 1183.23, 3142.54 1183.02, 3141.96 1182.94, 3141.1 1182.87, 3140.65 1182.89, 3140.22 1182.87, 3139.72 1182.83, 3139.04 1182.72, 3138.79 1182.68, 3138.29 1182.59, 3137.73 1182.57, 3137.27 1182.55, 3136.63 1182.54, 3135.74 1182.71, 3135.34 1182.8, 3134.96 1182.89, 3134.34 1182.99, 3133.74 1183.09, 3133.37 1183.26, 3133.17 1183.21, 3132.5619 1183.3118, 3132.48 1183.32, 3132.25 1183.36, 3132.18 1183.37, 3131.57 1183.47, 3130.96 1183.58))",6.932187,Lowland,56760,Red Market,"(3140.7587148593493, 1194.9708615345353)"
Alma Bridge,AB11,Weston Cross,"POLYGON ((3151.09 1176.66, 3151.09 1176.92, 3151.08 1177.53, 3151.08 1178.21, 3151.07 1178.25, 3151.07 1178.29, 3151.0601 1178.9968, 3151.06 1179, 3151.06 1179.005, 3151.05 1179.72, 3151.04 1180.7, 3151.04 1181.4, 3151.03 1182.04, 3151.02 1182.67, 3151.01 1183.1, 3151 1183.49, 3150.99 1184.24, 3150.98 1184.64, 3150.98 1185.16, 3150.97 1185.94, 3150.95 1186.34, 3150.79 1186.91, 3150.99 1187.21, 3151.23 1187.83, 3151.35 1188.31, 3151.36 1188.36, 3151.51 1189.04, 3151.59 1189.61, 3151.64 1190.15, 3151.62 1190.56, 3151.69 1190.67, 3151.59 1190.79, 3151.47 1191.19, 3151.24 1191.57, 3151.07 1192.06, 3150.95 1192.51, 3150.85 1193, 3150.74 1193.62, 3150.55 1194.52, 3150.42 1195.18, 3150.3 1195.67, 3150.16 1196.24, 3150.02 1196.82, 3149.88 1197.4, 3149.72 1197.93, 3149.25 1198.59, 3149.03 1199.16, 3148.92 1199.92, 3148.84 1200.2, 3148.72 1200.61, 3148.43 1201.9, 3148.3 1202.53, 3148.33 1203.15, 3148.37 1203.95, 3148.38 1204.35, 3148.38 1204.76, 3148.4 1205.22, 3148.45 1205.8, 3148.51 1206.37, 3148.65 1207.28, 3148.75 1207.75, 3148.8 1208.28, 3149.48 1208.32, 3150.25 1208.04, 3150.3 1211.52, 3150.25 1214, 3154.6 1214, 3167.49 1214, 3176.56 1214, 3183.75 1214, 3188.12 1214, 3188.11 1213.35, 3187.12 1213.14, 3186.26 1213.08, 3186.38 1212.21, 3186.46 1211.6, 3186.51 1211.19, 3186.55 1210.71, 3186.58 1209.78, 3186.58 1209.66, 3186.56 1208.71, 3186.55 1208.17, 3186.54 1207.55, 3186.56 1207.51, 3186.59 1207.28, 3186.6 1206.67, 3186.6 1206.66, 3186.55 1206.39, 3186.52 1206.22, 3186.44 1205.75, 3186.34 1205.28, 3186.22 1204.84, 3186.1 1204.38, 3185.98 1203.77, 3185.92 1203.06, 3185.89 1202.63, 3185.87 1202.24, 3185.87 1202.19, 3185.85 1201.84, 3185.82 1201.3, 3185.79 1200.73, 3185.76 1200.33, 3185.71 1199.86, 3185.66 1199.43, 3185.61 1199.04, 3185.53 1198.66, 3185.41 1198.1, 3185.25 1197.41, 3185.24 1197.31, 3185.14 1196.81, 3185.09 1196.43, 3184.96 1195.65, 3184.95 1195.27, 3184.91 1194.77, 3184.9 1194.49, 3184.88 1194.01, 3184.86 1193.61, 3184.82 1192.8, 3184.79 1192.42, 3184.73 1191.69, 3184.7 1191.22, 3184.66 1190.73, 3184.63 1190.24, 3184.68 1189.83, 3184.74 1189.59, 3184.8 1189.33, 3184.94 1188.84, 3184.97 1188.7, 3185.07 1188.32, 3185.14 1188.05, 3185.18 1187.57, 3185.17 1187.03, 3185.15 1186.55, 3185.17 1186.53, 3185.1 1186.07, 3185.06 1185.57, 3185.01 1185, 3185.03 1184.06, 3185.04 1183.91, 3185.04 1183.27, 3185.06 1182.49, 3185.07 1181.79, 3185.08 1181.32, 3185.09 1180.8, 3185.09 1180.39, 3185.07 1179.76, 3185.07 1179.68, 3184.51 1179.74, 3184.12 1179.99, 3183.81 1180.34, 3183.4 1180.76, 3183.27 1180.82, 3182.87 1180.98, 3182.3 1181.1, 3181.78 1181.08, 3181.77 1181.07, 3181.26 1180.87, 3180.86 1180.69, 3180.38 1180.47, 3179.76 1180.19, 3179.39 1180.01, 3178.99 1179.83, 3178.17 1179.45, 3177.49 1179.14, 3175.04 1178.04, 3174.59 1177.79, 3174.35 1177.64, 3174.12 1177.51, 3173.78 1177.31, 3173.75 1177.29, 3173.07 1176.91, 3172.68 1176.71, 3172.35 1176.42, 3172.23 1176.47, 3171.91 1176.17, 3171.83 1176.2, 3171.45 1175.87, 3171.39 1175.93, 3170.85 1175.63, 3170.49 1175.43, 3169.93 1175.13, 3169.4 1174.85, 3168.96 1174.61, 3168.95 1174.64, 3167.6 1174.12, 3166.49 1173.63, 3166.27 1174.18, 3166.16 1174.11, 3166.14 1174.1, 3166 1174.22, 3165.86 1174.23, 3165.8492 1174.2308, 3165.5285 1174.2539, 3165.23 1174.27, 3165.2097 1174.2768, 3165.0835 1174.2858, 3164.8 1174.3, 3164.19 1174.35, 3163.31 1174.41, 3162.88 1174.58, 3162.39 1174.6, 3161.97 1174.62, 3161.9304 1174.625, 3161.528 1174.644, 3161.39 1174.65, 3161.19 1174.66, 3161.05 1174.65, 3160.88 1174.6, 3160.79 1175.2, 3160.78 1175.33, 3160.81 1175.42, 3160.72 1176.21, 3160.61 1176.71, 3160.49 1176.96, 3159.86 1176.87, 3159.39 1176.82, 3158.85 1176.78, 3158.33 1176.66, 3158.02 1176.58, 3157.81 1176.53, 3157.46 1176.42, 3156.72 1176.06, 3156.11 1175.77, 3155.34 1175.41, 3155.09 1175.29, 3154.52 1175.02, 3153.94 1174.82, 3153.35 1174.69, 3152.85 1174.66, 3152.26 1174.69, 3152.05 1174.73, 3151.38 1174.91, 3151.01 1175.08, 3151.05 1175.68, 3151.05 1175.74, 3151.07 1176.17, 3151.09 1176.66))",20.536565,Lowland,220649,Red Market,"(3167.414254946203, 1195.689397916394)"
Alma Bridge,AB12,Weston Cross,"POLYGON ((3189.76 1183.93, 3189.5 1184.21, 3189.07 1184.51, 3188.96 1184.59, 3187.95 1185.35, 3187.21 1185.7, 3187.01 1185.73, 3186.46 1185.83, 3185.94 1186.02, 3185.76 1186.09, 3185.41 1186.25, 3185.17 1186.53, 3185.15 1186.55, 3185.17 1187.03, 3185.18 1187.57, 3185.14 1188.05, 3185.07 1188.32, 3184.97 1188.7, 3184.94 1188.84, 3184.8 1189.33, 3184.74 1189.59, 3184.68 1189.83, 3184.63 1190.24, 3184.66 1190.73, 3184.73 1191.69, 3184.79 1192.42, 3184.88 1194.01, 3184.9 1194.49, 3184.91 1194.77, 3184.95 1195.27, 3184.96 1195.65, 3185.09 1196.43, 3185.14 1196.81, 3185.24 1197.31, 3185.25 1197.41, 3185.41 1198.1, 3185.53 1198.66, 3185.61 1199.04, 3185.66 1199.43, 3185.71 1199.86, 3185.76 1200.33, 3185.79 1200.73, 3185.82 1201.3, 3185.85 1201.84, 3185.87 1202.19, 3185.87 1202.24, 3185.89 1202.63, 3185.9 1202.8, 3185.9 1202.88, 3185.91 1202.97, 3185.91 1203.01, 3185.92 1203.06, 3185.98 1203.77, 3186.1 1204.38, 3186.22 1204.84, 3186.34 1205.28, 3186.44 1205.75, 3186.52 1206.22, 3186.55 1206.39, 3186.6 1206.66, 3186.6 1206.67, 3186.59 1207.28, 3186.56 1207.51, 3186.54 1207.55, 3186.55 1208.17, 3186.56 1208.71, 3186.57 1209.26, 3186.58 1209.66, 3186.55 1210.71, 3186.51 1211.19, 3186.38 1212.21, 3186.26 1213.08, 3187.12 1213.14, 3188.11 1213.35, 3188.12 1214, 3203.81 1214, 3212.13 1214, 3218.59 1214, 3220.72 1214, 3226 1214, 3226 1208.02, 3226 1203.57, 3222.89 1203.23, 3219.6 1203.04, 3219.57 1201.9, 3219.53 1200.76, 3218.82 1200.46, 3218.08 1200.12, 3218.07 1200.03, 3218.05 1199.94, 3217.4 1199.71, 3217.04 1199.51, 3216.78 1199.23, 3216.52 1198.83, 3216.15 1198.44, 3215.85 1198.19, 3215.66 1198.14, 3215.16 1198.04, 3214.57 1197.94, 3214.47 1197.91, 3214.07 1197.77, 3213.83 1197.69, 3213.52 1197.58, 3213.16 1197.47, 3212.98 1197.39, 3212.83 1197.34, 3212.34 1197.14, 3211.93 1197, 3211.47 1196.84, 3210.63 1196.55, 3210.16 1196.39, 3209.56 1196.17, 3209.04 1195.89, 3208.8 1195.75, 3208.6 1195.63, 3207.98 1195.28, 3207.72 1195.72, 3207.14 1195.42, 3206.21 1195.07, 3205.62 1194.87, 3205.13 1194.65, 3204.69 1194.47, 3204.88 1194.14, 3203.76 1193.65, 3202.91 1193.36, 3202.73 1193.29, 3202.22 1193.08, 3202.03 1193.02, 3201.59 1192.81, 3201.57 1192.8, 3201.21 1192.56, 3200.84 1192.31, 3200.64 1192.22, 3200.24 1192.05, 3199.65 1191.9, 3199.53 1191.87, 3198.44 1191.5, 3197.74 1191.25, 3197.31 1190.98, 3197.2 1190.9, 3196.65 1190.51, 3196.5 1190.33, 3196.29 1190.11, 3195.83 1189.74, 3195.59 1189.25, 3195.38 1188.83, 3195.17 1188.44, 3194.73 1187.79, 3194.35 1187.09, 3194.15 1186.6, 3193.6 1186.48, 3193.41 1186.19, 3192.84 1185.85, 3192.69 1185.75, 3191.94 1185.51, 3191.23 1185.58, 3190.84 1185.26, 3190.25 1184.81, 3189.82 1184.45, 3189.78 1184.37, 3189.76 1183.93))",12.40981,Lowland,172539,West Cross,"(3202.329381838175, 1202.9912614845775)"
Alma Bridge,AB13,Weston Cross,"POLYGON ((3188.69 1154.94, 3188.16 1154.98, 3187.58 1155.05, 3186.75 1155.11, 3186.23 1155.17, 3185.76 1155.21, 3185.37 1155.24, 3184.83 1155.31, 3184.53 1155.35, 3184.06 1155.42, 3184.06 1155.58, 3184.07 1156.04, 3184.07 1157.06, 3184.06 1157.53, 3184.06 1157.91, 3184.07 1158.38, 3184.08 1158.58, 3184.11 1159.07, 3184.12 1159.25, 3184.17 1160.32, 3184.18 1160.35, 3184.19 1160.73, 3184.2 1161.12, 3184.23 1161.85, 3184.25 1162.32, 3184.255 1162.35, 3184.26 1162.45, 3184.3 1162.9, 3184.32 1163.08, 3184.37 1163.58, 3184.36 1164.29, 3184.39 1164.75, 3184.43 1165.2, 3184.44 1165.46, 3184.44 1165.56, 3184.45 1166.08, 3184.47 1166.58, 3184.49 1167.25, 3184.49 1167.28, 3184.51 1167.8, 3184.53 1168.5, 3184.56 1169.26, 3184.56 1169.82, 3184.55 1170.02, 3184.54 1170.39, 3184.58 1170.94, 3184.63 1171.63, 3184.63 1171.73, 3184.62 1172.16, 3184.61 1172.4, 3184.64 1172.87, 3184.59 1173.07, 3184.63 1173.68, 3184.64 1173.81, 3184.67 1174.06, 3184.71 1174.59, 3184.74 1175, 3184.8 1175.75, 3184.85 1176.39, 3184.89 1176.8, 3184.94 1177.21, 3184.97 1177.39, 3185.01 1177.65, 3185.12 1177.98, 3185.11 1178.44, 3185.09 1178.99, 3185.07 1179.68, 3185.07 1179.76, 3185.09 1180.39, 3185.07 1181.79, 3185.04 1183.27, 3185.04 1183.91, 3185.03 1184.06, 3185.02 1184.47, 3185.01 1185, 3185.06 1185.57, 3185.1 1186.07, 3185.17 1186.53, 3185.41 1186.25, 3185.76 1186.09, 3185.94 1186.02, 3186.46 1185.83, 3187.01 1185.73, 3187.21 1185.7, 3187.95 1185.35, 3188.46 1184.97, 3188.96 1184.59, 3189.07 1184.51, 3189.5 1184.21, 3189.76 1183.93, 3189.78 1184.37, 3189.82 1184.45, 3190.25 1184.81, 3190.84 1185.26, 3191.23 1185.58, 3191.94 1185.51, 3192.69 1185.75, 3192.84 1185.85, 3193.41 1186.19, 3193.6 1186.48, 3194.15 1186.6, 3194.35 1187.09, 3194.73 1187.79, 3195.17 1188.44, 3195.38 1188.83, 3195.59 1189.25, 3195.83 1189.74, 3196.29 1190.11, 3196.5 1190.33, 3196.65 1190.51, 3197.31 1190.98, 3197.74 1191.25, 3198.44 1191.5, 3199.53 1191.87, 3199.65 1191.9, 3200.24 1192.05, 3200.84 1192.31, 3201.21 1192.56, 3201.57 1192.8, 3201.59 1192.81, 3202.03 1193.02, 3202.22 1193.08, 3202.43 1193.17, 3202.73 1193.29, 3202.91 1193.36, 3203.76 1193.65, 3204.88 1194.14, 3204.69 1194.47, 3205.13 1194.65, 3205.62 1194.87, 3206.21 1195.07, 3207.14 1195.42, 3207.72 1195.72, 3207.98 1195.28, 3208.6 1195.63, 3208.8 1195.75, 3209.04 1195.89, 3209.56 1196.17, 3210.16 1196.39, 3210.63 1196.55, 3211.08 1196.71, 3211.47 1196.84, 3211.93 1197, 3212.34 1197.14, 3212.83 1197.34, 3212.98 1197.39, 3213.16 1197.47, 3213.52 1197.58, 3213.83 1197.69, 3214.07 1197.77, 3214.47 1197.91, 3214.57 1197.94, 3215.16 1198.04, 3215.66 1198.14, 3215.85 1198.19, 3216.15 1198.44, 3216.52 1198.83, 3216.78 1199.23, 3217.04 1199.51, 3217.4 1199.71, 3218.05 1199.94, 3218.08 1200.12, 3218.82 1200.46, 3219.53 1200.76, 3219.57 1201.9, 3219.6 1203.04, 3222.89 1203.23, 3226 1203.57, 3226 1191.6, 3226 1185.72, 3226 1180.11, 3226 1175.96, 3226 1168.22, 3226 1157.75, 3224.06 1157.63, 3222.91 1156.01, 3222.13 1153.8, 3218.48 1153.73, 3213.79 1153.55, 3213.58 1153.54, 3213.33 1153.52, 3212.62 1153.42, 3211.74 1153.44, 3210.43 1153.39, 3209.11 1153.3, 3207.37 1152.99, 3206.79 1152.97, 3205.3 1152.9, 3203.8 1152.81, 3202.82 1152.74, 3201.89 1152.64, 3201.21 1152.7, 3200.78 1152.8, 3200.25 1152.89, 3200.11 1152.96, 3199.91 1153.07, 3199.27 1153.39, 3198.68 1153.64, 3198.07 1153.96, 3197.69 1154.14, 3197.32 1154.32, 3196.68 1154.62, 3196.14 1154.78, 3195.05 1154.8, 3194.38 1154.82, 3192.68 1154.81, 3191.63 1154.93, 3191.23 1154.96, 3190.66 1154.97, 3190 1154.94, 3189.35 1154.92, 3188.69 1154.94))",25.716065,Lowland,247886,West Cross,"(3207.1057528902056, 1174.4810922732997)"
Alma Bridge,AB14,Weston Cross,"POLYGON ((3155.49 1146.01, 3155.14 1146.38, 3154.89 1146.76, 3154.77 1147.12, 3154.63 1147.52, 3154.48 1147.92, 3154.21 1148.39, 3154.21 1148.78, 3154.14 1149.52, 3154.1 1150.09, 3153.98 1150.6, 3154.08 1150.98, 3154.13 1151.54, 3154.09 1152.23, 3154.14 1152.89, 3154.02 1153.18, 3153.99 1153.25, 3153.67 1153.6, 3152.98 1154.07, 3152.75 1154.38, 3152.49 1154.35, 3152.32 1154.23, 3152.24 1154.44, 3152.05 1154.8, 3151.92 1155.24, 3151.86 1155.32, 3151.67 1155.63, 3151.51 1155.81, 3151.18 1155.9, 3150.78 1156.31, 3150.65 1156.53, 3150.38 1156.97, 3150.19 1157.29, 3150.01 1157.6, 3149.76 1158, 3149.78 1158, 3150.08 1158.95, 3150.21 1159.67, 3150.61 1161.76, 3150.73 1163.57, 3150.82 1165.24, 3150.84 1166.3, 3150.84 1167.08, 3150.86 1167.64, 3150.88 1168.05, 3150.9 1168.56, 3150.92 1168.97, 3150.94 1169.39, 3150.97 1169.86, 3150.99 1170.33, 3151.03 1171.19, 3151.05 1171.87, 3151.04 1172.65, 3151.02 1173.18, 3150.99 1173.62, 3150.96 1174.11, 3150.96 1174.63, 3151.01 1175.08, 3151.38 1174.91, 3152.05 1174.73, 3152.26 1174.69, 3152.85 1174.66, 3153.35 1174.69, 3153.94 1174.82, 3154.52 1175.02, 3155.09 1175.29, 3155.34 1175.41, 3156.11 1175.77, 3156.72 1176.06, 3157.12 1176.26, 3157.27 1176.33, 3157.46 1176.42, 3157.81 1176.53, 3158.02 1176.58, 3158.33 1176.66, 3158.85 1176.78, 3159.39 1176.82, 3159.86 1176.87, 3160.49 1176.96, 3160.61 1176.71, 3160.72 1176.21, 3160.81 1175.51, 3160.81 1175.42, 3160.78 1175.33, 3160.79 1175.2, 3160.88 1174.6, 3161.05 1174.65, 3161.19 1174.66, 3161.39 1174.65, 3161.528 1174.644, 3161.85 1174.63, 3161.89 1174.63, 3161.9304 1174.625, 3162.88 1174.58, 3163.31 1174.41, 3163.41 1174.41, 3163.79 1174.38, 3164.19 1174.35, 3165.0835 1174.2858, 3165.2 1174.28, 3165.2097 1174.2768, 3165.23 1174.27, 3165.5285 1174.2539, 3165.6 1174.25, 3165.8492 1174.2308, 3165.86 1174.23, 3166 1174.22, 3166.14 1174.1, 3166.27 1174.18, 3166.49 1173.63, 3167.6 1174.12, 3168.95 1174.64, 3168.96 1174.61, 3169.4 1174.85, 3169.93 1175.13, 3170.85 1175.63, 3171.39 1175.93, 3171.45 1175.87, 3171.83 1176.2, 3171.91 1176.17, 3172 1176.26, 3172.23 1176.47, 3172.35 1176.42, 3172.68 1176.71, 3173.07 1176.91, 3173.78 1177.31, 3174.59 1177.79, 3175.04 1178.04, 3175.67 1178.33, 3176.58 1178.74, 3177.49 1179.14, 3178.17 1179.45, 3178.99 1179.83, 3179.39 1180.01, 3179.76 1180.19, 3180.38 1180.47, 3180.86 1180.69, 3181.26 1180.87, 3181.78 1181.08, 3182.3 1181.1, 3182.87 1180.98, 3183.27 1180.82, 3183.34 1180.79, 3183.4 1180.76, 3183.81 1180.34, 3184.12 1179.99, 3184.51 1179.74, 3185.07 1179.68, 3185.11 1178.44, 3185.12 1177.98, 3185.01 1177.65, 3184.97 1177.39, 3184.94 1177.21, 3184.89 1176.8, 3184.85 1176.39, 3184.8 1175.75, 3184.71 1174.59, 3184.67 1174.06, 3184.64 1173.81, 3184.63 1173.68, 3184.59 1173.07, 3184.64 1172.87, 3184.61 1172.4, 3184.62 1172.16, 3184.63 1171.73, 3184.63 1171.63, 3184.58 1170.94, 3184.54 1170.39, 3184.55 1170.02, 3184.56 1169.82, 3184.56 1169.26, 3184.54 1168.65, 3184.53 1168.5, 3184.51 1167.8, 3184.49 1167.28, 3184.49 1167.25, 3184.47 1166.58, 3184.44 1165.46, 3184.43 1165.2, 3184.36 1164.29, 3184.37 1163.74, 3184.37 1163.58, 3184.32 1163.08, 3184.3 1162.9, 3184.26 1162.45, 3184.26 1162.38, 3184.255 1162.35, 3184.23 1161.85, 3184.2 1161.12, 3184.19 1160.73, 3184.18 1160.35, 3184.17 1160.32, 3184.15 1159.82, 3184.12 1159.25, 3184.11 1159.07, 3184.08 1158.58, 3184.07 1158.38, 3184.06 1157.91, 3184.07 1157.06, 3184.07 1156.04, 3184.06 1155.58, 3184.06 1155.42, 3183.4 1155.53, 3182.73 1155.67, 3180.81 1155.99, 3180.51 1156.06, 3180.2 1156.1, 3180.04 1156.1, 3179.76 1156.03, 3179.45 1155.96, 3178.97 1155.83, 3178.61 1155.66, 3178.44 1155.53, 3178.04 1155.2, 3177.44 1154.66, 3176.92 1154.26, 3176.47 1153.9, 3175.83 1153.37, 3174.72 1152.59, 3174.14 1152.22, 3173.7 1152.01, 3173.33 1151.84, 3172.94 1151.53, 3172.56 1151.37, 3171.55 1151.09, 3170.59 1150.91, 3169.92 1150.72, 3168.93 1150.48, 3167.74 1150.25, 3167.09 1150.07, 3166.41 1149.86, 3165.54 1149.6, 3165.18 1149.49, 3163.53 1149.01, 3162.5071 1148.7011, 3162.42 1148.67, 3161.51 1148.4, 3160.91 1148.22, 3158.17 1147.4, 3157.71 1147.27, 3157.08 1147.06, 3156.64 1146.85, 3156.26 1146.57, 3155.89 1146.29, 3155.49 1146.01))",13.252388,Lowland,160019,West Cross,"(3167.537641536882, 1163.9988103955595)"
Alma Bridge,AB15,Weston Cross,"POLYGON ((3164.39 1116.2, 3164.31 1116.22, 3162.72 1116.45, 3162.5 1116.49, 3161.8 1116.64, 3161.41 1116.73, 3161 1116.88, 3160.63 1117.11, 3160.24 1117.34, 3160.01 1117.66, 3159.69 1118.21, 3159.42 1118.69, 3159.28 1119.03, 3159.15 1119.43, 3158.86 1119.76, 3158.6 1120.05, 3158.35 1120.4, 3157.96 1120.87, 3157.69 1121.15, 3157.09 1121.44, 3156.41 1121.78, 3156.05 1121.95, 3155.5 1122.22, 3154.93 1122.5, 3154.99 1122.61, 3155.29 1122.8, 3155.27 1123.14, 3155.19 1123.55, 3155.07 1123.9, 3154.88 1124.21, 3154.53 1124.78, 3154.24 1125.32, 3154.01 1125.75, 3153.6 1126.48, 3153.29 1127.05, 3153.23 1127.55, 3153.39 1127.98, 3153.46 1128.34, 3153.4 1128.71, 3153.09 1129.06, 3152.82 1129.35, 3152.34 1129.94, 3151.96 1130.42, 3151.43 1131.11, 3150.78 1131.96, 3150.18 1132.73, 3149.92 1133.07, 3149.29 1133.89, 3148.89 1134.4, 3148.32 1135.16, 3147.92 1135.68, 3147.59 1136.09, 3147.34 1136.39, 3147.35 1136.42, 3147.07 1136.77, 3146.94 1137.16, 3146.8 1137.77, 3146.71 1138.19, 3146.59 1138.62, 3146.48 1139.11, 3146.27 1140.14, 3146.13 1140.78, 3146.04 1141.13, 3145.92 1141.65, 3145.94 1142.11, 3145.99 1142.58, 3146.05 1143.1, 3146.38 1143.15, 3147.31 1143.44, 3147.67 1143.56, 3148.06 1143.67, 3148.09 1143.72, 3148.13 1143.7, 3149.3 1144.05, 3150.2 1144.32, 3151.4 1144.69, 3152.61 1145.06, 3154.15 1145.52, 3154.83 1145.73, 3155.49 1146.01, 3155.89 1146.29, 3156.26 1146.57, 3156.64 1146.85, 3157.08 1147.06, 3157.71 1147.27, 3158.17 1147.4, 3159.92 1147.93, 3160.91 1148.22, 3161.51 1148.4, 3162.5071 1148.7011, 3162.56 1148.72, 3163.53 1149.01, 3165.18 1149.49, 3165.54 1149.6, 3166.41 1149.86, 3167.09 1150.07, 3167.74 1150.25, 3168.93 1150.48, 3169.92 1150.72, 3170.59 1150.91, 3171.55 1151.09, 3172.56 1151.37, 3172.94 1151.53, 3173.33 1151.84, 3173.7 1152.01, 3174.14 1152.22, 3174.72 1152.59, 3175.51 1153.15, 3175.83 1153.37, 3176.31 1153.78, 3176.47 1153.9, 3176.92 1154.26, 3177.44 1154.66, 3178.04 1155.2, 3178.44 1155.53, 3178.61 1155.66, 3178.97 1155.83, 3179.45 1155.96, 3179.76 1156.03, 3180.04 1156.1, 3180.2 1156.1, 3180.51 1156.06, 3180.81 1155.99, 3181.48 1155.88, 3182.73 1155.67, 3183.4 1155.53, 3184.06 1155.42, 3184.07 1155.24, 3184.07 1154.79, 3184.07 1153.79, 3184.05 1153.31, 3184.04 1152.9, 3184.04 1152.45, 3184.08 1152.05, 3184.13 1151.59, 3184.14 1151.46, 3184.14 1151.34, 3184.12 1150.96, 3184.1 1150.57, 3184.05 1150.18, 3183.91 1149.4, 3183.91 1148.8, 3183.75 1148.28, 3183.75 1147.62, 3183.85 1147.54, 3183.79 1147.03, 3183.8 1146.86, 3184.12 1146.1, 3184.22 1145.68, 3184.28 1145.21, 3184.28 1144.8, 3184.27 1144.68, 3184.18 1144.24, 3184.15 1144.04, 3184.08 1144.01, 3184.02 1143.8, 3183.91 1143.42, 3183.7 1142.86, 3183.61 1142.54, 3183.52 1141.98, 3183.46 1141.32, 3183.44 1141.16, 3183.33 1140.66, 3183.21 1140.26, 3183.15 1140.11, 3182.99 1139.75, 3182.8 1139.43, 3182.62 1139.08, 3182.57 1138.96, 3182.46 1138.71, 3182.24 1138.3, 3181.87 1137.69, 3181.86 1137.66, 3181.84 1137.63, 3181.62 1137.25, 3181.52 1137.11, 3181.28 1136.79, 3181.12 1136.26, 3181.07 1136.01, 3180.06 1132.69, 3179.66 1129.99, 3179.51 1128.85, 3179.27 1127.57, 3179.1 1126.87, 3179 1126.05, 3178.92 1125.4, 3178.88 1125.07, 3178.83 1124.76, 3178.72 1124.03, 3178.65 1123.35, 3178.39 1121.99, 3178.13 1120.65, 3177.83 1119.21, 3177.81 1119.12, 3177.61 1118.11, 3177.58 1117.98, 3177.4 1117.1, 3178.14 1116.96, 3179.32 1116.74, 3179.14 1115.83, 3176.16 1115.94, 3172 1116.15, 3171.65 1116.14, 3171.14 1116.15, 3170.87 1116.17, 3170.25 1116.23, 3169.38 1116.32, 3168.07 1116.45, 3167.72 1116.48, 3167.69 1116.49, 3167.31 1116.51, 3166.87 1116.59, 3166.4 1116.55, 3165.95 1116.61, 3165.83 1116.63, 3165.25 1116.69, 3164.45 1116.75, 3164.39 1116.2))",15.480822,Lowland,133405,West Cross,"(3167.277880331363, 1135.4379595567843)"
Alma Bridge,AB16,Weston Cross,"POLYGON ((3188.69 1137.13, 3188.38 1136.9, 3188.05 1136.66, 3185.63 1136, 3182.89 1135.81, 3181.07 1136.01, 3181.12 1136.26, 3181.28 1136.79, 3181.52 1137.11, 3181.62 1137.25, 3181.84 1137.63, 3181.87 1137.69, 3182.24 1138.3, 3182.46 1138.71, 3182.62 1139.08, 3182.8 1139.43, 3182.99 1139.75, 3183.15 1140.11, 3183.21 1140.26, 3183.33 1140.66, 3183.44 1141.16, 3183.52 1141.98, 3183.61 1142.54, 3183.7 1142.86, 3183.91 1143.42, 3184.02 1143.8, 3184.08 1144.01, 3184.15 1144.04, 3184.18 1144.24, 3184.27 1144.68, 3184.28 1144.8, 3184.28 1145.21, 3184.22 1145.68, 3184.12 1146.1, 3183.8 1146.86, 3183.79 1147.03, 3183.85 1147.54, 3183.75 1147.62, 3183.75 1148.28, 3183.91 1148.8, 3183.91 1149.4, 3184.05 1150.18, 3184.1 1150.57, 3184.12 1150.96, 3184.14 1151.34, 3184.14 1151.46, 3184.13 1151.59, 3184.08 1152.05, 3184.04 1152.45, 3184.04 1152.9, 3184.05 1153.31, 3184.07 1153.79, 3184.07 1154.79, 3184.06 1155.42, 3184.83 1155.31, 3185.37 1155.24, 3185.76 1155.21, 3186.23 1155.17, 3186.75 1155.11, 3187.58 1155.05, 3188.16 1154.98, 3188.69 1154.94, 3189.35 1154.92, 3190 1154.94, 3190.66 1154.97, 3191.23 1154.96, 3191.63 1154.93, 3192.68 1154.81, 3194.38 1154.82, 3195.05 1154.8, 3196.14 1154.78, 3196.68 1154.62, 3197.32 1154.32, 3197.69 1154.14, 3198.07 1153.96, 3198.68 1153.64, 3199.27 1153.39, 3199.91 1153.07, 3200.11 1152.96, 3200.25 1152.89, 3200.78 1152.8, 3201.21 1152.7, 3201.89 1152.64, 3202.82 1152.74, 3203.8 1152.81, 3205.3 1152.9, 3206.79 1152.97, 3207.37 1152.99, 3209.11 1153.3, 3210.43 1153.39, 3211.74 1153.44, 3212.62 1153.42, 3213.33 1153.52, 3213.58 1153.54, 3213.79 1153.55, 3218.48 1153.73, 3222.13 1153.8, 3222.91 1156.01, 3224.06 1157.63, 3226 1157.75, 3226 1149.9, 3226 1143.82, 3226 1136, 3221.48 1136, 3221.13 1135.99, 3220.84 1136, 3220.6 1136, 3220.41 1136.06, 3220.25 1136.32, 3219.75 1136.2, 3219.1 1136.27, 3218.71 1136.19, 3217.94 1136.04, 3217.1 1135.99, 3216.5 1136, 3214.45 1136, 3213.08 1136, 3209.92 1136, 3209.61 1136.05, 3209.39 1136.22, 3208.46 1136.18, 3208.38 1136.18, 3208.2 1136.46, 3207.86 1136.85, 3207.52 1137.25, 3207.28 1137.52, 3207.15 1137.69, 3206.53 1137.57, 3206.4 1137.55, 3206.29 1137.54, 3206.13 1137.52, 3205.66 1137.54, 3205.44 1137.56, 3205.11 1137.64, 3204.63 1137.79, 3204.28 1137.9, 3204.17 1137.93, 3203.78 1138.02, 3203.32 1138.03, 3202.96 1137.98, 3202.58 1137.97, 3202.6 1137.28, 3202.61 1136.58, 3202.63 1136.04, 3201.44 1136, 3197.03 1136, 3194 1136, 3193.05 1136, 3191.07 1136.01, 3190.86 1136, 3190.83 1136.02, 3189.59 1136.02, 3189.57 1136.39, 3189.52 1136.84, 3189.47 1137.22, 3189.43 1137.61, 3189.16 1137.43, 3188.69 1137.13))",11.853515,Lowland,119915,West Cross,"(3204.7520366252843, 1145.1748248729036)"
Alma Bridge,AB17,Weston Cross,"POLYGON ((3194 1094.04, 3193.99 1094.03, 3193.91 1094.17, 3193.8 1094.32, 3193.69 1094.48, 3192.92 1095.31, 3192.03 1095.81, 3191.96 1095.85, 3191.9 1095.89, 3191.79 1095.95, 3190.42 1096.88, 3189.94 1097.71, 3189.29 1098.36, 3189.04 1098.66, 3188.86 1098.94, 3188.66 1099.05, 3187.4 1100.04, 3187.37 1100.07, 3186.85 1100.67, 3186.42 1101.35, 3185.83 1101.67, 3185.14 1101.72, 3184.25 1101.62, 3183.04 1101.87, 3182.22 1102.16, 3181.94 1102.46, 3181.79 1102.55, 3182.07 1103.45, 3182.35 1104.34, 3182.52 1105.14, 3182.52 1105.26, 3182.53 1106.2, 3182.39 1107.12, 3182.32 1107.31, 3181.93 1108.55, 3181.86 1108.71, 3181.61 1109.16, 3181.38 1109.32, 3181.59 1109.56, 3181.3 1110.53, 3181.12 1111.56, 3180.89 1111.64, 3180.32 1111.46, 3180.31 1111.91, 3180.3 1112.19, 3180.29 1112.45, 3179.67 1113.67, 3179.03 1114.6, 3179.01 1114.74, 3179.1 1115.59, 3179.14 1115.83, 3179.32 1116.74, 3178.14 1116.96, 3177.4 1117.1, 3177.58 1117.98, 3177.61 1118.11, 3177.81 1119.12, 3177.83 1119.21, 3178.13 1120.65, 3178.39 1121.99, 3178.65 1123.35, 3178.72 1124.03, 3178.83 1124.76, 3178.88 1125.07, 3178.92 1125.4, 3179 1126.05, 3179.1 1126.87, 3179.27 1127.57, 3179.51 1128.85, 3179.66 1129.99, 3180.06 1132.69, 3181.07 1136.01, 3182.89 1135.81, 3185.63 1136, 3188.05 1136.66, 3188.38 1136.9, 3188.69 1137.13, 3189.16 1137.43, 3189.43 1137.61, 3189.47 1137.22, 3189.52 1136.84, 3189.57 1136.39, 3189.59 1136.02, 3190.99 1136, 3193.05 1136, 3194 1136, 3197.03 1136, 3201.44 1136, 3202.63 1136.04, 3202.61 1136.58, 3202.58 1137.97, 3202.96 1137.98, 3203.32 1138.03, 3203.78 1138.02, 3204.17 1137.93, 3204.28 1137.9, 3204.63 1137.79, 3204.74 1137.76, 3205.11 1137.64, 3205.44 1137.56, 3205.66 1137.54, 3206.13 1137.52, 3206.29 1137.54, 3206.53 1137.57, 3207.15 1137.69, 3207.28 1137.52, 3207.52 1137.25, 3207.86 1136.85, 3208.2 1136.46, 3208.38 1136.18, 3208.46 1136.18, 3209.39 1136.22, 3209.61 1136.05, 3209.92 1136, 3213.08 1136, 3214.45 1136, 3216.5 1136, 3217.1 1135.99, 3217.94 1136.04, 3218.71 1136.19, 3219.1 1136.27, 3219.75 1136.2, 3220.25 1136.32, 3220.41 1136.06, 3220.6 1136, 3220.84 1136, 3221.13 1135.99, 3221.48 1136, 3226 1136, 3226 1127.36, 3226 1111.31, 3226 1105.41, 3226 1099.67, 3226 1092, 3221.54 1092, 3217.11 1092, 3217.07 1092.12, 3216.74 1093.12, 3216.29 1093.17, 3216.05 1093.19, 3215.63 1093.23, 3215.36 1093.26, 3214.09 1093.39, 3213.8 1093.42, 3213.49 1093.46, 3212.39 1093.46, 3211.1 1093.39, 3209.73 1093.32, 3208.87 1093.44, 3207.49 1094.4, 3206.52 1094.75, 3206.59 1093.49, 3206.24 1092.56, 3206.04 1092.34, 3205.57 1092, 3199.93 1092, 3194.78 1092, 3194.61 1092.33, 3194.36 1092.73, 3194.35 1092.85, 3194.17 1093.35, 3194.15 1093.44, 3194.13 1093.95, 3194 1094.04))",29.837110000000003,Lowland,297860,West Cross,"(3203.8620903771457, 1115.444169855824)"
Alma Bridge,AB18,Alma Causeway,"POLYGON ((3165.35 1040.26, 3165.21 1040.8, 3165.14 1041.4, 3165.07 1041.86, 3164.97 1042.52, 3164.88 1043.12, 3164.75 1043.75, 3164.61 1044.41, 3165.24 1044.74, 3165.87 1044.74, 3166.21 1044.99, 3166.22 1045.1, 3166.24 1045.22, 3166.14 1045.54, 3166.05 1045.87, 3165.99 1046.35, 3165.72 1046.41, 3165.76 1046.81, 3165.71 1047.41, 3165.66 1047.83, 3165.63 1048.2, 3165.65 1048.93, 3165.68 1049.78, 3165.69 1050.1, 3165.55 1050.88, 3165.64 1051.37, 3165.94 1051.8, 3166.03 1052, 3166.09 1052.53, 3166.09 1053.04, 3166.13 1053.33, 3166.13 1054.21, 3166.18 1054.84, 3166.26 1055.43, 3166.4 1056.1, 3166.45 1056.32, 3166.52 1056.7, 3166.62 1057.42, 3166.48 1057.81, 3166.35 1058.15, 3166.36 1058.64, 3166.37 1058.73, 3166.41 1059.15, 3166.4 1059.6, 3166.13 1059.95, 3166.06 1060.04, 3165.99 1060.16, 3165.83 1060.4, 3165.37 1060.97, 3165.42 1061.13, 3165.91 1060.91, 3166.34 1060.78, 3166.38 1060.76, 3166.77 1060.71, 3167.35 1060.63, 3168.02 1060.52, 3168.27 1060.43, 3169.16 1060.1, 3168.99 1060.71, 3168.79 1061.05, 3168.76 1061.28, 3169.52 1061.35, 3169.78 1061.88, 3170.17 1061.98, 3170.23 1062.8, 3170.59 1062.58, 3171.01 1062.33, 3171.42 1062.14, 3171.8797 1061.9295, 3172 1061.88, 3172.25 1061.76, 3172.34 1062.15, 3172.44 1062.54, 3172.57 1063.15, 3172.68 1063.89, 3172.7 1064.37, 3172.66 1064.78, 3172.59 1065.21, 3172.59 1065.5, 3172.47 1065.93, 3172.37 1066.59, 3172.6 1066.98, 3172.64 1067.37, 3172.61 1067.85, 3172.6 1068.25, 3172.51 1068.82, 3172.21 1069.27, 3172.44 1069.69, 3172.01 1069.94, 3172 1069.95, 3172 1073.05, 3172.08 1075.3264, 3172.08 1075.37, 3172.09 1075.76, 3172.11 1076.18, 3171.58 1076.42, 3171.08 1076.65, 3170.94 1077.1, 3170.9022 1077.2222, 3170.77 1077.65, 3170.767 1077.6576, 3170.75 1077.7, 3170.57 1078.29, 3170.44 1078.71, 3171.02 1078.41, 3171.46 1078.22, 3172 1078.09, 3172.1 1078.06, 3172.69 1077.91, 3172.76 1077.89, 3173.2 1077.53, 3173.43 1077.85, 3173.48 1077.92, 3173.5 1078.23, 3173.39 1078.64, 3173.28 1079.18, 3173.31 1079.46, 3173.37 1079.89, 3173.44 1080.32, 3173.5 1080.93, 3173.57 1081.42, 3173.67 1081.8, 3173.77 1082.42, 3173.86 1082.84, 3174.13 1084.11, 3173.74 1084.12, 3173.6 1084.14, 3172.79 1084.07, 3172.22 1084.35, 3172 1084.46, 3172 1089.46, 3172 1092, 3171.99 1105.82, 3172 1116.15, 3176.16 1115.94, 3179.14 1115.83, 3179.1 1115.59, 3179.01 1114.74, 3179.03 1114.6, 3179.67 1113.67, 3180.29 1112.45, 3180.3 1112.19, 3180.31 1111.91, 3180.32 1111.46, 3180.89 1111.64, 3181.12 1111.56, 3181.3 1110.53, 3181.59 1109.56, 3181.38 1109.32, 3181.61 1109.16, 3181.86 1108.71, 3181.93 1108.55, 3182.39 1107.12, 3182.53 1106.2, 3182.52 1105.14, 3182.35 1104.34, 3181.79 1102.55, 3181.87 1102.51, 3181.94 1102.46, 3182.22 1102.16, 3183.04 1101.87, 3184.25 1101.62, 3185.14 1101.72, 3185.83 1101.67, 3186.42 1101.35, 3186.85 1100.67, 3187.37 1100.07, 3187.4 1100.04, 3188.03 1099.55, 3188.66 1099.05, 3188.86 1098.94, 3189.04 1098.66, 3189.29 1098.36, 3189.94 1097.71, 3190.42 1096.88, 3191.79 1095.95, 3191.9 1095.89, 3192.03 1095.81, 3192.92 1095.31, 3193.69 1094.48, 3193.91 1094.17, 3193.99 1094.03, 3194 1094.04, 3194.13 1093.95, 3194.15 1093.44, 3194.17 1093.35, 3194.35 1092.85, 3194.36 1092.73, 3194.61 1092.33, 3194.78 1092, 3199.93 1092, 3205.57 1092, 3205.42 1091.89, 3205.35 1091.85, 3204.74 1091.52, 3204.08 1090.95, 3203.6 1090.23, 3203.3 1089.77, 3203.04 1089.36, 3202.78 1088.99, 3202.38 1088.41, 3201.82 1087.62, 3201.23 1086.84, 3200.4 1085.7, 3200.2 1085.46, 3199.94 1085.12, 3201 1084.28, 3201.59 1083.85, 3202.95 1082.8, 3203.87 1082.39, 3203.42 1081.12, 3203.33 1080.87, 3203.29 1080.73, 3203.06 1079.48, 3202.51 1077.93, 3202.33 1077.58, 3202.45 1077.07, 3202.76 1076.46, 3203.84 1074.99, 3204.18 1074.42, 3204.63 1073.63, 3205.08 1072.83, 3205.57 1071.96, 3205.75 1071.58, 3205.95 1071.01, 3205.98 1070.92, 3206.08 1070.41, 3206.11 1069.73, 3206.11 1069.05, 3205.65 1069.11, 3204.95 1069.6, 3204.91 1069.62, 3204.34 1069.93, 3203.97 1070.18, 3203.35 1070.34, 3203.01 1070.18, 3202.73 1069.91, 3203.09 1069.44, 3203.26 1069.09, 3202.48 1068.93, 3202.08 1069.09, 3201.83 1069.22, 3201.28 1069.34, 3200.88 1069.19, 3200.41 1068.92, 3200.05 1068.85, 3199.6 1068.87, 3199.23 1068.9, 3198.79 1068.93, 3198.64 1068.95, 3198.49 1068.95, 3198.35 1068.97, 3198.04 1068.98, 3197.56 1069.05, 3197.37 1069.08, 3197.07 1069.06, 3196.89 1069.19, 3196.44 1069.31, 3196.17 1069.37, 3195.79 1069.44, 3195.67 1069.47, 3195.57 1069.48, 3195.29 1069.51, 3194.84 1069.34, 3194.64 1069.06, 3194.42 1068.64, 3194.23 1068.23, 3194.03 1067.83, 3194 1067.76, 3193.89 1067.51, 3193.66 1067, 3193.23 1066.09, 3192.9 1065.4, 3192.46 1064.63, 3192.24 1064.09, 3192.08 1063.71, 3191.9 1063.25, 3191.71 1062.8, 3191.59 1062.44, 3191.65 1061.9, 3191.44 1061.69, 3191.32 1061.56, 3191.2 1061.44, 3191.02 1061.33, 3190.8 1061.19, 3191.52 1060.72, 3191.81 1060.44, 3191.89 1060.37, 3192.25 1060.01, 3192.55 1059.7, 3192.84 1059.45, 3193.37 1059.01, 3193.76 1058.67, 3193.96 1058.51, 3194.11 1058.33, 3194.69 1057.98, 3195.03 1057.76, 3195.77 1057.61, 3196.34 1057.33, 3196.45 1057.32, 3197.13 1057.23, 3197.69 1057.03, 3197.72 1057.02, 3198.01 1056.8, 3197.96 1056.63, 3197.85 1056.49, 3197.68 1056.3, 3197.63 1056.28, 3197.52 1056.17, 3197.18 1056, 3196.86 1055.78, 3196.35 1055.56, 3196.06 1055.36, 3195.75 1055.08, 3195.64 1055.06, 3195.64 1054.97, 3195.19 1054.49, 3194.87 1054.15, 3194.1 1053.38, 3194 1053.27, 3193.74 1053.02, 3193.49 1052.73, 3193.37 1052.57, 3192.83 1052.22, 3193.2 1051.71, 3192.99 1051.05, 3192.76 1050.62, 3192.58 1049.92, 3192.51 1049.36, 3192.52 1048.76, 3192.63 1048.08, 3192.65 1048, 3192.7 1047.73, 3192.82 1047, 3192.87 1046.62, 3192.91 1046.07, 3192.86 1045.61, 3192.7 1045.25, 3192.22 1044.53, 3192.11 1044.28, 3192.03 1043.84, 3192 1043.24, 3191.97 1042.65, 3192.02 1042.16, 3192.06 1041.67, 3192.06 1041.35, 3192.04 1041.33, 3191.91 1041.1, 3191.82 1041, 3191.62 1040.86, 3191.12 1040.73, 3190.55 1040.52, 3190.21 1040.29, 3189.58 1040.02, 3189.89 1040.52, 3189.95 1040.6, 3189.69 1041.02, 3189.32 1041.48, 3188.94 1041.94, 3188.6 1042.36, 3188.36 1042.65, 3187.96 1043.13, 3187.61 1042.66, 3187.23 1042.16, 3186.68 1041.44, 3186.33 1040.95, 3186.08 1040.5, 3186.05 1040.4, 3185.51 1039.85, 3185.23 1039.48, 3185.22 1039.46, 3184.93 1039.08, 3184.59 1038.63, 3184.47 1038.34, 3184.19 1038.63, 3183.78 1039.1, 3183.65 1039.25, 3183.33 1039.53, 3182.85 1039.82, 3181.78 1040.28, 3181.13 1040.51, 3180.89 1040.6, 3180.88 1040.59, 3179.94 1040.87, 3179.24 1041.07, 3178.87 1041.2, 3178.67 1041.3, 3178.33 1041.35, 3177.81 1041.37, 3177.43 1041.32, 3177.01 1041.26, 3176.96 1041.18, 3176.79 1041.16, 3176.22 1041.14, 3176.07 1041.12, 3175.52 1040.99, 3175.03 1040.75, 3174.22 1040.38, 3173.69 1040.14, 3173.35 1039.98, 3172.94 1039.78, 3172.48 1039.56, 3172 1039.34, 3171.63 1039.17, 3170.42 1038.59, 3168.2 1037.24, 3167.65 1036.88, 3166.95 1036.42, 3166.6 1036.14, 3166.29 1036.74, 3166.08 1037.17, 3165.83 1037.8, 3165.67 1038.23, 3165.5 1038.74, 3165.46 1038.94, 3165.35 1039.39, 3165.35 1040.26))",27.556276,Lowland,138319,Bayes Causeway,"(3183.0355023668817, 1072.899169237969)"
Alma Bridge,AB19,Alma Causeway,"POLYGON ((3178.97 998.65, 3178.25 998.63, 3177 998.76, 3175.74 999.11, 3175.25 999.33, 3173.03 1000.54, 3170.07 1002.23, 3168.96 1002.93, 3168.24 1003.48, 3167.92 1003.78, 3166.86 1004.91, 3166.39 1005.55, 3165.91 1006.32, 3165.41 1007.33, 3164.86 1008.69, 3164.4 1009.58, 3163.77 1010.45, 3163.73 1010.49, 3163.6304 1010.5947, 3162.95 1011.3, 3162.38 1011.75, 3161.86 1012.08, 3161.34 1012.37, 3160.37 1012.77, 3160.36 1012.77, 3159.49 1013.01, 3158.75 1013.11, 3158.63 1013.12, 3158.79 1013.31, 3159.04 1013.59, 3159.23 1013.74, 3159.39 1013.91, 3159.48 1013.94, 3159.52 1013.99, 3159.72 1014.25, 3159.93 1014.53, 3160.14 1014.86, 3160.36 1015.18, 3160.61 1015.5, 3160.82 1015.74, 3160.91 1015.85, 3161.22 1016.27, 3161.38 1016.45, 3162.02 1017.12, 3162.28 1017.42, 3163.18 1018.46, 3163.47 1018.74, 3163.82 1019.01, 3164.18 1019.23, 3164.53 1019.39, 3165.01 1019.61, 3165.49 1019.84, 3165.89 1020.03, 3166.61 1020.39, 3166.97 1020.6, 3167.32 1020.87, 3167.96 1020.3, 3168.42 1019.88, 3169.16 1019.24, 3169.75 1018.72, 3169.95 1018.54, 3170.55 1019.48, 3171.03 1020.15, 3171.88 1021.12, 3171.96 1021.21, 3172 1021.25, 3172.75 1021.96, 3174.34 1023.19, 3176.47 1024.8, 3177.1 1025.37, 3177.96 1026.31, 3178.38 1026.85, 3179.13 1027.94, 3179.6 1028.75, 3180.1257 1029.635, 3180.2 1029.76, 3180.91 1030.97, 3182.11 1033, 3182.55 1033.62, 3182.94 1034.07, 3183.12 1034.25, 3183.51 1034.84, 3184.12 1035.48, 3184.88 1036.27, 3185.03 1036.72, 3185.07 1036.86, 3184.99 1037.54, 3184.88 1037.73, 3184.45 1038.28, 3184.47 1038.34, 3184.59 1038.63, 3184.93 1039.08, 3185.23 1039.48, 3185.51 1039.85, 3186.05 1040.4, 3186.08 1040.5, 3186.33 1040.95, 3186.68 1041.44, 3187.96 1043.13, 3188.36 1042.65, 3188.6 1042.36, 3189.32 1041.48, 3189.69 1041.02, 3189.95 1040.6, 3189.89 1040.52, 3189.58 1040.02, 3190.21 1040.29, 3190.28 1040.31, 3190.54 1040.19, 3190.69 1040.03, 3190.71 1039.91, 3190.89 1039.55, 3191.13 1039.25, 3191.6 1038.65, 3189.81 1037.6, 3190.3 1036.75, 3190.3 1035.82, 3190.27 1033.69, 3190.25 1033.21, 3190.39 1032.77, 3190.53 1032.42, 3190.67 1032.01, 3190.6 1031.59, 3190.49 1031.22, 3190.3 1030.74, 3189.86 1030.1, 3189.64 1029.61, 3189.34 1028.99, 3188.96 1028.86, 3189.18 1027.85, 3189.36 1027.29, 3189.37 1027.28, 3189.61 1026.86, 3190.32 1025.98, 3190.4 1025.78, 3190.65 1025.69, 3190.81 1025.72, 3191.25 1025.65, 3191.81 1025.77, 3192.26 1025.93, 3193.21 1026.26, 3193.69 1026.43, 3194 1026.6, 3194 1026.48, 3194.28 1026.75, 3194.46 1026.89, 3194.89 1027.24, 3194.93 1027.27, 3195.3 1027.56, 3195.61 1027.02, 3195.78 1026.6, 3195.82 1026.04, 3195.77 1025.02, 3195.55 1024.47, 3195.55 1023.24, 3195.59 1022.85, 3195.75 1021.99, 3196.01 1020.8, 3196.23 1020.1, 3196.58 1019.01, 3196.91 1018.01, 3197.1 1017.48, 3197.27 1017.01, 3197.44 1016.67, 3197.84 1016.11, 3198.2 1015.8, 3199.11 1015.32, 3199.13 1015.31, 3199.61 1015.02, 3200.02 1014.82, 3200.06 1014.81, 3200.0682 1014.8045, 3200.55 1014.65, 3201.03 1014.6, 3201.51 1014.54, 3201.96 1014.55, 3202.39 1014.57, 3203.09 1014.61, 3203.52 1014.61, 3204.01 1014.63, 3205.34 1014.7, 3205.88 1014.74, 3205.93 1014.36, 3206.19 1013.52, 3206.41 1012.9, 3206.53 1012.67, 3206.78 1012.07, 3207.03 1011.51, 3207.24 1010.98, 3206.99 1010.39, 3207.01 1010, 3207.39 1009.37, 3206.72 1008.97, 3206.19 1008.63, 3205.72 1008.33, 3205.38 1008.13, 3205.2239 1008.0402, 3204.59 1007.67, 3203.94 1007.2913, 3203.79 1007.2, 3203.565 1007.0728, 3203.56 1007.07, 3203.44 1007, 3203.05 1006.92, 3203.09 1006.58, 3202.6 1006.55, 3202.21 1006.44, 3201.74 1006.35, 3201.16 1006.05, 3200.56 1005.8, 3200.17 1005.61, 3199.77 1005.45, 3199.18 1005.22, 3198.81 1005.05, 3198.45 1004.88, 3197.7 1004.22, 3197.52 1004, 3197.19 1003.62, 3196.88 1003.17, 3196.52 1002.55, 3196.31 1002.09, 3192.24 1002.08, 3189.66 1002.06, 3188.91 1002.01, 3188.16 1001.97, 3187.02 1001.79, 3185.86 1001.49, 3185.18 1001.26, 3184.53 1001.1, 3183.53 1000.52, 3183.17 1000.34, 3181.85 999.54, 3181.24 999.24, 3180.6 998.99, 3179.76 998.76, 3178.97 998.65))",14.972872999999998,Lowland,97961,Bayes Causeway,"(3183.4229868691555, 1015.1387982671407)"
Alma Bridge,AB20,Alma Causeway,"POLYGON ((3195.55 1024.47, 3195.77 1025.02, 3195.82 1026.04, 3195.78 1026.6, 3195.61 1027.02, 3195.3 1027.56, 3194.93 1027.27, 3194.46 1026.89, 3194.28 1026.75, 3194 1026.48, 3194 1026.6, 3193.69 1026.43, 3193.21 1026.26, 3192.93 1026.16, 3192.26 1025.93, 3191.81 1025.77, 3191.25 1025.65, 3190.81 1025.72, 3190.65 1025.69, 3190.4 1025.78, 3190.32 1025.98, 3189.61 1026.86, 3189.36 1027.29, 3189.18 1027.85, 3188.96 1028.86, 3189.34 1028.99, 3189.64 1029.61, 3189.86 1030.1, 3190.3 1030.74, 3190.49 1031.22, 3190.6 1031.59, 3190.67 1032.01, 3190.53 1032.42, 3190.39 1032.77, 3190.25 1033.21, 3190.27 1033.69, 3190.3 1035.82, 3190.3 1036.75, 3189.81 1037.6, 3191.6 1038.65, 3191.13 1039.25, 3190.89 1039.55, 3190.71 1039.91, 3190.69 1040.03, 3190.54 1040.19, 3190.28 1040.31, 3190.21 1040.29, 3190.55 1040.52, 3190.87 1040.64, 3191.12 1040.73, 3191.62 1040.86, 3191.82 1041, 3191.91 1041.1, 3192.04 1041.33, 3192.06 1041.35, 3192.06 1041.67, 3191.97 1042.65, 3192 1043.24, 3192.03 1043.84, 3192.11 1044.28, 3192.22 1044.53, 3192.65 1045.18, 3192.7 1045.25, 3192.86 1045.61, 3192.91 1046.07, 3192.87 1046.62, 3192.82 1047, 3192.7 1047.73, 3192.63 1048.08, 3192.52 1048.76, 3192.51 1049.36, 3192.58 1049.92, 3192.68 1050.32, 3192.71 1050.43, 3192.72 1050.49, 3192.73 1050.51, 3192.75 1050.59, 3192.76 1050.62, 3192.78 1050.66, 3192.8 1050.71, 3192.99 1051.05, 3193.2 1051.71, 3192.83 1052.22, 3193.37 1052.57, 3193.49 1052.73, 3193.74 1053.02, 3194.1 1053.38, 3194.87 1054.15, 3195.19 1054.49, 3195.64 1054.97, 3195.64 1055.06, 3195.75 1055.08, 3196.06 1055.36, 3196.35 1055.56, 3196.86 1055.78, 3197.18 1056, 3197.52 1056.17, 3197.63 1056.28, 3197.68 1056.3, 3197.96 1056.63, 3198.01 1056.8, 3197.72 1057.02, 3197.69 1057.03, 3197.13 1057.23, 3196.45 1057.32, 3196.34 1057.33, 3195.77 1057.61, 3195.03 1057.76, 3194.69 1057.98, 3194.11 1058.33, 3194 1058.46, 3193.96 1058.51, 3193.76 1058.67, 3193.37 1059.01, 3192.84 1059.45, 3192.55 1059.7, 3192.25 1060.01, 3191.89 1060.37, 3191.81 1060.44, 3191.52 1060.72, 3190.8 1061.19, 3191.02 1061.33, 3191.2 1061.44, 3191.32 1061.56, 3191.44 1061.69, 3191.65 1061.9, 3191.59 1062.44, 3191.71 1062.8, 3191.9 1063.25, 3192.08 1063.71, 3192.46 1064.63, 3192.68 1065.02, 3192.9 1065.4, 3193.06 1065.75, 3193.23 1066.09, 3193.44 1066.54, 3193.66 1067, 3193.89 1067.51, 3194 1067.76, 3194.03 1067.83, 3194.42 1068.64, 3194.64 1069.06, 3194.84 1069.34, 3195.29 1069.51, 3195.57 1069.48, 3195.67 1069.47, 3195.79 1069.44, 3196.17 1069.37, 3196.44 1069.31, 3196.89 1069.19, 3197.07 1069.06, 3197.37 1069.08, 3198.04 1068.98, 3198.35 1068.97, 3198.49 1068.95, 3198.64 1068.95, 3199.23 1068.9, 3199.6 1068.87, 3200.05 1068.85, 3200.41 1068.92, 3200.88 1069.19, 3201.28 1069.34, 3201.83 1069.22, 3202.08 1069.09, 3202.48 1068.93, 3203.26 1069.09, 3203.09 1069.44, 3202.73 1069.91, 3203.01 1070.18, 3203.35 1070.34, 3203.97 1070.18, 3204.34 1069.93, 3204.95 1069.6, 3205.65 1069.11, 3206.11 1069.05, 3206.11 1069.73, 3206.08 1070.41, 3205.98 1070.92, 3205.75 1071.58, 3205.57 1071.96, 3205.32 1072.4, 3205.08 1072.83, 3204.18 1074.42, 3203.84 1074.99, 3202.92 1076.24, 3202.76 1076.46, 3202.45 1077.07, 3202.33 1077.58, 3202.51 1077.93, 3203.06 1079.48, 3203.29 1080.73, 3203.33 1080.87, 3203.42 1081.12, 3203.87 1082.39, 3202.95 1082.8, 3201.92 1083.59, 3201.59 1083.85, 3201 1084.28, 3199.94 1085.12, 3200.2 1085.46, 3200.4 1085.7, 3201.23 1086.84, 3201.82 1087.62, 3202.38 1088.41, 3202.78 1088.99, 3203.04 1089.36, 3203.3 1089.77, 3203.6 1090.23, 3204.08 1090.95, 3204.74 1091.52, 3205.35 1091.85, 3205.42 1091.89, 3205.57 1092, 3206.04 1092.34, 3206.24 1092.56, 3206.59 1093.49, 3206.52 1094.75, 3207.49 1094.4, 3208.87 1093.44, 3209.73 1093.32, 3210.08 1093.34, 3211.1 1093.39, 3212.39 1093.46, 3213.49 1093.46, 3213.8 1093.42, 3214.09 1093.39, 3214.41 1093.36, 3215.36 1093.26, 3216.05 1093.19, 3216.29 1093.17, 3216.74 1093.12, 3216.76 1093.07, 3217 1092.34, 3217.07 1092.12, 3217.11 1092, 3221.54 1092, 3226 1092, 3226 1080.24, 3226 1070, 3226 1061.95, 3226 1052.16, 3226 1042.5, 3226 1034.51, 3226 1031.04, 3226 1016.93, 3226 1006.97, 3226 1004, 3220.62 1004, 3215.53 1004, 3215.49 1004.31, 3215.34 1004.8, 3215.26 1005.29, 3215.09 1006.04, 3214.87 1006.78, 3214.11 1007.07, 3213.25 1007.16, 3212.45 1007.01, 3212.02 1006.98, 3211.04 1006.99, 3210.78 1006.92, 3210.6 1006.94, 3210.06 1006.92, 3209.61 1006.89, 3208.63 1006.83, 3207.4 1006.68, 3207.25 1006.66, 3206.35 1006.71, 3205.93 1006.74, 3204.89 1006.82, 3204.47 1006.8, 3203.69 1006.72, 3203.17 1006.62, 3203.09 1006.58, 3203.05 1006.92, 3203.44 1007, 3203.56 1007.07, 3203.565 1007.0728, 3203.79 1007.2, 3203.94 1007.2913, 3204.02 1007.34, 3204.59 1007.67, 3204.98 1007.9, 3205.2239 1008.0402, 3205.72 1008.33, 3206.19 1008.63, 3206.72 1008.97, 3207.39 1009.37, 3207.01 1010, 3206.99 1010.39, 3207.24 1010.98, 3207.03 1011.51, 3206.78 1012.07, 3206.53 1012.67, 3206.41 1012.9, 3206.19 1013.52, 3205.93 1014.36, 3205.88 1014.74, 3205.34 1014.7, 3204.64 1014.66, 3204.01 1014.63, 3203.52 1014.61, 3203.09 1014.61, 3202.39 1014.57, 3201.96 1014.55, 3201.51 1014.54, 3200.55 1014.65, 3200.09 1014.79, 3200.0682 1014.8045, 3200.02 1014.82, 3199.61 1015.02, 3199.11 1015.32, 3198.65 1015.56, 3198.2 1015.8, 3197.84 1016.11, 3197.44 1016.67, 3197.27 1017.01, 3197.1 1017.48, 3196.91 1018.01, 3196.74 1018.51, 3196.58 1019.01, 3196.23 1020.1, 3196.01 1020.8, 3195.75 1021.99, 3195.59 1022.85, 3195.55 1023.24, 3195.55 1024.47))",39.154504,Lowland,367858,Bayes Causeway,"(3211.0755024247137, 1048.090090323267)"
Alma Bridge,AB21,Alma Causeway,"POLYGON ((3205 960, 3205 966.1, 3205 970.81, 3205 971.39, 3205 977.52, 3205 984.5, 3205 992.54, 3205 1001.21, 3205 1004, 3204.95 1005.54, 3204.89 1006.82, 3205.93 1006.74, 3207.25 1006.66, 3207.4 1006.68, 3208.63 1006.83, 3209.61 1006.89, 3210.06 1006.92, 3210.6 1006.94, 3210.78 1006.92, 3211.04 1006.99, 3212.02 1006.98, 3212.45 1007.01, 3213.25 1007.16, 3214.11 1007.07, 3214.87 1006.78, 3215.09 1006.04, 3215.26 1005.29, 3215.34 1004.8, 3215.49 1004.31, 3215.53 1004, 3220.62 1004, 3226 1004, 3226 999.63, 3226 992.07, 3226 983.41, 3226 964.41, 3226 960, 3223.7 960, 3221.4 960, 3218.57 960, 3213.98 960, 3211.8 960, 3205 960))",14.863323,Lowland,59997,Bayes Causeway,"(3215.3351683142523, 982.7281574052096)"
Alma Bridge,AB22,Southwest Almouth and Jackenville,"POLYGON ((3129.94 966.96, 3129.7 967.8, 3129.49 968.64, 3129.36 969.23, 3129.2933 969.5515, 3129.19 970.03, 3129.46 970.38, 3129.71 970.7, 3130.15 971.31, 3130.65 972.37, 3130.91 973.05, 3130.93 973.51, 3131.07 973.55, 3131.18 974.29, 3131.22 975.58, 3131.24 976.38, 3131.25 976.86, 3131.29 977.64, 3131.35 977.9, 3131.56 978.25, 3131.87 978.6, 3132.15 978.87, 3132.45 979.1, 3132.65 979.18, 3132.87 979.26, 3133.53 979.47, 3133.83 979.65, 3134.29 980.17, 3134.41 980.31, 3134.68 980.62, 3134.93 980.9, 3135.1 981.21, 3135.45 981.85, 3136.3 982.61, 3136.64 983.04, 3136.84 983.39, 3137.42 984.53, 3137.63 984.89, 3137.82 985.22, 3138.06 985.56, 3138.32 985.86, 3138.6 986.17, 3138.88 986.47, 3138.58 987.1, 3138.37 987.54, 3138.07 988.15, 3137.82 988.67, 3137.42 989.48, 3137.22 989.89, 3137.03 990.29, 3136.84 990.74, 3136.75 991.17, 3136.69 991.56, 3136.6 992.19, 3136.54 992.61, 3136.51 993.13, 3136.54 993.57, 3136.87 994.59, 3137.08 995.04, 3137.14 995.17, 3137.26 995.67, 3137.21 996.07, 3137.05 996.73, 3136.88 997.1, 3136.67 997.49, 3136.44 997.9, 3136.33 998.02, 3136.1 998.45, 3135.85 998.95, 3135.54 999.58, 3135.12 1000.52, 3135.07 1000.9, 3135 1001.32, 3134.96 1001.5, 3134.93 1001.6, 3134.81 1001.99, 3134.67 1002.42, 3134.5 1002.86, 3134.17 1003.26, 3133.9 1003.63, 3133.68 1003.96, 3133.45 1004.44, 3133.25 1005.03, 3133.08 1005.75, 3132.99 1006.13, 3132.9667 1006.2233, 3132.93 1006.37, 3132.91 1006.46, 3132.7894 1006.9964, 3132.73 1007.24, 3132.62 1007.75, 3133.59 1007.5, 3134.98 1007.33, 3136.61 1007.37, 3137.58 1007.51, 3138.84 1007.84, 3140.1339 1008.2173, 3141.22 1008.54, 3142.09 1008.79, 3142.47 1008.9, 3146.59 1010.1, 3152.31 1011.78, 3152.59 1011.86, 3152.79 1011.91, 3153.05 1011.99, 3153.27 1012.05, 3156.34 1012.93, 3157.68 1013.13, 3158.63 1013.12, 3158.75 1013.11, 3159.49 1013.01, 3160.37 1012.77, 3161.34 1012.37, 3161.86 1012.08, 3162.38 1011.75, 3162.95 1011.3, 3163.34 1010.9, 3163.6304 1010.5947, 3163.77 1010.45, 3164.36 1009.64, 3164.4 1009.58, 3164.86 1008.69, 3165.41 1007.33, 3165.91 1006.32, 3166.39 1005.55, 3166.86 1004.91, 3167.92 1003.78, 3168.24 1003.48, 3168.96 1002.93, 3170.07 1002.23, 3172 1001.13, 3173.03 1000.54, 3175.25 999.33, 3175.74 999.11, 3177 998.76, 3178.25 998.63, 3178.97 998.65, 3179.76 998.76, 3180.6 998.99, 3181.24 999.24, 3181.85 999.54, 3182.59 999.99, 3183.17 1000.34, 3183.53 1000.52, 3184.53 1001.1, 3185.18 1001.26, 3185.2 1001.27, 3185.86 1001.49, 3186.66 1001.7, 3187.02 1001.79, 3188.02 1001.95, 3188.16 1001.97, 3189.66 1002.06, 3190.87 1002.07, 3192.07 1002.08, 3192.24 1002.08, 3194.27 1002.09, 3196.31 1002.09, 3196.52 1002.55, 3196.88 1003.17, 3197.19 1003.62, 3197.7 1004.22, 3198.45 1004.88, 3198.81 1005.05, 3199.18 1005.22, 3199.77 1005.45, 3200.17 1005.61, 3200.56 1005.8, 3201.16 1006.05, 3201.74 1006.35, 3202.21 1006.44, 3202.6 1006.55, 3203.09 1006.58, 3203.17 1006.62, 3203.69 1006.72, 3204.47 1006.8, 3204.89 1006.82, 3204.95 1005.54, 3205 1004, 3205 1001.21, 3205 992.54, 3205 984.5, 3205 977.52, 3205 971.39, 3205 970.81, 3205 966.1, 3205 960, 3202.64 960, 3200.46 960, 3197.03 960, 3188.87 960, 3187.68 960, 3185.1 960, 3182.1 960, 3172 960, 3154.85 960, 3153.23 960, 3141.49 960, 3141.12 960.18, 3140.95 960.29, 3140.49 960.57, 3140.31 961.06, 3139.94 961.11, 3139.59 961.27, 3139.14 961.66, 3138.94 962.27, 3138.81 962.62, 3138.46 963.02, 3138.14 963.61, 3137.87 963.92, 3137.21 964.04, 3136.65 963.98, 3135.98 964.28, 3135.15 963.87, 3134.33 963.47, 3134.13 963.84, 3133.81 963.63, 3133.48 963.42, 3132.83 963.79, 3132.74 963.87, 3132.1923 964.304, 3132.12 964.36, 3132.0687 964.402, 3131.68 964.71, 3131.63 964.76, 3131.05 965.31, 3130.7 965.66, 3130.46 965.92, 3130.33 966.08, 3130.09 966.61, 3129.94 966.96))",50.301277,Lowland,175100,Southwest Almouth and Jackenville,"(3168.4416520621758, 982.9780918252709)"
Alma Bridge,AB23,Southwest Almouth and Jackenville,"POLYGON ((3089.01 960, 3084 960, 3084 976.4, 3084 999.35, 3084 1021.23, 3084 1029.48, 3084 1037.14, 3084.27 1037.42, 3084.41 1037.58, 3084.8 1037.94, 3085.04 1038.09, 3085.39 1038.3, 3085.79 1038.7, 3085.89 1038.91, 3086.04 1038.78, 3086.27 1038.43, 3086.3 1038.55, 3086.41 1038.46, 3086.65 1038.26, 3086.96 1038, 3087.26 1037.76, 3087.55 1037.5, 3087.99 1037.09, 3088.29 1036.86, 3088.7 1036.61, 3089.46 1036.37, 3090.22 1036.02, 3090.74 1035.86, 3091.16 1035.71, 3091.59 1035.55, 3092.06 1035.22, 3092.14 1035.26, 3092.46 1035.26, 3092.81 1035.13, 3093.22 1034.92, 3093.71 1034.58, 3094.02 1034.34, 3094.2 1034.2, 3094.3 1034.13, 3094.5 1034.01, 3094.98 1033.73, 3095.3 1033.53, 3095.79 1032.97, 3096.36 1032.6, 3096.7 1032.43, 3097.31 1032.33, 3097.62 1032.19, 3098.04 1031.88, 3098.5 1031.52, 3098.51 1031.51, 3099.03 1031.32, 3099.4 1031.18, 3099.96 1030.96, 3100.61 1030.66, 3100.889 1030.5325, 3100.99 1030.49, 3101.77 1030.13, 3102.01 1030.04, 3102.72 1029.79, 3103.35 1029.47, 3103.63 1029.71, 3103.92 1029.77, 3104.02 1029.71, 3104.36 1029.5, 3104.73 1029.38, 3104.86 1029.35, 3105.25 1029.32, 3105.69 1029.33, 3106.94 1029.59, 3108 1029.98, 3108.22 1029.99, 3108.44 1029.96, 3108.63 1030.06, 3109.17 1030.13, 3109.86 1030.27, 3110.74 1030.63, 3111.24 1030.94, 3111.79 1031.48, 3111.93 1031.57, 3111.91 1031.7, 3112.23 1032.09, 3112.29 1032.13, 3112.7 1032.6, 3112.75 1032.83, 3112.9 1032.98, 3113.06 1033.48, 3113.12 1033.71, 3113.23 1034.14, 3113.27 1034.24, 3113.67 1035, 3113.82 1035.22, 3113.93 1035.35, 3114.12 1035.48, 3114.22 1035.77, 3114.41 1035.88, 3114.58 1035.42, 3114.82 1034.83, 3114.99 1034.53, 3115.06 1034.4, 3115.55 1033.73, 3115.75 1033.52, 3116.07 1033.14, 3116.48 1032.9, 3116.86 1032.6, 3117.05 1032.44, 3117.59 1032.05, 3117.95 1031.82, 3118.6 1031.44, 3119.31 1031.04, 3119.65 1030.83, 3120.05 1030.6, 3120.32 1030.43, 3120.54 1030.28, 3121.06 1029.91, 3121.42 1029.71, 3121.82 1029.55, 3122.29 1029.41, 3122.69 1029.25, 3122.98 1029.09, 3123.52 1028.78, 3123.69 1028.63, 3124.04 1028.43, 3124.57 1028.08, 3125.26 1027.63, 3125.62 1027.37, 3126.13 1027.02, 3126.74 1026.6, 3126.77 1026.38, 3126.9 1026.24, 3127.15 1025.92, 3127.78 1025.16, 3128.3 1024.51, 3128.4 1024.37, 3128.59 1024.14, 3129.04 1023.51, 3129.64 1022.81, 3129.87 1022.52, 3130.07 1022.2, 3130.18 1021.81, 3130.3 1021.32, 3130.47 1020.61, 3130.57 1020.13, 3130.59 1020.04, 3130.65 1019.64, 3130.69 1019.15, 3130.73 1018.65, 3130.82 1018.07, 3130.9 1017.66, 3130.97 1017.24, 3131.02 1016.68, 3130.97 1016.23, 3130.98 1015.79, 3131.03 1015.06, 3131.06 1014.51, 3131.12 1014.13, 3131.21 1013.75, 3131.2474 1013.5678, 3131.41 1012.85, 3131.53 1012.31, 3131.65 1011.76, 3131.77 1011.32, 3131.91 1010.75, 3132.03 1010.2, 3132.15 1009.75, 3132.24 1009.38, 3132.33 1008.93, 3132.43 1008.53, 3132.62 1007.75, 3132.7894 1006.9964, 3132.83 1006.83, 3132.91 1006.46, 3132.9667 1006.2233, 3132.99 1006.13, 3133.08 1005.75, 3133.25 1005.03, 3133.45 1004.44, 3133.68 1003.96, 3133.9 1003.63, 3134.17 1003.26, 3134.5 1002.86, 3134.67 1002.42, 3134.81 1001.99, 3134.93 1001.6, 3134.96 1001.5, 3135 1001.32, 3135.07 1000.9, 3135.12 1000.52, 3135.54 999.58, 3135.85 998.95, 3136.1 998.45, 3136.33 998.02, 3136.44 997.9, 3136.67 997.49, 3136.88 997.1, 3137.05 996.73, 3137.21 996.07, 3137.26 995.67, 3137.14 995.17, 3137.08 995.04, 3136.87 994.59, 3136.71 994.08, 3136.54 993.57, 3136.51 993.13, 3136.54 992.61, 3136.6 992.19, 3136.62 992.09, 3136.66 991.82, 3136.69 991.56, 3136.75 991.17, 3136.84 990.74, 3137.03 990.29, 3137.42 989.48, 3137.62 989.08, 3137.82 988.67, 3138.07 988.15, 3138.37 987.54, 3138.58 987.1, 3138.88 986.47, 3138.32 985.86, 3138.06 985.56, 3137.82 985.22, 3137.63 984.89, 3137.42 984.53, 3137.22 984.13, 3137.02 983.74, 3136.84 983.39, 3136.64 983.04, 3136.3 982.61, 3135.88 982.23, 3135.45 981.85, 3135.24 981.46, 3135.1 981.21, 3134.93 980.9, 3134.68 980.62, 3134.41 980.31, 3134.29 980.17, 3133.83 979.65, 3133.53 979.47, 3132.87 979.26, 3132.65 979.18, 3132.45 979.1, 3132.15 978.87, 3131.87 978.6, 3131.56 978.25, 3131.35 977.9, 3131.29 977.64, 3131.25 976.86, 3131.24 976.38, 3131.22 975.58, 3131.18 974.29, 3131.07 973.55, 3130.93 973.51, 3130.91 973.05, 3130.65 972.37, 3130.15 971.31, 3129.71 970.7, 3129.19 970.03, 3129.25 969.76, 3129.2933 969.5515, 3129.49 968.64, 3129.7 967.8, 3129.94 966.96, 3130.09 966.61, 3130.33 966.08, 3130.46 965.92, 3130.7 965.66, 3131.05 965.31, 3131.63 964.76, 3131.68 964.71, 3131.9 964.54, 3132.0687 964.402, 3132.1923 964.304, 3132.43 964.12, 3132.74 963.87, 3132.83 963.79, 3133.48 963.42, 3134.13 963.84, 3134.33 963.47, 3135.98 964.28, 3136.65 963.98, 3137.21 964.04, 3137.87 963.92, 3138.14 963.61, 3138.46 963.02, 3138.81 962.62, 3138.94 962.27, 3139.14 961.66, 3139.59 961.27, 3139.94 961.11, 3140.31 961.06, 3140.49 960.57, 3140.95 960.29, 3141.03 960.24, 3141.12 960.18, 3141.49 960, 3111.3 960, 3089.01 960))",55.069962999999994,Lowland,27696,Southwest Almouth and Jackenville,"(3108.2460808136925, 995.4318806842479)"
Alma Bridge,AB24,Southwest Almouth and Jackenville,"POLYGON ((3135.08 1007.33, 3134.98 1007.33, 3133.59 1007.5, 3132.62 1007.75, 3132.52 1008.15, 3132.43 1008.53, 3132.33 1008.93, 3132.24 1009.38, 3132.15 1009.75, 3132.03 1010.2, 3131.91 1010.75, 3131.77 1011.32, 3131.65 1011.76, 3131.53 1012.31, 3131.41 1012.85, 3131.29 1013.36, 3131.2474 1013.5678, 3131.12 1014.13, 3131.06 1014.51, 3131.03 1015.06, 3130.98 1015.79, 3130.97 1016.23, 3131.02 1016.68, 3130.97 1017.24, 3130.9 1017.66, 3130.82 1018.07, 3130.73 1018.65, 3130.69 1019.15, 3130.65 1019.64, 3130.59 1020.04, 3130.58 1020.08, 3130.57 1020.13, 3130.47 1020.61, 3130.3 1021.32, 3130.18 1021.81, 3130.07 1022.2, 3129.87 1022.52, 3129.64 1022.81, 3129.37 1023.12, 3129.04 1023.51, 3128.75 1023.91, 3128.67 1024.02, 3128.59 1024.14, 3128.4 1024.37, 3127.78 1025.16, 3127.46 1025.54, 3127.15 1025.92, 3126.98 1026.13, 3126.9 1026.24, 3126.77 1026.38, 3126.74 1026.6, 3126.13 1027.02, 3125.62 1027.37, 3125.26 1027.63, 3124.93 1027.84, 3124.57 1028.08, 3124.04 1028.43, 3123.69 1028.63, 3123.52 1028.78, 3123.89 1029.23, 3124.35 1029.49, 3124.72 1029.65, 3124.78 1029.7, 3125.01 1029.87, 3126.07 1030.37, 3126.46 1030.58, 3126.89 1030.78, 3127.26 1030.95, 3127.84 1031.4, 3128.18 1031.67, 3128.44 1031.95, 3128.71 1032.29, 3128.73 1032.33, 3128.73 1032.89, 3128.02 1033.33, 3128.19 1033.88, 3128.32 1034.11, 3128.13 1034.56, 3128.11 1034.83, 3128.05 1035.69, 3127.98 1035.79, 3127.79 1035.9, 3127.5 1036.3, 3127.26 1036.68, 3127.03 1037.06, 3127.38 1037.28, 3127.73 1037.55, 3127.77 1038.18, 3127.86 1038.75, 3127.86 1039.52, 3127.53 1039.77, 3126.78 1040.22, 3126.37 1041.2, 3125.33 1041.24, 3124.52 1041.63, 3124.84 1041.97, 3126.04 1042.92, 3126.6 1043.48, 3127.22 1043.94, 3128.66 1044.51, 3129.21 1044.53, 3130.06 1044.49, 3130.49 1044.62, 3131.08 1044.99, 3132.18 1045.3, 3132.97 1045.59, 3131.41 1049.29, 3131 1050.07, 3130.72 1050.55, 3130.18 1051.48, 3129.3 1053.02, 3129.14 1053.39, 3128.9 1053.95, 3128.67 1054.58, 3128.15 1055.95, 3127.8 1056.87, 3127.72 1057.09, 3127.66 1057.3, 3127.61 1057.51, 3127.53 1058.11, 3126.78 1057.83, 3126.64 1057.78, 3125.96 1057.54, 3125.37 1057.38, 3125.22 1057.33, 3124.7 1057.15, 3124.05 1056.74, 3123.88 1056.86, 3123.49 1056.72, 3123.06 1056.57, 3122.87 1056.5, 3122.49 1056.37, 3122.13 1056.24, 3121.76 1056.11, 3121.35 1055.97, 3120.74 1055.75, 3120.54 1056.1, 3120.53 1056.12, 3120.53 1056.122, 3120.3608 1056.4217, 3120.24 1056.63, 3120.04 1056.99, 3119.93 1057.16, 3119.56 1057.82, 3119.28 1058.32, 3119.08 1058.67, 3118.6 1059.53, 3118.5 1059.7, 3118.24 1060.17, 3117.94 1060.72, 3117.97 1060.83, 3117.35 1061.1, 3117.13 1061.34, 3116.82 1061.66, 3116.56 1061.94, 3116.23 1062.32, 3115.95 1062.64, 3115.67 1062.96, 3115.23 1063.46, 3114.93 1063.83, 3114.65 1064.25, 3114.4 1064.69, 3113.98 1065.24, 3114.09 1065.48, 3113.77 1065.88, 3113.1514 1067.141, 3113.14 1067.16, 3112.73 1068, 3112.55 1068.36, 3112.46 1068.57, 3112.36 1068.76, 3112.13 1069.21, 3111.85 1069.77, 3111.24 1069.52, 3110.73 1069.28, 3110.66 1069.47, 3110.53 1069.78, 3110.41 1070.08, 3110.37 1070.17, 3110.26 1070.46, 3110.09 1070.88, 3109.89 1071.37, 3109.83 1071.53, 3109.61 1072.33, 3109.58 1072.51, 3109.22 1074.22, 3109.07 1074.87, 3108.94 1074.9, 3108.9 1075.04, 3109.04 1075.19, 3109.19 1075.13, 3109.63 1075.71, 3110.41 1075.49, 3111.39 1075.26, 3111.51 1075.22, 3111.62 1075.18, 3111.7 1074.78, 3111.81 1074.8, 3112.12 1074.84, 3112.31 1074.86, 3112.88 1074.93, 3112.9093 1074.9344, 3113.08 1074.96, 3113.76 1075.04, 3114.35 1075, 3114.75 1074.96, 3114.87 1074.91, 3115.15 1074.7, 3115.64 1075.12, 3115.97 1075.39, 3116.24 1075.11, 3116.68 1075.33, 3117.08 1075.41, 3117.45 1075.39, 3117.83 1075.47, 3117.66 1075.84, 3117.51 1076.2, 3118.16 1076.46, 3118.55 1076.6, 3118.91 1076.82, 3119.2 1077.24, 3119.51 1077.62, 3120.6 1078.47, 3121.09 1079.43, 3121.92 1080.16, 3122.99 1079.92, 3124.41 1079.82, 3124.74 1079.81, 3125.47 1079.84, 3126.78 1080.07, 3127.61 1080.23, 3128.44 1080.39, 3129.24 1080.54, 3129.81 1080.64, 3130.36 1080.69, 3130.74 1080.7, 3131.12 1080.66, 3131.8 1080.53, 3132.29 1080.61, 3132.38 1080.64, 3132.97 1080.89, 3133.31 1081.04, 3133.69 1081.05, 3134.16 1080.91, 3134.25 1081.28, 3134.33 1081.87, 3134.59 1082.13, 3134.94 1081.9, 3135.56 1081.72, 3135.95 1081.73, 3136.38 1081.86, 3136.76 1082.08, 3137.12 1081.78, 3137.41 1081.51, 3137.76 1081.03, 3138.07 1080.6, 3138.16 1080.38, 3138.63 1079.78, 3138.91 1079.19, 3139.35 1078.72, 3139.69 1078.43, 3139.74 1078.28, 3139.7 1078.06, 3140.03 1078.03, 3140.97 1078.31, 3141.66 1078.38, 3143.12 1078.53, 3145.27 1078.85, 3146.89 1079.29, 3148.09 1079.54, 3148.85 1079.61, 3149.23 1079.65, 3149.64 1079.76, 3150.18 1079.97, 3150.64 1080.23, 3150.76 1080.18, 3151.16 1080.37, 3151.57 1080.54, 3152.38 1080.78, 3152.98 1080.8, 3153.49 1080.95, 3153.82 1081.05, 3154.57 1081.03, 3154.98 1080.99, 3155.59 1080.92, 3155.85 1080.89, 3156.67 1080.79, 3157.68 1080.7, 3159.62 1080.51, 3162.72 1080.09, 3164.43 1079.91, 3165.6 1079.87, 3166.75 1079.86, 3167.71 1079.77, 3167.97 1079.66, 3168.53 1079.31, 3169.17 1079.06, 3169.44 1078.96, 3170.08 1078.82, 3170.44 1078.71, 3170.57 1078.29, 3170.767 1077.6576, 3170.77 1077.65, 3170.9022 1077.2222, 3170.94 1077.1, 3171.08 1076.65, 3172.11 1076.18, 3172.08 1075.3264, 3172.08 1075.21, 3172.07 1074.95, 3172.06 1074.65, 3172.04 1074.09, 3172.03 1073.83, 3172.02 1073.54, 3172 1073.05, 3172 1069.95, 3172.01 1069.94, 3172.44 1069.69, 3172.21 1069.27, 3172.51 1068.82, 3172.6 1068.25, 3172.61 1067.85, 3172.64 1067.37, 3172.6 1066.98, 3172.37 1066.59, 3172.47 1065.93, 3172.59 1065.5, 3172.59 1065.21, 3172.66 1064.78, 3172.7 1064.37, 3172.68 1063.89, 3172.57 1063.15, 3172.44 1062.54, 3172.25 1061.76, 3171.8797 1061.9295, 3171.83 1061.95, 3171.42 1062.14, 3171.01 1062.33, 3170.59 1062.58, 3170.23 1062.8, 3170.17 1061.98, 3169.78 1061.88, 3169.52 1061.35, 3168.76 1061.28, 3168.79 1061.05, 3168.99 1060.71, 3169.16 1060.1, 3168.02 1060.52, 3167.35 1060.63, 3166.38 1060.76, 3165.91 1060.91, 3165.42 1061.13, 3165.37 1060.97, 3165.83 1060.4, 3165.99 1060.16, 3166.13 1059.95, 3166.4 1059.6, 3166.41 1059.15, 3166.37 1058.73, 3166.36 1058.64, 3166.35 1058.15, 3166.48 1057.81, 3166.62 1057.42, 3166.52 1056.7, 3166.45 1056.32, 3166.4 1056.1, 3166.26 1055.43, 3166.18 1054.84, 3166.13 1054.21, 3166.13 1053.33, 3166.09 1053.04, 3166.09 1052.53, 3166.03 1052, 3165.94 1051.8, 3165.64 1051.37, 3165.55 1050.88, 3165.69 1050.1, 3165.68 1049.78, 3165.65 1048.93, 3165.63 1048.2, 3165.66 1047.83, 3165.71 1047.41, 3165.76 1046.81, 3165.72 1046.41, 3165.99 1046.35, 3166.05 1045.87, 3166.24 1045.22, 3166.21 1044.99, 3165.87 1044.74, 3165.24 1044.74, 3164.61 1044.41, 3164.75 1043.75, 3164.88 1043.12, 3164.97 1042.52, 3165.07 1041.86, 3165.14 1041.4, 3165.21 1040.8, 3165.35 1040.26, 3165.35 1039.39, 3165.46 1038.94, 3165.5 1038.74, 3165.67 1038.23, 3165.83 1037.8, 3166.08 1037.17, 3166.1 1037.14, 3166.29 1036.74, 3166.6 1036.14, 3166.95 1036.42, 3167.65 1036.88, 3168.2 1037.24, 3169.76 1038.19, 3170.42 1038.59, 3171.63 1039.17, 3172.94 1039.78, 3173.35 1039.98, 3173.69 1040.14, 3174.22 1040.38, 3175.03 1040.75, 3175.52 1040.99, 3176.07 1041.12, 3176.22 1041.14, 3176.79 1041.16, 3176.91 1041.18, 3176.96 1041.18, 3177.01 1041.26, 3177.43 1041.32, 3177.81 1041.37, 3178.33 1041.35, 3178.67 1041.3, 3178.87 1041.2, 3179.24 1041.07, 3179.94 1040.87, 3180.88 1040.59, 3180.89 1040.6, 3181.13 1040.51, 3181.78 1040.28, 3182.37 1040.03, 3182.85 1039.82, 3183.33 1039.53, 3183.65 1039.25, 3183.78 1039.1, 3184.19 1038.63, 3184.47 1038.34, 3184.45 1038.28, 3184.88 1037.73, 3184.99 1037.54, 3185.07 1036.86, 3185.03 1036.72, 3184.88 1036.27, 3183.51 1034.84, 3183.12 1034.25, 3182.94 1034.07, 3182.55 1033.62, 3182.11 1033, 3182.08 1032.93, 3181.9 1032.63, 3181.86 1032.57, 3180.91 1030.97, 3180.2 1029.76, 3180.1257 1029.635, 3179.13 1027.94, 3178.38 1026.85, 3178.19 1026.6, 3177.96 1026.31, 3177.1 1025.37, 3176.47 1024.8, 3174.34 1023.19, 3172.75 1021.96, 3171.96 1021.21, 3171.88 1021.12, 3171.03 1020.15, 3170.84 1019.88, 3170.55 1019.48, 3169.95 1018.54, 3169.75 1018.72, 3168.42 1019.88, 3167.96 1020.3, 3167.75 1020.48, 3167.32 1020.87, 3166.97 1020.6, 3166.61 1020.39, 3165.89 1020.03, 3165.49 1019.84, 3165.01 1019.61, 3164.53 1019.39, 3164.18 1019.23, 3163.82 1019.01, 3163.47 1018.74, 3163.18 1018.46, 3162.28 1017.42, 3162.02 1017.12, 3161.38 1016.45, 3161.22 1016.27, 3160.91 1015.85, 3160.82 1015.74, 3160.61 1015.5, 3160.36 1015.18, 3159.93 1014.53, 3159.72 1014.25, 3159.52 1013.99, 3159.48 1013.94, 3159.39 1013.91, 3159.23 1013.74, 3159.04 1013.59, 3158.79 1013.31, 3158.63 1013.12, 3157.68 1013.13, 3156.34 1012.93, 3155.91 1012.8, 3153.27 1012.05, 3153.05 1011.99, 3152.79 1011.91, 3152.31 1011.78, 3146.59 1010.1, 3140.1339 1008.2173, 3139.84 1008.13, 3138.84 1007.84, 3137.58 1007.51, 3136.61 1007.37, 3136.34 1007.36, 3135.08 1007.33))",50.446863,Lowland,125241,Southwest Almouth and Jackenville,"(3147.367367419682, 1047.70727349115)"
Alma Bridge,AB25,Southwest Almouth and Jackenville,"POLYGON ((3084.8 1037.94, 3084.52 1037.68, 3084.41 1037.58, 3084.27 1037.42, 3084 1037.14, 3084 1044.62, 3084 1044.86, 3084 1048.3, 3084 1050.79, 3084 1054.41, 3084 1057.81, 3084 1060.71, 3084 1062.39, 3084 1062.94, 3084 1078.63, 3084 1092, 3086.15 1092, 3085.85 1092.37, 3086.54 1092.68, 3086.92 1092.8, 3087.35 1092.92, 3087.46 1092.94, 3088.3 1093.22, 3088.9 1093.32, 3089.2 1093.32, 3089.79 1093.61, 3090.17 1093.83, 3090.57 1094.06, 3091.23 1094.46, 3091.6 1094.68, 3092.01 1094.87, 3092.7 1095.11, 3093.23 1095.44, 3093.64 1095.45, 3094.22 1095.61, 3094.32 1095.63, 3094.8 1095.7, 3095.18 1095.75, 3095.63 1095.87, 3095.85 1095.85, 3096.49 1095.59, 3096.53 1095.58, 3096.66 1095.58, 3097.38 1095.69, 3097.54 1095.71, 3097.67 1095.72, 3098.15 1095.74, 3098.96 1095.71, 3099.36 1095.67, 3099.97 1095.62, 3100.71 1095.62, 3101.07 1095.6, 3101.16 1095.59, 3101.64 1095.54, 3102.32 1095.44, 3102.7 1095.36, 3103.15 1095.36, 3103.65 1095.41, 3104.05 1095.36, 3104.5 1095.27, 3104.49 1095.16, 3105.04 1095.28, 3105.62 1095.48, 3105.69 1095.85, 3106.07 1095.91, 3105.99 1095.52, 3105.76 1094.88, 3105.53 1094.59, 3105.12 1094.27, 3105.3917 1093.8461, 3105.41 1093.82, 3105.62 1093.49, 3105.92 1093.06, 3106.25 1092.76, 3106.64 1092.72, 3106.95 1092.17, 3107.24 1091.75, 3107.38 1091.54, 3107.52 1091.33, 3107.74 1090.98, 3107.93 1090.15, 3108.01 1089.59, 3108.47 1089.53, 3109.2 1089.44, 3109.52 1089.38, 3109.95 1089.32, 3109.9582 1089.3118, 3109.97 1089.31, 3110.36 1089.21, 3110.45 1089.19, 3110.68 1089.11, 3110.97 1089, 3111.45 1088.85, 3111.63 1088.8, 3112.05 1088.7, 3112.75 1088.48, 3112.9 1088.42, 3113.78 1088.08, 3114.27 1087.95, 3114.66 1087.88, 3115.02 1087.6, 3115.3 1087.36, 3115.39 1087.28, 3115.47 1087.21, 3115.4833 1087.1967, 3115.49 1087.19, 3115.85 1086.87, 3116.19 1086.45, 3116.21 1086.43, 3116.22 1086.4, 3116.26 1086.37, 3116.57 1086.13, 3116.42 1085.73, 3116.35 1085.49, 3116.18 1085.03, 3116.07 1084.66, 3115.92 1084.64, 3115.56 1084.49, 3115.15 1084.13, 3114.63 1083.71, 3114.16 1083.42, 3113.99 1083.08, 3113.87 1082.71, 3113.64 1081.83, 3113.65 1081.63, 3113.66 1081.63, 3113.66 1081.61, 3113.67 1081.6, 3113.67 1081.59, 3113.69 1081.57, 3113.69 1081.56, 3113.7 1081.55, 3113.7 1081.54, 3113.71 1081.52, 3113.72 1081.5, 3113.65 1081.49, 3113.27 1081.57, 3113.17 1081.6, 3112.9 1082.05, 3112.73 1082.35, 3112.46 1082.84, 3112.31 1083.05, 3112.12 1082.82, 3112.09 1082.45, 3111.99 1082.03, 3111.81 1081.66, 3111.59 1081.27, 3111.42 1080.91, 3111.3 1080.55, 3111.19 1080.17, 3111.14 1079.72, 3111.13 1079.33, 3111.22 1078.79, 3111.27 1078.39, 3111.14 1077.97, 3110.85 1077.47, 3110.64 1077.14, 3110.41 1076.8, 3110.22 1076.47, 3110.05 1076.47, 3110.08 1076.28, 3109.63 1075.71, 3109.19 1075.13, 3109.04 1075.19, 3108.9 1075.04, 3108.94 1074.9, 3109.07 1074.87, 3109.22 1074.22, 3109.39 1073.44, 3109.43 1073.24, 3109.58 1072.51, 3109.6 1072.42, 3109.61 1072.33, 3109.83 1071.53, 3109.89 1071.37, 3110.09 1070.88, 3110.26 1070.46, 3110.66 1069.47, 3110.73 1069.28, 3111.24 1069.52, 3111.85 1069.77, 3112.46 1068.57, 3112.55 1068.36, 3112.73 1068, 3113.1514 1067.141, 3113.17 1067.11, 3113.43 1066.58, 3113.77 1065.88, 3114.09 1065.48, 3113.98 1065.24, 3114.4 1064.69, 3114.65 1064.25, 3114.71 1064.17, 3114.93 1063.83, 3115.23 1063.46, 3115.67 1062.96, 3115.95 1062.64, 3116.23 1062.32, 3116.56 1061.94, 3116.82 1061.66, 3117.13 1061.34, 3117.35 1061.1, 3117.97 1060.83, 3117.94 1060.72, 3118.24 1060.17, 3118.6 1059.53, 3119.28 1058.32, 3119.56 1057.82, 3119.93 1057.16, 3120.04 1056.99, 3120.3608 1056.4217, 3120.53 1056.13, 3120.53 1056.122, 3120.53 1056.12, 3120.74 1055.75, 3121.35 1055.97, 3121.76 1056.11, 3122.49 1056.37, 3123.06 1056.57, 3123.49 1056.72, 3123.88 1056.86, 3124.05 1056.74, 3124.7 1057.15, 3125.22 1057.33, 3125.37 1057.38, 3125.96 1057.54, 3126.64 1057.78, 3126.78 1057.83, 3127.53 1058.11, 3127.61 1057.51, 3127.72 1057.09, 3127.8 1056.87, 3127.98 1056.41, 3128.15 1055.95, 3128.41 1055.27, 3128.67 1054.58, 3128.9 1053.95, 3129.14 1053.39, 3129.3 1053.02, 3130.18 1051.48, 3130.41 1051.09, 3130.72 1050.55, 3131 1050.07, 3131.41 1049.29, 3132.97 1045.59, 3132.18 1045.3, 3131.08 1044.99, 3130.49 1044.62, 3130.06 1044.49, 3129.21 1044.53, 3128.66 1044.51, 3127.22 1043.94, 3126.6 1043.48, 3126.04 1042.92, 3125.44 1042.44, 3124.84 1041.97, 3124.52 1041.63, 3125.33 1041.24, 3125.95 1041.22, 3126.37 1041.2, 3126.78 1040.22, 3127.53 1039.77, 3127.86 1039.52, 3127.86 1038.75, 3127.77 1038.18, 3127.73 1037.55, 3127.38 1037.28, 3127.03 1037.06, 3127.5 1036.3, 3127.79 1035.9, 3127.98 1035.79, 3128.05 1035.69, 3128.11 1034.83, 3128.13 1034.56, 3128.32 1034.11, 3128.19 1033.88, 3128.02 1033.33, 3128.73 1032.89, 3128.73 1032.33, 3128.71 1032.29, 3128.44 1031.95, 3128.18 1031.67, 3127.84 1031.4, 3127.26 1030.95, 3126.46 1030.58, 3126.07 1030.37, 3125.59 1030.14, 3125.01 1029.87, 3124.78 1029.7, 3124.72 1029.65, 3124.35 1029.49, 3123.89 1029.23, 3123.52 1028.78, 3122.69 1029.25, 3122.29 1029.41, 3121.82 1029.55, 3121.42 1029.71, 3121.06 1029.91, 3120.32 1030.43, 3120.05 1030.6, 3119.65 1030.83, 3119.31 1031.04, 3118.93 1031.25, 3118.6 1031.44, 3117.95 1031.82, 3117.59 1032.05, 3117.05 1032.44, 3116.86 1032.6, 3116.48 1032.9, 3116.07 1033.14, 3115.75 1033.52, 3115.55 1033.73, 3115.06 1034.4, 3114.82 1034.83, 3114.58 1035.42, 3114.41 1035.88, 3114.22 1035.77, 3114.12 1035.48, 3113.93 1035.35, 3113.82 1035.22, 3113.67 1035, 3113.27 1034.24, 3113.23 1034.14, 3113.12 1033.71, 3113.06 1033.48, 3112.9 1032.98, 3112.75 1032.83, 3112.7 1032.6, 3112.29 1032.13, 3112.23 1032.09, 3111.91 1031.7, 3111.93 1031.57, 3111.79 1031.48, 3111.24 1030.94, 3110.74 1030.63, 3109.89 1030.28, 3109.86 1030.27, 3109.17 1030.13, 3108.63 1030.06, 3108.44 1029.96, 3108.22 1029.99, 3108 1029.98, 3106.94 1029.59, 3105.69 1029.33, 3105.25 1029.32, 3104.86 1029.35, 3104.73 1029.38, 3104.36 1029.5, 3104.02 1029.71, 3103.92 1029.77, 3103.63 1029.71, 3103.35 1029.47, 3102.72 1029.79, 3102.01 1030.04, 3101.77 1030.13, 3100.889 1030.5325, 3100.8 1030.57, 3100.61 1030.66, 3099.96 1030.96, 3099.4 1031.18, 3099.03 1031.32, 3098.51 1031.51, 3098.04 1031.88, 3097.62 1032.19, 3097.31 1032.33, 3096.7 1032.43, 3096.36 1032.6, 3095.79 1032.97, 3095.3 1033.53, 3094.5 1034.01, 3094.3 1034.13, 3094.25 1034.16, 3094.2 1034.2, 3094.02 1034.34, 3093.71 1034.58, 3093.22 1034.92, 3092.81 1035.13, 3092.46 1035.26, 3092.14 1035.26, 3092.13 1035.25, 3092.06 1035.22, 3091.59 1035.55, 3091.16 1035.71, 3090.74 1035.86, 3090.22 1036.02, 3089.46 1036.37, 3088.7 1036.61, 3088.29 1036.86, 3087.99 1037.09, 3087.55 1037.5, 3087.26 1037.76, 3086.96 1038, 3086.65 1038.26, 3086.41 1038.46, 3086.3 1038.55, 3086.27 1038.43, 3086.04 1038.78, 3085.89 1038.91, 3085.79 1038.7, 3085.39 1038.3, 3085.04 1038.09, 3084.8 1037.94))",33.925952,Lowland,172165,Southwest Almouth and Jackenville,"(3103.107665140471, 1059.591839011275)"
Alma Bridge,AB26,Southwest Almouth and Jackenville,"POLYGON ((3094.32 1095.63, 3094.22 1095.61, 3093.84 1095.5, 3093.64 1095.45, 3093.23 1095.44, 3092.7 1095.11, 3092.01 1094.87, 3091.6 1094.68, 3091.23 1094.46, 3090.57 1094.06, 3090.17 1093.83, 3089.79 1093.61, 3089.2 1093.32, 3088.9 1093.32, 3088.3 1093.22, 3087.46 1092.94, 3087.35 1092.92, 3086.92 1092.8, 3086.54 1092.68, 3085.85 1092.37, 3085.77 1092.48, 3085.59 1092.69, 3085.38 1093.03, 3085.3 1093.19, 3085.22 1093.36, 3085.02 1093.8, 3084.94 1094.24, 3084.82 1094.76, 3084.74 1095.35, 3084.71 1095.76, 3084.68 1096.29, 3084.67 1096.68, 3084.64 1097.13, 3084.65 1097.69, 3084.6 1098.26, 3084.52 1098.65, 3084.34 1099.22, 3084.19 1101.01, 3084.08 1101.02, 3084 1101.02, 3084 1101.65, 3084 1109.8, 3084 1109.97, 3083.57 1110.03, 3083.53 1110.03, 3083.45 1110.05, 3083.41 1110.05, 3082.7 1110.16, 3082.08 1110.25, 3081.28 1110.37, 3081.1457 1110.39, 3080.81 1110.44, 3080.67 1110.46, 3080.64 1111.07, 3080.54 1111.59, 3080.37 1112.29, 3080.3 1112.66, 3080.18 1113.36, 3080.1 1113.88, 3080.06 1114.24, 3079.98 1114.83, 3079.9 1115.25, 3079.69 1116.01, 3079.4 1116.74, 3079.26 1117.09, 3078.87 1118.31, 3078.78 1118.55, 3078.67 1119.34, 3078.67 1119.38, 3078.71 1119.92, 3078.74 1120.16, 3078.78 1120.58, 3078.72 1121.1, 3078.61 1121.63, 3078.61 1121.65, 3078.6 1121.67, 3078.33 1122.52, 3078.16 1123.32, 3077.98 1124.43, 3077.91 1124.74, 3077.68 1125.55, 3077.53 1126.13, 3077.46 1127.05, 3077.31 1127.97, 3077.02 1129.33, 3076.88 1129.82, 3076.56 1130.67, 3076.4 1131.01, 3076.02 1131.85, 3075.91 1132.33, 3075.86 1132.85, 3075.86 1133.85, 3075.96 1134.59, 3076.07 1135.29, 3076.17 1135.8, 3076.27 1136.17, 3076.37 1136.83, 3076.46 1137.4, 3076.51 1138.04, 3078.03 1138.19, 3079.88 1138.21, 3082.11 1138.16, 3083.9 1137.96, 3084 1143.35, 3084 1155.12, 3083.49 1155.18, 3083.16 1155.38, 3082.94 1155.77, 3082.79 1156.22, 3082.5 1156.6, 3083.28 1157.16, 3083.94 1157.66, 3083.95 1157.66, 3084 1157.68, 3084.73 1157.88, 3085.2827 1157.9891, 3085.33 1158, 3085.68 1158.07, 3086.25 1158.18, 3086.76 1158.29, 3087.39 1158.46, 3087.7 1158.68, 3088 1158.93, 3088.09 1159.02, 3088.47 1159.4, 3088.59 1159.49, 3088.88 1159.71, 3089.07 1159.9, 3089.37 1160.28, 3089.66 1160.66, 3089.98 1161.13, 3090.06 1161.22, 3090.31 1161.6, 3090.53 1161.95, 3090.82 1162.43, 3091.09 1162.82, 3091.39 1163.24, 3091.62 1163.56, 3091.9 1164, 3092.17 1164.41, 3092.79 1165.44, 3093.46 1165.33, 3093.76 1165.27, 3094.34 1165.12, 3094.69 1165.03, 3095.08 1164.96, 3095.87 1164.83, 3096 1164.82, 3096.81 1164.81, 3097.19 1164.77, 3097.72 1164.76, 3098.04 1164.76, 3098.65 1164.72, 3099.31 1164.65, 3099.74 1164.57, 3099.813 1164.5575, 3100.15 1164.5, 3100.67 1164.4, 3101.44 1164.26, 3102.06 1164.24, 3102.45 1164.23, 3102.93 1164.37, 3103.16 1164, 3103.58 1164.21, 3103.97 1164.25, 3104.42 1164.23, 3104.83 1164.2, 3105.19 1164.17, 3105.84 1164.14, 3106.42 1164.12, 3106.9 1164.1, 3107.65 1164.13, 3108.02 1164.15, 3108.58 1164.18, 3108.62 1164.18, 3109.24 1164.22, 3109.95 1164.21, 3110.44 1164.18, 3110.94 1164.12, 3111.0323 1164.11, 3111.07 1164.11, 3111.0907 1164.1031, 3111.1169 1164.1, 3111.14 1164.1, 3111.54 1164.05, 3111.99 1163.99, 3112.38 1163.93, 3112.97 1163.85, 3113.5 1163.79, 3113.87 1163.71, 3114.26 1163.59, 3114.87 1163.41, 3115.43 1163.15, 3115.99 1162.95, 3116.52 1162.77, 3116.74 1162.7, 3117.14 1162.58, 3117.78 1162.42, 3118.11 1162.35, 3118.48 1162.27, 3119.02 1162.17, 3119.41 1162.09, 3120.01 1161.99, 3120.56 1161.9, 3121.34 1161.78, 3121.64 1161.71, 3122.2 1161.68, 3122.32 1161.85, 3122.54 1161.73, 3122.9 1161.82, 3123.28 1161.9, 3123.68 1161.97, 3124.07 1162.14, 3124.32 1162.31, 3124.8 1162.69, 3125.1 1162.95, 3125.49 1163.27, 3126.13 1163.63, 3126.48 1163.81, 3126.91 1163.95, 3127.61 1164.19, 3127.79 1164.39, 3128 1164.42, 3128.58 1164.35, 3129.08 1164.26, 3129.52 1164.1, 3130.09 1163.8, 3130.6 1163.45, 3131.09 1163.25, 3131.67 1162.92, 3132.27 1162.72, 3133.27 1162.46, 3133.86 1162.34, 3134.36 1162.25, 3134.87 1162.16, 3135.86 1161.98, 3136.34 1161.9, 3136.98 1161.79, 3137.49 1161.65, 3137.88 1161.54, 3138.89 1161.23, 3139.72 1160.92, 3140.36 1160.43, 3141.02 1159.74, 3141.42 1159.39, 3141.86 1159.1, 3142.53 1158.74, 3143.05 1158.2, 3143.31 1157.96, 3144.73 1157.11, 3146.32 1156.08, 3146.67 1155.9, 3146.99 1155.66, 3147.2 1155.65, 3147.7 1156.1, 3147.75 1156.11, 3149.4 1157.06, 3149.76 1158, 3150.01 1157.6, 3150.38 1156.97, 3150.65 1156.53, 3150.72 1156.42, 3150.78 1156.31, 3151.18 1155.9, 3151.51 1155.81, 3151.67 1155.63, 3151.92 1155.24, 3152.05 1154.8, 3152.24 1154.44, 3152.32 1154.23, 3152.49 1154.35, 3152.75 1154.38, 3152.98 1154.07, 3153.67 1153.6, 3153.99 1153.25, 3154.02 1153.18, 3154.14 1152.89, 3154.09 1152.23, 3154.13 1151.54, 3154.08 1150.98, 3153.98 1150.6, 3154.1 1150.09, 3154.14 1149.52, 3154.21 1148.78, 3154.21 1148.39, 3154.48 1147.92, 3154.63 1147.52, 3154.77 1147.12, 3154.89 1146.76, 3155.14 1146.38, 3155.49 1146.01, 3154.83 1145.73, 3154.15 1145.52, 3152.61 1145.06, 3151.4 1144.69, 3150.2 1144.32, 3149.3 1144.05, 3148.68 1143.86, 3148.13 1143.7, 3148.09 1143.72, 3148.06 1143.67, 3147.67 1143.56, 3147.31 1143.44, 3146.38 1143.15, 3146.05 1143.1, 3145.94 1142.11, 3145.92 1141.65, 3146.04 1141.13, 3146.13 1140.78, 3146.27 1140.14, 3146.48 1139.11, 3146.59 1138.62, 3146.71 1138.19, 3146.8 1137.77, 3146.94 1137.16, 3147.07 1136.77, 3147.35 1136.42, 3147.34 1136.39, 3147.59 1136.09, 3147.92 1135.68, 3148.32 1135.16, 3149.29 1133.89, 3149.7 1133.36, 3149.92 1133.07, 3150.18 1132.73, 3150.78 1131.96, 3151.96 1130.42, 3152.34 1129.94, 3152.82 1129.35, 3153.09 1129.06, 3153.4 1128.71, 3153.46 1128.34, 3153.39 1127.98, 3153.23 1127.55, 3153.29 1127.05, 3153.6 1126.48, 3154.01 1125.75, 3154.24 1125.32, 3154.53 1124.78, 3154.88 1124.21, 3155.07 1123.9, 3155.19 1123.55, 3155.27 1123.14, 3155.29 1122.8, 3154.99 1122.61, 3154.93 1122.5, 3155.5 1122.22, 3156.41 1121.78, 3157.09 1121.44, 3157.69 1121.15, 3157.96 1120.87, 3158.35 1120.4, 3158.6 1120.05, 3158.86 1119.76, 3159.15 1119.43, 3159.28 1119.03, 3159.42 1118.69, 3159.69 1118.21, 3160.01 1117.66, 3160.24 1117.34, 3160.63 1117.11, 3161 1116.88, 3161.41 1116.73, 3161.8 1116.64, 3162.72 1116.45, 3164.31 1116.22, 3164.39 1116.2, 3164.45 1116.75, 3165.25 1116.69, 3165.83 1116.63, 3165.95 1116.61, 3166.4 1116.55, 3166.87 1116.59, 3167.31 1116.51, 3167.69 1116.49, 3171.14 1116.15, 3171.21 1116.15, 3171.65 1116.14, 3172 1116.15, 3171.99 1105.82, 3172 1092, 3172 1089.46, 3172 1084.46, 3172.22 1084.35, 3172.79 1084.07, 3173.6 1084.14, 3173.74 1084.12, 3174.13 1084.11, 3174.01 1083.53, 3173.96 1083.29, 3173.95 1083.24, 3173.89 1082.96, 3173.86 1082.84, 3173.77 1082.42, 3173.67 1081.8, 3173.57 1081.42, 3173.5 1080.93, 3173.44 1080.32, 3173.31 1079.46, 3173.28 1079.18, 3173.39 1078.64, 3173.5 1078.23, 3173.48 1077.92, 3173.43 1077.85, 3173.2 1077.53, 3172.76 1077.89, 3172.1 1078.06, 3171.46 1078.22, 3171.43 1078.23, 3171.02 1078.41, 3170.44 1078.71, 3170.08 1078.82, 3169.44 1078.96, 3169.17 1079.06, 3168.53 1079.31, 3167.97 1079.66, 3167.71 1079.77, 3166.75 1079.86, 3165.6 1079.87, 3164.43 1079.91, 3162.72 1080.09, 3159.62 1080.51, 3157.68 1080.7, 3157.17 1080.74, 3156.67 1080.79, 3156.25 1080.84, 3155.85 1080.89, 3155.59 1080.92, 3154.98 1080.99, 3154.57 1081.03, 3153.82 1081.05, 3153.49 1080.95, 3152.98 1080.8, 3152.38 1080.78, 3151.57 1080.54, 3151.16 1080.37, 3150.76 1080.18, 3150.64 1080.23, 3150.18 1079.97, 3149.64 1079.76, 3149.23 1079.65, 3148.85 1079.61, 3148.09 1079.54, 3146.89 1079.29, 3145.27 1078.85, 3143.12 1078.53, 3141.66 1078.38, 3140.97 1078.31, 3140.03 1078.03, 3139.7 1078.06, 3139.74 1078.28, 3139.69 1078.43, 3139.35 1078.72, 3138.91 1079.19, 3138.63 1079.78, 3138.16 1080.38, 3138.07 1080.6, 3137.76 1081.03, 3137.41 1081.51, 3137.12 1081.78, 3136.76 1082.08, 3136.38 1081.86, 3135.95 1081.73, 3135.56 1081.72, 3134.94 1081.9, 3134.59 1082.13, 3134.33 1081.87, 3134.25 1081.28, 3134.16 1080.91, 3133.69 1081.05, 3133.31 1081.04, 3132.97 1080.89, 3132.38 1080.64, 3132.29 1080.61, 3131.8 1080.53, 3131.12 1080.66, 3130.74 1080.7, 3130.36 1080.69, 3129.81 1080.64, 3129.24 1080.54, 3128.84 1080.46, 3128.44 1080.39, 3127.61 1080.23, 3127.01 1080.11, 3126.78 1080.07, 3126.13 1079.95, 3125.47 1079.84, 3124.74 1079.81, 3124.41 1079.82, 3122.99 1079.92, 3121.92 1080.16, 3121.09 1079.43, 3120.6 1078.47, 3119.51 1077.62, 3119.2 1077.24, 3118.91 1076.82, 3118.55 1076.6, 3118.16 1076.46, 3117.51 1076.2, 3117.66 1075.84, 3117.83 1075.47, 3117.45 1075.39, 3117.08 1075.41, 3116.68 1075.33, 3116.24 1075.11, 3115.97 1075.39, 3115.64 1075.12, 3115.15 1074.7, 3114.87 1074.91, 3114.75 1074.96, 3114.35 1075, 3113.76 1075.04, 3112.9093 1074.9344, 3112.88 1074.93, 3112.49 1074.88, 3112.31 1074.86, 3112.12 1074.84, 3111.81 1074.8, 3111.7 1074.78, 3111.62 1075.18, 3111.39 1075.26, 3111.35 1075.26, 3111.31 1075.27, 3111.25 1075.29, 3110.41 1075.49, 3109.63 1075.71, 3110.08 1076.28, 3110.05 1076.47, 3110.22 1076.47, 3110.41 1076.8, 3110.64 1077.14, 3110.85 1077.47, 3111.14 1077.97, 3111.27 1078.39, 3111.22 1078.79, 3111.13 1079.33, 3111.14 1079.72, 3111.19 1080.17, 3111.3 1080.55, 3111.42 1080.91, 3111.59 1081.27, 3111.81 1081.66, 3111.99 1082.03, 3112.09 1082.45, 3112.12 1082.82, 3112.31 1083.05, 3112.46 1082.84, 3112.9 1082.05, 3113.17 1081.6, 3113.65 1081.49, 3113.67 1081.5, 3113.72 1081.5, 3113.71 1081.51, 3113.71 1081.52, 3113.7 1081.54, 3113.67 1081.59, 3113.67 1081.6, 3113.66 1081.61, 3113.66 1081.63, 3113.65 1081.63, 3113.64 1081.83, 3113.75 1082.27, 3113.87 1082.71, 3113.99 1083.08, 3114.16 1083.42, 3114.63 1083.71, 3115.15 1084.13, 3115.56 1084.49, 3115.92 1084.64, 3116.07 1084.66, 3116.18 1085.03, 3116.35 1085.49, 3116.42 1085.73, 3116.57 1086.13, 3116.26 1086.37, 3116.22 1086.4, 3116.19 1086.45, 3115.85 1086.87, 3115.49 1087.19, 3115.4833 1087.1967, 3115.39 1087.28, 3115.3 1087.36, 3115.02 1087.6, 3114.66 1087.88, 3114.27 1087.95, 3113.78 1088.08, 3113.43 1088.21, 3112.9 1088.42, 3112.75 1088.48, 3112.05 1088.7, 3111.63 1088.8, 3111.45 1088.85, 3110.97 1089, 3110.68 1089.11, 3110.36 1089.21, 3109.97 1089.31, 3109.96 1089.31, 3109.9582 1089.3118, 3109.52 1089.38, 3109.2 1089.44, 3108.84 1089.48, 3108.47 1089.53, 3108.01 1089.59, 3107.93 1090.15, 3107.74 1090.98, 3107.52 1091.33, 3107.38 1091.54, 3107.24 1091.75, 3107.06 1092, 3106.95 1092.17, 3106.64 1092.72, 3106.25 1092.76, 3105.92 1093.06, 3105.62 1093.49, 3105.3917 1093.8461, 3105.34 1093.92, 3105.12 1094.27, 3105.53 1094.59, 3105.76 1094.88, 3105.99 1095.52, 3106.07 1095.91, 3105.69 1095.85, 3105.62 1095.48, 3105.04 1095.28, 3104.49 1095.16, 3104.5 1095.27, 3104.05 1095.36, 3103.65 1095.41, 3103.15 1095.36, 3102.7 1095.36, 3102.32 1095.44, 3101.64 1095.54, 3101.16 1095.59, 3101.07 1095.6, 3100.71 1095.62, 3099.97 1095.62, 3099.36 1095.67, 3098.96 1095.71, 3098.15 1095.74, 3097.67 1095.72, 3097.54 1095.71, 3096.66 1095.58, 3096.53 1095.58, 3096.49 1095.59, 3095.85 1095.85, 3095.63 1095.87, 3095.18 1095.75, 3094.8 1095.7, 3094.32 1095.63))",95.5827,Lowland,240933,Southwest Almouth and Jackenville,"(3123.4873941963187, 1120.272540756429)"
Alma Bridge,AB27,Southwest Almouth and Jackenville,"POLYGON ((2930 1104.45, 2928.75 1103.63, 2927.49 1103.57, 2926.21 1103.71, 2925.08 1104.27, 2923.69 1104.49, 2921.5 1104.94, 2919.88 1103.58, 2919.07 1103.92, 2919.05 1104.13, 2917.53 1105.95, 2918.65 1108.15, 2918.17 1109.41, 2916.56 1110.38, 2916.51 1112.22, 2916.48 1114.03, 2916.52 1115.54, 2915.87 1116.85, 2915.44 1118.33, 2914.34 1118.57, 2914.13 1120.01, 2913.81 1122.11, 2916.5 1121.3, 2918.31 1121.91, 2918.51 1122.53, 2919.88 1123.21, 2921.3 1123.03, 2922.61 1122.63, 2923.74 1121.05, 2924.9 1120.13, 2926.23 1119.44, 2927.49 1118.96, 2929.33 1118.39, 2930.11 1118.01, 2931.65 1117.68, 2932.94 1117.47, 2935.69 1117.04, 2937.45 1116.93, 2939.2 1117, 2941.08 1116.92, 2942.2 1117.2, 2943.62 1117.55, 2944.22 1117.78, 2945.2 1117.88, 2946.16 1118.18, 2946.64 1118.27, 2947.28 1118.34, 2948.06 1118.28, 2948.46 1118.3, 2949.7 1118.81, 2950.06 1119.06, 2950.43 1119.31, 2951.31 1119.83, 2952.36 1120.26, 2952.96 1120.87, 2953.34 1121.19, 2953.88 1121.35, 2954.62 1121.43, 2954.77 1121.86, 2954.99 1122.76, 2955.47 1123.19, 2955.68 1123.38, 2956.39 1124.02, 2956.66 1124.23, 2956.96 1124.45, 2956.99 1124.47, 2957.46 1124.79, 2957.9 1125.18, 2958.2 1125.35, 2958.42 1125.39, 2958.44 1125.39, 2958.96 1125.23, 2959.25 1124.9, 2959.28 1124.86, 2962.35 1126.29, 2962.92 1126.6, 2963.81 1127.16, 2964.63 1127.79, 2964.66 1127.82, 2965.73 1128.84, 2966.95 1130.32, 2967.61 1131.39, 2968.26 1132.74, 2968.76 1132.71, 2969.84 1132.94, 2970.39 1133.19, 2971.07 1133.62, 2971.65 1134.09, 2971.94 1134.29, 2972.19 1134.41, 2972.78 1134.51, 2972.94 1134.66, 2973.59 1135.07, 2973.72 1135.2, 2974.08 1136.11, 2974.54 1136.81, 2975.22 1135.9, 2975.49 1135.52, 2976.73 1133.41, 2977.26 1132.63, 2977.52 1132.33, 2978.06 1131.86, 2979.29 1131.31, 2980.25 1130.99, 2980.61 1130.9, 2981.5 1130.66, 2981.95 1130.45, 2982.77 1130.03, 2983.22 1129.81, 2983.82 1129.49, 2984.12 1129.8, 2984.89 1130.23, 2985.23 1130.39, 2985.56 1130.54, 2985.9 1130.8, 2986.26 1130.87, 2986.64 1131.01, 2987.12 1131.07, 2988.07 1131.03, 2989.34 1131.25, 2989.39 1131.26, 2990.4 1131.49, 2990.93 1131.56, 2991.51 1131.71, 2992.03 1131.83, 2992.55 1132.03, 2993.35 1132.29, 2993.72 1132.43, 2994.11 1132.56, 2994.46 1132.71, 2994.61 1132.74, 2994.71 1132.63, 2994.67 1132.1, 2994.97 1132.08, 2995.58 1132.1, 2996.04 1132.31, 2997.41 1133.1, 2997.73 1133.29, 2997.78 1133.32, 2997.82 1133.35, 2997.9 1133.39, 2998.21 1133.58, 2998.71 1133.67, 2999.1 1133.69, 2999.52 1133.62, 2999.91 1133.6, 3000.12 1133.62, 3000.28 1133.68, 3000.65 1133.81, 3001.57 1134.24, 3002.56 1134.74, 3002.61 1134.75, 3003.52 1134.86, 3004.57 1135.04, 3005.01 1135.03, 3005.6 1135.01, 3005.8 1135.06, 3006.41 1135.2, 3006.53 1135.22, 3007.44 1135.26, 3008.38 1135.32, 3009.02 1135.32, 3009.84 1135.31, 3010.9 1135.29, 3011.87 1135.29, 3012.59 1135.26, 3012.6 1135.26, 3013.26 1135.13, 3013.66 1135.13, 3013.92 1135.2, 3014.73 1135.39, 3015.43 1135.54, 3015.68 1135.96, 3016.04 1136.05, 3016.47 1136.22, 3017.1 1136.54, 3017.57 1136.99, 3017.74 1137.16, 3018.11 1137.54, 3018.13 1137.56, 3018.23 1137.65, 3018.36 1137.76, 3018.77 1138.11, 3019.33 1138.56, 3019.52 1138.78, 3019.72 1139.16, 3020.1 1139.74, 3020.16 1139.81, 3020.3 1139.46, 3020.46 1138.93, 3020.56 1137.81, 3020.56 1137.45, 3020.53 1136.85, 3020.74 1136.46, 3020.82 1136.17, 3020.93 1135.72, 3021.02 1135.04, 3021.08 1134.58, 3021.13 1134.13, 3021.18 1133.78, 3021.29 1132.96, 3021.33 1132.68, 3021.65 1132.11, 3021.88 1131.76, 3022.21 1131.27, 3022.42 1130.96, 3022.63 1130.58, 3022.68 1130.04, 3022.6 1129.92, 3022.97 1129.69, 3023.71 1129.37, 3024.53 1128.99, 3025.73 1128.46, 3025.8 1128.43, 3026.56 1128.11, 3027.09 1127.98, 3027.54 1127.83, 3028.23 1127.83, 3028.65 1127.84, 3029.1 1127.85, 3029.57 1127.87, 3030.8 1127.9, 3031.33 1127.91, 3031.74 1127.92, 3032.38 1127.91, 3032.93 1127.83, 3033.34 1127.71, 3033.91 1127.51, 3034.28 1127.35, 3034.8 1127.14, 3034.74 1126.97, 3035.36 1126.93, 3035.88 1126.93, 3036.38 1127.03, 3036.95 1127.12, 3037.23 1127.1, 3037.6 1127.13, 3038.01 1127.16, 3038.06 1127.16, 3038.34 1127.17, 3038.97 1127.19, 3039.54 1127.2, 3040.08 1127.21, 3040.97 1127.23, 3041.14 1127.24, 3042.17 1127.24, 3043.83 1127.27, 3044.63 1127.26, 3045.26 1127.26, 3045.43 1127.27, 3045.83 1127.29, 3046.29 1127.33, 3047.02 1127.49, 3047.67 1127.64, 3048.03 1127.72, 3048.59 1127.84, 3050.21 1128.22, 3050.6 1128.31, 3050.99 1128.41, 3051.94 1128.62, 3052.7375 1128.807, 3053 1128.87, 3053.39 1128.96, 3053.95 1129.08, 3054.52 1129.2, 3054.93 1129.39, 3055.31 1129.59, 3055.71 1129.62, 3056.25 1129.66, 3056.72 1129.65, 3057.2 1129.6, 3057.66 1129.6, 3058.11 1129.68, 3059.01 1129.93, 3060.09 1130.18, 3060.48 1130.45, 3060.94 1130.76, 3061.47 1131.22, 3061.81 1131.65, 3062.09 1131.96, 3062.38 1132.28, 3062.79 1132.68, 3063.19 1133.06, 3063.48 1133.32, 3063.67 1133.5, 3064.31 1134.13, 3064.82 1134.79, 3065.11 1135.29, 3065.3 1135.6, 3065.37 1135.72, 3065.45 1135.86, 3065.7 1136.23, 3065.75 1136.65, 3065.99 1136.2, 3066.55 1136.33, 3066.79 1136.03, 3066.88 1135.85, 3066.94 1135.8, 3067.04 1135.82, 3067.94 1136.33, 3068.36 1136.56, 3069 1136.71, 3069.64 1136.65, 3070.17 1136.6, 3070.71 1136.55, 3070.84 1136.54, 3070.9577 1136.5219, 3070.97 1136.52, 3071.08 1136.51, 3071.6 1136.47, 3072.12 1136.42, 3072.76 1136.43, 3073.34 1136.69, 3073.52 1136.69, 3073.65 1136.62, 3074.4 1135.82, 3074.57 1135.77, 3075.05 1136.18, 3075.38 1135.76, 3075.46 1135.66, 3075.4893 1135.6181, 3075.85 1135.15, 3076.07 1135.29, 3075.96 1134.59, 3075.86 1133.85, 3075.86 1132.85, 3075.91 1132.33, 3076.02 1131.85, 3076.56 1130.67, 3076.88 1129.82, 3077.02 1129.33, 3077.12 1128.9, 3077.31 1127.97, 3077.45 1127.14, 3077.46 1127.05, 3077.53 1126.13, 3077.68 1125.55, 3077.91 1124.74, 3077.95 1124.59, 3077.98 1124.43, 3078.08 1123.82, 3078.16 1123.32, 3078.33 1122.52, 3078.61 1121.65, 3078.72 1121.1, 3078.78 1120.58, 3078.74 1120.16, 3078.71 1119.92, 3078.67 1119.38, 3078.67 1119.34, 3078.78 1118.55, 3078.87 1118.31, 3079.07 1117.7, 3079.26 1117.09, 3079.4 1116.74, 3079.69 1116.01, 3079.8 1115.63, 3079.9 1115.25, 3079.98 1114.83, 3080.06 1114.24, 3080.1 1113.88, 3080.18 1113.36, 3080.37 1112.29, 3080.54 1111.59, 3080.64 1111.07, 3080.67 1110.46, 3080.81 1110.44, 3081.1457 1110.39, 3081.28 1110.37, 3082.7 1110.16, 3083.45 1110.05, 3084 1109.97, 3084 1109.8, 3084 1101.65, 3084 1101.02, 3084.08 1101.02, 3084.19 1101.01, 3084.34 1099.22, 3084.52 1098.65, 3084.6 1098.26, 3084.61 1098.21, 3084.65 1097.69, 3084.64 1097.13, 3084.67 1096.68, 3084.68 1096.29, 3084.71 1095.76, 3084.74 1095.35, 3084.82 1094.76, 3084.94 1094.24, 3085.02 1093.8, 3085.22 1093.36, 3085.38 1093.03, 3085.59 1092.69, 3085.77 1092.48, 3085.85 1092.37, 3086.15 1092, 3084 1092, 3055.38 1092, 3042.72 1092, 3007.63 1092, 2930 1092, 2930 1104.45))",91.15909099999999,Lowland,46319,Southwest Almouth and Jackenville,"(3006.4575856341366, 1110.9087646573641)"
Alma Bridge,AB28,Southwest Almouth and Jackenville,"POLYGON ((3030.8 1127.9, 3030.17 1127.88, 3029.57 1127.87, 3029.17 1127.85, 3029.1 1127.85, 3028.65 1127.84, 3028.23 1127.83, 3027.54 1127.83, 3027.09 1127.98, 3026.56 1128.11, 3025.8 1128.43, 3025.73 1128.46, 3024.98 1128.79, 3024.53 1128.99, 3023.71 1129.37, 3022.97 1129.69, 3022.6 1129.92, 3022.68 1130.04, 3022.63 1130.58, 3022.42 1130.96, 3022.21 1131.27, 3021.88 1131.76, 3021.7 1132.03, 3021.65 1132.11, 3021.33 1132.68, 3021.29 1132.96, 3021.18 1133.78, 3021.13 1134.13, 3021.08 1134.58, 3021.02 1135.04, 3020.93 1135.72, 3020.82 1136.17, 3020.74 1136.46, 3020.53 1136.85, 3020.56 1137.45, 3020.56 1137.81, 3020.46 1138.93, 3020.3 1139.46, 3020.16 1139.81, 3020.22 1140.71, 3020.14 1141.29, 3020.01 1142.15, 3019.93 1142.67, 3019.9191 1142.7526, 3019.82 1143.41, 3019.81 1143.48, 3019.8 1143.54, 3019.7964 1143.5829, 3019.73 1144.07, 3019.62 1144.9, 3019.57 1145.27, 3019.5 1145.69, 3019.58 1146.45, 3019.9 1146.77, 3019.91 1146.8, 3020.01 1147.47, 3020.02 1147.52, 3019.7 1147.87, 3019.17 1148.46, 3018.83 1148.83, 3018.5 1149.2, 3018.15 1149.58, 3017.9 1149.88, 3017.59 1150.29, 3017.33 1150.68, 3017.13 1151, 3016.86 1151.43, 3016.32 1152.29, 3015.98 1152.84, 3015.93 1152.92, 3015.54 1153.52, 3015.25 1153.96, 3014.8 1154.65, 3014.59 1154.96, 3014.37 1155.29, 3014.11 1155.69, 3013.88 1156.05, 3013.68 1156.36, 3013.62 1156.43, 3013.01 1157.14, 3012.31 1157.94, 3012.55 1158.3, 3012.94 1158.86, 3013.16 1159.16, 3013.46 1159.55, 3013.69 1159.79, 3013.98 1160.01, 3014.04 1160.04, 3014.41 1160.22, 3014.46 1160.25, 3014.52 1160.28, 3014.88 1160.44, 3015.45 1160.68, 3015.72 1160.87, 3015.88 1160.9, 3016.64 1161.15, 3017.07 1161.33, 3017.76 1161.59, 3019.17 1162.17, 3019.55 1162.38, 3020.57 1163.16, 3021.09 1163.61, 3021.62 1164.06, 3022.54 1164.85, 3023.45 1165.63, 3023.74 1165.92, 3024.12 1166.34, 3024.57 1167.07, 3024.68 1167.27, 3024.8 1167.46, 3025.21 1168.23, 3025.5 1168.81, 3025.74 1169.3, 3026.0357 1169.8614, 3026.13 1170.05, 3026.43 1170.61, 3026.79 1170.45, 3027.29 1170.2, 3027.67 1170.01, 3027.76 1169.96, 3027.97 1170.39, 3028.14 1170.76, 3028.38 1171.26, 3028.59 1171.7, 3029.49 1171.24, 3030.14 1170.9, 3030.49 1170.74, 3030.85 1170.65, 3031.41 1170.54, 3032.14 1170.4, 3032.35 1170.36, 3033.25 1170.18, 3033.62 1170.1, 3033.68 1170.09, 3034.12 1170, 3034.16 1169.99, 3034.57 1169.91, 3034.98 1169.82, 3035.07 1169.81, 3035.5 1169.72, 3035.91 1169.63, 3036.26 1169.55, 3036.81 1169.44, 3037.22 1169.37, 3037.17 1169.1, 3037.8 1168.94, 3038.46 1169.02, 3038.81 1168.87, 3039.21 1168.67, 3039.55 1168.5, 3039.88 1168.33, 3040.55 1167.99, 3040.92 1167.8, 3041.35 1167.58, 3041.32 1167.47, 3041.19 1166.92, 3041.07 1166.22, 3041.67 1166.29, 3042.33 1166.36, 3042.66 1166.41, 3043.41 1166.5, 3044.97 1166.76, 3045.92 1166.91, 3046.78 1167.26, 3046.83 1167.17, 3047.62 1167.44, 3047.98 1167.57, 3048.33 1167.68, 3048.95 1167.9, 3049.32 1168.03, 3049.62 1167.26, 3049.83 1166.72, 3050.82 1167.3, 3050.81 1167.77, 3050.94 1167.9, 3051.42 1167.57, 3051.91 1167.11, 3052.21 1166.87, 3052.58 1166.62, 3052.9 1166.44, 3053.23 1166.71, 3053.59 1166.93, 3053.7 1166.95, 3053.74 1166.96, 3053.755 1166.96, 3053.7786 1166.9643, 3053.79 1166.97, 3054.36 1167.07, 3054.31 1167.34, 3054.66 1167.8, 3054.98 1168.06, 3055.32 1168.29, 3055.9 1168.23, 3056.02 1167.77, 3056.11 1167.41, 3056.28 1166.74, 3056.68 1166.7, 3057.17 1166.66, 3057.74 1166.67, 3058.29 1166.7, 3058.68 1166.72, 3059.07 1166.72, 3059.53 1166.71, 3059.89 1166.65, 3060.17 1166.6, 3060.71 1166.48, 3060.74 1166.47, 3062.61 1165.98, 3063.49 1165.71, 3063.85 1165.46, 3064.29 1166.19, 3064.77 1166.89, 3065.31 1167.49, 3065.86 1167.12, 3066.07 1166.98, 3067.37 1166.58, 3068.62 1166.1, 3068.96 1165.98, 3069.61 1165.82, 3070.58 1165.58, 3070.64 1166.03, 3070.73 1166.32, 3071.36 1166.55, 3071.95 1166.67, 3073.33 1166.93, 3075.06 1167.16, 3075.43 1167.18, 3075.54 1167.17, 3075.95 1167.14, 3076.44 1167.14, 3076.76 1167.18, 3077.19 1167.22, 3077.29 1167.22, 3077.75 1167.21, 3078.27 1167.16, 3078.68 1167.16, 3078.97 1167.21, 3079.21 1167.14, 3079.56 1166.99, 3079.93 1166.87, 3080.42 1166.75, 3080.8 1166.7, 3081.45 1166.65, 3081.86 1166.55, 3082.26 1166.45, 3082.74 1166.32, 3083.31 1166.2, 3083.68 1166.13, 3084.1 1166.07, 3084.24 1166.06, 3084.55 1166.06, 3085.03 1166.07, 3085.6 1166.06, 3086.37 1165.95, 3086.73 1165.9, 3087.14 1165.89, 3087.18 1165.89, 3087.56 1165.84, 3087.95 1165.79, 3088.35 1165.74, 3089.14 1165.71, 3089.52 1165.71, 3089.89 1165.7, 3090.41 1165.67, 3090.93 1165.63, 3091.61 1165.56, 3091.99 1165.53, 3092.79 1165.44, 3092.48 1164.92, 3092.17 1164.41, 3091.9 1164, 3091.62 1163.56, 3091.39 1163.24, 3091.09 1162.82, 3090.82 1162.43, 3090.53 1161.95, 3090.31 1161.6, 3090.06 1161.22, 3089.98 1161.13, 3089.66 1160.66, 3089.37 1160.28, 3089.07 1159.9, 3088.88 1159.71, 3088.59 1159.49, 3088.47 1159.4, 3088.09 1159.02, 3088 1158.93, 3087.7 1158.68, 3087.39 1158.46, 3086.76 1158.29, 3086.25 1158.18, 3085.2827 1157.9891, 3085.2 1157.97, 3084.73 1157.88, 3083.95 1157.66, 3083.28 1157.16, 3082.5 1156.6, 3082.79 1156.22, 3082.94 1155.77, 3083.16 1155.38, 3083.49 1155.18, 3084 1155.12, 3084 1143.35, 3083.9 1137.96, 3082.11 1138.16, 3079.88 1138.21, 3078.03 1138.19, 3076.51 1138.04, 3076.46 1137.4, 3076.37 1136.83, 3076.27 1136.17, 3076.17 1135.8, 3076.07 1135.29, 3075.85 1135.15, 3075.53 1135.56, 3075.4893 1135.6181, 3075.38 1135.76, 3075.05 1136.18, 3074.57 1135.77, 3074.4 1135.82, 3073.76 1136.5, 3073.65 1136.62, 3073.52 1136.69, 3073.34 1136.69, 3072.76 1136.43, 3072.12 1136.42, 3071.08 1136.51, 3070.97 1136.52, 3070.9577 1136.5219, 3069.64 1136.65, 3069 1136.71, 3068.36 1136.56, 3067.04 1135.82, 3066.94 1135.8, 3066.88 1135.85, 3066.79 1136.03, 3066.55 1136.33, 3065.99 1136.2, 3065.75 1136.65, 3065.7 1136.23, 3065.45 1135.86, 3065.37 1135.72, 3065.3 1135.6, 3064.82 1134.79, 3064.31 1134.13, 3063.67 1133.5, 3063.48 1133.32, 3063.19 1133.06, 3062.79 1132.68, 3062.38 1132.28, 3062.09 1131.96, 3061.81 1131.65, 3061.47 1131.22, 3060.94 1130.76, 3060.48 1130.45, 3060.13 1130.2, 3060.09 1130.18, 3059.01 1129.93, 3058.11 1129.68, 3057.66 1129.6, 3057.2 1129.6, 3056.72 1129.65, 3056.25 1129.66, 3055.71 1129.62, 3055.31 1129.59, 3054.93 1129.39, 3054.52 1129.2, 3053.95 1129.08, 3053.87 1129.06, 3053.5 1128.98, 3053.39 1128.96, 3052.7375 1128.807, 3052 1128.63, 3051.94 1128.62, 3051.38 1128.49, 3050.99 1128.41, 3050.6 1128.31, 3048.59 1127.84, 3047.02 1127.49, 3046.29 1127.33, 3045.83 1127.29, 3045.43 1127.27, 3045.34 1127.26, 3045.26 1127.26, 3044.63 1127.26, 3043.83 1127.27, 3043.45 1127.26, 3042.92 1127.25, 3042.78 1127.25, 3042.17 1127.24, 3041.14 1127.24, 3040.97 1127.23, 3040.49 1127.21, 3040.08 1127.21, 3039.54 1127.2, 3038.97 1127.19, 3038.34 1127.17, 3038.06 1127.16, 3037.6 1127.13, 3037.23 1127.1, 3036.95 1127.12, 3036.38 1127.03, 3035.88 1126.93, 3035.36 1126.93, 3034.74 1126.97, 3034.8 1127.14, 3034.28 1127.35, 3033.91 1127.51, 3033.34 1127.71, 3032.93 1127.83, 3032.38 1127.91, 3031.74 1127.92, 3031.33 1127.91, 3030.8 1127.9))",37.69946999999999,Lowland,207139,Southwest Almouth and Jackenville,"(3049.912407399933, 1149.6197246029187)"
Alma Bridge,AB29,Southwest Almouth and Jackenville,"POLYGON ((2942.2 1117.2, 2941.08 1116.92, 2939.2 1117, 2937.45 1116.93, 2935.69 1117.04, 2932.94 1117.47, 2931.65 1117.68, 2930.11 1118.01, 2929.33 1118.39, 2927.49 1118.96, 2926.23 1119.44, 2924.9 1120.13, 2923.74 1121.05, 2922.61 1122.63, 2921.3 1123.03, 2919.88 1123.21, 2918.51 1122.53, 2918.31 1121.91, 2916.5 1121.3, 2913.81 1122.11, 2913.88 1124.74, 2914.01 1127.97, 2914.2 1129.46, 2914.27 1131.14, 2914.33 1133.08, 2913.92 1134.86, 2913.23 1136, 2916.79 1136, 2916.84 1136.73, 2917.15 1138.23, 2917.87 1139.56, 2919.2 1140.98, 2921.76 1140.56, 2923.36 1139.73, 2924.95 1140.61, 2924.21 1141.39, 2924.37 1141.74, 2924.9 1142.63, 2924.9 1142.64, 2924.5 1144.55, 2924.34 1145.75, 2925.55 1146.28, 2926.48 1147.1, 2927.35 1147.94, 2930 1147.69, 2930 1151.4, 2929.63 1151.79, 2929.23 1152.47, 2928.78 1153.24, 2928.37 1153.85, 2927 1153.83, 2925.84 1154.14, 2925.71 1154.18, 2924.18 1154.76, 2923.68 1155.49, 2922.65 1157.12, 2924.3 1159.35, 2924.94 1160.6, 2926.15 1160.52, 2927.23 1161.06, 2927.36 1161.15, 2928.9 1162.12, 2929.29 1162.33, 2930.42 1162.71, 2931.37 1162.55, 2931.81 1162.33, 2932.23 1161.93, 2932.61 1161.35, 2932.92 1160.87, 2932.94 1160.88, 2933.1 1160.89, 2933.54 1161.07, 2933.64 1160.8, 2934.8 1160.4, 2936.01 1159.69, 2936.96 1158.94, 2937.33 1159.42, 2937.32 1159.44, 2938.22 1160.3, 2939.84 1161.1, 2940.64 1161.56, 2942.21 1162.51, 2944.13 1163.05, 2944.45 1162.83, 2945.06 1161.79, 2945.27 1161.03, 2946.08 1160.54, 2946.79 1161.06, 2947.29 1161.41, 2947.79 1161.75, 2949.01 1162.49, 2950.92 1163.46, 2951.98 1164.02, 2952.18 1163.71, 2952.54 1163.49, 2952.99 1163.23, 2953.11 1163.15, 2953.77 1162.61, 2953.98 1162.93, 2954.47 1163.54, 2955.11 1163.67, 2955.35 1163.58, 2955.57 1163.7, 2956.33 1163.84, 2956.7 1163.9, 2956.88 1164.09, 2957.25 1164.41, 2957.31 1164.38, 2957.65 1164.57, 2958.04 1164.7, 2958.53 1164.67, 2958.9 1164.63, 2958.97 1164.88, 2959.38 1165.16, 2960.29 1165.42, 2960.51 1165.5, 2961.16 1165.9, 2961.42 1166.26, 2962.27 1165.97, 2962.69 1165.86, 2962.94 1165.79, 2964.25 1165.5, 2965.5 1165.12, 2965.57 1165.2, 2966.61 1164.97, 2966.64 1164.96, 2966.84 1163.73, 2966.98 1162.7, 2967.23 1161.82, 2967.48 1160.69, 2969.53 1161.04, 2970.02 1161.18, 2971.04 1161.56, 2972.2 1162.11, 2972.24 1162.13, 2972.2 1162.37, 2972.14 1162.68, 2972.08 1162.83, 2972.21 1162.88, 2972.97 1163.24, 2973.23 1163.66, 2973.29 1163.85, 2973.35 1164.38, 2973.42 1164.41, 2974 1164.61, 2974.57 1165.08, 2975.71 1165.68, 2976.65 1166.61, 2977.74 1167.24, 2978.8 1167.83, 2980.2 1167.99, 2980.25 1168, 2981.84 1168.14, 2982.12 1167.84, 2982.23 1167.72, 2982.88 1167.02, 2983.77 1166.13, 2983.89 1165.89, 2983.97 1165.87, 2984.2595 1165.8016, 2984.52 1165.74, 2985.06 1165.61, 2985.55 1165.46, 2986.04 1165.34, 2986.82 1165.18, 2987.23 1165.15, 2988.19 1165.08, 2988.73 1165.06, 2989.27 1165.03, 2989.62 1165.14, 2989.97 1164.96, 2990.22 1164.92, 2990.25 1164.92, 2990.69 1164.82, 2990.85 1164.81, 2991.04 1164.68, 2991.14 1164.8, 2991.32 1164.37, 2991.43 1164.18, 2991.81 1164.33, 2992.19 1164.2, 2992.83 1164.23, 2992.96 1164.36, 2993.26 1164.72, 2993.32 1164.79, 2993.28 1165.31, 2993.73 1165.79, 2994.04 1166.09, 2994.25 1166.29, 2994.35 1166.38, 2994.69 1166.66, 2995.28 1167.07, 2995.69 1167.4, 2995.77 1167.53, 2996.12 1168.1, 2996.62 1167.84, 2996.8 1167.74, 2997.09 1167.61, 2997.12 1167.59, 2997.4 1167.54, 2997.78 1167.45, 2998.18 1167.67, 2998.19 1167.67, 2998.19 1167.68, 2998.49 1167.87, 2998.64 1168.03, 2998.92 1168.26, 2999.52 1168.66, 2999.89 1168.89, 3000.23 1169.13, 3000.53 1169.34, 3000.89 1169.54, 3001.28 1169.58, 3001.66 1169.71, 3002.01 1169.73, 3002.33 1169.36, 3002.61 1169.07, 3003.17 1168.36, 3003.36 1167.82, 3003.37 1167.79, 3003.43 1166.74, 3003.45 1166.39, 3003.45 1166.33, 3003.41 1165.69, 3003.47 1165.3, 3003.82 1164.77, 3004.21 1164.44, 3004.65 1164.14, 3005.08 1163.84, 3005.62 1163.47, 3005.96 1163.06, 3006.2 1162.68, 3006.38 1162.45, 3006.39 1162.44, 3006.79 1162.14, 3007.03 1162.16, 3007.37 1162.18, 3007.44 1161.79, 3007.57 1161.38, 3007.78 1160.95, 3008.06 1160.49, 3008.31 1159.96, 3008.62 1159.47, 3009.15 1158.69, 3009.27 1158.32, 3009.43 1157.97, 3009.5 1157.65, 3009.89 1156.9, 3010.05 1156.56, 3010.18 1156.21, 3010.4 1155.49, 3010.5 1155.12, 3010.62 1154.72, 3010.86 1155.09, 3011.45 1156, 3011.61 1156.46, 3011.69 1156.86, 3011.84 1157.19, 3012.07 1157.58, 3012.31 1157.94, 3012.63 1157.58, 3012.97 1157.19, 3013.01 1157.14, 3013.62 1156.43, 3013.68 1156.36, 3013.88 1156.05, 3014.8 1154.65, 3015.25 1153.96, 3015.54 1153.52, 3015.93 1152.92, 3015.98 1152.84, 3016.07 1152.7, 3016.32 1152.29, 3016.86 1151.43, 3017.13 1151, 3017.33 1150.68, 3017.59 1150.29, 3017.9 1149.88, 3018.15 1149.58, 3018.5 1149.2, 3019.17 1148.46, 3020.02 1147.52, 3020.01 1147.47, 3019.91 1146.8, 3019.9 1146.77, 3019.58 1146.45, 3019.5 1145.69, 3019.57 1145.27, 3019.62 1144.9, 3019.73 1144.07, 3019.79 1143.66, 3019.7964 1143.5829, 3019.81 1143.48, 3019.82 1143.41, 3019.88 1143.05, 3019.9191 1142.7526, 3020.01 1142.15, 3020.14 1141.29, 3020.22 1140.71, 3020.16 1139.81, 3020.1 1139.74, 3019.72 1139.16, 3019.52 1138.78, 3019.33 1138.56, 3018.77 1138.11, 3018.36 1137.76, 3018.11 1137.54, 3017.74 1137.16, 3017.57 1136.99, 3017.1 1136.54, 3016.47 1136.22, 3016.04 1136.05, 3015.68 1135.96, 3015.43 1135.54, 3014.73 1135.39, 3013.92 1135.2, 3013.66 1135.13, 3013.26 1135.13, 3012.6 1135.26, 3012.59 1135.26, 3011.87 1135.29, 3010.9 1135.29, 3010.22 1135.3, 3009.84 1135.31, 3009.02 1135.32, 3008.38 1135.32, 3007.44 1135.26, 3007.1 1135.24, 3006.53 1135.22, 3006.41 1135.2, 3005.6 1135.01, 3005.01 1135.03, 3004.57 1135.04, 3003.52 1134.86, 3002.61 1134.75, 3002.56 1134.74, 3002.07 1134.49, 3001.57 1134.24, 3001.11 1134.02, 3000.65 1133.81, 3000.12 1133.62, 2999.91 1133.6, 2999.52 1133.62, 2999.1 1133.69, 2998.71 1133.67, 2998.21 1133.58, 2997.9 1133.39, 2997.78 1133.32, 2997.73 1133.29, 2997.41 1133.1, 2996.72 1132.7, 2996.04 1132.31, 2995.59 1132.1, 2995.58 1132.1, 2994.97 1132.08, 2994.67 1132.1, 2994.71 1132.63, 2994.61 1132.74, 2994.46 1132.71, 2994.11 1132.56, 2993.72 1132.43, 2993.35 1132.29, 2992.55 1132.03, 2992.03 1131.83, 2991.51 1131.71, 2990.93 1131.56, 2990.4 1131.49, 2989.39 1131.26, 2989.34 1131.25, 2988.07 1131.03, 2987.12 1131.07, 2986.64 1131.01, 2986.26 1130.87, 2985.9 1130.8, 2985.56 1130.54, 2984.89 1130.23, 2984.51 1130.01, 2984.12 1129.8, 2983.82 1129.49, 2983.22 1129.81, 2982.77 1130.03, 2981.95 1130.45, 2981.5 1130.66, 2980.61 1130.9, 2980.25 1130.99, 2979.29 1131.31, 2978.06 1131.86, 2977.52 1132.33, 2977.26 1132.63, 2976.73 1133.41, 2975.49 1135.52, 2975.22 1135.9, 2974.94 1136.27, 2974.54 1136.81, 2974.08 1136.11, 2974.02 1135.95, 2973.72 1135.2, 2973.59 1135.07, 2972.94 1134.66, 2972.78 1134.51, 2972.19 1134.41, 2971.94 1134.29, 2971.65 1134.09, 2971.07 1133.62, 2970.79 1133.44, 2970.39 1133.19, 2969.84 1132.94, 2969.2 1132.8, 2969.05 1132.77, 2968.76 1132.71, 2968.26 1132.74, 2967.61 1131.39, 2966.95 1130.32, 2966.5 1129.77, 2965.73 1128.84, 2964.66 1127.82, 2964.63 1127.79, 2963.81 1127.16, 2962.92 1126.6, 2962.35 1126.29, 2959.28 1124.86, 2959.25 1124.9, 2958.96 1125.23, 2958.44 1125.39, 2958.2 1125.35, 2957.9 1125.18, 2957.46 1124.79, 2956.99 1124.47, 2956.96 1124.45, 2956.39 1124.02, 2955.68 1123.38, 2955.47 1123.19, 2954.99 1122.76, 2954.77 1121.86, 2954.62 1121.43, 2953.88 1121.35, 2953.34 1121.19, 2952.96 1120.87, 2952.36 1120.26, 2951.31 1119.83, 2950.43 1119.31, 2949.7 1118.81, 2948.46 1118.3, 2948.06 1118.28, 2947.28 1118.34, 2946.64 1118.27, 2946.4 1118.22, 2946.16 1118.18, 2945.2 1117.88, 2944.22 1117.78, 2943.62 1117.55, 2942.91 1117.37, 2942.2 1117.2))",54.495591000000005,Lowland,192720,Southwest Almouth and Jackenville,"(2964.636910385479, 1144.0532038772749)"
Alma Bridge,AB30,East Almouth,"POLYGON ((2851.75 1117.12, 2851.04 1118.87, 2851.38 1120.27, 2851.38 1120.33, 2851.45 1121.25, 2850.23 1121.26, 2849.09 1120.85, 2847.91 1120.47, 2846.93 1119.75, 2845.71 1119.36, 2845.47 1119.29, 2844.48 1119.08, 2844.12 1118.79, 2842.56 1119.14, 2842.3 1120.36, 2841.45 1121.71, 2840.19 1122.04, 2839.11 1122.62, 2837.92 1122.13, 2837.46 1122.95, 2836.86 1123.91, 2836.41 1124.67, 2836.47 1126.25, 2836 1127.4, 2835.34 1127.98, 2834.2 1128.68, 2832.99 1129.57, 2832.82 1131.18, 2832.79 1131.18, 2832.84 1132.01, 2831.26 1132.32, 2829.97 1133.23, 2828.31 1134.7, 2827.03 1136.01, 2825.69 1136.97, 2825.66 1137.57, 2825.9 1139.49, 2826.1 1141, 2826.33 1142.37, 2828.25 1146.74, 2828.73 1147.35, 2827.22 1148.13, 2825.51 1149.47, 2824.49 1150.13, 2823.68 1150.68, 2822.36 1151.53, 2821.41 1152.62, 2821.31 1152.83, 2821.13 1152.69, 2820.25 1153.1, 2819.79 1153.61, 2818.84 1154.13, 2817.56 1154.27, 2816.63 1155.43, 2816.26 1156.75, 2816.76 1157.91, 2817.45 1158.2, 2818.06 1157.76, 2818.26 1158.88, 2820.1 1159.42, 2821.6 1159.76, 2822.99 1160.49, 2823.99 1161.34, 2824.85 1161.63, 2826.08 1161.57, 2827.51 1162.22, 2828.66 1163.09, 2829.37 1162.49, 2830.7 1162.42, 2832.28 1162.94, 2833.54 1162.11, 2834.9 1162.71, 2836.21 1162.97, 2837.42 1163.29, 2838.64 1163.67, 2839.8 1164.08, 2841.5 1164.78, 2842.8 1165.13, 2844.87 1164.85, 2846.52 1164.61, 2847.79 1164.06, 2848.82 1163.26, 2849.52 1162.84, 2851.32 1162.94, 2852.99 1162.79, 2854.55 1162.89, 2854.94 1162.67, 2855.43 1161.67, 2857.22 1161.45, 2858.48 1162.65, 2859.8 1162.92, 2860.76 1163.8, 2862.07 1165.11, 2863.19 1165.76, 2864.03 1166.67, 2865.07 1167.49, 2865.38 1168.93, 2866.52 1171.72, 2867.81 1175.49, 2868.73 1178.37, 2870.06 1178.12, 2871.9 1178.18, 2873.75 1179, 2874.21 1179.2, 2874.27 1179, 2880.39 1179, 2883.9 1179, 2888.03 1179, 2894.58 1179, 2897.57 1179, 2904.24 1179, 2906.47 1179, 2905.56 1178.14, 2904.19 1177.36, 2903.34 1176.44, 2903.33 1176.42, 2902.23 1175.9, 2900.91 1175.41, 2898.88 1175.39, 2896.93 1175.37, 2897.59 1174.49, 2897.9 1173.31, 2897.63 1172.42, 2898.87 1171.59, 2898.37 1170.96, 2897.66 1170.16, 2896.93 1168.93, 2896.33 1167.85, 2896.16 1166.71, 2895.56 1165.34, 2897.68 1164.42, 2897.61 1166.11, 2898.57 1166.97, 2899.55 1167.36, 2899.59 1167.31, 2900.62 1168.24, 2901.26 1168.85, 2901.59 1169.2, 2901.52 1169, 2903.04 1168.22, 2904.44 1167.51, 2905.52 1166.98, 2908 1165.73, 2908.14 1165.6, 2908.39 1165.58, 2908.42 1162.48, 2909.84 1163.54, 2910.15 1163.77, 2911.55 1164.84, 2911.73 1164.97, 2912.74 1165.8, 2913.34 1166.38, 2914.42 1167.43, 2914.48 1167.48, 2915.25 1169.01, 2915.82 1169.81, 2917.08 1170.05, 2917.8591 1170.1895, 2918.56 1170.32, 2918.56 1170.33, 2918.72 1170.48, 2920.49 1171.63, 2920.78 1171.85, 2921.3 1171.38, 2920.79 1170.05, 2920.79 1170.04, 2921.37 1169.21, 2921.94 1168.88, 2922.23 1168.72, 2922.48 1167.54, 2922.46 1166.25, 2922.56 1165.01, 2922.43 1164.71, 2922.33 1163.29, 2922.99 1162.24, 2923.91 1161.46, 2923.92 1161.46, 2923.94 1161.35, 2923.93 1161.35, 2923.94 1161.3, 2924.94 1160.6, 2924.3 1159.35, 2922.65 1157.12, 2923.68 1155.49, 2924.18 1154.76, 2925.71 1154.18, 2927 1153.83, 2928.37 1153.85, 2928.78 1153.24, 2929.63 1151.79, 2930 1151.4, 2930 1147.69, 2927.35 1147.94, 2926.48 1147.1, 2925.55 1146.28, 2924.34 1145.75, 2924.5 1144.55, 2924.9 1142.64, 2924.9 1142.63, 2924.37 1141.74, 2924.21 1141.39, 2924.95 1140.61, 2923.36 1139.73, 2921.76 1140.56, 2919.2 1140.98, 2917.87 1139.56, 2917.15 1138.23, 2916.84 1136.73, 2916.79 1136, 2913.23 1136, 2913.92 1134.86, 2914.33 1133.08, 2914.27 1131.14, 2914.2 1129.46, 2914.01 1127.97, 2913.88 1124.74, 2913.81 1122.11, 2913.17 1122.49, 2910.96 1121.88, 2909.74 1121.66, 2906.75 1123.76, 2904.31 1122.6, 2903.13 1122.11, 2902.78 1120.92, 2902.77 1119.69, 2901.87 1120.51, 2900.66 1120.2, 2899.28 1119.96, 2899.21 1120, 2898.2 1119.91, 2897.16 1120.55, 2896.15 1119.82, 2895.88 1120.64, 2895.78 1120.89, 2895.4 1121.68, 2894.77 1122.09, 2894.97 1122.53, 2894.58 1123.55, 2894.54 1123.57, 2893.35 1123.53, 2892.37 1124.92, 2891.47 1126.22, 2890.01 1128.38, 2889.77 1128.65, 2888.36 1129.17, 2886.78 1127.57, 2885.06 1125.53, 2883.61 1124.12, 2883.52 1123.52, 2881.81 1122.44, 2880.7 1120.35, 2878.86 1120.03, 2877.6 1119.81, 2876.25 1119.05, 2875.54 1119.17, 2875.36 1119.29, 2874.44 1119.82, 2872.84 1118.4, 2872.54 1117.15, 2872.43 1116.63, 2872.37 1116.46, 2871.83 1115.72, 2870.72 1114.87, 2869.3 1114.52, 2866.99 1113.82, 2865.66 1114.53, 2865.62 1114.72, 2864.9 1115.35, 2863.47 1115.44, 2862.98 1114.31, 2861.47 1113.95, 2860.45 1113.18, 2859.32 1112.62, 2860.34 1113.4, 2861.13 1115.07, 2860.42 1116.98, 2859.47 1116.34, 2858.42 1115.56, 2857.16 1115.68, 2855.62 1116.12, 2854.05 1116.51, 2852.61 1117.42, 2851.75 1117.12))",72.088987,Lowland,216822,East Almouth,"(2875.226484715669, 1146.6379900325448)"
Alma Bridge,AB31,East Almouth,"POLYGON ((2763.43 1092, 2754 1092, 2754 1094.48, 2754 1099.42, 2754 1121.82, 2754 1129.64, 2754 1136.26, 2754 1138.35, 2754 1145.57, 2755.14 1144.88, 2757.36 1143.82, 2759.74 1143.02, 2761.06 1142.19, 2761.63 1141.53, 2763.06 1141.86, 2764.38 1141.85, 2765.66 1142.27, 2766.81 1142.67, 2767.52 1143.77, 2768.05 1144.96, 2768.25 1146.41, 2768.49 1148.31, 2769.03 1149.42, 2769.77 1150.45, 2769.98 1151.95, 2770.23 1153.22, 2771.29 1154.5, 2772.12 1155.91, 2773.13 1156.69, 2773.45 1156.83, 2774.57 1157.46, 2775.39 1157.26, 2776.26 1158.38, 2776.82 1159.62, 2777.98 1160.43, 2779.34 1161.42, 2779.86 1162.03, 2780.85 1162.93, 2782.37 1164.27, 2783.78 1165.45, 2785.11 1166.33, 2786.21 1166.97, 2787.05 1167.47, 2787.27 1168.57, 2788.31 1169.24, 2789.56 1169.63, 2790.66 1170.3, 2791.72 1170.9, 2793.18 1171.36, 2794.41 1171.61, 2795.86 1171.48, 2796.04 1171.44, 2797.58 1171.21, 2799.88 1171.13, 2802.64 1171.09, 2804.16 1171.18, 2805.67 1171.82, 2807.67 1171.74, 2810.13 1169.78, 2810.53 1168.26, 2810.84 1166.91, 2811.67 1164.79, 2812.99 1163.6, 2814.11 1161.85, 2815.03 1160.47, 2815.79 1159.43, 2816.59 1157.85, 2816.76 1157.91, 2816.26 1156.75, 2816.63 1155.43, 2817.56 1154.27, 2818.84 1154.13, 2819.79 1153.61, 2820.25 1153.1, 2821.13 1152.69, 2821.31 1152.83, 2821.41 1152.62, 2822.36 1151.53, 2823.68 1150.68, 2824.49 1150.13, 2825.51 1149.47, 2827.22 1148.13, 2828.73 1147.35, 2828.25 1146.74, 2826.33 1142.37, 2826.1 1141, 2825.9 1139.49, 2825.66 1137.57, 2825.69 1136.97, 2827.03 1136.01, 2828.31 1134.7, 2829.97 1133.23, 2831.26 1132.32, 2832.84 1132.01, 2832.79 1131.18, 2832.82 1131.18, 2832.99 1129.57, 2834.2 1128.68, 2835.34 1127.98, 2836 1127.4, 2836.47 1126.25, 2836.41 1124.67, 2836.86 1123.91, 2837.46 1122.95, 2837.92 1122.13, 2839.11 1122.62, 2840.19 1122.04, 2841.45 1121.71, 2842 1120.84, 2842.3 1120.36, 2842.56 1119.14, 2844.12 1118.79, 2844.48 1119.08, 2845.47 1119.29, 2845.71 1119.36, 2846.93 1119.75, 2847.91 1120.47, 2849.09 1120.85, 2850.23 1121.26, 2851.45 1121.25, 2851.38 1120.33, 2851.38 1120.27, 2851.04 1118.87, 2851.75 1117.12, 2852.61 1117.42, 2854.05 1116.51, 2855.62 1116.12, 2857.16 1115.68, 2858.42 1115.56, 2859.47 1116.34, 2860.42 1116.98, 2861.13 1115.07, 2860.34 1113.4, 2859.32 1112.62, 2860.45 1113.18, 2861.47 1113.95, 2862.98 1114.31, 2863.47 1115.44, 2864.9 1115.35, 2865.62 1114.72, 2865.66 1114.53, 2866.99 1113.82, 2869.3 1114.52, 2870.72 1114.87, 2871.83 1115.72, 2872.37 1116.46, 2872.43 1116.63, 2872.54 1117.15, 2872.84 1118.4, 2874.44 1119.82, 2875.36 1119.29, 2875.54 1119.17, 2876.25 1119.05, 2877.6 1119.81, 2878.86 1120.03, 2880.7 1120.35, 2881.81 1122.44, 2883.52 1123.52, 2883.61 1124.12, 2885.06 1125.53, 2886.78 1127.57, 2888.36 1129.17, 2889.77 1128.65, 2890.01 1128.38, 2891.47 1126.22, 2892.37 1124.92, 2893.35 1123.53, 2894.54 1123.57, 2894.58 1123.55, 2894.97 1122.53, 2894.77 1122.09, 2895.4 1121.68, 2895.78 1120.89, 2895.88 1120.64, 2896.15 1119.82, 2897.16 1120.55, 2898.2 1119.91, 2899.21 1120, 2899.28 1119.96, 2900.66 1120.2, 2901.87 1120.51, 2902.77 1119.69, 2902.78 1120.92, 2903.13 1122.11, 2904.31 1122.6, 2906.75 1123.76, 2909.74 1121.66, 2910.96 1121.88, 2913.17 1122.49, 2913.81 1122.11, 2914.13 1120.01, 2914.34 1118.57, 2915.44 1118.33, 2915.87 1116.85, 2916.52 1115.54, 2916.48 1114.03, 2916.51 1112.22, 2916.56 1110.38, 2918.17 1109.41, 2918.65 1108.15, 2917.53 1105.95, 2919.05 1104.13, 2919.07 1103.92, 2919.88 1103.58, 2921.5 1104.94, 2923.69 1104.49, 2925.08 1104.27, 2926.21 1103.71, 2927.49 1103.57, 2928.75 1103.63, 2930 1104.45, 2930 1092, 2929.99 1092, 2908 1092, 2903.43 1092, 2891.33 1092, 2871.62 1092, 2852.91 1092, 2814.15 1092, 2763.43 1092))",120.13851199999998,Lowland,69452,East Almouth,"(2821.930908805413, 1119.2142046154238)"
Alma Bridge,AB32,East Almouth,"POLYGON ((2772.12 1155.91, 2771.29 1154.5, 2770.23 1153.22, 2769.98 1151.95, 2769.77 1150.45, 2769.03 1149.42, 2768.49 1148.31, 2768.25 1146.41, 2768.05 1144.96, 2767.52 1143.77, 2766.81 1142.67, 2765.66 1142.27, 2764.38 1141.85, 2763.06 1141.86, 2761.63 1141.53, 2761.06 1142.19, 2759.74 1143.02, 2757.36 1143.82, 2755.14 1144.88, 2754 1145.57, 2754 1157.82, 2754 1190.24, 2754 1196.54, 2754 1204.45, 2754 1214, 2757.15 1214, 2769.33 1214, 2776.01 1214, 2791.89 1214, 2798.34 1214, 2806.64 1214, 2815.69 1214, 2824.92 1214, 2833.53 1214, 2833.95 1212.18, 2834.31 1209.92, 2833.53 1209.59, 2831.86 1209.17, 2831.17 1209.23, 2830.25 1209.22, 2828.34 1208.97, 2826.87 1208.7, 2824.92 1208.12, 2823.55 1207.62, 2821.78 1207.18, 2820.63 1206.81, 2819.5 1206.37, 2818.22 1205.72, 2816.92 1204.74, 2815.88 1203.96, 2814.94 1203.07, 2814.89 1203.05, 2814.35 1202.93, 2813.35 1202.61, 2811.99 1201.34, 2810.83 1200.78, 2809.72 1200.03, 2808.79 1199.2, 2807.37 1198.44, 2807.87 1197.24, 2808.51 1196.14, 2808.92 1194.96, 2808.7 1193.55, 2808.57 1192.27, 2808.94 1190.52, 2808.83 1189.19, 2808.83 1187.8, 2808.49 1187.49, 2808.68 1186.29, 2808.66 1185.11, 2808.12 1183.77, 2806.83 1183.1, 2807.41 1181.62, 2807.27 1179.88, 2806.99 1179, 2806.8 1178.41, 2807.06 1175.47, 2807.38 1173.46, 2807.75 1171.77, 2807.67 1171.74, 2805.67 1171.82, 2804.16 1171.18, 2802.64 1171.09, 2799.88 1171.13, 2797.58 1171.21, 2796.04 1171.44, 2795.86 1171.48, 2794.41 1171.61, 2793.18 1171.36, 2791.72 1170.9, 2790.66 1170.3, 2789.56 1169.63, 2788.31 1169.24, 2787.27 1168.57, 2787.05 1167.47, 2786.21 1166.97, 2785.11 1166.33, 2783.78 1165.45, 2782.37 1164.27, 2780.85 1162.93, 2779.86 1162.03, 2779.34 1161.42, 2777.98 1160.43, 2776.82 1159.62, 2776.26 1158.38, 2775.39 1157.26, 2774.57 1157.46, 2773.45 1156.83, 2773.13 1156.69, 2772.12 1155.91))",48.99047000000001,Lowland,37248,East Almouth,"(2780.5857456850918, 1187.2685069853835)"
Alma Bridge,AB33,East Almouth,"POLYGON ((2815.03 1160.47, 2814.11 1161.85, 2812.99 1163.6, 2811.67 1164.79, 2810.84 1166.91, 2810.53 1168.26, 2810.13 1169.78, 2807.67 1171.74, 2807.75 1171.77, 2807.38 1173.46, 2807.06 1175.47, 2806.8 1178.41, 2807.27 1179.88, 2807.41 1181.62, 2806.83 1183.1, 2807.65 1183.53, 2808.12 1183.77, 2808.66 1185.11, 2808.68 1186.29, 2808.49 1187.49, 2808.83 1187.8, 2808.83 1189.19, 2808.94 1190.52, 2808.57 1192.27, 2808.7 1193.55, 2808.92 1194.96, 2808.51 1196.14, 2807.87 1197.24, 2807.37 1198.44, 2808.79 1199.2, 2809.72 1200.03, 2810.83 1200.78, 2811.99 1201.34, 2813.35 1202.61, 2814.35 1202.93, 2814.89 1203.05, 2814.94 1203.07, 2815.88 1203.96, 2816.92 1204.74, 2818.22 1205.72, 2819.5 1206.37, 2820.63 1206.81, 2821.78 1207.18, 2823.55 1207.62, 2824.92 1208.12, 2826.87 1208.7, 2828.34 1208.97, 2830.25 1209.22, 2831.17 1209.23, 2831.86 1209.17, 2833.53 1209.59, 2834.31 1209.92, 2833.95 1212.18, 2833.53 1214, 2842 1214, 2851.1 1214, 2860.19 1214, 2867.46 1214, 2884.31 1214, 2902.15 1214, 2908 1214, 2908 1208.52, 2908 1206.38, 2908.13 1205.24, 2908.05 1203.41, 2909.52 1203.49, 2909.66 1201.56, 2909.92 1200.67, 2908.83 1200.61, 2905.01 1200.26, 2902.76 1199.9, 2901.73 1199.17, 2902.85 1198.54, 2903.88 1197.62, 2904.71 1196.54, 2905.82 1195.01, 2907.24 1194.28, 2907.98 1194.02, 2908.12 1193.98, 2908.33 1193.95, 2908.73 1193.77, 2909.22 1193.41, 2909.98 1192.48, 2910.04 1192.46, 2910.1 1191.93, 2910.55 1191.3, 2910.93 1190.98, 2911.05 1190.48, 2911.22 1190.12, 2910.99 1190.01, 2910.93 1189.98, 2910.16 1189.65, 2908.54 1188.73, 2909.69 1188.61, 2909.73 1188.62, 2909.7 1188.14, 2909.65 1188.07, 2909.64 1188.02, 2909.68 1187.19, 2909.75 1187.17, 2910.05 1186.36, 2909.91 1185.64, 2910.11 1185.32, 2909.85 1184.89, 2909.91 1184.84, 2909.74 1184.49, 2909.68 1184.37, 2909.53 1184.15, 2909.26 1183.64, 2909.23 1183.58, 2909.27 1183.5, 2909.2177 1183.3932, 2909.21 1183.37, 2909.04 1183.03, 2908.99 1182.88, 2908.9 1182.81, 2908.89 1182.77, 2908.96 1182.61, 2909.03 1182.12, 2909.13 1181.95, 2909.37 1181.61, 2909.44 1181.62, 2909.5 1181.54, 2909.68 1181.25, 2909.66 1181.12, 2909.51 1180.78, 2909.12 1179.87, 2908.56 1179.9, 2908 1179.91, 2907.44 1179.91, 2906.47 1179, 2904.24 1179, 2897.57 1179, 2894.58 1179, 2888.03 1179, 2883.9 1179, 2880.39 1179, 2874.27 1179, 2874.21 1179.2, 2871.9 1178.18, 2870.06 1178.12, 2868.73 1178.37, 2867.81 1175.49, 2866.52 1171.72, 2865.38 1168.93, 2865.07 1167.49, 2864.03 1166.67, 2863.19 1165.76, 2862.07 1165.11, 2860.76 1163.8, 2859.8 1162.92, 2858.48 1162.65, 2857.22 1161.45, 2855.43 1161.67, 2854.94 1162.67, 2854.55 1162.89, 2852.99 1162.79, 2851.32 1162.94, 2849.52 1162.84, 2848.82 1163.26, 2847.79 1164.06, 2846.52 1164.61, 2844.87 1164.85, 2842.8 1165.13, 2842 1164.91, 2841.5 1164.78, 2839.8 1164.08, 2838.64 1163.67, 2837.42 1163.29, 2836.21 1162.97, 2834.9 1162.71, 2833.54 1162.11, 2832.28 1162.94, 2830.7 1162.42, 2829.37 1162.49, 2828.66 1163.09, 2827.51 1162.22, 2826.08 1161.57, 2824.85 1161.63, 2823.99 1161.34, 2822.99 1160.49, 2821.6 1159.76, 2820.1 1159.42, 2818.26 1158.88, 2818.06 1157.76, 2817.45 1158.2, 2816.76 1157.91, 2816.59 1157.85, 2815.79 1159.43, 2815.03 1160.47))",65.895666,Lowland,233543,East Almouth,"(2855.421217899032, 1190.141164003393)"
Alma Bridge,AB34,East Almouth,"POLYGON ((2897.63 1172.42, 2897.9 1173.31, 2897.59 1174.49, 2896.93 1175.37, 2898.88 1175.39, 2900.91 1175.41, 2902.23 1175.9, 2903.33 1176.42, 2904.19 1177.36, 2905.56 1178.14, 2906.47 1179, 2907.44 1179.91, 2908 1179.91, 2908.56 1179.9, 2909.12 1179.87, 2909.51 1180.78, 2909.66 1181.12, 2909.68 1181.25, 2909.5 1181.54, 2909.44 1181.62, 2909.37 1181.61, 2909.13 1181.95, 2909.04 1182.1, 2909.03 1182.12, 2908.96 1182.61, 2908.89 1182.77, 2908.9 1182.81, 2908.99 1182.88, 2909.04 1183.03, 2909.21 1183.37, 2909.2177 1183.3932, 2909.23 1183.43, 2909.27 1183.5, 2909.23 1183.58, 2909.26 1183.64, 2909.53 1184.15, 2909.68 1184.37, 2909.74 1184.49, 2909.88 1184.79, 2909.91 1184.84, 2909.85 1184.89, 2910.11 1185.32, 2909.91 1185.64, 2910.05 1186.36, 2909.75 1187.17, 2909.68 1187.19, 2909.64 1188.02, 2909.65 1188.07, 2909.7 1188.14, 2909.72 1188.49, 2909.73 1188.62, 2909.69 1188.61, 2908.54 1188.73, 2910.16 1189.65, 2910.93 1189.98, 2910.99 1190.01, 2911.22 1190.12, 2911.05 1190.48, 2910.93 1190.98, 2910.55 1191.3, 2910.1 1191.93, 2910.04 1192.46, 2909.98 1192.48, 2909.22 1193.41, 2908.73 1193.77, 2908.33 1193.95, 2908.12 1193.98, 2907.98 1194.02, 2907.24 1194.28, 2905.82 1195.01, 2904.71 1196.54, 2903.88 1197.62, 2902.85 1198.54, 2901.73 1199.17, 2902.76 1199.9, 2905.01 1200.26, 2908.83 1200.61, 2909.92 1200.67, 2909.66 1201.56, 2909.52 1203.49, 2908.05 1203.41, 2908.13 1205.24, 2908 1206.38, 2908 1208.52, 2908 1214, 2920.46 1214, 2936.09 1214, 2948.39 1214, 2957.19 1214, 2957.15 1213.38, 2956.98 1212.7, 2956.81 1210.54, 2956.83 1210.25, 2956.82 1210.2, 2956.94 1210.11, 2956.94 1210.1, 2957.99 1209.49, 2959.12 1208.78, 2960.03 1208.21, 2961.03 1207.57, 2961.89 1207.04, 2962.39 1206.73, 2962.9 1206.41, 2963.93 1205.77, 2964.79 1205.23, 2965.27 1204.94, 2966.13 1204.48, 2965.89 1203.85, 2965.76 1203.38, 2965.71 1203.4, 2964.44 1203.87, 2963.65 1204.05, 2963.4 1203.56, 2963.78 1203.36, 2963.32 1202.34, 2962.73 1201.29, 2962.73 1201.19, 2962.89 1201, 2962.9 1200.99, 2962.61 1200.47, 2961.81 1199.81, 2961.59 1199.59, 2960.64 1198.62, 2960.18 1198.36, 2959.2 1197.73, 2959.07 1197.64, 2958.91 1197.56, 2959 1197.33, 2957.9 1196.75, 2957.72 1196.53, 2957.67 1196.39, 2956.02 1196.18, 2955.57 1196.06, 2954.61 1195.7, 2954.24 1195.66, 2953.82 1195.53, 2953.54 1195.39, 2952.74 1195.16, 2952.01 1195.02, 2952.52 1193.37, 2952.2 1193.28, 2951.97 1193.24, 2952 1191.26, 2952 1190.77, 2951.07 1190.12, 2951.58 1189.46, 2952 1188.26, 2952 1185.74, 2952 1185.36, 2951.78 1184.32, 2951.73 1184.2, 2952 1184.21, 2952.09 1184.22, 2952.44 1184.4, 2953.93 1183.83, 2954.48 1183.67, 2954.76 1182.11, 2954.86 1181.61, 2954.82 1180.51, 2954.47 1179.83, 2954.22 1178.57, 2954.13 1177.83, 2953.59 1176, 2952.76 1174.78, 2952.55 1174.6, 2952.54 1174.57, 2952.51 1174.47, 2952 1173.77, 2951.79 1173.48, 2950.98 1172.43, 2952 1172.32, 2952.76 1172.23, 2952.35 1170.9, 2952.13 1170.77, 2952.38 1170.28, 2952.37 1170.28, 2952.33 1170.27, 2952.25 1170.18, 2952.07 1170.14, 2952 1170.17, 2951.95 1170.2, 2951.93 1170.2, 2951.87 1170.1, 2951.68 1170.05, 2951.47 1170.03, 2951.45 1169.95, 2950.57 1169.12, 2951.42 1168.24, 2951.79 1167.67, 2952 1167.03, 2952 1166.69, 2951.98 1164.02, 2950.92 1163.46, 2949.01 1162.49, 2947.79 1161.75, 2947.29 1161.41, 2946.79 1161.06, 2946.08 1160.54, 2945.27 1161.03, 2945.06 1161.79, 2944.45 1162.83, 2944.13 1163.05, 2942.21 1162.51, 2940.64 1161.56, 2939.84 1161.1, 2938.22 1160.3, 2937.32 1159.44, 2937.33 1159.42, 2936.96 1158.94, 2936.01 1159.69, 2934.8 1160.4, 2933.64 1160.8, 2933.54 1161.07, 2933.53 1161.06, 2933.1 1160.89, 2932.94 1160.88, 2932.92 1160.87, 2932.61 1161.35, 2932.23 1161.93, 2931.81 1162.33, 2931.37 1162.55, 2930.42 1162.71, 2929.29 1162.33, 2928.9 1162.12, 2927.36 1161.15, 2927.23 1161.06, 2926.15 1160.52, 2924.94 1160.6, 2923.94 1161.3, 2923.93 1161.35, 2923.94 1161.35, 2923.92 1161.46, 2923.91 1161.46, 2922.99 1162.24, 2922.33 1163.29, 2922.43 1164.71, 2922.56 1165.01, 2922.46 1166.25, 2922.48 1167.54, 2922.23 1168.72, 2921.94 1168.88, 2921.37 1169.21, 2920.79 1170.04, 2920.79 1170.05, 2921.3 1171.38, 2920.78 1171.85, 2920.49 1171.63, 2918.72 1170.48, 2918.56 1170.33, 2918.56 1170.32, 2918.42 1170.29, 2917.8591 1170.1895, 2917.08 1170.05, 2915.82 1169.81, 2915.25 1169.01, 2914.48 1167.48, 2914.42 1167.43, 2913.34 1166.38, 2912.74 1165.8, 2911.73 1164.97, 2911.55 1164.84, 2910.15 1163.77, 2909.84 1163.54, 2908.42 1162.48, 2908.4 1164.3, 2908.39 1165, 2908.39 1165.58, 2908.14 1165.6, 2908 1165.73, 2905.52 1166.98, 2904.44 1167.51, 2903.04 1168.22, 2901.52 1169, 2901.59 1169.2, 2901.26 1168.85, 2900.62 1168.24, 2899.59 1167.31, 2899.55 1167.36, 2898.57 1166.97, 2897.61 1166.11, 2897.68 1164.42, 2895.56 1165.34, 2896.16 1166.71, 2896.33 1167.85, 2896.93 1168.93, 2897.66 1170.16, 2898.37 1170.96, 2898.87 1171.59, 2897.63 1172.42), (2917.69 1205.15, 2917.68 1205.15, 2917.8 1205.07, 2917.69 1205.15), (2939.33 1193.57, 2939.84 1193.47, 2939.34 1193.57, 2939.33 1193.57))",38.818426,Lowland,542903,East Almouth,"(2931.192612557185, 1188.968291010393)"
Alma Bridge,AB35,White Bridge and Red Market,"POLYGON ((2952.18 1163.71, 2951.98 1164.02, 2952 1166.69, 2952 1167.03, 2951.79 1167.67, 2951.42 1168.24, 2950.57 1169.12, 2951.45 1169.95, 2951.47 1170.03, 2951.68 1170.05, 2951.87 1170.1, 2951.93 1170.2, 2951.95 1170.2, 2952.07 1170.14, 2952.25 1170.18, 2952.33 1170.27, 2952.37 1170.28, 2952.38 1170.28, 2952.13 1170.77, 2952.35 1170.9, 2952.76 1172.23, 2950.98 1172.43, 2951.79 1173.48, 2952 1173.77, 2952.51 1174.47, 2952.54 1174.57, 2952.55 1174.6, 2952.76 1174.78, 2953.59 1176, 2954.13 1177.83, 2954.22 1178.57, 2954.47 1179.83, 2954.82 1180.51, 2954.86 1181.61, 2954.76 1182.11, 2954.48 1183.67, 2953.93 1183.83, 2952.44 1184.4, 2952.09 1184.22, 2952 1184.21, 2951.73 1184.2, 2951.78 1184.32, 2952 1185.36, 2952 1185.74, 2952 1188.26, 2951.58 1189.46, 2951.07 1190.12, 2952 1190.77, 2952 1191.26, 2951.97 1193.24, 2952.2 1193.28, 2952.52 1193.37, 2952.01 1195.02, 2952.74 1195.16, 2953.54 1195.39, 2953.82 1195.53, 2954.24 1195.66, 2954.61 1195.7, 2955.57 1196.06, 2956.02 1196.18, 2957.67 1196.39, 2957.72 1196.53, 2957.9 1196.75, 2959 1197.33, 2958.91 1197.56, 2959.07 1197.64, 2959.2 1197.73, 2960.18 1198.36, 2960.64 1198.62, 2961.59 1199.59, 2961.81 1199.81, 2962.61 1200.47, 2962.9 1200.99, 2962.89 1201, 2962.73 1201.19, 2962.73 1201.29, 2963.32 1202.34, 2963.78 1203.36, 2963.4 1203.56, 2963.65 1204.05, 2964.44 1203.87, 2965.71 1203.4, 2965.76 1203.38, 2965.89 1203.85, 2966.13 1204.48, 2965.27 1204.94, 2964.79 1205.23, 2963.93 1205.77, 2962.9 1206.41, 2962.39 1206.73, 2961.03 1207.57, 2960.03 1208.21, 2959.12 1208.78, 2957.99 1209.49, 2956.94 1210.1, 2956.82 1210.2, 2956.83 1210.25, 2956.81 1210.54, 2956.98 1212.7, 2957.15 1213.38, 2957.19 1214, 2962.7 1214, 2966.56 1214, 2972.62 1214, 2981.74 1214, 2987.84 1214, 2987.84 1210.88, 2988.63 1210.48, 2989.47 1209.69, 2990.94 1207.14, 2991.51 1206.87, 2991.52 1206.76, 2991.5 1206.17, 2991.51 1206.14, 2992.52 1204.64, 2993.98 1201.87, 2994.41 1201.12, 2994.4 1201.1, 2994.47 1201, 2994.27 1201, 2994.42 1199.99, 2994.05 1198.76, 2993.42 1197.79, 2992.72 1196.79, 2992.41 1195.58, 2991.56 1194.06, 2992.33 1193.72, 2993.82 1193.49, 2994.74 1193.22, 2995.49 1193.16, 2995.64 1191.73, 2996 1191.71, 2996 1189.4, 2996 1184.93, 2996 1184.77, 2996 1180.95, 2996.05 1180.98, 2996.29 1181.12, 2996.45 1180.45, 2996.45 1179.99, 2996.48 1179.72, 2996.51 1179.46, 2997.06 1177.74, 2997.14 1177.3, 2997.28 1176.64, 2997.6 1175.9, 2997.73 1175.59, 2997.89 1175.03, 2998.08 1174.52, 2998.11 1174.22, 2998.28 1173.84, 2998.41 1173.59, 2998.8 1172.84, 2998.99 1172.47, 2999.17 1172.11, 2999.25 1171.98, 2999.33 1171.84, 2999.47 1171.64, 2999.79 1171.18, 2999.8 1171.09, 3000.13 1170.87, 3000.75 1170.48, 3001.05 1170.24, 3001.34 1170.01, 3001.66 1169.71, 3001.28 1169.58, 3000.89 1169.54, 3000.53 1169.34, 3000.23 1169.13, 2999.89 1168.89, 2999.52 1168.66, 2998.92 1168.26, 2998.64 1168.03, 2998.49 1167.87, 2998.19 1167.68, 2998.19 1167.67, 2998.18 1167.67, 2997.78 1167.45, 2997.4 1167.54, 2997.12 1167.59, 2996.8 1167.74, 2996.62 1167.84, 2996.12 1168.1, 2995.77 1167.53, 2995.69 1167.4, 2995.28 1167.07, 2994.69 1166.66, 2994.25 1166.29, 2994.24 1166.27, 2994.22 1166.26, 2994.04 1166.09, 2993.73 1165.79, 2993.28 1165.31, 2993.32 1164.79, 2992.96 1164.36, 2992.83 1164.23, 2992.19 1164.2, 2991.81 1164.33, 2991.43 1164.18, 2991.32 1164.37, 2991.14 1164.8, 2991.04 1164.68, 2990.85 1164.81, 2990.69 1164.82, 2990.22 1164.92, 2989.97 1164.96, 2989.62 1165.14, 2989.27 1165.03, 2988.19 1165.08, 2987.23 1165.15, 2986.82 1165.18, 2986.04 1165.34, 2985.55 1165.46, 2985.06 1165.61, 2984.52 1165.74, 2984.2595 1165.8016, 2983.97 1165.87, 2983.89 1165.89, 2983.77 1166.13, 2983.23 1166.66, 2982.88 1167.02, 2982.45 1167.48, 2982.23 1167.72, 2981.84 1168.14, 2980.2 1167.99, 2978.8 1167.83, 2977.74 1167.24, 2976.65 1166.61, 2975.71 1165.68, 2974.57 1165.08, 2974.56 1165.07, 2974 1164.61, 2973.35 1164.38, 2973.29 1163.85, 2973.23 1163.66, 2972.97 1163.24, 2972.73 1163.12, 2972.21 1162.88, 2972.08 1162.83, 2972.14 1162.68, 2972.2 1162.37, 2972.24 1162.13, 2972.2 1162.11, 2971.04 1161.56, 2970.02 1161.18, 2969.94 1161.15, 2969.53 1161.04, 2967.48 1160.69, 2967.23 1161.82, 2966.98 1162.7, 2966.84 1163.73, 2966.64 1164.96, 2966.61 1164.97, 2965.99 1165.1, 2965.57 1165.2, 2965.5 1165.12, 2965.42 1165.14, 2964.25 1165.5, 2962.94 1165.79, 2962.69 1165.86, 2962.27 1165.97, 2961.75 1166.13, 2961.42 1166.26, 2961.16 1165.9, 2960.51 1165.5, 2960.29 1165.42, 2959.38 1165.16, 2958.97 1164.88, 2958.9 1164.63, 2958.53 1164.67, 2958.04 1164.7, 2957.65 1164.57, 2957.31 1164.38, 2957.25 1164.41, 2956.88 1164.09, 2956.7 1163.9, 2956.33 1163.84, 2955.57 1163.7, 2955.35 1163.58, 2955.11 1163.67, 2954.47 1163.54, 2954.24 1163.24, 2953.98 1162.93, 2953.77 1162.61, 2953.44 1162.87, 2953.11 1163.15, 2952.99 1163.23, 2952.54 1163.49, 2952.18 1163.71))",29.974573,Lowland,254904,White Bridge,"(2974.85505699424, 1187.2614908208307)"
Alma Forest,AF01,Greater Almouth,"POLYGON ((2831 772.44, 2831 774.29, 2831 779.29, 2831 785.57, 2831 797.38, 2831 799.16, 2831 804.5, 2831 814, 2837.26 814, 2842.19 814, 2845.38 814, 2855.23 814, 2868.22 814, 2908 814, 2908 738, 2881.87 738, 2853.83 738, 2843.35 738, 2831 738, 2831 750.56, 2831 758.76, 2831 766.5, 2831 772.44))",91.209334,Lowland,32031,Greater Almouth,"(2869.5, 776.0000000000001)"
Alma Forest,AF02,Greater Almouth,"POLYGON ((2845.38 814, 2842.19 814, 2837.26 814, 2831 814, 2831 823.21, 2831 834.03, 2831 844.82, 2831 851.5, 2831 857.31, 2831 862.21, 2831 868.63, 2831 869.95, 2831 872.6, 2831 876.29, 2831 880.6, 2831 894, 2854.35 894, 2859.06 894, 2908 894, 2908 861.63, 2908 847.73, 2908 832.26, 2908 814, 2868.22 814, 2855.23 814, 2845.38 814))",96.00982599999999,Lowland,33522,Greater Almouth,"(2869.5, 853.9999999999999)"
Alma Forest,AF03,Greater Almouth,"POLYGON ((2831 894, 2831 901.81, 2831 912.8, 2831 919.57, 2831 939.03, 2831 944.23, 2831 945.01, 2831 951.71, 2831 960, 2847.78 960, 2858.48 960, 2890.07 960, 2908 960, 2908 935.29, 2908 900.57, 2908 894, 2859.06 894, 2854.35 894, 2831 894))",79.208104,Lowland,9712,Greater Almouth,"(2869.4999999999995, 927.0)"
Alma Forest,AF04,Greater Almouth,"POLYGON ((2811.22 894, 2803.51 894, 2803.18 894, 2790.82 894, 2766.62 894, 2754 894, 2754 927, 2754 960, 2759.33 960, 2777.59 960, 2792.03 960, 2814.48 960, 2831 960, 2831 951.71, 2831 945.01, 2831 944.23, 2831 939.03, 2831 919.57, 2831 912.8, 2831 901.81, 2831 894, 2826.96 894, 2822.83 894, 2820.25 894, 2817.9 894, 2814.79 894, 2811.22 894))",79.20810399999998,Lowland,23689,Greater Almouth,"(2792.500000000001, 927.0000000000003)"
Alma Forest,AF05,Greater Almouth,"POLYGON ((2754 960, 2754 960.42, 2754 995.93, 2754 1014, 2783.94 1014, 2801.19 1014, 2816.3 1014, 2851.4 1014, 2887.22 1014, 2908 1014, 2908 997.42, 2908 960, 2890.07 960, 2858.48 960, 2847.78 960, 2831 960, 2814.48 960, 2792.03 960, 2777.59 960, 2759.33 960, 2754 960))",129.613264,Lowland,10296,Greater Almouth,"(2831.0, 987.0)"
Alma Forest,AF06,Greater Almouth,"POLYGON ((2816.3 1014, 2801.19 1014, 2783.94 1014, 2754 1014, 2754 1037.18, 2754 1042.95, 2754 1079.58, 2754 1092, 2763.43 1092, 2814.15 1092, 2852.91 1092, 2871.62 1092, 2891.33 1092, 2903.43 1092, 2908 1092, 2908 1063.89, 2908 1014, 2887.22 1014, 2851.4 1014, 2816.3 1014))",187.22095900000002,Lowland,5969,Greater Almouth,"(2830.9999999999995, 1053.0)"
Alma Forest,AF07,Greater Almouth,"POLYGON ((3004.61 960, 2959.3 960, 2908 960, 2908 997.42, 2908 1014, 2908 1063.89, 2908 1092, 2929.99 1092, 2930 1092, 3007.63 1092, 3042.72 1092, 3055.38 1092, 3084 1092, 3084 1078.63, 3084 1062.94, 3084 1062.39, 3084 1060.71, 3084 1057.81, 3084 1054.41, 3084 1050.79, 3084 1048.3, 3084 1044.86, 3084 1044.62, 3084 1037.14, 3084 1029.48, 3084 1021.23, 3084 999.35, 3084 976.4, 3084 960, 3070.76 960, 3035.69 960, 3004.61 960), (3041.08 1043.61, 3041.15 1043.65, 3041.71 1044.04, 3041.08 1043.61))",362.09415699999994,Lowland,10862,Greater Almouth,"(2995.999995221346, 1025.9999981263625)"
Alma Forest,AF08,Greater Almouth,"POLYGON ((2959.76 814, 2908 814, 2908 832.26, 2908 847.73, 2908 861.63, 2908 894, 2908 900.57, 2908 935.29, 2908 960, 2959.3 960, 3004.61 960, 3035.69 960, 3070.76 960, 3084 960, 3084 903.61, 3084 842.87, 3084 814, 3038.75 814, 2988.85 814, 2959.76 814))",400.498131,Lowland,8299,Greater Almouth,"(2996.0000000000005, 887.0)"
Alma Forest,AF09,Greater Almouth,"POLYGON ((2754 593.75, 2754 597.44, 2754 609.96, 2754 628.18, 2754 629.01, 2754 633.98, 2754 673.42, 2754 692.62, 2754 715.7, 2754 738, 2764.52 738, 2801.34 738, 2831 738, 2843.35 738, 2853.83 738, 2881.87 738, 2908 738, 2908 814, 2959.76 814, 2988.85 814, 3038.75 814, 3084 814, 3084 763.04, 3084 718.78, 3084 696, 3084 691.19, 3084 615.18, 3084 563, 2994.53 563, 2939.87 563, 2908 563, 2868.7 563, 2754 563, 2754 575.44, 2754 582.71, 2754 593.75))",1108.570593,Lowland,11316,Greater Almouth,"(2933.4806681101145, 674.1016084132385)"
Alma Forest,AF10,Greater Almouth,"POLYGON ((2576 693.52, 2576 722.65, 2576 738, 2586.54 738, 2595.75 738, 2621.98 738, 2663.34 738, 2677 738, 2680.03 738, 2697.5 738, 2720.38 738, 2727.46 738, 2754 738, 2754 715.7, 2754 692.62, 2754 673.42, 2754 633.98, 2754 629.01, 2754 628.18, 2754 609.96, 2754 597.44, 2754 593.75, 2754 582.71, 2754 575.44, 2754 563, 2748.35 563, 2691.9 563, 2667.68 563, 2666.29 563, 2640.55 563, 2613.56 563, 2576 563, 2576 608, 2576 669.55, 2576 693.52))",485.504227,Lowland,97617,Greater Almouth,"(2665.0000000000005, 650.5000000000001)"
Alma Forest,AF11,Greater Almouth,"POLYGON ((2576 349, 2576 399.56, 2576 421.63, 2576 441.41, 2576 533.6, 2576 563, 2613.56 563, 2640.55 563, 2666.29 563, 2667.68 563, 2691.9 563, 2748.35 563, 2754 563, 2868.7 563, 2908 563, 2908 486.61, 2908 432, 2908 349, 2766.7 349, 2576 349))",1107.354884,Lowland,17370,Greater Almouth,"(2742.0, 456.0)"
Alma Forest,AF12,Greater Almouth,"POLYGON ((2404 349, 2404 410, 2404 542, 2404 608, 2426.54 608, 2517.95 608, 2576 608, 2576 563, 2576 533.6, 2576 441.41, 2576 421.63, 2576 399.56, 2576 349, 2526.8 349, 2404 349))",694.325601,Lowland,10683,Greater Almouth,"(2490.0, 478.50000000000006)"
Alma Forest,AF13,Greater Almouth,"POLYGON ((2426.54 608, 2404 608, 2404 674, 2404 814, 2431.1 814, 2445.59 814, 2576 814, 2677 814, 2677 800.13, 2677 775.57, 2677 740.58, 2677 738, 2663.34 738, 2621.98 738, 2595.75 738, 2586.54 738, 2576 738, 2576 722.65, 2576 693.52, 2576 669.55, 2576 608, 2517.95 608, 2426.54 608))",671.88277,Lowland,6765,Greater Almouth,"(2514.3057901085645, 722.5741857659833)"
Alma Heath,AH01,Greater Almouth,"POLYGON ((2576 814, 2576 908.68, 2576 972.78, 2576 999.79, 2576 1014, 2604.16 1014, 2634.82 1014, 2687.61 1014, 2706.69 1014, 2738.05 1014, 2740.7 1014, 2754 1014, 2754 995.93, 2754 960.42, 2754 960, 2754 927, 2754 894, 2719.22 894, 2677 894, 2677 884.96, 2677 850.86, 2677 824, 2677 814, 2576 814))",458.85215400000004,Lowland,33037,Greater Almouth,"(2654.4334239130435, 926.554347826087)"
Alma Heath,AH02,Greater Almouth,"POLYGON ((2404 814, 2404 944, 2404 1014, 2484.29 1014, 2544.89 1014, 2576 1014, 2576 999.79, 2576 972.78, 2576 908.68, 2576 814, 2445.59 814, 2431.1 814, 2404 814))",536.158767,Lowland,11494,Greater Almouth,"(2490.0000000000005, 914.0)"
Alma Heath,AH03,Greater Almouth,"POLYGON ((2484.29 1014, 2404 1014, 2404 1136, 2404 1214, 2446 1214, 2494.4 1214, 2576 1214, 2576 1128.95, 2576 1125.5, 2576 1075.62, 2576 1067.55, 2576 1026.15, 2576 1014, 2544.89 1014, 2484.29 1014))",536.1606119999999,Lowland,31661,Greater Almouth,"(2489.9999999999995, 1113.9999999999995)"
Alma Heath,AH04,Greater Almouth,"POLYGON ((2576 1075.62, 2576 1125.5, 2576 1128.95, 2576 1214, 2754 1214, 2754 1204.45, 2754 1196.54, 2754 1190.24, 2754 1157.82, 2754 1145.57, 2754 1138.35, 2754 1136.26, 2754 1129.64, 2754 1121.82, 2754 1099.42, 2754 1094.48, 2754 1092, 2754 1079.58, 2754 1042.95, 2754 1037.18, 2754 1014, 2740.7 1014, 2738.05 1014, 2706.69 1014, 2687.61 1014, 2634.82 1014, 2604.16 1014, 2576 1014, 2576 1026.15, 2576 1067.55, 2576 1075.62))",554.864499,Lowland,8463,Greater Almouth,"(2665.0, 1114.0000000000002)"
Oakfield Bush,AK01,Dressingham and Oakfield Bush,"POLYGON ((1940 1136, 1949.25 1136, 1954.26 1136, 1962.41 1136, 1967.93 1136, 1973.44 1136, 1984 1136, 1984 1127.9, 1984 1114, 1962 1114, 1949.42 1114, 1940 1114, 1940 1123.94, 1940 1136))",15.087258999999998,Lowland,44612,Upper Eastland and Readington,"(1962.0, 1125.0)"
Oakfield Bush,AK02,Dressingham and Oakfield Bush,"POLYGON ((1949.25 1136, 1940 1136, 1940 1145.94, 1940 1158, 1949.25 1158, 1962 1158, 1984 1158, 1984 1136, 1973.44 1136, 1967.93 1136, 1962.41 1136, 1954.26 1136, 1949.25 1136))",15.087257,Lowland,60110,Upper Eastland and Readington,"(1962.0, 1147.0)"
Oakfield Bush,AK03,Dressingham and Oakfield Bush,"POLYGON ((1918 1136, 1918 1180, 1962 1180, 1962 1158, 1949.25 1158, 1940 1158, 1940 1145.94, 1940 1136, 1918 1136))",22.630887,Lowland,725,Upper Eastland and Readington,"(1936.3333333333333, 1161.6666666666667)"
Oakfield Bush,AK04,Dressingham and Oakfield Bush,"POLYGON ((1984 1136, 1984 1158, 1962 1158, 1962 1180, 2006 1180, 2006 1136, 1984 1136))",22.630887,Lowland,1124,Upper Eastland and Readington,"(1987.6666666666667, 1161.6666666666667)"
Oakfield Bush,AK05,Dressingham and Oakfield Bush,"POLYGON ((1962 1092, 1962 1114, 1984 1114, 1984 1127.9, 1984 1136, 2006 1136, 2006 1092, 1962 1092))",22.630887,Lowland,1088,Upper Eastland and Readington,"(1987.6666666666667, 1110.3333333333333)"
Oakfield Bush,AK06,Dressingham and Oakfield Bush,"POLYGON ((1962 1092, 1962 1114, 1949.42 1114, 1940 1114, 1940 1123.94, 1940 1136, 1918 1136, 1918 1125, 1918 1092, 1962 1092))",22.630887,Lowland,1017,Upper Eastland and Readington,"(1936.3333333333333, 1110.3333333333333)"
Oakfield Bush,AK07,Dressingham and Oakfield Bush,"POLYGON ((1961 944, 1962 1092, 1918 1092, 1918 1125, 1795 1125, 1795 967, 1795 945, 1795 944, 1822 944, 1961 944))",447.334091,Lowland,4581,Upper Eastland and Readington,"(1875.1742506068313, 1030.86243801029)"
Oakfield Bush,AK08,Dressingham and Oakfield Bush,"POLYGON ((1795 1125, 1795 1277, 1795 1305, 1822 1305, 1962 1305, 1962 1180, 1918 1180, 1918 1136, 1918 1125, 1795 1125))",430.797334,Lowland,4212,Upper Eastland and Readington,"(1873.1154124457307, 1220.4721418234442)"
Oakfield Bush,AK09,Dressingham and Oakfield Bush,"POLYGON ((1962 1305, 2100 1305, 2100 1290, 2100 1136, 2006 1136, 2006 1180, 1962 1180, 1962 1305))",333.322423,Lowland,6466,Upper Eastland and Readington,"(2035.2547460955766, 1226.15790704199)"
Oakfield Bush,AK10,Dressingham and Oakfield Bush,"POLYGON ((1961 944, 1962 1092, 2006 1092, 2006 1136, 2100 1136, 2100 1004, 2100 944, 1961 944))",383.945786,Lowland,5695,Upper Eastland and Readington,"(2034.4854807718332, 1034.0441124732754)"
Oakfield Bush,AK11,Dressingham and Oakfield Bush,"POLYGON ((1822 944, 1822 814, 2100 814, 2100 944, 1961 944, 1822 944))",563.278424,Lowland,2862,Upper Eastland and Readington,"(1961.0, 879.0)"
Oakfield Bush,AK12,Dressingham and Oakfield Bush,"POLYGON ((2270 814, 2259 814, 2248 814, 2116 814, 2111.26 814, 2103.2 814, 2100 814, 2100 944, 2100 1004, 2248 1004, 2248 997.8, 2248 982, 2255.94 982, 2268.07 982, 2270 982, 2270 944, 2270 814))",495.88451399999997,Lowland,7739,Upper Eastland and Readington,"(2183.8742770932863, 907.7221523761629)"
Oakfield Bush,AK13,Dressingham and Oakfield Bush,"POLYGON ((2404 814, 2292 814, 2281 814, 2270 814, 2270 944, 2270 982, 2283.28 982, 2292 982, 2292 1002.33, 2292 1005.54, 2292 1014, 2404 1014, 2404 944, 2404 814))",406.732533,Lowland,8193,Upper Eastland and Readington,"(2338.510729613734, 911.7339055793991)"
Oakfield Bush,AK14,Dressingham and Oakfield Bush,"POLYGON ((2248 997.8, 2248 1004, 2248 1010.09, 2248 1021.77, 2248 1026, 2257.66 1026, 2270 1026, 2275.29 1026, 2279.54 1026, 2292 1026, 2292 1014, 2292 1005.54, 2292 1002.33, 2292 982, 2283.28 982, 2270 982, 2268.07 982, 2255.94 982, 2248 982, 2248 997.8))",30.174517,Lowland,75650,Upper Eastland and Readington,"(2270.0, 1004.0000000000001)"
Oakfield Bush,AK15,Dressingham and Oakfield Bush,"POLYGON ((2270 1026, 2270 1136, 2100 1136, 2100 1004, 2248 1004, 2248 1010.09, 2248 1021.77, 2248 1026, 2257.66 1026, 2270 1026))",342.206449,Lowland,4997,Upper Eastland and Readington,"(2183.3687374749497, 1071.2124248496996)"
Oakfield Bush,AK16,Dressingham and Oakfield Bush,"POLYGON ((2292 1014, 2404 1014, 2404 1136, 2270 1136, 2270 1026, 2275.29 1026, 2279.54 1026, 2292 1026, 2292 1014))",250.685395,Lowland,3980,Upper Eastland and Readington,"(2337.9191743347424, 1075.9027605073366)"
Oakfield Bush,AK17,Dressingham and Oakfield Bush,"POLYGON ((2100 1136, 2100 1290, 2312 1290, 2312 1214, 2404 1214, 2404 1136, 2270 1136, 2100 1136))",620.697287,Lowland,6192,Upper Eastland and Readington,"(2233.389312977099, 1206.1526717557251)"
Oakfield Bush,AK18,Dressingham and Oakfield Bush,"POLYGON ((2312 1290, 2100 1290, 2100 1305, 1962 1305, 1822 1305, 1822 1537, 2100 1537, 2312 1537, 2312 1387, 2312 1290))",1821.381201,Lowland,8973,Upper Eastland and Readington,"(2070.7824747561185, 1417.6393119972618)"
Alma Junction,AN01,Greater Almouth,"POLYGON ((2754 795, 2754 796.19, 2754 799.75, 2754 800.94, 2754 809.25, 2754 814, 2764.97 814, 2771.94 814, 2778.38 814, 2783.25 814, 2793 814, 2793 805.43, 2793 798.84, 2793 795, 2793 789.8, 2793 785.5, 2793 779.25, 2793 777.16, 2793 776, 2783.12 776, 2781.89 776, 2778.19 776, 2777.26 776, 2773.25 776, 2767.89 776, 2763.62 776, 2756.41 776, 2754 776, 2754 780.75, 2754 785.5, 2754 795))",23.098466000000002,Lowland,117359,Greater Almouth,"(2773.5000000000005, 795.0)"
Alma Junction,AN02,Greater Almouth,"POLYGON ((2716 781.94, 2716 782.59, 2716 785.5, 2716 792.62, 2716 796.78, 2716 804.5, 2716 806.88, 2716 808.66, 2716 812.81, 2716 814, 2720.75 814, 2726.69 814, 2732.62 814, 2735 814, 2742.12 814, 2749.84 814, 2754 814, 2754 809.25, 2754 800.94, 2754 799.75, 2754 796.19, 2754 795, 2754 785.5, 2754 780.75, 2754 776, 2747.04 776, 2736.59 776, 2735.53 776, 2721.34 776, 2716 776, 2716 781.94))",22.506202,Lowland,102873,Greater Almouth,"(2734.9999999999995, 795.0)"
Alma Junction,AN03,Greater Almouth,"POLYGON ((2732.62 814, 2726.69 814, 2720.75 814, 2716 814, 2716 819.6, 2716 827.93, 2716 836.5, 2716 837.75, 2716 848.29, 2716 854, 2719.49 854, 2727.88 854, 2731.73 854, 2746.88 854, 2754 854, 2754 846.95, 2754 837.89, 2754 829, 2754 824, 2754 819, 2754 814, 2749.84 814, 2742.12 814, 2735 814, 2732.62 814))",23.690739,Lowland,60962,Greater Almouth,"(2735.0, 834.0)"
Alma Junction,AN04,Greater Almouth,"POLYGON ((2754 819, 2754 824, 2754 829, 2754 837.89, 2754 846.95, 2754 854, 2757.09 854, 2764.96 854, 2774.1 854, 2783.25 854, 2793 854, 2793 845.2, 2793 838.52, 2793 836.26, 2793 834.66, 2793 829.26, 2793 821.73, 2793 814, 2783.25 814, 2778.38 814, 2771.94 814, 2764.97 814, 2754 814, 2754 819))",24.314179,Lowland,153388,Greater Almouth,"(2773.4999999999995, 833.9999999999998)"
Alma Junction,AN05,Greater Almouth,"POLYGON ((2793 834.66, 2793 836.26, 2793 838.52, 2793 845.2, 2793 854, 2783.25 854, 2774.1 854, 2764.96 854, 2757.09 854, 2754 854, 2754 874, 2754 894, 2766.62 894, 2790.82 894, 2803.18 894, 2803.51 894, 2811.22 894, 2814.79 894, 2817.9 894, 2820.25 894, 2822.83 894, 2826.96 894, 2831 894, 2831 880.6, 2831 876.29, 2831 872.6, 2831 869.95, 2831 868.63, 2831 862.21, 2831 857.31, 2831 851.5, 2831 844.82, 2831 834.03, 2831 823.21, 2831 814, 2825.59 814, 2814.16 814, 2809.41 814, 2802.38 814, 2793 814, 2793 821.73, 2793 829.26, 2793 834.66))",71.69569500000001,Lowland,108352,Greater Almouth,"(2798.94347826087, 860.7826086956525)"
Alma Junction,AN06,Greater Almouth,"POLYGON ((2705.03 814, 2677 814, 2677 824, 2677 850.86, 2677 884.96, 2677 894, 2719.22 894, 2754 894, 2754 874, 2754 854, 2746.88 854, 2731.73 854, 2727.88 854, 2719.49 854, 2716 854, 2716 848.29, 2716 837.75, 2716 836.5, 2716 827.93, 2716 819.6, 2716 814, 2711.12 814, 2705.03 814))",72.31909199999998,Lowland,25372,Greater Almouth,"(2709.112068965517, 860.5517241379312)"
Alma Junction,AN07,Greater Almouth,"POLYGON ((2680.03 738, 2677 738, 2677 740.58, 2677 775.57, 2677 800.13, 2677 814, 2705.03 814, 2711.12 814, 2716 814, 2716 812.81, 2716 808.66, 2716 806.88, 2716 804.5, 2716 796.78, 2716 792.62, 2716 785.5, 2716 782.59, 2716 781.94, 2716 776, 2721.34 776, 2735.53 776, 2736.59 776, 2747.04 776, 2754 776, 2754 768.88, 2754 762.98, 2754 749.88, 2754 738, 2727.46 738, 2720.38 738, 2697.5 738, 2680.03 738))",68.703136,Lowland,34516,Greater Almouth,"(2709.112068965517, 769.7758620689655)"
Alma Junction,AN08,Greater Almouth,"POLYGON ((2754 738, 2754 749.88, 2754 762.98, 2754 768.88, 2754 776, 2756.41 776, 2763.62 776, 2767.89 776, 2773.25 776, 2777.26 776, 2778.19 776, 2781.89 776, 2783.12 776, 2793 776, 2793 777.16, 2793 779.25, 2793 785.5, 2793 789.8, 2793 795, 2793 798.84, 2793 805.43, 2793 814, 2802.38 814, 2809.41 814, 2814.16 814, 2825.59 814, 2831 814, 2831 804.5, 2831 799.16, 2831 797.38, 2831 785.57, 2831 779.29, 2831 774.29, 2831 772.44, 2831 766.5, 2831 758.76, 2831 750.56, 2831 738, 2801.34 738, 2764.52 738, 2754 738))",68.113606,Lowland,119547,Greater Almouth,"(2798.9434782608696, 769.5565217391305)"
Aqua Bay,AQ01,Aqua Corner,"POLYGON ((1273 1152, 1273 1165.8, 1273 1180, 1295.76 1180, 1304 1180, 1304 1152, 1295.37 1152, 1273 1152))",13.528657,Lowland,12510,Upper Eastland and Readington,"(1288.5, 1166.0)"
Aqua Bay,AQ02,Aqua Corner,"POLYGON ((1273 1131.71, 1273 1138.27, 1273 1152, 1295.37 1152, 1304 1152, 1304 1125, 1295.37 1125, 1286.56 1125, 1279.26 1125, 1273 1125, 1273 1131.71))",13.045491,Lowland,16583,Upper Eastland and Readington,"(1288.5, 1138.5000000000002)"
Aqua Bay,AQ03,Aqua Corner,"POLYGON ((1273 1110.8, 1273 1117.62, 1273 1125, 1279.26 1125, 1286.56 1125, 1295.37 1125, 1304 1125, 1304 1097, 1295.37 1097, 1273 1097, 1273 1110.8))",13.528656999999999,Lowland,26393,Upper Eastland and Readington,"(1288.5, 1111.0000000000002)"
Aqua Bay,AQ04,Aqua Corner,"POLYGON ((1273 1083.27, 1273 1097, 1295.37 1097, 1304 1097, 1304 1083.5, 1304 1070, 1294.28 1070, 1273 1070, 1273 1083.27))",13.045491,Lowland,11968,Upper Eastland and Readington,"(1288.4999999999998, 1083.4999999999998)"
Aqua Bay,AQ05,Aqua Corner,"POLYGON ((1334 1070, 1304 1070, 1304 1083.5, 1304 1097, 1304 1125, 1334 1125, 1334 1097.5, 1334 1070))",25.716918,Lowland,12886,Upper Eastland and Readington,"(1319.0, 1097.5)"
Aqua Bay,AQ06,Aqua Corner,"POLYGON ((1334 1125, 1304 1125, 1304 1152, 1304 1180, 1334 1180, 1334 1152.5, 1334 1125))",25.716918,Lowland,9422,Upper Eastland and Readington,"(1319.0, 1152.5)"
Aqua Bay,AQ07,Aqua Corner,"POLYGON ((1273 1180, 1273 1221, 1273 1262, 1303.5 1262, 1334 1262, 1334 1180, 1304 1180, 1295.76 1180, 1273 1180))",77.961226,Lowland,11879,Upper Eastland and Readington,"(1303.5, 1221.0)"
Aqua Bay,AQ08,Aqua Corner,"POLYGON ((1334 1125, 1469 1125, 1469 1202, 1469 1262, 1334 1262, 1334 1180, 1334 1152.5, 1334 1125))",288.263266,Lowland,4383,Upper Eastland and Readington,"(1401.5, 1193.5)"
Aqua Bay,AQ09,Aqua Corner,"POLYGON ((1334 967, 1334 1070, 1334 1097.5, 1334 1125, 1469 1125, 1469 1060, 1469 967, 1334 967))",332.449607,Lowland,4458,Upper Eastland and Readington,"(1401.5, 1046.0)"
Aqua Bay,AQ10,Aqua Corner,"POLYGON ((1273 1070, 1294.28 1070, 1304 1070, 1334 1070, 1334 967, 1273 967, 1273 1070))",97.926905,Lowland,4607,Upper Eastland and Readington,"(1303.5, 1018.5)"
Aqua Bay,AQ11,Aqua Corner,"POLYGON ((1273 885, 1273 967, 1334 967, 1469 967, 1569 967, 1569 885, 1273 885))",378.30365,Lowland,1871,Upper Eastland and Readington,"(1421.0, 926.0)"
Aqua Bay,AQ12,Aqua Corner,"POLYGON ((1795 945, 1795 967, 1698 967, 1569 967, 1569 885, 1754 885, 1774 885, 1774 945, 1795 945))",269.201575,Lowland,5888,Upper Eastland and Readington,"(1674.522579898101, 926.8024548402038)"
Aqua Bay,AQ13,Aqua Corner,"POLYGON ((1698 1125, 1698 1092, 1698 967, 1795 967, 1795 1125, 1698 1125))",238.871199,Lowland,2880,Upper Eastland and Readington,"(1746.5, 1046.0)"
Aqua Bay,AQ14,Aqua Corner,"POLYGON ((1698 1125, 1698 1202, 1698 1277, 1795 1277, 1795 1125, 1698 1125))",229.800141,Lowland,2091,Upper Eastland and Readington,"(1746.5, 1201.0)"
Aqua Bay,AQ15,Aqua Corner,"POLYGON ((1469 1202, 1469 1262, 1469 1277, 1469 1539, 1273 1539, 1273 1646, 1775 1646, 1775 1305, 1795 1305, 1795 1277, 1698 1277, 1698 1202, 1583 1202, 1469 1202))",2363.1665169999997,Lowland,18787,Upper Eastland and Readington,"(1583.5229453703644, 1453.8427625460854)"
Aqua Bay,AQ16,Aqua Corner,"POLYGON ((1273 1539, 1469 1539, 1469 1277, 1469 1262, 1334 1262, 1303.5 1262, 1273 1262, 1273 1539))",846.195689,Lowland,2040,Upper Eastland and Readington,"(1371.0, 1400.5)"
Aqua Bay,AQ17,Aqua Corner,"POLYGON ((1469 1125, 1469 1202, 1583 1202, 1583 1158, 1555 1158, 1555 1125, 1469 1125))",122.412527,Lowland,3322,Upper Eastland and Readington,"(1520.9411764705883, 1166.0882352941176)"
Aqua Bay,AQ18,Aqua Corner,"POLYGON ((1583 1202, 1583 1158, 1583 1125, 1612 1125, 1612 1123.73, 1612 1092, 1698 1092, 1698 1125, 1698 1202, 1583 1202))",182.247222,Lowland,3136,Upper Eastland and Readington,"(1644.019285042333, 1150.150987770461)"
Aqua Bay,AQ19,Aqua Corner,"POLYGON ((1569 967, 1569 1060, 1583 1060, 1583 1092, 1598.04 1092, 1612 1092, 1698 1092, 1698 967, 1569 967))",244.341888,Lowland,3987,Upper Eastland and Readington,"(1635.1431715251642, 1028.1711743318237)"
Aqua Bay,AQ20,Aqua Corner,"POLYGON ((1469 1060, 1469 967, 1569 967, 1569 1060, 1555 1060, 1469 1060))",144.949899,Lowland,2618,Upper Eastland and Readington,"(1519.0, 1013.5)"
Aqua Bay,AQ21,Aqua Corner,"POLYGON ((1469 1060, 1469 1125, 1555 1125, 1555 1108.8, 1555 1092, 1555 1060, 1469 1060))",87.125799,Lowland,3304,Upper Eastland and Readington,"(1512.0, 1092.5)"
Aqua Bay,AQ22,Aqua Corner,"POLYGON ((1555 1060, 1555 1092, 1569.54 1092, 1583 1092, 1583 1060, 1569 1060, 1555 1060))",13.965066,Lowland,1035,Upper Eastland and Readington,"(1569.0, 1076.0)"
Aqua Bay,AQ23,Aqua Corner,"POLYGON ((1583 1092, 1569.54 1092, 1555 1092, 1555 1108.8, 1555 1125, 1568.19 1125, 1583 1125, 1583 1108.76, 1583 1092))",14.401474,Lowland,37091,Upper Eastland and Readington,"(1569.0, 1108.5)"
Aqua Bay,AQ24,Aqua Corner,"POLYGON ((1555 1158, 1555 1125, 1568.19 1125, 1583 1125, 1583 1158, 1555 1158))",14.401474,Lowland,743,Upper Eastland and Readington,"(1569.0, 1141.5)"
Aqua Bay,AQ25,Aqua Corner,"POLYGON ((1583 1092, 1583 1108.76, 1583 1125, 1612 1125, 1612 1123.73, 1612 1092, 1598.04 1092, 1583 1092))",14.915813,Lowland,6366,Upper Eastland and Readington,"(1597.5, 1108.5)"
Bayes Valley,B01,Bayes Valley,"POLYGON ((3205 926.9, 3205 932.39, 3205 939.35, 3205 944.15, 3205 949.72, 3205 958.33, 3205 960, 3211.8 960, 3213.98 960, 3218.57 960, 3221.4 960, 3223.7 960, 3226 960, 3226 955.33, 3226 950.67, 3226 946.21, 3226 931.25, 3226 924.43, 3226 918.19, 3226 916, 3221.04 916, 3208.09 916, 3205 916, 3205 926.9))",14.401475,Lowland,36626,Bayes Causeway,"(3215.5000000000005, 937.9999999999999)"
Bayes Valley,B02,Bayes Valley,"POLYGON ((3205 916, 3172 916, 3172 930.35, 3172 943.44, 3172 951.96, 3172 960, 3182.1 960, 3185.1 960, 3187.68 960, 3188.87 960, 3197.03 960, 3200.46 960, 3202.64 960, 3205 960, 3205 958.33, 3205 949.72, 3205 944.15, 3205 939.35, 3205 932.39, 3205 926.9, 3205 916))",22.630887,Lowland,34822,Bayes Causeway,"(3188.5000000000005, 937.9999999999999)"
Bayes Valley,B03,Bayes Valley,"POLYGON ((3109.39 814, 3084 814, 3084 842.87, 3084 903.61, 3084 960, 3089.01 960, 3111.3 960, 3141.49 960, 3153.23 960, 3154.85 960, 3172 960, 3172 951.96, 3172 943.44, 3172 930.35, 3172 916, 3205 916, 3208.09 916, 3221.04 916, 3226 916, 3226 896.15, 3226 886.79, 3226 872.71, 3226 832.47, 3226 814, 3207.33 814, 3161 814, 3124.38 814, 3109.39 814))",286.096811,Lowland,28057,Bayes Causeway,"(3149.3046415341028, 880.3985617781652)"
Bayes Valley,B04,Bayes Valley,"POLYGON ((3111.89 696, 3084 696, 3084 718.78, 3084 763.04, 3084 814, 3109.39 814, 3124.38 814, 3161 814, 3161 779.81, 3161 748.11, 3161 733.57, 3161 731.16, 3161 718, 3150 718, 3150 704.18, 3150 696, 3128 696, 3111.89 696))",137.842678,Lowland,7107,Bayes Causeway,"(3121.597014925373, 756.3134328358208)"
Bayes Valley,B05,Bayes Valley,"POLYGON ((3107.02 563, 3084 563, 3084 615.18, 3084 691.19, 3084 696, 3111.89 696, 3128 696, 3128 681.12, 3128 674, 3140.26 674, 3150 674, 3150 672.53, 3150 663.96, 3150 659.09, 3150 652, 3160.16 652, 3161 652, 3161 643.9, 3161 635.83, 3161 576.6, 3161 563, 3155.42 563, 3136.27 563, 3133.9 563, 3107.02 563))",144.529077,Lowland,10672,Bayes Causeway,"(3119.916370106762, 624.2805456702254)"
Bayes Valley,B06,Bayes Valley,"POLYGON ((3150 659.09, 3150 663.96, 3150 672.53, 3150 674, 3140.26 674, 3128 674, 3128 681.12, 3128 696, 3150 696, 3150 704.18, 3150 718, 3161 718, 3172 718, 3172 712.53, 3172 705.59, 3172 701.81, 3172 696, 3175.7 696, 3185 696, 3194 696, 3194 685.05, 3194 678.39, 3194 674, 3182.46 674, 3178.39 674, 3172 674, 3172 671.61, 3172 657.86, 3172 652, 3164.46 652, 3161 652, 3160.16 652, 3150 652, 3150 659.09))",37.71814500000001,Lowland,132367,Bayes Causeway,"(3160.9999999999986, 684.9999999999999)"
Bayes Valley,B07,Bayes Valley,"POLYGON ((3172 696, 3172 701.81, 3172 705.59, 3172 712.53, 3172 718, 3161 718, 3161 731.16, 3161 733.57, 3161 748.11, 3161 779.81, 3161 814, 3207.33 814, 3226 814, 3226 779, 3227 779, 3227 751.72, 3227 729.84, 3227 705.42, 3227 696, 3206.17 696, 3194 696, 3185 696, 3175.7 696, 3172 696))",117.066523,Lowland,26840,Bayes Causeway,"(3194.734589269072, 756.3531487152177)"
Bayes Valley,B08,Bayes Valley,"POLYGON ((3168.95 563, 3163.07 563, 3161 563, 3161 576.6, 3161 635.83, 3161 643.9, 3161 652, 3164.46 652, 3172 652, 3172 657.86, 3172 671.61, 3172 674, 3178.39 674, 3182.46 674, 3194 674, 3194 678.39, 3194 685.05, 3194 696, 3206.17 696, 3227 696, 3227 688.57, 3227 645.18, 3227 580.21, 3227 563, 3201.44 563, 3181.34 563, 3168.95 563))",121.726744,Lowland,10387,Bayes Causeway,"(3196.3859154929582, 623.3028169014085)"
Bayes Valley,B09,Bayes Valley,"POLYGON ((3281 563, 3252.42 563, 3227 563, 3227 580.21, 3227 645.18, 3227 688.57, 3227 696, 3258.22 696, 3300.67 696, 3307.83 696, 3326 696, 3326 674.21, 3326 662.56, 3326 652, 3328.87 652, 3343.46 652, 3352.6 652, 3361.01 652, 3370 652, 3370 634.52, 3370 592.97, 3370 563, 3299.68 563, 3281 563))",266.25581999999997,Lowland,6652,Bayes Causeway,"(3292.8902124919514, 624.4568576947842)"
Bayes Valley,B10,Bayes Valley,"POLYGON ((3258.22 696, 3227 696, 3227 705.42, 3227 729.84, 3227 751.72, 3227 779, 3292.21 779, 3370 779, 3370 743.46, 3370 718, 3326 718, 3326 717.84, 3326 696, 3307.83 696, 3300.67 696, 3258.22 696))",169.903103,Lowland,7217,Bayes Causeway,"(3294.1044399596362, 740.2083753784057)"
Bayes Valley,B11,Bayes Valley,"POLYGON ((3414 679.45, 3414 685.85, 3414 695.74, 3414 706.46, 3414 717.2, 3414 718, 3395.47 718, 3370 718, 3370 743.46, 3370 779, 3436.44 779, 3549 779, 3549 652, 3449.33 652, 3435.56 652, 3426.75 652, 3418.28 652, 3414 652, 3414 656.55, 3414 659.15, 3414 675.66, 3414 679.45))",309.055005,Lowland,9205,Bayes Causeway,"(3469.385521206314, 719.9667910635936)"
Bayes Valley,B12,Bayes Valley,"POLYGON ((3370 563, 3370 592.97, 3370 634.52, 3370 652, 3376.38 652, 3384.26 652, 3408.67 652, 3414 652, 3418.28 652, 3426.75 652, 3435.56 652, 3449.33 652, 3549 652, 3549 563, 3462.26 563, 3416.43 563, 3370 563))",248.30073599999997,Lowland,12735,Bayes Causeway,"(3459.5, 607.5)"
Bayes Valley,B13,Bayes Valley,"POLYGON ((3370 691.08, 3370 692.49, 3370 694.92, 3370 696.86, 3370 699.09, 3370 711.94, 3370 718, 3395.47 718, 3414 718, 3414 717.2, 3414 706.46, 3414 695.74, 3414 685.85, 3414 679.45, 3414 675.66, 3414 659.15, 3414 656.55, 3414 652, 3408.67 652, 3384.26 652, 3376.38 652, 3370 652, 3370 675.06, 3370 677.31, 3370 682.11, 3370 687.2, 3370 689.7, 3370 691.08))",45.262542,Lowland,50050,Bayes Causeway,"(3392.0000000000005, 685.0000000000001)"
Bayes Valley,B14,Bayes Valley,"POLYGON ((3326 652, 3326 662.56, 3326 674.21, 3326 696, 3326 717.84, 3326 718, 3370 718, 3370 711.94, 3370 699.09, 3370 696.86, 3370 694.92, 3370 692.49, 3370 691.08, 3370 689.7, 3370 687.2, 3370 682.11, 3370 677.31, 3370 675.06, 3370 652, 3361.01 652, 3352.6 652, 3343.46 652, 3328.87 652, 3326 652))",45.261774,Lowland,63086,Bayes Causeway,"(3348.0, 685.0)"
Central,C01,Central,"POLYGON ((2910.83 1356, 2908 1356, 2908 1360.05, 2908 1364.68, 2908 1378, 2911.09 1378, 2916.09 1378, 2917.96 1378, 2922.05 1378, 2930 1378, 2930 1377.52, 2930 1377.51, 2930 1374.46, 2930 1370.11, 2930 1364.86, 2930 1359.85, 2930 1357.5, 2930 1356, 2928.8 1356, 2924.42 1356, 2919.38 1356, 2916.51 1356, 2915.87 1356, 2910.83 1356))",7.54363,Capital,97799,The Central,"(2919.0000000000005, 1367.0000000000002)"
Central,C02,Central,"POLYGON ((2908 1334, 2908 1340.5, 2908 1342.66, 2908 1344.41, 2908 1347.52, 2908 1353.08, 2908 1356, 2910.83 1356, 2915.87 1356, 2916.51 1356, 2919.38 1356, 2924.42 1356, 2928.8 1356, 2930 1356, 2930 1354.02, 2930 1349.32, 2930 1345.72, 2930 1344.05, 2930 1338.61, 2930 1338.01, 2930 1334, 2929.4 1334, 2927.17 1334, 2923.68 1334, 2919.25 1334, 2917.51 1334, 2914.09 1334, 2911.04 1334, 2908 1334))",7.543628,Capital,106764,The Central,"(2919.0000000000005, 1345.0000000000002)"
Central,C03,Central,"POLYGON ((2908 1334, 2911.04 1334, 2914.09 1334, 2917.51 1334, 2919.25 1334, 2923.68 1334, 2927.17 1334, 2929.4 1334, 2930 1334, 2930 1338.01, 2930 1338.61, 2930 1344.05, 2930 1345.72, 2930 1349.32, 2930 1354.02, 2930 1356, 2930 1357.5, 2930 1359.85, 2930 1364.86, 2930 1370.11, 2930 1374.46, 2930 1377.51, 2930 1377.52, 2930 1378, 2930.86 1378, 2933.47 1378, 2936.28 1378, 2937.37 1378, 2941.78 1378, 2944.5 1378, 2952 1378, 2952 1376.22, 2952 1372.03, 2952 1369.54, 2952 1367.05, 2952 1364.89, 2952 1362.57, 2952 1359.35, 2952 1356, 2952 1355.68, 2952 1353.06, 2952 1350.81, 2952 1348.39, 2952 1343.95, 2952 1340.53, 2952 1336.86, 2952 1334, 2952 1329.16, 2952 1329.15, 2952 1328.53, 2952 1323.3, 2952 1318.77, 2952 1314.55, 2952 1312, 2944.67 1312, 2934.63 1312, 2925.82 1312, 2921.76 1312, 2917.28 1312, 2912.01 1312, 2908 1312, 2908 1314.28, 2908 1323, 2908 1329.8, 2908 1334))",30.174557999999998,Capital,189400,The Central,"(2935.5000000000005, 1339.4999999999998)"
Central,C04,Central,"POLYGON ((2908 1382.42, 2908 1389, 2908 1394.68, 2908 1400, 2912.18 1400, 2915.18 1400, 2918.48 1400, 2924.32 1400, 2928.44 1400, 2934.3 1400, 2943.7 1400, 2950.82 1400, 2952 1400, 2952 1398.73, 2952 1389.98, 2952 1382.76, 2952 1378, 2944.5 1378, 2941.78 1378, 2937.37 1378, 2936.28 1378, 2933.47 1378, 2930.86 1378, 2930 1378, 2922.05 1378, 2917.96 1378, 2916.09 1378, 2911.09 1378, 2908 1378, 2908 1379.75, 2908 1382.42))",15.087257000000001,Capital,144739,The Central,"(2930.0, 1389.0)"
Central,C05,Central,"POLYGON ((2952 1367.05, 2952 1369.54, 2952 1372.03, 2952 1376.22, 2952 1378, 2952 1382.76, 2952 1389.98, 2952 1398.73, 2952 1400, 2961.31 1400, 2972.81 1400, 2981.6 1400, 2985.5 1400, 2994.48 1400, 2996 1400, 2996 1397.83, 2996 1393.95, 2996 1391.28, 2996 1387.89, 2996 1382.63, 2996 1379.39, 2996 1378, 2995.07 1378, 2990.32 1378, 2986.28 1378, 2983.53 1378, 2979.28 1378, 2974 1378, 2974 1374.69, 2974 1371.33, 2974 1371.32, 2974 1367.02, 2974 1362.7, 2974 1361.26, 2974 1356.89, 2974 1356, 2965.02 1356, 2964.27 1356, 2953.08 1356, 2952 1356, 2952 1359.35, 2952 1362.57, 2952 1364.89, 2952 1367.05))",22.630893999999998,Capital,97325,The Central,"(2970.3333333333353, 1381.666666666667)"
Central,C06,Central,"POLYGON ((3018.5 1356, 3018 1356, 3018 1357.79, 3018 1360.76, 3018 1365.97, 3018 1370.04, 3018 1378, 3017.02 1378, 3009.39 1378, 3009.1 1378, 3003.29 1378, 2998.03 1378, 2996 1378, 2996 1379.39, 2996 1382.63, 2996 1387.89, 2996 1391.28, 2996 1393.95, 2996 1397.83, 2996 1400, 3004.27 1400, 3005.64 1400, 3014.88 1400, 3020.13 1400, 3025.53 1400, 3036.95 1400, 3040 1400, 3040 1396.75, 3040 1393.58, 3040 1387.36, 3040 1382.36, 3040 1381.14, 3040 1378, 3040 1373.05, 3040 1366.16, 3040 1362.14, 3040 1357.75, 3040 1356, 3030.8 1356, 3027.58 1356, 3024.86 1356, 3018.5 1356))",22.630888000000002,Capital,96079,The Central,"(3021.666666666666, 1381.6666666666667)"
Central,C07,Central,"POLYGON ((2975.81 1356, 2974 1356, 2974 1356.89, 2974 1361.26, 2974 1362.7, 2974 1367.02, 2974 1371.32, 2974 1371.33, 2974 1374.69, 2974 1378, 2979.28 1378, 2983.53 1378, 2986.28 1378, 2990.32 1378, 2995.07 1378, 2996 1378, 2998.03 1378, 3003.29 1378, 3009.1 1378, 3009.39 1378, 3017.02 1378, 3018 1378, 3018 1370.04, 3018 1365.97, 3018 1360.76, 3018 1357.79, 3018 1356, 3010.78 1356, 3007.05 1356, 3002.48 1356, 3001.22 1356, 2999.45 1356, 2996.65 1356, 2991.3 1356, 2985.63 1356, 2984.43 1356, 2982.6 1356, 2975.81 1356))",15.087255,Capital,45764,The Central,"(2996.0, 1366.9999999999998)"
Central,C08,Central,"POLYGON ((2974 1334.91, 2974 1341.79, 2974 1344.24, 2974 1346.7, 2974 1352.58, 2974 1352.65, 2974 1356, 2975.81 1356, 2982.6 1356, 2984.43 1356, 2985.63 1356, 2991.3 1356, 2996.65 1356, 2999.45 1356, 3001.22 1356, 3002.48 1356, 3007.05 1356, 3010.78 1356, 3018 1356, 3018 1354.38, 3018 1348.2, 3018 1343.26, 3018 1336.77, 3018 1334, 3014.21 1334, 3010.79 1334, 3009.12 1334, 3007.16 1334, 3005.22 1334, 3005.21 1334, 3003.51 1334, 2996 1334, 2994.54 1334, 2987.49 1334, 2982.93 1334, 2976.37 1334, 2975.11 1334, 2974 1334, 2974 1334.91))",15.087254999999999,Capital,48537,The Central,"(2996.0, 1344.9999999999998)"
Central,C09,Central,"POLYGON ((2952 1334, 2952 1336.86, 2952 1340.53, 2952 1343.95, 2952 1348.39, 2952 1350.81, 2952 1353.06, 2952 1355.68, 2952 1356, 2953.08 1356, 2964.27 1356, 2965.02 1356, 2974 1356, 2974 1352.65, 2974 1352.58, 2974 1346.7, 2974 1344.24, 2974 1341.79, 2974 1334.91, 2974 1334, 2967.62 1334, 2964.76 1334, 2963.53 1334, 2961.59 1334, 2956.56 1334, 2953.48 1334, 2952 1334))",7.543629999999999,Capital,58307,The Central,"(2963.0000000000005, 1344.9999999999998)"
Central,C10,Central,"POLYGON ((2952 1328.53, 2952 1329.15, 2952 1329.16, 2952 1334, 2953.48 1334, 2956.56 1334, 2961.59 1334, 2963.53 1334, 2964.76 1334, 2967.62 1334, 2974 1334, 2975.11 1334, 2976.37 1334, 2982.93 1334, 2987.49 1334, 2994.54 1334, 2996 1334, 2996 1332.54, 2996 1330.95, 2996 1330.83, 2996 1328.28, 2996 1327.3, 2996 1325.18, 2996 1324.18, 2996 1321.33, 2996 1318.52, 2996 1314.11, 2996 1312, 2993.7 1312, 2992.5 1312, 2984.1 1312, 2973.67 1312, 2973.6 1312, 2966.6 1312, 2960.94 1312, 2958.31 1312, 2952.64 1312, 2952 1312, 2952 1314.55, 2952 1318.77, 2952 1323.3, 2952 1328.53))",15.087271000000001,Capital,68496,The Central,"(2974.0, 1322.9999999999998)"
Central,C11,Central,"POLYGON ((2996 1325.18, 2996 1327.3, 2996 1328.28, 2996 1330.83, 2996 1330.95, 2996 1332.54, 2996 1334, 3003.51 1334, 3005.21 1334, 3005.22 1334, 3007.16 1334, 3009.12 1334, 3010.79 1334, 3014.21 1334, 3018 1334, 3018 1332.83, 3018 1330.66, 3018 1327.92, 3018 1327.07, 3018 1323.75, 3018 1322.27, 3018 1318.88, 3018 1315.3, 3018 1312, 3010.63 1312, 3006.25 1312, 3002.27 1312, 2998.01 1312, 2996 1312, 2996 1314.11, 2996 1318.52, 2996 1321.33, 2996 1324.18, 2996 1325.18))",7.543625,Capital,36192,The Central,"(3007.0000000000005, 1323.0000000000005)"
Central,C12,Central,"POLYGON ((3018 1315.3, 3018 1318.88, 3018 1322.27, 3018 1323.75, 3018 1327.07, 3018 1327.92, 3018 1330.66, 3018 1332.83, 3018 1334, 3021.63 1334, 3026.27 1334, 3030.05 1334, 3032.42 1334, 3035.36 1334, 3038.01 1334, 3040 1334, 3040 1330.72, 3040 1329.04, 3040 1326.21, 3040 1323.87, 3040 1319.3, 3040 1317.34, 3040 1314.79, 3040 1312.84, 3040 1312, 3039.19 1312, 3039.18 1312, 3036.89 1312, 3029.6 1312, 3026.37 1312, 3024.96 1312, 3018.69 1312, 3018 1312, 3018 1315.3))",7.543628999999999,Capital,40493,The Central,"(3029.0, 1322.9999999999998)"
Central,C13,Central,"POLYGON ((3021.63 1334, 3018 1334, 3018 1336.77, 3018 1343.26, 3018 1348.2, 3018 1354.38, 3018 1356, 3018.5 1356, 3024.86 1356, 3027.58 1356, 3030.8 1356, 3040 1356, 3040 1353.45, 3040 1349.61, 3040 1347.4, 3040 1340.84, 3040 1336.6, 3040 1334, 3038.01 1334, 3035.36 1334, 3032.42 1334, 3030.05 1334, 3026.27 1334, 3021.63 1334))",7.543628,Capital,37622,The Central,"(3029.0, 1345.0)"
Central,C14,Central,"POLYGON ((3043.85 1334, 3040 1334, 3040 1336.6, 3040 1340.84, 3040 1347.4, 3040 1349.61, 3040 1353.45, 3040 1356, 3043.29 1356, 3044.9 1356, 3047.4 1356, 3049.61 1356, 3052.7 1356, 3056.68 1356, 3058.71 1356, 3062 1356, 3062 1352.24, 3062 1349.4, 3062 1347.67, 3062 1344.72, 3062 1342.41, 3062 1340, 3062 1337.38, 3062 1334, 3059.26 1334, 3057.02 1334, 3054.22 1334, 3053.84 1334, 3050.92 1334, 3048.34 1334, 3043.85 1334))",7.543629999999999,Capital,86344,Outer Central,"(3051.0000000000005, 1345.0000000000002)"
Central,C15,Central,"POLYGON ((3040 1317.34, 3040 1319.3, 3040 1323.87, 3040 1326.21, 3040 1329.04, 3040 1330.72, 3040 1334, 3043.85 1334, 3048.34 1334, 3050.92 1334, 3053.84 1334, 3054.22 1334, 3057.02 1334, 3059.26 1334, 3062 1334, 3062 1330.14, 3062 1325.7, 3062 1323.26, 3062 1319.75, 3062 1316.6, 3062 1312.85, 3062 1312.58, 3062 1312, 3061.37 1312, 3059.8 1312, 3056.87 1312, 3055.14 1312, 3054.27 1312, 3051.34 1312, 3047.89 1312, 3043.82 1312, 3042.25 1312, 3040 1312, 3040 1312.84, 3040 1314.79, 3040 1317.34))",7.543764,Capital,83451,Outer Central,"(3051.0, 1323.0)"
Central,C16,Central,"POLYGON ((3062 1316.6, 3062 1319.75, 3062 1323.26, 3062 1325.7, 3062 1330.14, 3062 1334, 3064.61 1334, 3071.75 1334, 3075.01 1334, 3077.58 1334, 3084 1334, 3084 1333.18, 3084 1329.36, 3084 1329.28, 3084 1327.28, 3084 1325.31, 3084 1325.28, 3084 1322.7, 3084 1321.33, 3084 1321.32, 3084 1319.85, 3084 1317.53, 3084 1315.38, 3084 1314.4, 3084 1312, 3080.35 1312, 3077.97 1312, 3077.46 1312, 3075.57 1312, 3073.55 1312, 3069.8 1312, 3066.48 1312, 3066.22 1312, 3064.33 1312, 3062.4 1312, 3062 1312, 3062 1312.58, 3062 1312.85, 3062 1316.6))",7.54363,Capital,73010,Outer Central,"(3073.0, 1322.9999999999998)"
Central,C17,Central,"POLYGON ((3062 1334, 3062 1337.38, 3062 1340, 3062 1342.41, 3062 1344.72, 3062 1347.67, 3062 1349.4, 3062 1352.24, 3062 1356, 3065.98 1356, 3067.99 1356, 3070.24 1356, 3072.63 1356, 3074.68 1356, 3077.6 1356, 3080.54 1356, 3083.03 1356, 3084 1356, 3084 1352.67, 3084 1352.65, 3084 1351.67, 3084 1348.22, 3084 1343.94, 3084 1340.15, 3084 1340.12, 3084 1336, 3084 1334, 3077.58 1334, 3075.01 1334, 3071.75 1334, 3064.61 1334, 3062 1334))",7.543631,Capital,75269,Outer Central,"(3073.0, 1345.0000000000002)"
Central,C18,Central,"POLYGON ((3084 1334, 3084 1336, 3084 1340.12, 3084 1340.15, 3084 1343.94, 3084 1348.22, 3084 1351.67, 3084 1352.65, 3084 1352.67, 3084 1356, 3084.57 1356, 3085.49 1356, 3087.87 1356, 3090.38 1356, 3094.64 1356, 3096.31 1356, 3098.08 1356, 3101.96 1356, 3103.66 1356, 3104.22 1356, 3106 1356, 3106 1353.35, 3106 1351.11, 3106 1349.04, 3106 1344.49, 3106 1339.6, 3106 1335.39, 3106 1334.09, 3106 1334, 3105.69 1334, 3105.36 1334, 3099.67 1334, 3097.21 1334, 3094.77 1334, 3092.15 1334, 3091.16 1334, 3088.23 1334, 3088.21 1334, 3084 1334))",7.543640000000001,Capital,48916,Outer Central,"(3094.9999999999995, 1345.0000000000002)"
Central,C19,Central,"POLYGON ((3088.66 1312, 3087.26 1312, 3085.23 1312, 3084 1312, 3084 1314.4, 3084 1315.38, 3084 1317.53, 3084 1319.85, 3084 1321.32, 3084 1321.33, 3084 1322.7, 3084 1325.28, 3084 1325.31, 3084 1327.28, 3084 1329.28, 3084 1329.36, 3084 1333.18, 3084 1334, 3088.21 1334, 3088.23 1334, 3091.16 1334, 3092.15 1334, 3094.77 1334, 3097.21 1334, 3099.67 1334, 3105.36 1334, 3105.69 1334, 3106 1334, 3106 1334.09, 3106 1335.39, 3106 1339.6, 3106 1344.49, 3106 1349.04, 3106 1351.11, 3106 1353.35, 3106 1356, 3107.44 1356, 3110.88 1356, 3112.58 1356, 3115.66 1356, 3120.42 1356, 3124.14 1356, 3127.07 1356, 3128 1356, 3128 1353.05, 3128 1342.72, 3128 1336.39, 3128 1334, 3128 1331.27, 3128 1331.26, 3128 1326.58, 3128 1323.12, 3128 1321.53, 3128 1314.47, 3128 1312, 3122.23 1312, 3119.26 1312, 3116.73 1312, 3114.53 1312, 3111.93 1312, 3109.7 1312, 3107.21 1312, 3102.71 1312, 3100.68 1312, 3099.2 1312, 3097.7 1312, 3096.75 1312, 3093.68 1312, 3092.15 1312, 3089.37 1312, 3088.66 1312))",22.630931999999998,Capital,73794,Outer Central,"(3109.6666666666674, 1330.3333333333333)"
Central,C20,Central,"POLYGON ((3097.52 1378, 3093.73 1378, 3091.21 1378, 3087.55 1378, 3084.49 1378, 3084 1378, 3084 1379.78, 3084 1384.64, 3084 1387.65, 3084 1390.4, 3084 1394.18, 3084 1400, 3089.72 1400, 3091.22 1400, 3096.71 1400, 3096.88 1400, 3111.31 1400, 3121.35 1400, 3121.5 1400, 3128 1400, 3128 1383.78, 3128 1377.94, 3128 1377.91, 3128 1366.27, 3128 1356, 3127.07 1356, 3124.14 1356, 3120.42 1356, 3115.66 1356, 3112.58 1356, 3110.88 1356, 3107.44 1356, 3106 1356, 3106 1357.75, 3106 1360.78, 3106 1362.45, 3106 1363.95, 3106 1367.63, 3106 1371.92, 3106 1373.62, 3106 1374.28, 3106 1378, 3103.91 1378, 3101.92 1378, 3099.64 1378, 3097.52 1378))",22.630885000000003,Capital,81954,Outer Central,"(3109.666666666668, 1381.6666666666674)"
Central,C21,Central,"POLYGON ((3070.24 1356, 3067.99 1356, 3065.98 1356, 3062 1356, 3062 1358.66, 3062 1361.42, 3062 1362.75, 3062 1367.13, 3062 1369.09, 3062 1371.63, 3062 1373.57, 3062 1377.42, 3062 1378, 3068.07 1378, 3072.88 1378, 3076.17 1378, 3077.48 1378, 3079.72 1378, 3082.34 1378, 3084 1378, 3084.49 1378, 3087.55 1378, 3091.21 1378, 3093.73 1378, 3097.52 1378, 3099.64 1378, 3101.92 1378, 3103.91 1378, 3106 1378, 3106 1374.28, 3106 1373.62, 3106 1371.92, 3106 1367.63, 3106 1363.95, 3106 1362.45, 3106 1360.78, 3106 1357.75, 3106 1356, 3104.22 1356, 3103.66 1356, 3101.96 1356, 3098.08 1356, 3096.31 1356, 3094.64 1356, 3090.38 1356, 3087.87 1356, 3085.49 1356, 3084.57 1356, 3084 1356, 3083.03 1356, 3080.54 1356, 3077.6 1356, 3074.68 1356, 3072.63 1356, 3070.24 1356))",15.087257999999999,Capital,100017,Outer Central,"(3083.9999999999995, 1366.9999999999998)"
Central,C22,Central,"POLYGON ((3043.29 1356, 3040 1356, 3040 1357.75, 3040 1362.14, 3040 1366.16, 3040 1373.05, 3040 1378, 3043.67 1378, 3046.52 1378, 3048.9 1378, 3052.72 1378, 3056.3 1378, 3058.28 1378, 3058.3 1378, 3061.26 1378, 3062 1378, 3062 1377.42, 3062 1373.57, 3062 1371.63, 3062 1369.09, 3062 1367.13, 3062 1362.75, 3062 1361.42, 3062 1358.66, 3062 1356, 3058.71 1356, 3056.68 1356, 3052.7 1356, 3049.61 1356, 3047.4 1356, 3044.9 1356, 3043.29 1356))",7.543634,Capital,34617,Outer Central,"(3050.9999999999995, 1366.9999999999998)"
Central,C23,Central,"POLYGON ((3040 1381.14, 3040 1382.36, 3040 1387.36, 3040 1393.58, 3040 1396.75, 3040 1400, 3049.98 1400, 3050.01 1400, 3052.67 1400, 3061.51 1400, 3066.08 1400, 3067.72 1400, 3072.39 1400, 3081.56 1400, 3084 1400, 3084 1394.18, 3084 1390.4, 3084 1387.65, 3084 1384.64, 3084 1379.78, 3084 1378, 3082.34 1378, 3079.72 1378, 3077.48 1378, 3076.17 1378, 3072.88 1378, 3068.07 1378, 3062 1378, 3061.26 1378, 3058.3 1378, 3058.28 1378, 3056.3 1378, 3052.72 1378, 3048.9 1378, 3046.52 1378, 3043.67 1378, 3040 1378, 3040 1381.14))",15.087257,Capital,54448,Outer Central,"(3061.9999999999995, 1389.0000000000002)"
Central,C24,Central,"POLYGON ((3089.72 1400, 3084 1400, 3084 1405.27, 3084 1407.97, 3084 1417.35, 3084 1420.74, 3084 1437.18, 3084 1439.4, 3084 1444, 3094.48 1444, 3104.96 1444, 3112.98 1444, 3117.62 1444, 3122.81 1444, 3128 1444, 3128 1431.4, 3128 1425.4, 3128 1418.53, 3128 1409.1, 3128 1400, 3121.5 1400, 3121.35 1400, 3111.31 1400, 3096.88 1400, 3096.71 1400, 3091.22 1400, 3089.72 1400))",30.174522000000003,Capital,53233,Outer Central,"(3105.9999999999995, 1421.9999999999998)"
Central,C25,Central,"POLYGON ((3049.98 1400, 3040 1400, 3040 1413.39, 3040 1417.46, 3040 1421.71, 3040 1431.18, 3040 1435.48, 3040 1444, 3051.63 1444, 3056.8 1444, 3059.37 1444, 3061.39 1444, 3083.62 1444, 3084 1444, 3084 1439.4, 3084 1437.18, 3084 1420.74, 3084 1417.35, 3084 1407.97, 3084 1405.27, 3084 1400, 3081.56 1400, 3072.39 1400, 3067.72 1400, 3066.08 1400, 3061.51 1400, 3052.67 1400, 3050.01 1400, 3049.98 1400))",30.174536,Capital,64392,Outer Central,"(3062.0, 1422.0)"
Central,C26,Central,"POLYGON ((2996 1400, 2996 1400.92, 2996 1405.4, 2996 1407.42, 2996 1410.3, 2996 1412.5, 2996 1417.6, 2996 1422.16, 2996 1425.4, 2996 1428.5, 2996 1429.99, 2996 1434.38, 2996 1440.68, 2996 1444, 3002.61 1444, 3009.72 1444, 3016.83 1444, 3032.61 1444, 3040 1444, 3040 1435.48, 3040 1431.18, 3040 1421.71, 3040 1417.46, 3040 1413.39, 3040 1400, 3036.95 1400, 3025.53 1400, 3020.13 1400, 3014.88 1400, 3005.64 1400, 3004.27 1400, 2996 1400))",30.174571999999998,Capital,98043,Outer Central,"(3018.0, 1422.0)"
Central,C27,Central,"POLYGON ((2952 1406.73, 2952 1412.42, 2952 1416.72, 2952 1420.71, 2952 1432.07, 2952 1440.37, 2952 1444, 2955.36 1444, 2964.05 1444, 2970.6 1444, 2977.96 1444, 2982.87 1444, 2996 1444, 2996 1440.68, 2996 1434.38, 2996 1429.99, 2996 1428.5, 2996 1425.4, 2996 1422.16, 2996 1417.6, 2996 1412.5, 2996 1410.3, 2996 1407.42, 2996 1405.4, 2996 1400.92, 2996 1400, 2994.48 1400, 2985.5 1400, 2981.6 1400, 2972.81 1400, 2961.31 1400, 2952 1400, 2952 1406.73))",30.174516999999998,Capital,151177,Outer Central,"(2974.0, 1422.0000000000002)"
Cotham Heights,CH01,Cotham Heights,"POLYGON ((3242.2313 1400, 3235 1400, 3235 1407.31, 3235 1407.312, 3235 1418.3801, 3235 1429.2481, 3235 1429.25, 3235 1444, 3283.7878 1444, 3322.0443 1444, 3326 1444, 3326 1415.0677, 3326 1386.1353, 3326 1378, 3315 1378, 3304 1378, 3293.3871 1378, 3282 1378, 3282 1379.937, 3282 1383.9193, 3282 1385.9646, 3282 1390.0552, 3282 1394.3331, 3282 1397.2014, 3282 1400, 3280.1236 1400, 3276.3707 1400, 3272.716 1400, 3270.4074 1400, 3266.3454 1400, 3262.3242 1400, 3254.3863 1400, 3242.2313 1400))",77.49364700000001,Capital,179188,Cotham Town,"(3285.075221238939, 1415.5752212389384)"
Cotham Heights,CH02,Cotham Heights,"POLYGON ((3235 1356, 3235 1361.4741, 3235 1363.2988, 3235 1363.3, 3235 1379.8507, 3235 1387.67, 3235 1387.6731, 3235 1396.2103, 3235 1400, 3242.2313 1400, 3254.3863 1400, 3262.3242 1400, 3266.3454 1400, 3270.4074 1400, 3272.716 1400, 3276.3707 1400, 3280.1236 1400, 3282 1400, 3282 1397.2014, 3282 1394.3331, 3282 1390.0552, 3282 1385.9646, 3282 1383.9193, 3282 1379.937, 3282 1378, 3274.0169 1378, 3272.2029 1378, 3266.1015 1378, 3260 1378, 3260 1376.0115, 3260 1370.4548, 3260 1367.258, 3260 1363.5139, 3260 1358.3375, 3260 1356, 3251.7414 1356, 3243.4828 1356, 3235 1356))",24.688244,Capital,212613,Cotham Town,"(3254.6805555555566, 1381.3611111111118)"
Cotham Heights,CH03,Cotham Heights,"POLYGON ((3235 1318.01, 3235 1318.0141, 3235 1319.6001, 3235 1322.5104, 3235 1328.8607, 3235 1337.2456, 3235 1337.25, 3235 1341.93, 3235 1341.9342, 3235 1351.81, 3235 1356, 3243.4828 1356, 3251.7414 1356, 3260 1356, 3260 1351.2527, 3260 1346.379, 3260 1340.8212, 3260 1334, 3264.7557 1334, 3268.8998 1334, 3273.0439 1334, 3282 1334, 3282 1320.8237, 3282 1314.6195, 3282 1312, 3277.8571 1312, 3273.7142 1312, 3267.4747 1312, 3261.094 1312, 3260 1312, 3253.715 1312, 3251.5711 1312, 3247.9978 1312, 3243.686 1312, 3241.2424 1312, 3235 1312, 3235 1318.01))",24.688243,Capital,180564,Cotham Town,"(3254.6805555555557, 1330.6388888888885)"
Cotham Heights,CH04,Cotham Heights,"POLYGON ((3260 1340.8212, 3260 1346.379, 3260 1351.2527, 3260 1356, 3260 1358.3375, 3260 1363.5139, 3260 1367.258, 3260 1370.4548, 3260 1376.0115, 3260 1378, 3266.1015 1378, 3272.2029 1378, 3274.0169 1378, 3282 1378, 3293.3871 1378, 3304 1378, 3304 1371.6332, 3304 1369.245, 3304 1366.0443, 3304 1360.2887, 3304 1352.8593, 3304 1349.3015, 3304 1342.5398, 3304 1341.014, 3304 1334, 3297.6514 1334, 3284.4901 1334, 3282 1334, 3273.0439 1334, 3268.8998 1334, 3264.7557 1334, 3260 1334, 3260 1340.8212))",30.174519999999998,Capital,228959,Cotham Town,"(3282.0, 1355.9999999999998)"
Cotham Heights,CH05,Cotham Heights,"POLYGON ((3304 1349.3015, 3304 1352.8593, 3304 1360.2887, 3304 1366.0443, 3304 1369.245, 3304 1371.6332, 3304 1378, 3315 1378, 3326 1378, 3326 1366.4538, 3326 1362.6086, 3326 1358.7634, 3326 1355.2874, 3326 1352.7565, 3326 1347.6948, 3326 1345.1639, 3326 1339.5863, 3326 1334.0087, 3326 1334, 3321.9381 1334, 3316.5527 1334, 3308.9729 1334, 3304 1334, 3304 1341.014, 3304 1342.5398, 3304 1349.3015))",15.08726,Capital,139433,Cotham Town,"(3315.0000000000005, 1355.9999999999998)"
Cotham Heights,CH06,Cotham Heights,"POLYGON ((3300.5503 1312, 3291.2752 1312, 3282 1312, 3282 1314.6195, 3282 1320.8237, 3282 1334, 3284.4901 1334, 3297.6514 1334, 3304 1334, 3308.9729 1334, 3316.5527 1334, 3321.9381 1334, 3326 1334, 3326 1330.9582, 3326 1328.288, 3326 1322.9477, 3326 1320.2775, 3326 1312, 3321.484 1312, 3318.2874 1312, 3313.2862 1312, 3300.5503 1312))",15.087259,Capital,110894,Cotham Town,"(3303.9999999999995, 1323.0000000000002)"
Cotham Heights,CH07,Cotham Heights,"POLYGON ((3365.9856 1367, 3359 1367, 3359 1377.256, 3359 1383.8329, 3359 1389, 3366.5123 1389, 3381 1389, 3381 1377.8475, 3381 1367, 3376.1471 1367, 3365.9856 1367))",7.543630000000001,Capital,53814,Upper Weslington and Lower Cotham,"(3370.0, 1377.9999999999998)"
Cotham Heights,CH08,Cotham Heights,"POLYGON ((3326 1322.9477, 3326 1328.288, 3326 1330.9582, 3326 1334, 3326 1334.0087, 3326 1339.5863, 3326 1345.1639, 3326 1347.6948, 3326 1352.7565, 3326 1355.2874, 3326 1358.7634, 3326 1362.6086, 3326 1366.4538, 3326 1378, 3326 1386.1353, 3326 1415.0677, 3326 1444, 3356.3841 1444, 3414 1444, 3414 1394.4862, 3414 1312, 3392.9471 1312, 3345.1042 1312, 3335.5521 1312, 3326 1312, 3326 1320.2775, 3326 1322.9477), (3359 1383.8329, 3359 1377.256, 3359 1367, 3365.9856 1367, 3376.1471 1367, 3381 1367, 3381 1377.8475, 3381 1389, 3366.5123 1389, 3359 1389, 3359 1383.8329))",173.50346900000002,Capital,119014,Upper Weslington and Lower Cotham,"(3370.000000000002, 1378.0000000000005)"
Cotham Heights,CH09,Cotham Heights,"POLYGON ((3345.9031 1223, 3326 1223, 3326 1257.0194, 3326 1282.9262, 3326 1283.0098, 3326 1297.5049, 3326 1312, 3335.5521 1312, 3345.1042 1312, 3392.9471 1312, 3414 1312, 3414 1300.8063, 3414 1267.225, 3414 1242.7026, 3414 1223, 3365.8061 1223, 3345.9031 1223))",122.06963699999999,Capital,39140,Upper Weslington and Lower Cotham,"(3370.0, 1267.5000000000002)"
Cotham Heights,CH10,Cotham Heights,"POLYGON ((3326 1118.6729, 3326 1131.4465, 3326 1141.3302, 3326 1158, 3326 1166.6104, 3326 1188.6808, 3326 1197.1235, 3326 1223, 3345.9031 1223, 3365.8061 1223, 3414 1223, 3414 1185.28, 3414 1132.5017, 3414 1092, 3380.2143 1092, 3370 1092, 3358.2668 1092, 3331.7355 1092, 3326 1092, 3326 1105.8993, 3326 1118.6729), (3359 1153.6783, 3359 1147, 3366.4465 1147, 3370.6976 1147, 3374.9487 1147, 3381 1147, 3381 1150.951, 3381 1155.8123, 3381 1160.6735, 3381 1163.4997, 3381 1168.4953, 3381 1169, 3375.5 1169, 3370 1169, 3370 1165.7237, 3370 1161.8619, 3370 1158, 3368.8917 1158, 3363.9459 1158, 3361.4729 1158, 3359 1158, 3359 1153.6783))",174.017808,Capital,108268,Upper Weslington and Lower Cotham,"(3369.940394088671, 1157.5433497536944)"
Cotham Heights,CH11,Cotham Heights,"POLYGON ((3366.4465 1147, 3359 1147, 3359 1153.6783, 3359 1158, 3361.4729 1158, 3363.9459 1158, 3368.8917 1158, 3370 1158, 3370 1161.8619, 3370 1165.7237, 3370 1169, 3375.5 1169, 3381 1169, 3381 1168.4953, 3381 1163.4997, 3381 1160.6735, 3381 1155.8123, 3381 1150.951, 3381 1147, 3374.9487 1147, 3370.6976 1147, 3366.4465 1147))",5.657721999999999,Capital,46522,Upper Weslington and Lower Cotham,"(3371.8333333333326, 1156.1666666666667)"
Clifton Wick,CW01,West Valley,"POLYGON ((3235 914.1448, 3235 916.6649, 3235 926.0522, 3235 928.9441, 3235 931.8359, 3235 945.9636, 3235 950.3873, 3235 954.8109, 3235 960, 3240.15 960, 3246.0827 960, 3253.0863 960, 3257.0431 960, 3274.1826 960, 3282 960, 3305.3838 960, 3319.1999 960, 3355.3451 960, 3370 960, 3370 944.477, 3370 911.3778, 3370 898.7693, 3370 897.3035, 3370 839.2661, 3370 790, 3287.4396 790, 3235 790, 3235 831.752, 3235 873.3297, 3235 886.9823, 3235 896.719, 3235 914.1448))",357.698943,Capital,266055,West Valley,"(3302.5, 875.0)"
Clifton Wick,CW02,West Valley,"POLYGON ((3370 897.3035, 3370 898.7693, 3370 911.3778, 3370 944.477, 3370 960, 3370 965.1254, 3370 1034.1779, 3370 1048, 3370 1070, 3370 1092, 3380.2143 1092, 3414 1092, 3426.3076 1092, 3455.7513 1092, 3549 1092, 3549 1009.2662, 3549 961.1222, 3549 912.9781, 3549 790, 3436.4479 790, 3370 790, 3370 839.2661, 3370 897.3035))",842.5485570000001,Capital,263637,West Valley,"(3459.4999999999995, 941.0)"
Denton Town,D01,Denton Town,"POLYGON ((3122.43 1488, 3121.87 1488, 3119.18 1488, 3117 1488, 3117 1493.5, 3117 1499, 3117 1505.43, 3117 1510, 3122.56 1510, 3125.43 1510, 3132.22 1510, 3135.61 1510, 3139 1510, 3139 1507.63, 3139 1503.65, 3139 1501.43, 3139 1488, 3134.42 1488, 3128 1488, 3126.94 1488, 3122.43 1488))",7.543945000000001,Capital,48808,Gorton and Upper Denton,"(3128.0, 1499.0)"
Denton Town,D02,Denton Town,"POLYGON ((3106 1466, 3106 1469.9, 3106 1472.1, 3106 1472.4, 3106 1476.63, 3106 1478.92, 3106 1482.81, 3106 1484.97, 3106 1488, 3108.75 1488, 3112.41 1488, 3114.66 1488, 3117 1488, 3119.18 1488, 3121.87 1488, 3122.43 1488, 3126.94 1488, 3128 1488, 3128 1484.68, 3128 1481.73, 3128 1478.58, 3128 1475.53, 3128 1473.88, 3128 1468.85, 3128 1467.81, 3128 1466, 3124.31 1466, 3122.72 1466, 3120.03 1466, 3115.62 1466, 3114.25 1466, 3109.44 1466, 3106 1466))",7.543629999999999,Capital,65767,Gorton and Upper Denton,"(3117.0000000000005, 1477.0)"
Denton Town,D03,Denton Town,"POLYGON ((3128 1467.81, 3128 1468.85, 3128 1473.88, 3128 1475.53, 3128 1478.58, 3128 1481.73, 3128 1484.68, 3128 1488, 3134.42 1488, 3139 1488, 3141.41 1488, 3146.46 1488, 3150 1488, 3150 1481.64, 3150 1479.17, 3150 1473.68, 3150 1466, 3143.5 1466, 3136.99 1466, 3134.18 1466, 3131.37 1466, 3128 1466, 3128 1467.81))",7.543629999999999,Capital,59114,Gorton and Upper Denton,"(3139.0, 1477.0000000000002)"
Denton Town,D04,Denton Town,"POLYGON ((3150 1473.68, 3150 1479.17, 3150 1481.64, 3150 1488, 3146.46 1488, 3141.41 1488, 3139 1488, 3139 1501.43, 3139 1503.65, 3139 1507.63, 3139 1510, 3146.59 1510, 3153.15 1510, 3162.69 1510, 3169.59 1510, 3172 1510, 3172 1495.21, 3172 1479.75, 3172 1469.14, 3172 1466, 3167.06 1466, 3158.74 1466, 3150 1466, 3150 1473.68))",18.85907,Capital,56167,Gorton and Upper Denton,"(3157.7000000000003, 1490.1999999999998)"
Denton Town,D05,Denton Town,"POLYGON ((3128 1447.11, 3128 1449.62, 3128 1452.68, 3128 1456.64, 3128 1459.69, 3128 1466, 3131.37 1466, 3134.18 1466, 3136.99 1466, 3143.5 1466, 3150 1466, 3158.74 1466, 3167.06 1466, 3172 1466, 3172 1460.8, 3172 1457.38, 3172 1453.71, 3172 1446.43, 3172 1444, 3161.94 1444, 3156.49 1444, 3148.19 1444, 3141.14 1444, 3128 1444, 3128 1447.11))",15.087256,Capital,62285,Gorton and Upper Denton,"(3150.0000000000005, 1455.0)"
Denton Town,D06,Denton Town,"POLYGON ((3084 1444, 3084 1444.31, 3084 1446.19, 3084 1456.09, 3084 1466, 3090.36 1466, 3093.43 1466, 3099.37 1466, 3101.13 1466, 3104.75 1466, 3106 1466, 3109.44 1466, 3114.25 1466, 3115.62 1466, 3120.03 1466, 3122.72 1466, 3124.31 1466, 3128 1466, 3128 1459.69, 3128 1456.64, 3128 1452.68, 3128 1449.62, 3128 1447.11, 3128 1444, 3122.81 1444, 3117.62 1444, 3112.98 1444, 3104.96 1444, 3094.48 1444, 3084 1444))",15.08726,Capital,64110,Gorton and Upper Denton,"(3106.0, 1455.0)"
Denton Town,D07,Denton Town,"POLYGON ((3090.36 1466, 3084 1466, 3084 1468.48, 3084 1473.81, 3084 1476.67, 3084 1481.94, 3084 1483.84, 3084 1487.21, 3084 1498.65, 3084 1510, 3100.5 1510, 3117 1510, 3117 1505.43, 3117 1499, 3117 1493.5, 3117 1488, 3114.66 1488, 3112.41 1488, 3108.75 1488, 3106 1488, 3106 1484.97, 3106 1482.81, 3106 1478.92, 3106 1476.63, 3106 1472.4, 3106 1472.1, 3106 1469.9, 3106 1466, 3104.75 1466, 3101.13 1466, 3099.37 1466, 3093.43 1466, 3090.36 1466), (3104.6716 1466.4204, 3105.89 1466.7, 3104.67 1466.43, 3104.6716 1466.4204))",18.858887999999997,Capital,110579,Gorton and Upper Denton,"(3098.2999659906077, 1490.2001188472007)"
Denton Town,D08,Denton Town,"POLYGON ((3040 1444, 3040 1461.78, 3040 1475.47, 3040 1488, 3040 1499.07, 3040 1504.54, 3040 1510, 3050.28 1510, 3057.23 1510, 3057.31 1510, 3057.65 1510, 3061.36 1510, 3063.85 1510, 3068.86 1510, 3075.98 1510, 3078.01 1510, 3084 1510, 3084 1498.65, 3084 1487.21, 3084 1483.84, 3084 1481.94, 3084 1476.67, 3084 1473.81, 3084 1468.48, 3084 1466, 3084 1456.09, 3084 1446.19, 3084 1444.31, 3084 1444, 3083.62 1444, 3061.39 1444, 3059.37 1444, 3056.8 1444, 3051.63 1444, 3040 1444))",45.261775,Capital,148103,Gorton and Upper Denton,"(3061.9999999999995, 1476.9999999999998)"
Denton Town,D09,Denton Town,"POLYGON ((3057.65 1510, 3057.31 1510, 3057.23 1510, 3050.28 1510, 3040 1510, 3040 1522.23, 3040 1537, 3053.42 1537, 3084 1537, 3084 1527.64, 3084 1521.82, 3084 1519.5, 3084 1510, 3078.01 1510, 3075.98 1510, 3068.86 1510, 3063.85 1510, 3061.36 1510, 3057.65 1510))",18.516314,Capital,56224,Gorton and Upper Denton,"(3061.9999999999995, 1523.5)"
Denton Town,D10,Denton Town,"POLYGON ((3125.43 1510, 3122.56 1510, 3117 1510, 3100.5 1510, 3084 1510, 3084 1519.5, 3084 1521.82, 3084 1527.64, 3084 1537, 3172 1537, 3172 1530.25, 3172 1519.36, 3172 1510, 3169.59 1510, 3162.69 1510, 3153.15 1510, 3146.59 1510, 3139 1510, 3135.61 1510, 3132.22 1510, 3125.43 1510))",37.032363,Capital,15539,Gorton and Upper Denton,"(3128.0000000000005, 1523.5)"
Denton Town,D11,Denton Town,"POLYGON ((3172 1453.71, 3172 1457.38, 3172 1460.8, 3172 1466, 3172 1469.14, 3172 1479.75, 3172 1495.21, 3172 1510, 3172 1519.36, 3172 1530.25, 3172 1537, 3198.05 1537, 3235 1537, 3235 1491.32, 3235 1491.3153, 3235 1445.83, 3235 1444, 3226 1444, 3209.89 1444, 3200.32 1444, 3194 1444, 3175.56 1444, 3172 1444, 3172 1446.43, 3172 1453.71))",91.318438,Capital,46260,Gorton and Upper Denton,"(3203.499999999999, 1490.4999999999995)"
Durdham Mews,DR01,Durdham Mews,"POLYGON ((2782.59 1334, 2776 1334, 2776 1338.06, 2776 1349.12, 2776 1356.39, 2776 1364.25, 2776 1372.5, 2776 1378, 2781.5 1378, 2792.5 1378, 2798 1378, 2798 1375.22, 2798 1369.97, 2798 1365.61, 2798 1358.4, 2798 1356, 2798 1350.5, 2798 1345, 2798 1340.81, 2798 1338.59, 2798 1334, 2787 1334, 2782.59 1334))",15.087259999999999,Capital,132611,Durdham Mews,"(2787.0, 1355.9999999999998)"
Durdham Mews,DR02,Durdham Mews,"POLYGON ((2754 1341.3, 2754 1356, 2754 1359.76, 2754 1378.84, 2754 1389, 2754 1400, 2774.56 1400, 2785.48 1400, 2788.8 1400, 2798 1400, 2798 1392.39, 2798 1385.2, 2798 1381.6, 2798 1378, 2792.5 1378, 2781.5 1378, 2776 1378, 2776 1372.5, 2776 1364.25, 2776 1356.39, 2776 1349.12, 2776 1338.06, 2776 1334, 2782.59 1334, 2787 1334, 2798 1334, 2798 1328.5, 2798 1323, 2798 1312, 2792.61 1312, 2787.22 1312, 2782.1 1312, 2774.05 1312, 2773.85 1312, 2769.13 1312, 2754 1312, 2754 1321.57, 2754 1330.35, 2754 1341.3))",45.261772000000015,Capital,142045,Durdham Mews,"(2772.3333333333326, 1356.0000000000002)"
Durdham Mews,DR03,Durdham Mews,"POLYGON ((2688 1356, 2688 1364.02, 2688 1389.98, 2688 1415.65, 2688 1436.09, 2688 1444, 2696.9 1444, 2705.69 1444, 2708.86 1444, 2716.42 1444, 2723.17 1444, 2732 1444, 2743.06 1444, 2754.13 1444, 2773.4 1444, 2798 1444, 2798 1437.43, 2798 1427.18, 2798 1423.63, 2798 1418.51, 2798 1406.68, 2798 1400, 2788.8 1400, 2785.48 1400, 2774.56 1400, 2754 1400, 2754 1389, 2754 1378.84, 2754 1359.76, 2754 1356, 2734.94 1356, 2702.47 1356, 2688 1356))",120.698066,Capital,90674,Durdham Mews,"(2734.7500000000005, 1405.5000000000002)"
Durdham Mews,DR04,Durdham Mews,"POLYGON ((2688 1268, 2688 1286.07, 2688 1299.21, 2688 1302.58, 2688 1304.26, 2688 1319.43, 2688 1333.8, 2688 1356, 2702.47 1356, 2734.94 1356, 2754 1356, 2754 1341.3, 2754 1330.35, 2754 1321.57, 2754 1312, 2754 1304.49, 2754 1286.25, 2754 1277.12, 2754 1268, 2724.85 1268, 2716.1 1268, 2697.36 1268, 2688 1268))",90.523552,Capital,68548,Durdham Mews,"(2721.0, 1312.0)"
Durdham Mews,DR05,Durdham Mews,"POLYGON ((2585 1223, 2585 1251.8, 2585 1294.12, 2585 1356, 2594.46 1356, 2606.43 1356, 2623.62 1356, 2636.5 1356, 2649.38 1356, 2665.1 1356, 2675.12 1356, 2688 1356, 2688 1333.8, 2688 1319.43, 2688 1304.26, 2688 1302.58, 2688 1299.21, 2688 1286.07, 2688 1268, 2697.36 1268, 2716.1 1268, 2724.85 1268, 2754 1268, 2754 1250.61, 2754 1234.03, 2754 1223, 2712.28 1223, 2668.28 1223, 2585 1223))",259.803349,Capital,78045,Durdham Mews,"(2651.5557921890945, 1281.6602975583423)"
Durdham Mews,DR06,Durdham Mews,"POLYGON ((2636.5 1356, 2623.62 1356, 2606.43 1356, 2594.46 1356, 2585 1356, 2585 1398.44, 2585 1444, 2613.18 1444, 2631.56 1444, 2644 1444, 2657.08 1444, 2662.91 1444, 2668.74 1444, 2671.31 1444, 2676.75 1444, 2688 1444, 2688 1436.09, 2688 1415.65, 2688 1389.98, 2688 1364.02, 2688 1356, 2675.12 1356, 2665.1 1356, 2649.38 1356, 2636.5 1356))",141.27159899999998,Capital,53112,Durdham Mews,"(2636.5, 1400.0000000000002)"
Durdham Mews,DR07,Durdham Mews,"POLYGON ((2585 1490.5, 2585 1537, 2628.87 1537, 2661.78 1537, 2688 1537, 2688 1530.57, 2688 1523.26, 2688 1510, 2677.97 1510, 2663.33 1510, 2650.15 1510, 2644 1510, 2644 1505.28, 2644 1493.29, 2644 1483.72, 2644 1471.23, 2644 1465.6, 2644 1463.05, 2644 1456.33, 2644 1456.32, 2644 1452.44, 2644 1444, 2631.56 1444, 2613.18 1444, 2585 1444, 2585 1490.5))",104.036839,Capital,70300,Durdham Mews,"(2623.6658426966296, 1496.3732584269662)"
Durdham Mews,DR08,Durdham Mews,"POLYGON ((2644 1444, 2644 1452.44, 2644 1456.32, 2644 1456.33, 2644 1463.05, 2644 1465.6, 2644 1471.23, 2644 1483.72, 2644 1493.29, 2644 1505.28, 2644 1510, 2650.15 1510, 2663.33 1510, 2677.97 1510, 2688 1510, 2712 1510, 2732 1510, 2732 1506.95, 2732 1502.5, 2732 1499.45, 2732 1494.41, 2732 1488.9, 2732 1488.88, 2732 1482.51, 2732 1479.78, 2732 1477, 2718.07 1477, 2709.24 1477, 2701.36 1477, 2695.03 1477, 2688 1477, 2688 1473.48, 2688 1466.94, 2688 1463.73, 2688 1460.34, 2688 1458.12, 2688 1447.45, 2688 1445.46, 2688 1444, 2676.75 1444, 2671.31 1444, 2668.74 1444, 2662.91 1444, 2657.08 1444, 2644 1444))",67.892665,Capital,159556,Durdham Mews,"(2680.666666666666, 1482.4999999999993)"
Durdham Mews,DR09,Durdham Mews,"POLYGON ((2696.9 1444, 2688 1444, 2688 1445.46, 2688 1447.45, 2688 1458.12, 2688 1460.34, 2688 1463.73, 2688 1466.94, 2688 1473.48, 2688 1477, 2695.03 1477, 2701.36 1477, 2709.24 1477, 2718.07 1477, 2732 1477, 2732 1461.26, 2732 1452.38, 2732 1444, 2723.17 1444, 2716.42 1444, 2708.86 1444, 2705.69 1444, 2696.9 1444))",22.630887,Capital,148273,Durdham Mews,"(2709.9999999999995, 1460.5)"
Durdham Mews,DR10,Durdham Mews,"POLYGON ((2743.06 1444, 2732 1444, 2732 1452.38, 2732 1461.26, 2732 1477, 2732 1479.78, 2732 1482.51, 2732 1488.88, 2732 1488.9, 2732 1494.41, 2732 1499.45, 2732 1502.5, 2732 1506.95, 2732 1510, 2712 1510, 2688 1510, 2688 1523.26, 2688 1530.57, 2688 1537, 2716.19 1537, 2774.78 1537, 2798 1537, 2798 1525.07, 2798 1518.13, 2798 1492.22, 2798 1477.63, 2798 1469.19, 2798 1467.31, 2798 1460.56, 2798 1444, 2773.4 1444, 2754.13 1444, 2743.06 1444))",114.18311600000001,Capital,45884,Durdham Mews,"(2756.081081081081, 1495.8513513513515)"
Dressingham,DS01,Dressingham and Oakfield Bush,"POLYGON ((2103.2 814, 2111.26 814, 2116 814, 2116 809.16, 2116 804.49, 2116 796.6, 2116 789.63, 2116 785.1, 2116 774.47, 2116 760.02, 2116 750.11, 2116 746.59, 2116 740, 2112 740, 2108 740, 2102.79 740, 2100 740, 2100 727.62, 2100 723.5, 2100 717.54, 2100 707, 2100 674, 2100 663.06, 2100 652, 2100 630, 2100 616.07, 2100 611.38, 2100 604.48, 2100 600.91, 2100 592.67, 2100 586, 2100 579.89, 2100 572.07, 2100 560.48, 2100 554.93, 2100 542, 2100 531.37, 2100 522.34, 2100 519.18, 2100 509, 2100 492.5, 2100 476, 2100 443, 2100 410, 2079 410, 1822 410, 1822 814, 2100 814, 2103.2 814))",1768.9498630000003,Lowland,51875,Upper Eastland and Readington,"(1962.533516599704, 613.7212941425248)"
Dressingham,DS02,Dressingham and Oakfield Bush,"POLYGON ((2100 674, 2100 707, 2100 717.54, 2100 723.5, 2100 727.62, 2100 740, 2102.79 740, 2108 740, 2112 740, 2116 740, 2116 727.62, 2116 723.5, 2116 707, 2116 690.5, 2116 674, 2103.48 674, 2100 674))",16.458825,Lowland,20669,Upper Eastland and Readington,"(2108.0, 707.0)"
Dressingham,DS03,Dressingham and Oakfield Bush,"POLYGON ((2100 630, 2100 652, 2100 663.06, 2100 674, 2103.48 674, 2116 674, 2127 674, 2138 674, 2160 674, 2160 630, 2143.5 630, 2138 630, 2127 630, 2116 630, 2103.48 630, 2100 630))",41.147068,Lowland,25298,Upper Eastland and Readington,"(2130.0, 652.0)"
Dressingham,DS04,Dressingham and Oakfield Bush,"POLYGON ((2100 604.48, 2100 611.38, 2100 616.07, 2100 630, 2103.48 630, 2116 630, 2127 630, 2138 630, 2138 618.38, 2138 616.44, 2138 608.33, 2138 606.3, 2138 599.47, 2138 586, 2125.87 586, 2116 586, 2105.62 586, 2100 586, 2100 592.67, 2100 600.91, 2100 604.48))",26.059811,Lowland,38602,Upper Eastland and Readington,"(2119.0, 608.0)"
Dressingham,DS05,Dressingham and Oakfield Bush,"POLYGON ((2138 606.3, 2138 608.33, 2138 616.44, 2138 618.38, 2138 630, 2143.5 630, 2160 630, 2160 619, 2160 608, 2160 586, 2146.45 586, 2138 586, 2138 599.47, 2138 606.3))",15.087259,Lowland,21622,Upper Eastland and Readington,"(2149.0, 607.9999999999999)"
Dressingham,DS06,Dressingham and Oakfield Bush,"POLYGON ((2100 554.93, 2100 560.48, 2100 572.07, 2100 579.89, 2100 586, 2105.62 586, 2116 586, 2125.87 586, 2138 586, 2146.45 586, 2160 586, 2160 542, 2146.45 542, 2125.76 542, 2120.9 542, 2116 542, 2105.62 542, 2100 542, 2100 554.93))",41.147069,Lowland,16672,Upper Eastland and Readington,"(2130.0, 564.0)"
Dressingham,DS07,Dressingham and Oakfield Bush,"POLYGON ((2100 492.5, 2100 509, 2100 519.18, 2100 522.34, 2100 531.37, 2100 542, 2105.62 542, 2116 542, 2116 539.02, 2116 532.48, 2116 522.28, 2116 516.93, 2116 510.04, 2116 509, 2116 500.75, 2116 492.5, 2116 476, 2116 410, 2100 410, 2100 443, 2100 476, 2100 492.5))",32.917654999999996,Lowland,21333,Upper Eastland and Readington,"(2108.0, 476.0)"
Dressingham,DS08,Dressingham and Oakfield Bush,"POLYGON ((2116 500.75, 2116 509, 2116 510.04, 2116 516.93, 2116 522.28, 2116 532.48, 2116 539.02, 2116 542, 2120.9 542, 2125.76 542, 2146.45 542, 2160 542, 2270 542, 2270 476, 2270 410, 2160 410, 2138 410, 2116 410, 2116 476, 2116 492.5, 2116 500.75))",316.83242200000007,Lowland,21140,Upper Eastland and Readington,"(2193.0, 476.0)"
Dressingham,DS09,Dressingham and Oakfield Bush,"POLYGON ((2160 608, 2160 586, 2160 542, 2270 542, 2270 608, 2160 608))",113.154437,Lowland,4611,Upper Eastland and Readington,"(2215.0, 575.0)"
Dressingham,DS10,Dressingham and Oakfield Bush,"POLYGON ((2160 674, 2160 630, 2160 619, 2160 608, 2270 608, 2270 674, 2160 674))",113.154437,Lowland,8013,Upper Eastland and Readington,"(2215.0, 641.0)"
Dressingham,DS11,Dressingham and Oakfield Bush,"POLYGON ((2116 690.5, 2116 707, 2116 723.5, 2116 727.62, 2116 740, 2116 746.59, 2116 750.11, 2116 760.02, 2116 774.47, 2116 785.1, 2116 789.63, 2116 796.6, 2116 804.49, 2116 809.16, 2116 814, 2248 814, 2248 795, 2270 795, 2270 674, 2160 674, 2138 674, 2127 674, 2116 674, 2116 690.5))",329.51943700000004,Lowland,7772,Upper Eastland and Readington,"(2191.695109261186, 742.8038501560874)"
Dressingham,DS12,Dressingham and Oakfield Bush,"POLYGON ((2248 814, 2259 814, 2270 814, 2281 814, 2292 814, 2292 795, 2270 795, 2248 795, 2248 814))",13.029904,Lowland,16769,Upper Eastland and Readington,"(2270.0, 804.5)"
Dressingham,DS13,Dressingham and Oakfield Bush,"POLYGON ((2270 795, 2270 674, 2404 674, 2404 814, 2292 814, 2292 795, 2270 795))",285.878607,Lowland,4342,Upper Eastland and Readington,"(2338.2761967070114, 742.6212517718897)"
Dressingham,DS14,Dressingham and Oakfield Bush,"POLYGON ((2404 542, 2404 608, 2404 674, 2270 674, 2270 608, 2270 542, 2404 542))",275.685356,Lowland,3000,Upper Eastland and Readington,"(2337.0, 608.0)"
Dressingham,DS15,Dressingham and Oakfield Bush,"POLYGON ((2270 410, 2270 476, 2270 542, 2404 542, 2404 410, 2270 410))",275.685356,Lowland,4340,Upper Eastland and Readington,"(2337.0, 476.0)"
Dressingham,DS16,Dressingham and Oakfield Bush,"POLYGON ((2270 410, 2404 410, 2404 349, 2403 349, 2403 198, 2369.5 198, 2336 198, 2270 198, 2270 300, 2270 410))",440.413902,Lowland,7002,Upper Eastland and Readington,"(2336.644636727183, 304.16298616272076)"
Dressingham,DS17,Dressingham and Oakfield Bush,"POLYGON ((2270 198, 2138 198, 2138 300, 2138 410, 2160 410, 2270 410, 2270 300, 2270 198))",436.15892099999996,Lowland,6619,Upper Eastland and Readington,"(2204.0, 304.0)"
Dressingham,DS18,Dressingham and Oakfield Bush,"POLYGON ((2138 300, 2138 410, 2116 410, 2100 410, 2079 410, 2079 366, 2094 366, 2094 322, 2116 322, 2116 308.67, 2116 300, 2138 300))",78.179429,Lowland,6283,Upper Eastland and Readington,"(2113.1798245614036, 363.5877192982456)"
Dressingham,DS19,Dressingham and Oakfield Bush,"POLYGON ((2079 234, 2079 198, 2138 198, 2138 300, 2116 300, 2116 288.17, 2116 278, 2094 278, 2094 267, 2094 234, 2079 234))",70.822832,Lowland,4882,Upper Eastland and Readington,"(2113.6659330985917, 240.81778169014083)"
Dressingham,DS20,Dressingham and Oakfield Bush,"POLYGON ((2094 285.9, 2094 293.92, 2094 297.34, 2094 300, 2094 303.62, 2094 307.9, 2094 314.04, 2094 316.96, 2094 319.88, 2094 322, 2116 322, 2116 308.67, 2116 300, 2116 288.17, 2116 278, 2094 278, 2094 285.9))",15.087257000000001,Lowland,11085,Upper Eastland and Readington,"(2105.0000000000005, 300.00000000000006)"
Dressingham,DS21,Dressingham and Oakfield Bush,"POLYGON ((2079 314.9, 2079 322, 2079 333, 2079 344, 2079 366, 2094 366, 2094 322, 2094 319.88, 2094 316.96, 2094 314.04, 2094 307.9, 2094 303.62, 2094 300, 2082.03 300, 2079 300, 2079 307.97, 2079 314.9))",15.430152,Lowland,26492,Upper Eastland and Readington,"(2086.4999999999995, 333.00000000000006)"
Dressingham,DS22,Dressingham and Oakfield Bush,"POLYGON ((2079 272.5, 2079 278, 2079 284.85, 2079 291.96, 2079 300, 2082.03 300, 2094 300, 2094 297.34, 2094 293.92, 2094 285.9, 2094 278, 2094 267, 2094 234, 2079 234, 2079 250.5, 2079 267, 2079 272.5))",15.430151,Lowland,25539,Upper Eastland and Readington,"(2086.5, 267.0)"
Dressingham,DS23,Dressingham and Oakfield Bush,"POLYGON ((1822 410, 1822 198, 2079 198, 2079 234, 2079 250.5, 2079 267, 2079 272.5, 2079 278, 2079 284.85, 2079 291.96, 2079 300, 2079 307.97, 2079 314.9, 2079 322, 2079 333, 2079 344, 2079 366, 2079 410, 1822 410))",849.188203,Lowland,10392,Upper Eastland and Readington,"(1950.5, 304.0)"
Eton Gate,E01,East Forest,"POLYGON ((1566 -176.1, 1566 -162, 1577 -162, 1588 -162, 1588 -169.18, 1588 -176.1, 1588 -184, 1577 -184, 1566 -184, 1566 -176.1))",7.543629,Lowland,15806,East Forest,"(1577.0, -173.0)"
Eton Gate,E02,East Forest,"POLYGON ((1588 -198.1, 1588 -206, 1566 -206, 1566 -184, 1577 -184, 1588 -184, 1588 -186.89, 1588 -191.96, 1588 -198.1))",7.543628,Lowland,11562,East Forest,"(1577.0, -195.0)"
Eton Gate,E03,East Forest,"POLYGON ((1588 -206, 1588 -198.1, 1588 -191.96, 1588 -186.89, 1588 -184, 1595.67 -184, 1600.31 -184, 1605.64 -184, 1610 -184, 1610 -189.11, 1610 -191.72, 1610 -194.23, 1610 -197.95, 1610 -206, 1594.78 -206, 1588 -206))",7.54363,Lowland,60548,East Forest,"(1599.0000000000002, -195.00000000000003)"
Eton Gate,E04,East Forest,"POLYGON ((1588 -184, 1588 -176.1, 1588 -169.18, 1588 -162, 1590.86 -162, 1599.21 -162, 1610 -162, 1610 -167.92, 1610 -176.05, 1610 -180.61, 1610 -184, 1605.64 -184, 1600.31 -184, 1595.67 -184, 1588 -184))",7.543631,Lowland,59567,East Forest,"(1598.9999999999998, -173.0)"
Eton Gate,E05,East Forest,"POLYGON ((1610 -167.92, 1610 -162, 1621 -162, 1632 -162, 1632 -173.36, 1632 -176.05, 1632 -184, 1626.5 -184, 1622.9 -184, 1619.65 -184, 1613.33 -184, 1610 -184, 1610 -180.61, 1610 -176.05, 1610 -167.92))",7.54363,Lowland,44979,East Forest,"(1621.0, -172.99999999999997)"
Eton Gate,E06,East Forest,"POLYGON ((1610 -206, 1610 -197.95, 1610 -194.23, 1610 -191.72, 1610 -189.11, 1610 -184, 1613.33 -184, 1619.65 -184, 1622.9 -184, 1626.5 -184, 1632 -184, 1632 -195, 1632 -206, 1621 -206, 1610 -206))",7.543629,Lowland,42144,East Forest,"(1621.0, -195.0)"
Eton Gate,E07,East Forest,"POLYGON ((1638.98 -206, 1632 -206, 1632 -195, 1632 -184, 1654 -184, 1654 -206, 1647.77 -206, 1643 -206, 1638.98 -206))",7.543628999999999,Lowland,5231,East Forest,"(1643.0, -195.0)"
Eton Gate,E08,East Forest,"POLYGON ((1610 -140, 1610 -151, 1610 -162, 1621 -162, 1632 -162, 1632 -173.36, 1632 -176.05, 1632 -184, 1654 -184, 1654 -140, 1610 -140))",22.630887,Lowland,4529,East Forest,"(1635.6666666666667, -158.33333333333334)"
Eton Gate,E09,East Forest,"POLYGON ((1588 -162, 1577 -162, 1566 -162, 1566 -140, 1588 -140, 1610 -140, 1610 -151, 1610 -162, 1599.21 -162, 1590.86 -162, 1588 -162))",15.087258,Lowland,6422,East Forest,"(1588.0, -151.0)"
Eton Gate,E10,East Forest,"POLYGON ((1522 -140, 1522 -184, 1566 -184, 1566 -176.1, 1566 -162, 1566 -140, 1522 -140))",30.174517,Lowland,2231,East Forest,"(1544.0, -162.0)"
Eton Gate,E11,East Forest,"POLYGON ((1522 -184, 1566 -184, 1566 -206, 1588 -206, 1588 -228, 1522 -228, 1522 -184))",37.718146,Lowland,1917,East Forest,"(1550.6, -208.2)"
Eton Gate,E12,East Forest,"POLYGON ((1632 -220.1, 1632 -228, 1610 -228, 1588 -228, 1588 -206, 1594.78 -206, 1610 -206, 1621 -206, 1632 -206, 1632 -213.96, 1632 -220.1))",15.087258,Lowland,5943,East Forest,"(1610.0, -217.00000000000003)"
Eton Gate,E13,East Forest,"POLYGON ((1632 -228, 1632 -220.1, 1632 -213.96, 1632 -206, 1638.98 -206, 1643 -206, 1647.77 -206, 1654 -206, 1654 -213.91, 1654 -221.55, 1654 -228, 1641.59 -228, 1632 -228))",7.543628,Lowland,39162,East Forest,"(1642.9999999999998, -216.99999999999997)"
Eton Gate,E14,East Forest,"POLYGON ((1822 -184, 1822 -357, 1586 -357, 1587 -292.5, 1588 -228, 1610 -228, 1632 -228, 1641.59 -228, 1654 -228, 1654 -221.55, 1654 -213.91, 1654 -206, 1654 -184, 1673 -184, 1730 -184, 1822 -184))",587.701703,Lowland,23805,East Forest,"(1711.066698490996, -275.6162781446415)"
Eton Gate,E15,East Forest,"POLYGON ((1586 -357, 1386 -357, 1386 -292.5, 1386 -228, 1386 -140, 1522 -140, 1522 -184, 1522 -228, 1588 -228, 1587 -292.5, 1586 -357))",590.663044,Lowland,11760,East Forest,"(1476.2369580705597, -258.1621500382616)"
Eton Gate,E16,East Forest,"POLYGON ((1197 -357, 1197 -140, 1386 -140, 1386 -228, 1386 -292.5, 1386 -357, 1197 -357))",639.229054,Lowland,1936,East Forest,"(1291.5, -248.5)"
Eton Gate,E17,East Forest,"POLYGON ((1282 91, 1282 93, 1456 93, 1456 58, 1386 58, 1386 -37, 1386 -140, 1197 -140, 1197 91, 1282 91))",721.897254,Lowland,2266,East Forest,"(1298.5409352937365, -18.687188289396982)"
Eton Gate,E18,East Forest,"POLYGON ((1456 93, 1456 58, 1555 58, 1555 68.97, 1555 80, 1522 80, 1522 93, 1456 93))",47.319128,Lowland,4877,East Forest,"(1500.8369565217392, 73.94565217391305)"
Eton Gate,E19,East Forest,"POLYGON ((1386 -37, 1577 -37, 1577 -27, 1588 -27, 1588 -19.32, 1588 -13.75, 1588 -0.5, 1588 36, 1575.16 36, 1555 36, 1555 58, 1456 58, 1386 58, 1386 -37))",286.065639,Lowland,4325,East Forest,"(1483.0852130325814, 9.310940394464422)"
Eton Gate,E20,East Forest,"POLYGON ((1588 -19.32, 1588 -13.75, 1588 -0.5, 1588 36, 1621 36, 1654 36, 1654 -0.5, 1654 -37, 1621 -37, 1599 -37, 1599 -31.56, 1599 -27, 1594.79 -27, 1588 -27, 1588 -19.32))",73.378938,Lowland,18677,East Forest,"(1621.6425233644864, 0.235981308411215)"
Eton Gate,E21,East Forest,"POLYGON ((1577 -48, 1577 -44.39, 1577 -40.44, 1577 -37, 1577 -27, 1588 -27, 1594.79 -27, 1599 -27, 1599 -31.56, 1599 -37, 1599 -38.18, 1599 -43.09, 1599 -48, 1594.47 -48, 1588 -48, 1584.75 -48, 1577 -48))",7.200737,Lowland,28133,East Forest,"(1588.0, -37.5)"
Eton Gate,E22,East Forest,"POLYGON ((1386 -37, 1386 -140, 1522 -140, 1566 -140, 1588 -140, 1588 -48, 1584.75 -48, 1577 -48, 1577 -44.39, 1577 -40.44, 1577 -37, 1386 -37))",322.39663,Lowland,3755,East Forest,"(1486.441358472323, -88.7690838772057)"
Eton Gate,E23,East Forest,"POLYGON ((1588 -140, 1588 -48, 1594.47 -48, 1599 -48, 1599 -43.09, 1599 -38.18, 1599 -37, 1621 -37, 1654 -37, 1654 -140, 1610 -140, 1588 -140))",104.067793,Lowland,2954,East Forest,"(1621.498352553542, -89.333607907743)"
Eton Gate,E24,East Forest,"POLYGON ((1654 -140, 1654 -37, 1730 -37, 1822 -37, 1822 -62.75, 1822 -71.66, 1822 -82.19, 1822 -91.27, 1822 -97.09, 1822 -140, 1822 -184, 1730 -184, 1673 -184, 1654 -184, 1654 -140))",384.912119,Lowland,49618,East Forest,"(1738.0, -110.5)"
Eton Gate,E25,East Forest,"POLYGON ((1654 -37, 1654 -0.5, 1654 36, 1730 36, 1730 58, 1730 93, 1730 111, 1774 111, 1822 111, 1822 36, 1822 -37, 1730 -37, 1654 -37))",298.690307,Lowland,23527,East Forest,"(1751.6819035691922, 26.14370695053225)"
Eton Gate,E26,East Forest,"POLYGON ((1621 36, 1621 58, 1654 58, 1654 93, 1730 93, 1730 58, 1730 36, 1654 36, 1621 36))",78.834042,Lowland,15789,East Forest,"(1684.1773428232502, 61.98813760379597)"
Eton Gate,E27,East Forest,"POLYGON ((1621 93, 1621 79.78, 1621 68.51, 1621 58, 1654 58, 1654 93, 1621 93))",18.001842,Lowland,5742,East Forest,"(1637.5, 75.5)"
Eton Gate,E28,East Forest,"POLYGON ((1588 68.1, 1588 71.72, 1588 80, 1594.87 80, 1605 80, 1605 83.31, 1605 89.06, 1605 93, 1609.1 93, 1613.2 93, 1621 93, 1621 79.78, 1621 68.51, 1621 58, 1608.46 58, 1596.25 58, 1588 58, 1588 62.25, 1588 68.1))",14.557333,Lowland,52806,East Forest,"(1606.3929336188437, 72.89721627408996)"
Eton Gate,E29,East Forest,"POLYGON ((1572 80, 1572 86.39, 1572 93, 1577.12 93, 1580.18 93, 1588 93, 1596.92 93, 1602.56 93, 1605 93, 1605 89.06, 1605 83.31, 1605 80, 1594.87 80, 1588 80, 1580.66 80, 1573.01 80, 1572 80))",6.686398000000001,Lowland,36484,East Forest,"(1588.5, 86.5)"
Eton Gate,E30,East Forest,"POLYGON ((1555 58, 1555 68.97, 1555 80, 1555 93, 1561.66 93, 1566.83 93, 1572 93, 1572 86.39, 1572 80, 1573.01 80, 1580.66 80, 1588 80, 1588 71.72, 1588 68.1, 1588 62.25, 1588 58, 1580.56 58, 1569.32 58, 1560.75 58, 1555 58))",14.759951,Lowland,60652,East Forest,"(1569.6330517423442, 73.08394931362199)"
Eton Gate,E31,East Forest,"POLYGON ((1522 93, 1522 80, 1555 80, 1555 93, 1522 93))",6.686399,Lowland,1205,East Forest,"(1538.5, 86.5)"
Eton Gate,E32,East Forest,"POLYGON ((1588 36, 1575.16 36, 1555 36, 1555 58, 1560.75 58, 1569.32 58, 1580.56 58, 1588 58, 1588 47, 1588 36))",11.315443,Lowland,11797,East Forest,"(1571.4999999999998, 47.0)"
Eton Gate,E33,East Forest,"POLYGON ((1621 58, 1621 36, 1588 36, 1588 47, 1588 58, 1596.25 58, 1608.46 58, 1621 58))",11.315443,Lowland,9437,East Forest,"(1604.5, 47.0)"
Grillbys Crest,GC01,East Highland,"POLYGON ((2578 -96, 2578 -74, 2578 -52, 2578 -30, 2600 -30, 2600 -52, 2605.5 -52, 2611 -52, 2616.5 -52, 2622 -52, 2622 -57.5, 2622 -63, 2622 -74, 2611 -74, 2600 -74, 2600 -96, 2583 -96, 2578 -96))",30.174516999999998,Highland,52513,East Highland,"(2594.5, -63.0)"
Grillbys Crest,GC02,East Highland,"POLYGON ((2578 -52, 2578 -74, 2578 -96, 2494.5 -96, 2411 -96, 2411 80, 2578 80, 2578 8.5, 2578 -30, 2578 -52))",458.104025,Highland,9295,East Highland,"(2494.5, -8.0)"
Grillbys Crest,GC03,East Highland,"POLYGON ((2583 -357, 2411 -357, 2411 -96, 2494.5 -96, 2578 -96, 2583 -96, 2583 -123.5, 2583 -226.5, 2583 -357))",699.687189,Highland,6161,East Highland,"(2497.0, -226.5)"
Grillbys Crest,GC04,East Highland,"POLYGON ((2754 -250, 2754 -357, 2583 -357, 2583 -226.5, 2583 -123.5, 2583 -96, 2600 -96, 2600 -74, 2611 -74, 2622 -74, 2622 -63, 2662 -63, 2754 -63, 2754 -124, 2754 -184, 2754 -250))",771.055531,Highland,11645,East Highland,"(2669.6544541246385, -212.17205029209032)"
Grillbys Crest,GC05,East Highland,"POLYGON ((2622 -63, 2622 -57.5, 2622 -52, 2616.5 -52, 2611 -52, 2605.5 -52, 2600 -52, 2600 -30, 2578 -30, 2578 8.5, 2578 80, 2662 80, 2754 80, 2754 14, 2754 -63, 2662 -63, 2622 -63))",377.18145799999996,Highland,10299,East Highland,"(2668.86, 10.81)"
Grillbys Crest,GC06,East Highland,"POLYGON ((2411 80, 2411 212, 2494.5 212, 2556 212, 2578 212, 2589 212, 2600 212, 2662 212, 2732 212, 2732 201, 2732 190, 2746 190, 2754 190, 2754 146, 2754 80, 2662 80, 2578 80, 2411 80))",698.128588,Highland,13418,East Highland,"(2580.765717092338, 145.4056974459725)"
Grillbys Crest,GC07,East Highland,"POLYGON ((2411 276, 2411 340, 2494.5 340, 2578 340, 2578 276, 2578 234, 2567 234, 2556 234, 2556 223, 2556 212, 2494.5 212, 2411 212, 2411 276))",325.622935,Highland,14964,East Highland,"(2492.820409726211, 277.22783840704574)"
Grillbys Crest,GC08,East Highland,"POLYGON ((2556 223, 2556 234, 2567 234, 2578 234, 2589 234, 2600 234, 2600 223, 2600 212, 2589 212, 2578 212, 2556 212, 2556 223))",15.087256999999997,Highland,31653,East Highland,"(2578.0, 223.0)"
Grillbys Crest,GC09,East Highland,"POLYGON ((2600 212, 2600 223, 2600 234, 2589 234, 2578 234, 2578 276, 2578 340, 2746 340, 2746 276, 2746 244, 2746 212, 2739 212, 2732 212, 2662 212, 2600 212))",327.61794299999997,Highland,9956,East Highland,"(2663.680875356803, 277.22036156041867)"
Grillbys Crest,GC10,East Highland,"POLYGON ((2746 190, 2732 190, 2732 201, 2732 212, 2739 212, 2746 212, 2754 212, 2754 210, 2754 206.5, 2754 200, 2754 195.5, 2754 190, 2746 190))",7.543629000000001,Highland,19114,East Highland,"(2743.0, 201.0)"
Grillbys Crest,GC11,East Highland,"POLYGON ((2754 212, 2746 212, 2746 244, 2746 276, 2746 340, 2831 340, 2908 340, 2908 276, 2908 242, 2908 210, 2831 210, 2792.5 210, 2754 210, 2754 212))",327.992008,Highland,9232,East Highland,"(2827.0585440030413, 275.04865995057975)"
Grillbys Crest,GC12,East Highland,"POLYGON ((2754 146, 2754 190, 2754 195.5, 2754 200, 2754 206.5, 2754 210, 2792.5 210, 2831 210, 2908 210, 2908 145, 2908 80, 2831 80, 2754 80, 2754 146))",312.031932,Highland,7870,East Highland,"(2831.0, 145.0)"
Goldcrest Villas,GD01,Goldcrest Villas,"POLYGON ((2873 -96, 2873 -88, 2873 -80, 2879.5 -80, 2886 -80, 2889.67 -80, 2893.33 -80, 2900.67 -80, 2908 -80, 2908 -88, 2908 -93.33, 2908 -96, 2908 -99.5, 2908 -101.25, 2908 -106.5, 2908 -110, 2904.33 -110, 2897 -110, 2889.67 -110, 2886 -110, 2873 -110, 2873 -103, 2873 -96))",16.365309,Highland,126449,East Highland,"(2890.5, -95.0)"
Goldcrest Villas,GD02,Goldcrest Villas,"POLYGON ((2867 -96, 2861 -96, 2837 -96, 2837 -74.33, 2837 -63, 2861 -63, 2873 -63, 2886 -63, 2886 -68.67, 2886 -74.33, 2886 -77.17, 2886 -80, 2879.5 -80, 2873 -80, 2873 -88, 2873 -96, 2867 -96))",21.960689000000002,Highland,23612,East Highland,"(2858.842796309439, -78.24520936834635)"
Goldcrest Villas,GD03,Goldcrest Villas,"POLYGON ((2908 -117, 2908 -124, 2886 -124, 2873 -124, 2837 -124, 2837 -110, 2837 -96, 2861 -96, 2867 -96, 2873 -96, 2873 -103, 2873 -110, 2886 -110, 2889.67 -110, 2897 -110, 2904.33 -110, 2908 -110, 2908 -113.5, 2908 -117))",23.347842,Highland,22244,East Highland,"(2866.61214953271, -112.28971962616822)"
Goldcrest Villas,GD04,Goldcrest Villas,"POLYGON ((2908 -113.5, 2908 -110, 2908 -106.5, 2908 -101.25, 2908 -99.5, 2908 -96, 2913.5 -96, 2919 -96, 2930 -96, 2930 -99.5, 2930 -103, 2930 -110, 2930 -117, 2930 -124, 2919 -124, 2908 -124, 2908 -117, 2908 -113.5))",9.600983,Highland,20775,East Highland,"(2919.0, -110.0)"
Goldcrest Villas,GD05,Goldcrest Villas,"POLYGON ((2908 -96, 2908 -93.33, 2908 -88, 2908 -80, 2900.67 -80, 2893.33 -80, 2889.67 -80, 2886 -80, 2886 -77.17, 2886 -74.33, 2886 -68.67, 2886 -63, 2908 -63, 2919 -63, 2930 -63, 2930 -74, 2930 -85, 2930 -88, 2930 -90.5, 2930 -96, 2919 -96, 2913.5 -96, 2908 -96))",17.144613,Highland,38060,East Highland,"(2911.52, -76.78)"
Goldcrest Villas,GD06,Goldcrest Villas,"POLYGON ((2930 -88, 2930 -85, 2930 -74, 2930 -63, 2941 -63, 2952 -63, 2952 -74, 2952 -79.5, 2952 -85, 2952 -87.75, 2952 -96, 2944.67 -96, 2941 -96, 2935.5 -96, 2930 -96, 2930 -90.5, 2930 -88))",11.315444999999999,Highland,37726,East Highland,"(2941.0, -79.5)"
Goldcrest Villas,GD07,Goldcrest Villas,"POLYGON ((2935.5 -124, 2930 -124, 2930 -117, 2930 -110, 2930 -103, 2930 -99.5, 2930 -96, 2935.5 -96, 2941 -96, 2944.67 -96, 2952 -96, 2952 -110, 2952 -117, 2952 -124, 2946.5 -124, 2935.5 -124))",9.60098,Highland,32004,East Highland,"(2941.0, -110.0)"
Goldcrest Villas,GD08,Goldcrest Villas,"POLYGON ((2919 -139, 2908 -139, 2908 -124, 2919 -124, 2930 -124, 2935.5 -124, 2946.5 -124, 2952 -124, 2952 -131.5, 2952 -139, 2952 -146.5, 2952 -154, 2941 -154, 2930 -154, 2919 -154, 2919 -139))",18.001844000000002,Highland,36807,East Highland,"(2932.3571428571427, -137.92857142857142)"
Goldcrest Villas,GD09,Goldcrest Villas,"POLYGON ((2952 -131.5, 2952 -124, 2959.33 -124, 2966.67 -124, 2974 -124, 2985 -124, 2996 -124, 2996 -131.5, 2996 -139, 2996 -146.5, 2996 -154, 2974 -154, 2966.67 -154, 2952 -154, 2952 -146.5, 2952 -139, 2952 -131.5))",20.573536,Highland,30257,East Highland,"(2974.0, -139.0)"
Goldcrest Villas,GD10,Goldcrest Villas,"POLYGON ((3018 -154, 2996 -154, 2996 -146.5, 2996 -139, 2996 -131.5, 2996 -124, 3001.5 -124, 3004.25 -124, 3007 -124, 3009.75 -124, 3012.5 -124, 3018 -124, 3018 -131.5, 3018 -139, 3018 -146.5, 3018 -154))",10.286763,Highland,53578,East Highland,"(3007.0, -139.0)"
Goldcrest Villas,GD11,Goldcrest Villas,"POLYGON ((2952 -110, 2952 -96, 2959.33 -96, 2964.22 -96, 2966.67 -96, 2974 -96, 2985 -96, 2996 -96, 2996 -103, 2996 -106.5, 2996 -110, 3001.5 -110, 3007 -110, 3012.5 -110, 3018 -110, 3018 -117, 3018 -124, 3012.5 -124, 3009.75 -124, 3007 -124, 3004.25 -124, 3001.5 -124, 2996 -124, 2985 -124, 2974 -124, 2966.67 -124, 2959.33 -124, 2952 -124, 2952 -117, 2952 -110))",24.002454999999998,Highland,49071,Goldcrest Cradle,"(2980.6, -111.4)"
Goldcrest Villas,GD12,Goldcrest Villas,"POLYGON ((3007 -110, 3001.5 -110, 2996 -110, 2996 -106.5, 2996 -103, 2996 -96, 3001.5 -96, 3007 -96, 3018 -96, 3023.5 -96, 3029 -96, 3040 -96, 3040 -103, 3040 -106.5, 3040 -110, 3040 -113.5, 3040 -117, 3040 -124, 3034.5 -124, 3029 -124, 3018 -124, 3018 -117, 3018 -110, 3012.5 -110, 3007 -110))",14.401470999999999,Highland,47095,Goldcrest Cradle,"(3021.6666666666665, -107.66666666666667)"
Goldcrest Villas,GD13,Goldcrest Villas,"POLYGON ((3040 -117, 3040 -113.5, 3040 -110, 3040 -106.5, 3040 -103, 3040 -96, 3051 -96, 3062 -96, 3073 -96, 3078.5 -96, 3084 -96, 3084 -106.5, 3084 -110, 3084 -117, 3084 -124, 3062 -124, 3051 -124, 3040 -124, 3040 -117))",19.201965000000005,Highland,47356,Goldcrest Cradle,"(3062.0, -110.0)"
Goldcrest Villas,GD14,Goldcrest Villas,"POLYGON ((3051 -96, 3040 -96, 3040 -90.5, 3040 -85, 3040 -82.25, 3040 -79.5, 3040 -74, 3040 -63, 3062 -63, 3084 -63, 3084 -74, 3084 -79.5, 3084 -85, 3084 -90.5, 3084 -96, 3078.5 -96, 3073 -96, 3062 -96, 3051 -96))",22.630891000000002,Highland,60047,Goldcrest Cradle,"(3062.0, -79.5)"
Goldcrest Villas,GD15,Goldcrest Villas,"POLYGON ((3018 -85, 3018 -82.25, 3018 -79.5, 3018 -76.75, 3018 -74, 3029 -74, 3040 -74, 3040 -79.5, 3040 -82.25, 3040 -85, 3040 -90.5, 3040 -96, 3029 -96, 3023.5 -96, 3018 -96, 3018 -93.25, 3018 -90.5, 3018 -85))",7.543628,Highland,29424,Goldcrest Cradle,"(3029.0, -85.0)"
Goldcrest Villas,GD16,Goldcrest Villas,"POLYGON ((3018 -74, 3018 -65.75, 3018 -63, 3018 -60.25, 3018 -57.5, 3018 -54.75, 3018 -52, 3023.5 -52, 3029 -52, 3040 -52, 3040 -63, 3040 -74, 3029 -74, 3018 -74))",7.543628,Highland,33418,Goldcrest Cradle,"(3029.0, -63.0)"
Goldcrest Villas,GD17,Goldcrest Villas,"POLYGON ((3018 -49.25, 3018 -46.5, 3018 -41, 3018 -38.25, 3018 -35.5, 3018 -30, 3020.75 -30, 3023.5 -30, 3034.5 -30, 3037.25 -30, 3040 -30, 3040 -41, 3040 -52, 3029 -52, 3023.5 -52, 3018 -52, 3018 -49.25))",7.543626,Highland,58544,Goldcrest Cradle,"(3029.0, -41.0)"
Goldcrest Villas,GD18,Goldcrest Villas,"POLYGON ((3018 -27.25, 3018 -24.5, 3018 -21.75, 3018 -19, 3018 -16.25, 3018 -13.5, 3018 -10.75, 3018 -8, 3023.5 -8, 3029 -8, 3040 -8, 3040 -13.5, 3040 -19, 3040 -30, 3037.25 -30, 3034.5 -30, 3023.5 -30, 3020.75 -30, 3018 -30, 3018 -27.25))",7.543623999999999,Highland,67300,Goldcrest Cradle,"(3029.0, -19.0)"
Goldcrest Villas,GD19,Goldcrest Villas,"POLYGON ((2998.75 -30, 2996 -30, 2996 -24.5, 2996 -19, 2996 -13.5, 2996 -8, 3001.5 -8, 3007 -8, 3012.5 -8, 3018 -8, 3018 -10.75, 3018 -13.5, 3018 -16.25, 3018 -19, 3018 -21.75, 3018 -24.5, 3018 -27.25, 3018 -30, 3015.25 -30, 3012.5 -30, 3009.75 -30, 3007 -30, 3001.5 -30, 2998.75 -30))",7.543624999999999,Highland,64692,Goldcrest Cradle,"(3007.0, -19.0)"
Goldcrest Villas,GD20,Goldcrest Villas,"POLYGON ((3007 -52, 3004.25 -52, 2996 -52, 2996 -46.5, 2996 -35.5, 2996 -30, 2998.75 -30, 3001.5 -30, 3007 -30, 3009.75 -30, 3012.5 -30, 3015.25 -30, 3018 -30, 3018 -35.5, 3018 -38.25, 3018 -41, 3018 -46.5, 3018 -49.25, 3018 -52, 3015.25 -52, 3009.75 -52, 3007 -52))",7.5436250000000005,Highland,76174,Goldcrest Cradle,"(3007.0, -41.0)"
Goldcrest Villas,GD21,Goldcrest Villas,"POLYGON ((2996 -57.5, 2996 -54.75, 2996 -52, 3004.25 -52, 3007 -52, 3009.75 -52, 3015.25 -52, 3018 -52, 3018 -54.75, 3018 -57.5, 3018 -60.25, 3018 -63, 3018 -65.75, 3018 -74, 3015.25 -74, 3012.5 -74, 3007 -74, 2996 -74, 2996 -68.5, 2996 -63, 2996 -57.5))",7.543626999999999,Highland,44943,Goldcrest Cradle,"(3007.0, -63.0)"
Goldcrest Villas,GD22,Goldcrest Villas,"POLYGON ((3018 -96, 3007 -96, 3001.5 -96, 2996 -96, 2996 -90.5, 2996 -85, 2996 -74, 3007 -74, 3012.5 -74, 3015.25 -74, 3018 -74, 3018 -76.75, 3018 -79.5, 3018 -82.25, 3018 -85, 3018 -90.5, 3018 -93.25, 3018 -96))",7.543627999999999,Highland,27867,Goldcrest Cradle,"(3007.0, -85.0)"
Goldcrest Villas,GD23,Goldcrest Villas,"POLYGON ((2952 -96, 2952 -87.75, 2952 -85, 2952 -79.5, 2952 -74, 2952 -63, 2974 -63, 2974 -74, 2990.5 -74, 2996 -74, 2996 -85, 2996 -90.5, 2996 -96, 2985 -96, 2974 -96, 2966.67 -96, 2964.22 -96, 2959.33 -96, 2952 -96))",18.859075,Highland,29195,Goldcrest Cradle,"(2971.8, -81.7)"
Goldcrest Villas,GD24,Goldcrest Villas,"POLYGON ((2952 -63, 2952 -46.5, 2952 -30, 2974 -30, 2996 -30, 2996 -35.5, 2996 -46.5, 2996 -52, 2996 -54.75, 2996 -57.5, 2996 -63, 2996 -68.5, 2996 -74, 2990.5 -74, 2974 -74, 2974 -63, 2952 -63))",26.402703,Highland,32100,Goldcrest Cradle,"(2975.5714285714284, -49.642857142857146)"
Goldcrest Villas,GD25,Goldcrest Villas,"POLYGON ((2952 -8, 2952 3, 2952 14, 2963 14, 2968.5 14, 2974 14, 2974 8.5, 2974 -2.5, 2974 -8, 2974 -19, 2974 -30, 2952 -30, 2952 -8))",15.087259,Highland,23168,Goldcrest Cradle,"(2963.0, -8.0)"
Goldcrest Villas,GD26,Goldcrest Villas,"POLYGON ((2996 -24.5, 2996 -30, 2974 -30, 2974 -19, 2974 -8, 2974 -2.5, 2974 8.5, 2974 14, 2979.5 14, 2985 14, 2990.5 14, 2996 14, 3001.5 14, 3004.25 14, 3007 14, 3012.5 14, 3018 14, 3018 3, 3018 -2.5, 3018 -8, 3012.5 -8, 3007 -8, 3001.5 -8, 2996 -8, 2996 -13.5, 2996 -19, 2996 -24.5))",22.630889,Highland,85163,Goldcrest Cradle,"(2992.3333333333335, -4.333333333333333)"
Goldcrest Villas,GD27,Goldcrest Villas,"POLYGON ((2979.5 14, 2974 14, 2974 19.5, 2974 25, 2974 30.5, 2974 36, 2979.5 36, 2985 36, 2990.5 36, 2996 36, 3001.5 36, 3007 36, 3012.5 36, 3015.25 36, 3018 36, 3018 30.5, 3018 25, 3018 14, 3012.5 14, 3007 14, 3004.25 14, 3001.5 14, 2996 14, 2990.5 14, 2985 14, 2979.5 14))",15.087254,Highland,183255,Goldcrest Cradle,"(2996.0, 25.0)"
Goldcrest Villas,GD28,Goldcrest Villas,"POLYGON ((2952 36, 2952 58, 2974 58, 2996 58, 2996 47, 2996 41.5, 2996 36, 2990.5 36, 2985 36, 2979.5 36, 2974 36, 2974 30.5, 2974 25, 2974 19.5, 2974 14, 2968.5 14, 2963 14, 2952 14, 2952 36))",22.630891000000002,Highland,53132,Goldcrest Cradle,"(2970.3333333333335, 39.666666666666664)"
Goldcrest Villas,GD29,Goldcrest Villas,"POLYGON ((2996 36, 2996 41.5, 2996 47, 2996 58, 3012.5 58, 3018 58, 3029 58, 3040 58, 3040 47, 3040 36, 3040 14, 3029 14, 3018 14, 3018 25, 3018 30.5, 3018 36, 3015.25 36, 3012.5 36, 3007 36, 3001.5 36, 2996 36))",22.630886999999998,Highland,62352,Goldcrest Cradle,"(3021.6666666666665, 39.666666666666664)"
Goldcrest Villas,GD30,Goldcrest Villas,"POLYGON ((3040 -19, 3040 -13.5, 3040 -8, 3029 -8, 3023.5 -8, 3018 -8, 3018 -2.5, 3018 3, 3018 14, 3029 14, 3040 14, 3051 14, 3084 14, 3084 -30, 3084 -52, 3084 -63, 3062 -63, 3040 -63, 3040 -52, 3040 -41, 3040 -30, 3040 -19))",60.34903600000001,Highland,46755,Goldcrest Cradle,"(3057.875, -21.0625)"
Goldcrest Villas,GD31,Goldcrest Villas,"POLYGON ((3040 47, 3040 58, 3029 58, 3018 58, 3012.5 58, 2996 58, 2996 63.5, 2996 80, 3040 80, 3084 80, 3084 36, 3084 25, 3084 14, 3051 14, 3040 14, 3040 36, 3040 47))",60.349033000000006,Highland,31900,Goldcrest Cradle,"(3051.0, 52.5)"
Goldcrest Villas,GD32,Goldcrest Villas,"POLYGON ((2930 14, 2908 14, 2908 36, 2908 58, 2908 80, 2952 80, 2974 80, 2996 80, 2996 63.5, 2996 58, 2974 58, 2952 58, 2952 36, 2952 14, 2930 14))",60.34903200000001,Highland,18207,Goldcrest Cradle,"(2941.0, 52.5)"
Goldcrest Villas,GD33,Goldcrest Villas,"POLYGON ((2952 -63, 2941 -63, 2930 -63, 2919 -63, 2908 -63, 2908 -24.5, 2908 14, 2930 14, 2952 14, 2952 3, 2952 -8, 2952 -30, 2952 -46.5, 2952 -63))",52.805403,Highland,26387,Goldcrest Cradle,"(2930.0, -24.5)"
Goldcrest Villas,GD34,East Highland,"POLYGON ((2754 14, 2754 80, 2831 80, 2908 80, 2908 58, 2908 36, 2908 14, 2831 14, 2754 14))",158.416212,Highland,7641,East Highland,"(2831.0, 47.0)"
Goldcrest Villas,GD35,East Highland,"POLYGON ((2837 -124, 2795.5 -124, 2754 -124, 2754 -63, 2754 14, 2831 14, 2908 14, 2908 -24.5, 2908 -63, 2886 -63, 2873 -63, 2861 -63, 2837 -63, 2837 -74.33, 2837 -96, 2837 -110, 2837 -124))",263.730885,Highland,19682,East Highland,"(2820.3779031972103, -45.145765616689324)"
Goldcrest Villas,GD36,East Highland,"POLYGON ((2919 -184, 2836.5 -184, 2754 -184, 2754 -124, 2795.5 -124, 2837 -124, 2873 -124, 2886 -124, 2908 -124, 2908 -139, 2919 -139, 2919 -154, 2919 -184))",151.729814,Highland,10941,East Highland,"(2835.1949152542375, -154.38135593220338)"
Goldcrest Villas,GD37,East Highland,"POLYGON ((2974 -154, 2996 -154, 2996 -184, 2957.5 -184, 2952 -184, 2930 -184, 2919 -184, 2919 -154, 2930 -154, 2941 -154, 2952 -154, 2966.67 -154, 2974 -154))",36.003685999999995,Highland,17818,East Highland,"(2957.5, -169.0)"
Goldcrest Villas,GD38,East Highland,"POLYGON ((3084 -170.25, 3084 -184, 3040 -184, 2996 -184, 2996 -154, 3018 -154, 3018 -146.5, 3018 -139, 3018 -131.5, 3018 -124, 3029 -124, 3034.5 -124, 3040 -124, 3051 -124, 3062 -124, 3084 -124, 3084 -130.75, 3084 -137.5, 3084 -140.88, 3084 -151, 3084 -170.25))",72.007369,Highland,33516,East Highland,"(3044.714285714286, -156.14285714285714)"
Gorton Quarters,GR01,Gorton Quarters,"POLYGON ((3173.93 1334, 3172 1334, 3172 1334.17, 3172 1336.97, 3172 1341.34, 3172 1345.72, 3172 1356, 3174.99 1356, 3178.91 1356, 3181.61 1356, 3185.63 1356, 3188.45 1356, 3192.11 1356, 3194 1356, 3195.47 1356, 3199.41 1356, 3202.7 1356, 3205 1356, 3205 1349.91, 3205 1341.13, 3205 1334, 3199.81 1334, 3193.58 1334, 3186.42 1334, 3186.31 1334, 3182.87 1334, 3177.07 1334, 3173.93 1334))",11.315447,Capital,100457,Gorton Central,"(3188.5, 1344.9999999999998)"
Gorton Quarters,GR02,Gorton Quarters,"POLYGON ((3183.54 1312, 3179.34 1312, 3172 1312, 3172 1314.79, 3172 1317.58, 3172 1323.15, 3172 1330.29, 3172 1334, 3173.93 1334, 3177.07 1334, 3182.87 1334, 3186.31 1334, 3186.42 1334, 3193.58 1334, 3199.81 1334, 3205 1334, 3205 1329.19, 3205 1324.64, 3205 1316.33, 3205 1312, 3202.45 1312, 3200.75 1312, 3198.98 1312, 3195.63 1312, 3194.15 1312, 3192.96 1312, 3188.22 1312, 3185.63 1312, 3183.54 1312))",11.315447000000002,Capital,114856,Gorton Central,"(3188.5000000000005, 1323.0)"
Gorton Quarters,GR03,Gorton Quarters,"POLYGON ((3150 1318.39, 3150 1322.9, 3150 1325.07, 3150 1328.35, 3150 1329.16, 3150 1331.71, 3150 1334, 3152.71 1334, 3155.92 1334, 3161.73 1334, 3165.87 1334, 3172 1334, 3172 1330.29, 3172 1323.15, 3172 1317.58, 3172 1314.79, 3172 1312, 3167.74 1312, 3162.01 1312, 3156.74 1312, 3152.69 1312, 3150 1312, 3150 1315.71, 3150 1318.39))",7.543629999999999,Capital,79216,Gorton Central,"(3161.0, 1323.0)"
Gorton Quarters,GR04,Gorton Quarters,"POLYGON ((3128 1326.58, 3128 1331.26, 3128 1331.27, 3128 1334, 3128.23 1334, 3132.53 1334, 3135.94 1334, 3139.86 1334, 3143.83 1334, 3145.02 1334, 3149.01 1334, 3150 1334, 3150 1331.71, 3150 1329.16, 3150 1328.35, 3150 1325.07, 3150 1322.9, 3150 1318.39, 3150 1315.71, 3150 1312, 3147.63 1312, 3142.67 1312, 3139.57 1312, 3136.4 1312, 3132.57 1312, 3128 1312, 3128 1314.47, 3128 1321.53, 3128 1323.12, 3128 1326.58))",7.543628000000001,Capital,86123,Gorton Central,"(3139.0, 1323.0)"
Gorton Quarters,GR05,Gorton Quarters,"POLYGON ((3128 1336.39, 3128 1342.72, 3128 1353.05, 3128 1356, 3136.55 1356, 3144.39 1356, 3148.29 1356, 3150 1356, 3150 1352.77, 3150 1351.19, 3150 1347.37, 3150 1341.53, 3150 1340.73, 3150 1338.61, 3150 1336.3, 3150 1334, 3149.01 1334, 3145.02 1334, 3143.83 1334, 3139.86 1334, 3135.94 1334, 3132.53 1334, 3128.23 1334, 3128 1334, 3128 1336.39))",7.543628,Capital,85935,Gorton Central,"(3139.0, 1345.0)"
Gorton Quarters,GR06,Gorton Quarters,"POLYGON ((3152.71 1334, 3150 1334, 3150 1336.3, 3150 1338.61, 3150 1340.73, 3150 1341.53, 3150 1347.37, 3150 1351.19, 3150 1352.77, 3150 1356, 3160.44 1356, 3163.68 1356, 3166.95 1356, 3172 1356, 3172 1345.72, 3172 1341.34, 3172 1336.97, 3172 1334.17, 3172 1334, 3165.87 1334, 3161.73 1334, 3155.92 1334, 3152.71 1334))",7.543627999999999,Capital,102414,Gorton Central,"(3160.9999999999995, 1345.0)"
Gorton Quarters,GR07,Gorton Quarters,"POLYGON ((3136.55 1356, 3128 1356, 3128 1366.27, 3128 1377.91, 3128 1377.94, 3128 1383.78, 3128 1400, 3135.44 1400, 3146.33 1400, 3148.88 1400, 3151.24 1400, 3160.78 1400, 3165.2 1400, 3168.44 1400, 3172 1400, 3172 1396.03, 3172 1391.25, 3172 1389.77, 3172 1379.03, 3172 1374.48, 3172 1370.21, 3172 1364.66, 3172 1360.96, 3172 1356, 3166.95 1356, 3163.68 1356, 3160.44 1356, 3150 1356, 3148.29 1356, 3144.39 1356, 3136.55 1356))",30.174743999999997,Capital,186107,Gorton Central,"(3150.0000000000005, 1378.0000000000002)"
Gorton Quarters,GR08,Gorton Quarters,"POLYGON ((3128 1425.4, 3128 1431.4, 3128 1444, 3141.14 1444, 3148.19 1444, 3156.49 1444, 3161.94 1444, 3172 1444, 3175.56 1444, 3194 1444, 3194 1435.77, 3194 1425.42, 3194 1420.57, 3194 1412.71, 3194 1411.49, 3194 1401.24, 3194 1400, 3192.25 1400, 3191.46 1400, 3186.65 1400, 3180.73 1400, 3174.7 1400, 3172 1400, 3168.44 1400, 3165.2 1400, 3160.78 1400, 3151.24 1400, 3148.88 1400, 3146.33 1400, 3135.44 1400, 3128 1400, 3128 1409.1, 3128 1418.53, 3128 1425.4))",45.26179,Capital,137291,Gorton and Upper Denton,"(3160.9999999999995, 1421.9999999999995)"
Gorton Quarters,GR09,Gorton Quarters,"POLYGON ((3194 1420.57, 3194 1425.42, 3194 1435.77, 3194 1444, 3200.32 1444, 3209.89 1444, 3226 1444, 3235 1444, 3235 1429.25, 3235 1429.2481, 3235 1418.3801, 3235 1407.312, 3235 1407.31, 3235 1400, 3223.01 1400, 3219.6 1400, 3215.35 1400, 3213.84 1400, 3206.65 1400, 3198.84 1400, 3194 1400, 3194 1401.24, 3194 1411.49, 3194 1412.71, 3194 1420.57))",28.117166000000005,Capital,98084,Gorton and Upper Denton,"(3214.499999999999, 1421.9999999999998)"
Gorton Quarters,GR10,Gorton Quarters,"POLYGON ((3205 1316.33, 3205 1324.64, 3205 1329.19, 3205 1334, 3205 1341.13, 3205 1349.91, 3205 1356, 3202.7 1356, 3199.41 1356, 3195.47 1356, 3194 1356, 3194 1357.64, 3194 1360.81, 3194 1362.8, 3194 1366.64, 3194 1370.38, 3194 1372.06, 3194 1383.48, 3194 1387.11, 3194 1388.94, 3194 1392, 3194 1394.24, 3194 1400, 3198.84 1400, 3206.65 1400, 3213.84 1400, 3215.35 1400, 3219.6 1400, 3223.01 1400, 3235 1400, 3235 1396.21, 3235 1387.6731, 3235 1387.67, 3235 1379.85, 3235 1363.3, 3235 1363.2988, 3235 1361.4741, 3235 1356, 3235 1351.81, 3235 1341.9342, 3235 1341.93, 3235 1337.25, 3235 1337.2456, 3235 1328.86, 3235 1322.51, 3235 1319.6001, 3235 1318.0141, 3235 1318.01, 3235 1312, 3226.68 1312, 3218.36 1312, 3215.85 1312, 3209.3 1312, 3209.29 1312, 3206.13 1312, 3206.11 1312, 3205 1312, 3205 1316.33))",48.69070099999999,Capital,395021,Gorton Central,"(3216.82394366197, 1359.4084507042246)"
Gorton Quarters,GR11,Gorton Quarters,"POLYGON ((3172 1356, 3172 1360.96, 3172 1364.66, 3172 1370.21, 3172 1374.48, 3172 1379.03, 3172 1389.77, 3172 1391.25, 3172 1396.03, 3172 1400, 3174.7 1400, 3180.73 1400, 3186.65 1400, 3191.46 1400, 3192.25 1400, 3194 1400, 3194 1394.24, 3194 1392, 3194 1388.94, 3194 1387.11, 3194 1383.48, 3194 1372.06, 3194 1370.38, 3194 1366.64, 3194 1362.8, 3194 1360.81, 3194 1357.64, 3194 1356, 3192.11 1356, 3188.45 1356, 3185.63 1356, 3181.61 1356, 3178.91 1356, 3174.99 1356, 3172 1356))",15.087254999999999,Capital,173486,Gorton Central,"(3183.0, 1378.0)"
Hopewell Harbor,H01,Westbury Wharf,"POLYGON ((3559 1048, 3559 563, 3666 563, 3666 1048, 3559 1048))",808.836021,Highland,8805,Greater Lancer and Westbury Wharf,"(3612.5, 805.5)"
Hopewell Harbor,H02,Westbury Wharf,"POLYGON ((3559 563, 3559 555, 3559 520, 3559 476, 3559 451, 3666 451, 3666 563, 3559 563))",186.782751,Highland,15683,Greater Lancer and Westbury Wharf,"(3612.5, 507.0)"
Hopewell Harbor,H03,Westbury Wharf,"POLYGON ((3559 451, 3559 410, 3559 340, 3559 220, 3666 220, 3666 451, 3559 451))",385.239425,Highland,25318,Greater Lancer and Westbury Wharf,"(3612.5, 335.5)"
Leighton,L01,Techno Garden West and Leighton,"POLYGON ((3482 1597, 3482 1627, 3549 1627, 3549 1617.04, 3549 1586.89, 3549 1567, 3526.01 1567, 3515.5 1567, 3482 1567, 3482 1597))",62.655795999999995,Capital,53288,Techno Garden West and Leighton,"(3515.5, 1597.0)"
Leighton,L02,Techno Garden West and Leighton,"POLYGON ((3526.01 1567, 3549 1567, 3549 1537, 3482 1537, 3468.51 1537, 3414 1537, 3414 1597, 3414 1657, 3549 1657, 3549 1627, 3482 1627, 3482 1597, 3482 1567, 3515.5 1567, 3526.01 1567))",189.837608,Capital,6120,Techno Garden West and Leighton,"(3470.2783251231526, 1597.0)"
Leighton,L03,Techno Garden West and Leighton,"POLYGON ((3292.0744 1537, 3292.07 1537, 3235 1537, 3235 1597, 3235 1657, 3414 1657, 3414 1597, 3414 1537, 3383.91 1537, 3322.26 1537, 3322.2567 1537, 3292.0744 1537))",334.787509,Capital,3425,Techno Garden West and Leighton,"(3324.5, 1597.0)"
Leighton,L04,Techno Garden West and Leighton,"POLYGON ((3235 1537, 3198.05 1537, 3172 1537, 3084 1537, 3053.42 1537, 3040 1537, 3040 1567, 3040 1597, 3040 1657, 3184.55 1657, 3235 1657, 3235 1597, 3235 1537))",364.712648,Capital,15845,Techno Garden West and Leighton,"(3137.5, 1597.0)"
Leighton,L05,Techno Garden West and Leighton,"POLYGON ((2952 1537, 2920.11 1537, 2895 1537, 2895 1657, 2952 1657, 3040 1657, 3040 1597, 3040 1567, 3040 1537, 3010.65 1537, 2981.33 1537, 2952 1537))",271.196586,Capital,30604,Techno Garden West and Leighton,"(2967.5, 1597.0)"
Lancer Gate,LA01,Lancer Gate,"POLYGON ((2985 213, 2985 215.5, 2985 218, 2985 221, 2985 224, 2985 227, 2985 230, 2990.5 230, 2996 230, 2996 227, 2996 224, 2996 218, 3001.5 218, 3007 218, 3007 215.5, 3007 213, 3007 208, 3004.25 208, 3001.5 208, 2996 208, 2990.5 208, 2985 208, 2985 210.5, 2985 213))",5.486280000000001,Highland,88051,Little Lancer,"(2993.9375, 217.125)"
Lancer Gate,LA02,Lancer Gate,"POLYGON ((2996 208, 3001.5 208, 3004.25 208, 3007 208, 3007 213, 3007 215.5, 3007 218, 3018 218, 3018 215.5, 3018 213, 3018 210.5, 3018 208, 3018 205.5, 3018 203, 3018 200.5, 3018 198, 3007 198, 3001.5 198, 2996 198, 2996 203, 2996 205.5, 2996 208))",5.143388000000002,Highland,48873,Little Lancer,"(3008.8333333333335, 206.33333333333334)"
Lancer Gate,LA03,Lancer Gate,"POLYGON ((2974 213, 2974 218, 2974 224, 2974 230, 2976.75 230, 2979.5 230, 2982.25 230, 2985 230, 2985 227, 2985 224, 2985 221, 2985 218, 2985 215.5, 2985 213, 2985 210.5, 2985 208, 2990.5 208, 2996 208, 2996 205.5, 2996 203, 2996 198, 2990.5 198, 2985 198, 2979.5 198, 2974 198, 2974 208, 2974 213))",7.200739,Highland,76832,Little Lancer,"(2982.1190476190477, 211.38095238095238)"
Lancer Gate,LA04,Lancer Gate,"POLYGON ((2974 233, 2974 236, 2974 239, 2974 242, 2979.5 242, 2982.25 242, 2985 242, 2996 242, 2996 236, 2996 233, 2996 230, 2990.5 230, 2985 230, 2982.25 230, 2979.5 230, 2976.75 230, 2974 230, 2974 233))",4.114707000000001,Highland,36689,Little Lancer,"(2985.0, 236.0)"
Lancer Gate,LA05,Lancer Gate,"POLYGON ((2974 245.5, 2974 249, 2974 252.5, 2974 256, 2979.5 256, 2985 256, 2990.5 256, 2996 256, 2996 242, 2985 242, 2982.25 242, 2979.5 242, 2974 242, 2974 245.5))",4.800490999999999,Highland,37303,Little Lancer,"(2985.0, 249.0)"
Lancer Gate,LA06,Lancer Gate,"POLYGON ((2974 256, 2974 259.5, 2974 263, 2974 270, 2979.5 270, 2985 270, 2996 270, 2996 263, 2996 256, 2990.5 256, 2985 256, 2979.5 256, 2974 256))",4.800489000000001,Highland,32044,Little Lancer,"(2985.0, 263.0)"
Lancer Gate,LA07,Lancer Gate,"POLYGON ((2963 256, 2952 256, 2952 263, 2952 270, 2963 270, 2968.5 270, 2974 270, 2974 263, 2974 259.5, 2974 256, 2963 256))",4.80049,Highland,20635,Little Lancer,"(2963.0, 263.0)"
Lancer Gate,LA08,Lancer Gate,"POLYGON ((2974 242, 2968.5 242, 2963 242, 2957.5 242, 2952 242, 2952 249, 2952 256, 2963 256, 2974 256, 2974 252.5, 2974 249, 2974 245.5, 2974 242))",4.800492,Highland,40058,Little Lancer,"(2963.0, 249.0)"
Lancer Gate,LA09,Lancer Gate,"POLYGON ((2963 230, 2957.5 230, 2952 230, 2952 236, 2952 242, 2957.5 242, 2963 242, 2968.5 242, 2974 242, 2974 239, 2974 236, 2974 233, 2974 230, 2971.25 230, 2968.5 230, 2963 230))",4.114707000000001,Highland,34584,Little Lancer,"(2963.0, 236.0)"
Lancer Gate,LA10,Lancer Gate,"POLYGON ((2952 168, 2952 210, 2952 230, 2957.5 230, 2963 230, 2968.5 230, 2971.25 230, 2974 230, 2974 224, 2974 218, 2974 213, 2974 208, 2974 198, 2979.5 198, 2985 198, 2990.5 198, 2996 198, 2996 183, 2996 168, 2974 168, 2952 168))",31.546084,Highland,25721,Little Lancer,"(2970.1739130434785, 193.7826086956522)"
Lancer Gate,LA11,Lancer Gate,"POLYGON ((3040 168, 3018 168, 2996 168, 2996 183, 2996 198, 3001.5 198, 3007 198, 3018 198, 3023.5 198, 3029 198, 3034.5 198, 3040 198, 3040 190.5, 3040 183, 3040 168))",20.573534999999996,Highland,19608,Little Lancer,"(3018.0, 183.0)"
Lancer Gate,LA12,Lancer Gate,"POLYGON ((3018 208, 3018 210.5, 3018 213, 3018 215.5, 3018 218, 3023.5 218, 3029 218, 3034.5 218, 3040 218, 3040 213, 3040 208, 3040 203, 3040 198, 3034.5 198, 3029 198, 3023.5 198, 3018 198, 3018 200.5, 3018 203, 3018 205.5, 3018 208))",6.857850000000001,Highland,75557,Little Lancer,"(3029.0, 208.0)"
Lancer Gate,LA13,Lancer Gate,"POLYGON ((2996 112.5, 2996 145, 2996 156.5, 2996 168, 3018 168, 3040 168, 3040 183, 3040 190.5, 3040 198, 3040 203, 3040 208, 3040 213, 3040 218, 3051 218, 3062 218, 3084 218, 3084 198, 3084 168, 3084 112.5, 3084 80, 3040 80, 2996 80, 2996 112.5))",154.98728999999997,Highland,45999,Little Lancer,"(3044.8672566371683, 139.26548672566372)"
Lancer Gate,LA14,Lancer Gate,"POLYGON ((2952 80, 2908 80, 2908 145, 2908 210, 2930 210, 2952 210, 2952 168, 2974 168, 2996 168, 2996 156.5, 2996 145, 2996 112.5, 2996 80, 2974 80, 2952 80))",149.501014,Highland,22619,Little Lancer,"(2947.761467889908, 136.52293577981652)"
Lancer Gate,LA15,Lancer Gate,"POLYGON ((2952 210, 2930 210, 2908 210, 2908 242, 2908 276, 2908 340, 2952 340, 2996 340, 2996 308, 2996 289, 2996 270, 2985 270, 2979.5 270, 2974 270, 2968.5 270, 2963 270, 2952 270, 2952 263, 2952 256, 2952 249, 2952 242, 2952 236, 2952 230, 2952 210))",137.156892,Highland,14375,Little Lancer,"(2945.4, 285.5)"
Lancer Gate,LA16,Lancer Gate,"POLYGON ((2996 230, 2996 233, 2996 236, 2996 242, 2996 256, 2996 263, 2996 270, 2996 289, 2996 308, 2996 340, 3084 340, 3084 322, 3084 300, 3084 270, 3084 218, 3062 218, 3051 218, 3040 218, 3034.5 218, 3029 218, 3023.5 218, 3018 218, 3007 218, 3001.5 218, 2996 218, 2996 224, 2996 227, 2996 230))",167.331412,Highland,83234,Little Lancer,"(3040.0, 279.0)"
Lancer Gate,LA17,Lancer Gate,"POLYGON ((3095 300, 3084 300, 3084 322, 3084 340, 3095 340, 3106 340, 3111.5 340, 3117 340, 3122.5 340, 3128 340, 3128 335.5, 3128 331, 3128 322, 3128 316.5, 3128 313.75, 3128 311, 3128 300, 3122.5 300, 3117 300, 3106 300, 3095 300))",27.431382,Highland,80978,Greater Lancer and Westbury Wharf,"(3106.0, 320.0)"
Lancer Gate,LA18,Lancer Gate,"POLYGON ((3084 218, 3084 270, 3084 300, 3095 300, 3106 300, 3117 300, 3122.5 300, 3128 300, 3139 300, 3150 300, 3150 289, 3150 283.5, 3150 278, 3150 267, 3172 267, 3177.5 267, 3183 267, 3183 260.88, 3183 254.75, 3183 242.5, 3183 218, 3150 218, 3117 218, 3084 218))",109.554069,Highland,73626,Little Lancer,"(3128.387323943662, 255.20422535211267)"
Lancer Gate,LA19,Lancer Gate,"POLYGON ((3183 254.75, 3183 260.88, 3183 267, 3194 267, 3199.5 267, 3205 267, 3216 267, 3216 278, 3216 289, 3216 300, 3227 300, 3232.5 300, 3238 300, 3248.5 300, 3264.88 300, 3281 300, 3281 256, 3281 218, 3248.5 218, 3216 218, 3183 218, 3183 242.5, 3183 254.75))",108.276018,Highland,74129,Little Lancer,"(3237.094645170577, 255.15942133294948)"
Lancer Gate,LA20,Lancer Gate,"POLYGON ((3183 272.5, 3183 278, 3194 278, 3196.75 278, 3200.88 278, 3205 278, 3210.5 278, 3216 278, 3216 267, 3205 267, 3199.5 267, 3194 267, 3183 267, 3183 269.75, 3183 272.5))",5.657723000000001,Highland,28985,Little Lancer,"(3199.5, 272.5)"
Lancer Gate,LA21,Lancer Gate,"POLYGON ((3183 269.75, 3183 267, 3177.5 267, 3172 267, 3150 267, 3150 278, 3155.5 278, 3161 278, 3172 278, 3177.5 278, 3183 278, 3183 272.5, 3183 269.75))",5.6577210000000004,Highland,35443,Little Lancer,"(3166.5, 272.5)"
Lancer Gate,LA22,Lancer Gate,"POLYGON ((3150 300, 3155.16 300, 3160.83 300, 3166.5 300, 3169.25 300, 3172 300, 3172 294.5, 3172 289, 3172 286.25, 3172 283.5, 3172 278, 3161 278, 3155.5 278, 3150 278, 3150 283.5, 3150 289, 3150 300))",7.543628,Highland,70797,Little Lancer,"(3161.0, 289.0)"
Lancer Gate,LA23,Lancer Gate,"POLYGON ((3172 286.25, 3172 289, 3177.5 289, 3180.25 289, 3183 289, 3188.16 289, 3194 289, 3194 283.5, 3194 278, 3183 278, 3177.5 278, 3172 278, 3172 283.5, 3172 286.25))",3.771813,Highland,36875,Little Lancer,"(3183.0, 283.5)"
Lancer Gate,LA24,Lancer Gate,"POLYGON ((3177.5 289, 3172 289, 3172 294.5, 3172 300, 3177.5 300, 3180.25 300, 3183 300, 3185.58 300, 3188.16 300, 3191.08 300, 3194 300, 3194 289, 3188.16 289, 3183 289, 3180.25 289, 3177.5 289))",3.771813,Highland,57763,Little Lancer,"(3183.0, 294.5)"
Lancer Gate,LA25,Lancer Gate,"POLYGON ((3196.75 278, 3194 278, 3194 283.5, 3194 289, 3194 300, 3196.75 300, 3199.5 300, 3202.25 300, 3205 300, 3210.5 300, 3216 300, 3216 289, 3216 278, 3210.5 278, 3205 278, 3200.88 278, 3196.75 278))",7.543627,Highland,61646,Little Lancer,"(3205.0, 289.0)"
Lancer Gate,LA26,Lancer Gate,"POLYGON ((3183 311, 3183 313.75, 3183 316.5, 3183 319.25, 3183 322, 3188.16 322, 3190.73 322, 3193.31 322, 3199.5 322, 3204.9 322, 3210.3 322, 3216 322, 3216 311, 3216 305.5, 3216 300, 3210.5 300, 3205 300, 3202.25 300, 3199.5 300, 3196.75 300, 3194 300, 3191.08 300, 3188.16 300, 3185.58 300, 3183 300, 3183 302.75, 3183 305.5, 3183 308.25, 3183 311))",11.315444000000001,Highland,114002,Greater Lancer and Westbury Wharf,"(3199.5, 311.0)"
Lancer Gate,LA27,Lancer Gate,"POLYGON ((3169.25 300, 3166.5 300, 3160.83 300, 3155.16 300, 3150 300, 3150 305.5, 3150 311, 3150 316.5, 3150 322, 3155.16 322, 3166.5 322, 3171.91 322, 3177.33 322, 3183 322, 3183 319.25, 3183 316.5, 3183 313.75, 3183 311, 3183 308.25, 3183 305.5, 3183 302.75, 3183 300, 3180.25 300, 3177.5 300, 3172 300, 3169.25 300))",11.315439999999999,Highland,119568,Greater Lancer and Westbury Wharf,"(3166.5, 311.0)"
Lancer Gate,LA28,Lancer Gate,"POLYGON ((3128 313.75, 3128 316.5, 3128 322, 3139 322, 3144.5 322, 3150 322, 3150 316.5, 3150 311, 3150 305.5, 3150 300, 3139 300, 3128 300, 3128 311, 3128 313.75))",7.543627999999999,Highland,57240,Greater Lancer and Westbury Wharf,"(3139.0, 311.0)"
Lancer Gate,LA29,Lancer Gate,"POLYGON ((3139 322, 3128 322, 3128 331, 3128 335.5, 3128 340, 3133.5 340, 3139 340, 3144.5 340, 3150 340, 3150 335.5, 3150 331, 3150 322, 3144.5 322, 3139 322))",6.1720630000000005,Highland,41196,Greater Lancer and Westbury Wharf,"(3139.0, 331.0)"
Lancer Gate,LA30,Lancer Gate,"POLYGON ((3150 322, 3150 331, 3150 335.5, 3150 340, 3160.31 340, 3163.41 340, 3166.5 340, 3169.08 340, 3171.66 340, 3177.33 340, 3183 340, 3183 337.75, 3183 335.5, 3183 331, 3183 322, 3177.33 322, 3171.91 322, 3166.5 322, 3155.16 322, 3150 322))",9.258092,Highland,88721,Greater Lancer and Westbury Wharf,"(3166.5, 331.0)"
Lancer Gate,LA31,Lancer Gate,"POLYGON ((3188.16 322, 3183 322, 3183 331, 3183 335.5, 3183 337.75, 3183 340, 3188.16 340, 3193.31 340, 3199.5 340, 3204.9 340, 3210.3 340, 3216 340, 3221.5 340, 3227 340, 3238 340, 3238 335.5, 3238 331, 3238 322, 3227 322, 3221.5 322, 3216 322, 3210.3 322, 3204.9 322, 3199.5 322, 3193.31 322, 3190.73 322, 3188.16 322))",15.430150000000001,Highland,124909,Greater Lancer and Westbury Wharf,"(3210.4999999999995, 331.00000000000006)"
Lancer Gate,LA32,Lancer Gate,"POLYGON ((3216 305.5, 3216 311, 3216 322, 3221.5 322, 3227 322, 3238 322, 3238 316.5, 3238 311, 3238 305.5, 3238 300, 3232.5 300, 3227 300, 3216 300, 3216 305.5))",7.543626999999999,Highland,64994,Greater Lancer and Westbury Wharf,"(3227.0, 311.0)"
Lancer Gate,LA33,Lancer Gate,"POLYGON ((3238 316.5, 3238 322, 3243.38 322, 3248.75 322, 3254.12 322, 3259.5 322, 3264.88 322, 3281 322, 3281 300, 3264.88 300, 3248.5 300, 3238 300, 3238 305.5, 3238 311, 3238 316.5))",14.744367,Highland,39558,Greater Lancer and Westbury Wharf,"(3259.5, 311.0)"
Lancer Gate,LA34,Lancer Gate,"POLYGON ((3238 335.5, 3238 340, 3248.75 340, 3259.5 340, 3264.88 340, 3270.25 340, 3281 340, 3281 331, 3281 322, 3264.88 322, 3259.5 322, 3254.12 322, 3248.75 322, 3243.38 322, 3238 322, 3238 331, 3238 335.5))",12.063572,Highland,45629,Greater Lancer and Westbury Wharf,"(3259.5, 331.0)"
Meadow Hill,M01,Westbury Wharf,"POLYGON ((3370 382.5, 3370 388, 3364.5 388, 3359 388, 3353.5 388, 3348 388, 3348 399, 3359 399, 3370 399, 3381 399, 3392 399, 3392 388, 3392 366, 3381 366, 3370 366, 3370 371.5, 3370 377, 3370 382.5))",15.08726,Highland,31294,Greater Lancer and Westbury Wharf,"(3375.5, 385.25)"
Meadow Hill,M02,Westbury Wharf,"POLYGON ((3337 388, 3326 388, 3326 410, 3348 410, 3359 410, 3370 410, 3370 399, 3359 399, 3348 399, 3348 388, 3337 388))",11.315442999999998,Highland,17753,Greater Lancer and Westbury Wharf,"(3344.3333333333335, 400.8333333333333)"
Meadow Hill,M03,Westbury Wharf,"POLYGON ((3414 366, 3392 366, 3392 388, 3392 399, 3381 399, 3370 399, 3370 410, 3392 410, 3414 410, 3414 388, 3414 366))",18.859073000000002,Highland,15648,Greater Lancer and Westbury Wharf,"(3398.6, 391.3)"
Meadow Hill,M04,Westbury Wharf,"POLYGON ((3326 364, 3326 376, 3326 388, 3337 388, 3348 388, 3353.5 388, 3359 388, 3364.5 388, 3370 388, 3370 382.5, 3370 377, 3370 371.5, 3370 366, 3381 366, 3392 366, 3414 366, 3414 340, 3392 340, 3370 340, 3348 340, 3337 340, 3326 340, 3326 352, 3326 364))",50.74805,Highland,64317,Greater Lancer and Westbury Wharf,"(3363.4594594594596, 360.13513513513516)"
Meadow Hill,M05,Westbury Wharf,"POLYGON ((3317 340, 3308 340, 3290 340, 3290 388, 3290 410, 3326 410, 3326 388, 3326 376, 3326 364, 3326 352, 3326 340, 3317 340))",39.276745000000005,Highland,21033,Greater Lancer and Westbury Wharf,"(3308.0, 375.0)"
Meadow Hill,M06,Westbury Wharf,"POLYGON ((3370 410, 3359 410, 3348 410, 3326 410, 3290 410, 3290 498, 3348 498, 3359 498, 3370 498, 3370 476, 3370 443, 3370 410))",109.725514,Highland,7403,Greater Lancer and Westbury Wharf,"(3330.0, 454.0)"
Meadow Hill,M07,Westbury Wharf,"POLYGON ((3348 498, 3348 520, 3326 520, 3326 542, 3348 542, 3370 542, 3392 542, 3414 542, 3414 520, 3392 520, 3392 509, 3392 498, 3370 498, 3359 498, 3348 498))",45.261774,Highland,50395,Greater Lancer and Westbury Wharf,"(3370.0, 523.6666666666666)"
Meadow Hill,M08,Westbury Wharf,"POLYGON ((3326 520, 3348 520, 3348 498, 3290 498, 3290 555, 3326 555, 3370 555, 3414 555, 3414 542, 3392 542, 3370 542, 3348 542, 3326 542, 3326 520))",57.356519000000006,Highland,9022,Greater Lancer and Westbury Wharf,"(3331.0880434782607, 531.0375)"
Meadow Hill,M09,Westbury Wharf,"POLYGON ((3414 555, 3559 555, 3559 520, 3524 520, 3524 531, 3524 542, 3513 542, 3502 542, 3491 542, 3480 542, 3414 542, 3414 555))",41.380858,Highland,1630,Greater Lancer and Westbury Wharf,"(3502.4510357815443, 543.424670433145)"
Meadow Hill,M10,Westbury Wharf,"POLYGON ((3480 531, 3480 542, 3491 542, 3502 542, 3513 542, 3524 542, 3524 531, 3524 520, 3502 520, 3480 520, 3480 531))",15.087257999999999,Highland,15514,Greater Lancer and Westbury Wharf,"(3502.0, 531.0)"
Meadow Hill,M11,Westbury Wharf,"POLYGON ((3370 410, 3370 443, 3370 476, 3370 498, 3392 498, 3392 509, 3392 520, 3414 520, 3414 542, 3480 542, 3480 531, 3480 520, 3480 476, 3480 410, 3414 410, 3392 410, 3370 410))",203.677986,Highland,14921,Greater Lancer and Westbury Wharf,"(3429.074074074074, 470.7037037037037)"
Meadow Hill,M12,Westbury Wharf,"POLYGON ((3559 451, 3559 410, 3480 410, 3480 476, 3480 520, 3502 520, 3524 520, 3559 520, 3559 476, 3559 451))",135.442432,Highland,11606,Greater Lancer and Westbury Wharf,"(3519.5, 465.0)"
Meadow Hill,M13,Westbury Wharf,"POLYGON ((3414 366, 3414 388, 3414 410, 3480 410, 3559 410, 3559 340, 3549 340, 3480 340, 3447 340, 3414 340, 3414 366))",158.19800800000002,Highland,10772,Greater Lancer and Westbury Wharf,"(3486.5, 375.0)"
Northfields Market,N01,Northfields Market,"POLYGON ((3161 377, 3161 388, 3166.5 388, 3169.25 388, 3172 388, 3174.75 388, 3177.5 388, 3183 388, 3183 377, 3177.5 377, 3174.75 377, 3172 377, 3169.25 377, 3166.5 377, 3161 377))",3.7718160000000003,Lowland,45121,Northfields Market,"(3172.0, 382.5)"
Northfields Market,N02,Northfields Market,"POLYGON ((3172 366, 3169.25 366, 3166.5 366, 3161 366, 3155.5 366, 3150 366, 3150 371.5, 3150 377, 3150 388, 3161 388, 3161 377, 3166.5 377, 3169.25 377, 3172 377, 3172 371.5, 3172 366))",5.6577210000000004,Lowland,44100,Northfields Market,"(3159.1666666666665, 375.1666666666667)"
Northfields Market,N03,Northfields Market,"POLYGON ((3194 366, 3183 366, 3177.5 366, 3174.75 366, 3172 366, 3172 371.5, 3172 377, 3174.75 377, 3177.5 377, 3183 377, 3183 388, 3185.75 388, 3188.5 388, 3194 388, 3194 377, 3194 371.5, 3194 366))",5.6577210000000004,Lowland,49169,Northfields Market,"(3184.8333333333335, 375.1666666666667)"
Northfields Market,N04,Northfields Market,"POLYGON ((3183 393, 3183 398, 3183 403, 3183 408, 3188.5 408, 3194 408, 3194 388, 3188.5 388, 3185.75 388, 3183 388, 3183 393))",3.428923,Lowland,25013,Northfields Market,"(3188.5, 398.0)"
Northfields Market,N05,Northfields Market,"POLYGON ((3161 388, 3150 388, 3150 399, 3155.5 399, 3161 399, 3161 403.5, 3161 408, 3166.5 408, 3172 408, 3183 408, 3183 403, 3183 398, 3183 393, 3183 388, 3177.5 388, 3174.75 388, 3172 388, 3169.25 388, 3166.5 388, 3161 388))",8.743751000000001,Lowland,37343,Northfields Market,"(3168.4411764705883, 397.02941176470586)"
Northfields Market,N06,Northfields Market,"POLYGON ((3172 408, 3166.5 408, 3161 408, 3161 414, 3161 420, 3161 426, 3161 432, 3194 432, 3194 408, 3188.5 408, 3183 408, 3172 408))",12.34412,Lowland,31480,Northfields Market,"(3177.5, 420.0)"
Northfields Market,N07,Northfields Market,"POLYGON ((3139 388, 3128 388, 3128 399, 3128 410, 3128 432, 3128.45 432, 3161 432, 3161 426, 3161 420, 3161 414, 3161 408, 3161 403.5, 3161 399, 3155.5 399, 3150 399, 3150 388, 3139 388))",20.744982,Lowland,30962,Northfields Market,"(3143.5, 411.5)"
Northfields Market,N08,Northfields Market,"POLYGON ((3128 371.5, 3128 377, 3128 388, 3139 388, 3150 388, 3150 377, 3150 371.5, 3150 366, 3144.5 366, 3139 366, 3128 366, 3128 371.5))",7.54363,Lowland,36415,Northfields Market,"(3139.0, 377.0)"
Northfields Market,N09,Northfields Market,"POLYGON ((3128 366, 3117 366, 3106 366, 3095 366, 3084 366, 3084 388, 3106 388, 3128 388, 3128 377, 3128 371.5, 3128 366))",15.087259,Lowland,14519,Northfields Market,"(3106.0, 377.0)"
Northfields Market,N10,Northfields Market,"POLYGON ((3018 366, 3018 349, 2996 349, 2996 388, 3051 388, 3084 388, 3084 366, 3067.5 366, 3051 366, 3018 366))",36.003685000000004,Lowland,7228,Northfields Market,"(3034.657142857143, 373.84285714285716)"
Northfields Market,N11,Northfields Market,"POLYGON ((3018 349, 3018 366, 3051 366, 3067.5 366, 3084 366, 3084 357.5, 3084 349, 3067.5 349, 3051 349, 3018 349))",17.487504,Lowland,16264,Northfields Market,"(3051.0, 357.5)"
Northfields Market,N12,Northfields Market,"POLYGON ((3100.5 349, 3095 349, 3084 349, 3084 357.5, 3084 366, 3095 366, 3106 366, 3117 366, 3128 366, 3128 357.5, 3128 353.25, 3128 349, 3122.5 349, 3117 349, 3106 349, 3100.5 349))",11.658336,Lowland,38833,Northfields Market,"(3106.0, 357.5)"
Northfields Market,N13,Northfields Market,"POLYGON ((3128 357.5, 3128 366, 3139 366, 3144.5 366, 3150 366, 3150 361.75, 3150 357.5, 3150 353.25, 3150 349, 3144.5 349, 3139 349, 3128 349, 3128 353.25, 3128 357.5))",5.829167999999999,Lowland,33199,Northfields Market,"(3139.0, 357.5)"
Northfields Market,N14,Northfields Market,"POLYGON ((3150 349, 3150 353.25, 3150 357.5, 3150 361.75, 3150 366, 3155.5 366, 3161 366, 3166.5 366, 3169.25 366, 3172 366, 3172 361.75, 3172 359.62, 3172 357.5, 3172 355.38, 3172 353.25, 3172 351.12, 3172 349, 3166.5 349, 3161 349, 3150 349))",5.829166000000001,Lowland,55050,Northfields Market,"(3161.0, 357.49999999999994)"
Northfields Market,N15,Northfields Market,"POLYGON ((3172 353.25, 3172 355.38, 3172 357.5, 3172 359.62, 3172 361.75, 3172 366, 3174.75 366, 3177.5 366, 3183 366, 3194 366, 3194 361.75, 3194 357.5, 3194 353.25, 3194 349, 3188.5 349, 3183 349, 3177.5 349, 3172 349, 3172 351.12, 3172 353.25))",5.829168,Lowland,54489,Northfields Market,"(3183.0, 357.5)"
Northfields Market,N16,Northfields Market,"POLYGON ((3199.5 349, 3194 349, 3194 353.25, 3194 357.5, 3194 361.75, 3194 366, 3199.5 366, 3205 366, 3210.5 366, 3216 366, 3216 361.75, 3216 357.5, 3216 353.25, 3216 349, 3210.5 349, 3199.5 349))",5.829166999999999,Lowland,42888,Northfields Market,"(3205.0, 357.5)"
Northfields Market,N17,Northfields Market,"POLYGON ((3216 357.5, 3216 361.75, 3216 366, 3221.5 366, 3227 366, 3238 366, 3238 357.5, 3238 353.25, 3238 349, 3227 349, 3221.5 349, 3216 349, 3216 353.25, 3216 357.5))",5.829168,Lowland,41188,Northfields Market,"(3227.0, 357.5)"
Northfields Market,N18,Northfields Market,"POLYGON ((3194 377, 3194 388, 3205 388, 3216 388, 3238 388, 3238 377, 3238 366, 3227 366, 3221.5 366, 3216 366, 3210.5 366, 3205 366, 3199.5 366, 3194 366, 3194 371.5, 3194 377))",15.08726,Lowland,48731,Northfields Market,"(3216.0, 377.0)"
Northfields Market,N19,Northfields Market,"POLYGON ((3238 353.25, 3238 357.5, 3238 366, 3238 377, 3238 388, 3281 388, 3281 349, 3259.5 349, 3248.75 349, 3238 349, 3238 353.25))",26.137739999999997,Lowland,30058,Northfields Market,"(3259.5, 368.5)"
Northfields Market,N20,Northfields Market,"POLYGON ((3216 388, 3205 388, 3194 388, 3194 408, 3194 432, 3222.52 432, 3281 432, 3281 388, 3238 388, 3216 388))",59.66324899999999,Lowland,10383,Northfields Market,"(3237.5, 410.0)"
Northfields Market,N21,Northfields Market,"POLYGON ((3161 472.65, 3161 485.53, 3161 493.2, 3161 494.27, 3161 498, 3163.24 498, 3165.91 498, 3168.43 498, 3171.95 498, 3172 498, 3175.82 498, 3179.89 498, 3194 498, 3194 506.78, 3194 513.07, 3194 518.46, 3194 520, 3198.18 520, 3217.79 520, 3252.04 520, 3281 520, 3281 432, 3222.52 432, 3194 432, 3161 432, 3161 435.43, 3161 459.18, 3161 472.65))",153.272829,Lowland,19179,Northfields Market,"(3224.211409395972, 473.56375838926164)"
Northfields Market,N22,Northfields Market,"POLYGON ((3194 533.03, 3194 541.68, 3194 542, 3184.47 542, 3173.92 542, 3172.49 542, 3168.68 542, 3161 542, 3161 545.94, 3161 547.71, 3161 556.8, 3161 563, 3163.07 563, 3168.95 563, 3181.34 563, 3201.44 563, 3227 563, 3252.42 563, 3281 563, 3281 520, 3252.04 520, 3217.79 520, 3198.18 520, 3194 520, 3194 522.84, 3194 528.32, 3194 533.03))",69.108371,Lowland,7164,Northfields Market,"(3228.122462787551, 543.2192151556156)"
Northfields Market,N23,Northfields Market,"POLYGON ((3108.93 498, 3102.02 498, 3092.09 498, 3084 498, 3084 510.97, 3084 537.78, 3084 563, 3107.02 563, 3133.9 563, 3136.27 563, 3155.42 563, 3161 563, 3161 556.8, 3161 547.71, 3161 545.94, 3161 542, 3159.82 542, 3155.41 542, 3150.76 542, 3137.83 542, 3128.07 542, 3128 542, 3128 541.84, 3128 536.21, 3128 529.33, 3128 519.18, 3128 513.58, 3128 507.27, 3128 502.25, 3128 498, 3122.34 498, 3108.93 498))",55.377097,Lowland,6989,Northfields Market,"(3113.509287925696, 534.7910216718265)"
Northfields Market,N24,Northfields Market,"POLYGON ((3128 519.18, 3128 529.33, 3128 536.21, 3128 541.84, 3128 542, 3128.07 542, 3137.83 542, 3150.76 542, 3155.41 542, 3159.82 542, 3161 542, 3161 535.49, 3161 528.88, 3161 524.92, 3161 520, 3158 520, 3155.86 520, 3154.09 520, 3150.56 520, 3150 520, 3150 515.08, 3150 512.35, 3150 509.94, 3150 508.57, 3150 507.36, 3150 505.61, 3150 500.75, 3150 498, 3144.53 498, 3136.49 498, 3131.3 498, 3128 498, 3128 502.25, 3128 507.27, 3128 513.58, 3128 519.18))",18.859073000000002,Lowland,61649,Northfields Market,"(3142.299999999999, 522.1999999999998)"
Northfields Market,N25,Northfields Market,"POLYGON ((3172 500.21, 3172 501.79, 3172 503.81, 3172 508.36, 3172 511.11, 3172 514.8, 3172 520, 3171.2 520, 3164.95 520, 3162.9 520, 3161 520, 3161 524.92, 3161 528.88, 3161 535.49, 3161 542, 3168.68 542, 3172.49 542, 3173.92 542, 3184.47 542, 3194 542, 3194 541.68, 3194 533.03, 3194 528.32, 3194 522.84, 3194 520, 3194 518.46, 3194 513.07, 3194 506.78, 3194 498, 3179.89 498, 3175.82 498, 3172 498, 3172 500.21))",18.859074,Lowland,52352,Northfields Market,"(3179.6999999999994, 522.2)"
Northfields Market,N26,Northfields Market,"POLYGON ((3150 498, 3150 500.75, 3150 505.61, 3150 507.36, 3150 508.57, 3150 509.94, 3150 512.35, 3150 515.08, 3150 520, 3150.56 520, 3154.09 520, 3155.86 520, 3158 520, 3161 520, 3162.9 520, 3164.95 520, 3171.2 520, 3172 520, 3172 514.8, 3172 511.11, 3172 508.36, 3172 503.81, 3172 501.79, 3172 500.21, 3172 498, 3171.95 498, 3168.43 498, 3165.91 498, 3163.24 498, 3161 498, 3159.43 498, 3156.31 498, 3152.35 498, 3150 498))",7.543626000000001,Lowland,69529,Northfields Market,"(3161.0, 509.00000000000006)"
Northfields Market,N27,Northfields Market,"POLYGON ((3128 432, 3084 432, 3084 498, 3092.09 498, 3102.02 498, 3108.93 498, 3122.34 498, 3128 498, 3131.3 498, 3136.49 498, 3144.53 498, 3150 498, 3152.35 498, 3156.31 498, 3159.43 498, 3161 498, 3161 494.27, 3161 493.2, 3161 485.53, 3161 472.65, 3161 459.18, 3161 435.43, 3161 432, 3128.45 432, 3128 432))",79.208121,Lowland,11297,Northfields Market,"(3122.5, 465.00000000000017)"
Northfields Market,N28,Northfields Market,"POLYGON ((2996 388, 2996 432, 3012.99 432, 3084 432, 3128 432, 3128 410, 3128 399, 3128 388, 3106 388, 3084 388, 3051 388, 2996 388))",90.52355,Lowland,11673,Northfields Market,"(3062.0, 410.0)"
Northfields Market,N29,Northfields Market,"POLYGON ((2996 432, 2934.82 432, 2908 432, 2908 486.61, 2908 563, 2939.87 563, 2994.53 563, 3084 563, 3084 537.78, 3084 510.97, 3084 498, 3084 432, 3012.99 432, 2996 432))",359.35106099999996,Lowland,15857,Northfields Market,"(2996.0, 497.5)"
Northfields Market,N30,Northfields Market,"POLYGON ((2908 432, 2908 349, 2996 349, 2996 388, 2996 432, 2934.82 432, 2908 432))",113.840222,Lowland,9765,Northfields Market,"(2952.0, 390.5)"
Pebble Palace,P01,Pebble Palace,"POLYGON ((3370 -118, 3370 -101.5, 3370 -52, 3370 -30, 3370 -19, 3370 -2.5, 3370 8.5, 3370 14, 3370 19.5, 3370 30.5, 3370 47, 3370 58, 3370 80, 3370 102, 3370 146, 3392 146, 3414 146, 3414 80, 3414 36, 3414 14, 3414 -8, 3414 -52, 3414 -118, 3392 -118, 3381 -118, 3370 -118))",181.04710200000002,Highland,148851,The Palace,"(3392.0, 14.0)"
Pebble Palace,P02,Pebble Palace,"POLYGON ((3348 19.5, 3348 22.25, 3348 25, 3348 27.75, 3348 30.5, 3348 36, 3348 41.5, 3348 47, 3348 58, 3348 74.5, 3348 80, 3370 80, 3370 58, 3370 47, 3370 30.5, 3370 19.5, 3370 14, 3367.25 14, 3364.5 14, 3361.75 14, 3359 14, 3348 14, 3348 16.75, 3348 19.5))",22.630886999999998,Highland,137938,The Palace,"(3359.0, 47.0)"
Pebble Palace,P03,Pebble Palace,"POLYGON ((3348 -2.5, 3348 0.25, 3348 3, 3348 5.75, 3348 8.5, 3348 11.25, 3348 14, 3359 14, 3361.75 14, 3364.5 14, 3367.25 14, 3370 14, 3370 8.5, 3370 -2.5, 3370 -19, 3370 -30, 3370 -52, 3348 -52, 3348 -46.5, 3348 -30, 3348 -19, 3348 -13.5, 3348 -8, 3348 -2.5))",22.630887,Highland,127116,The Palace,"(3359.0, -19.0)"
Pebble Palace,P04,Pebble Palace,"POLYGON ((3326 -43.75, 3326 -30, 3331.5 -30, 3337 -30, 3348 -30, 3348 -46.5, 3348 -52, 3326 -52, 3326 -46.5, 3326 -43.75))",7.543626999999999,Highland,27817,The Palace,"(3337.0, -41.0)"
Pebble Palace,P05,Pebble Palace,"POLYGON ((3326 -30, 3326 -19, 3326 -13.5, 3326 -8, 3331.5 -8, 3342.5 -8, 3348 -8, 3348 -13.5, 3348 -19, 3348 -30, 3337 -30, 3331.5 -30, 3326 -30))",7.543628,Highland,29754,The Palace,"(3337.0, -19.0)"
Pebble Palace,P06,Pebble Palace,"POLYGON ((3331.5 -8, 3326 -8, 3326 -2.5, 3326 5.75, 3326 8.5, 3326 11.25, 3326 14, 3337 14, 3348 14, 3348 11.25, 3348 8.5, 3348 5.75, 3348 3, 3348 0.25, 3348 -2.5, 3348 -8, 3342.5 -8, 3331.5 -8))",7.543629999999999,Highland,52921,The Palace,"(3337.0, 3.0)"
Pebble Palace,P07,Pebble Palace,"POLYGON ((3326 30.5, 3326 36, 3331.5 36, 3342.5 36, 3348 36, 3348 30.5, 3348 27.75, 3348 25, 3348 22.25, 3348 19.5, 3348 16.75, 3348 14, 3337 14, 3326 14, 3326 16.75, 3326 19.5, 3326 25, 3326 30.5))",7.543626999999999,Highland,56665,The Palace,"(3337.0, 25.0)"
Pebble Palace,P08,Pebble Palace,"POLYGON ((3326 36, 3326 47, 3326 58, 3331.5 58, 3334.25 58, 3337 58, 3348 58, 3348 47, 3348 41.5, 3348 36, 3342.5 36, 3331.5 36, 3326 36))",7.543624999999999,Highland,91164,The Palace,"(3337.0, 47.0)"
Pebble Palace,P09,Pebble Palace,"POLYGON ((3326 63.5, 3326 66.25, 3326 69, 3326 71.75, 3326 74.5, 3326 80, 3348 80, 3348 74.5, 3348 58, 3337 58, 3334.25 58, 3331.5 58, 3326 58, 3326 63.5))",7.543628999999999,Highland,57027,The Palace,"(3337.0, 69.0)"
Pebble Palace,P10,Pebble Palace,"POLYGON ((3312.25 58, 3304 58, 3304 63.5, 3304 66.25, 3304 74.5, 3304 80, 3306.75 80, 3312.25 80, 3320.5 80, 3326 80, 3326 74.5, 3326 71.75, 3326 69, 3326 66.25, 3326 63.5, 3326 58, 3323.25 58, 3320.5 58, 3315 58, 3312.25 58))",7.543625,Highland,62815,The Palace,"(3315.0, 69.0)"
Pebble Palace,P11,Pebble Palace,"POLYGON ((3304 91, 3304 93.75, 3304 102, 3315 102, 3317.75 102, 3320.5 102, 3326 102, 3326 91, 3326 80, 3320.5 80, 3312.25 80, 3306.75 80, 3304 80, 3304 85.5, 3304 91))",7.543628999999999,Highland,49485,The Palace,"(3315.0, 91.0)"
Pebble Palace,P12,Pebble Palace,"POLYGON ((3304 124, 3304 126.75, 3304 132.25, 3304 135, 3304 140.5, 3304 146, 3315 146, 3326 146, 3337 146, 3348 146, 3359 146, 3370 146, 3370 102, 3370 80, 3348 80, 3326 80, 3326 91, 3326 102, 3320.5 102, 3317.75 102, 3315 102, 3304 102, 3304 107.5, 3304 124))",60.349031,Highland,57621,The Palace,"(3339.75, 115.75)"
Pebble Palace,P13,Pebble Palace,"POLYGON ((3281 124, 3281 126.75, 3281 129.5, 3281 135, 3281 146, 3304 146, 3304 140.5, 3304 135, 3304 132.25, 3304 126.75, 3304 124, 3304 107.5, 3304 102, 3292.5 102, 3286.75 102, 3281 102, 3281 107.5, 3281 114.38, 3281 118.5, 3281 124))",15.773041,Highland,60912,Pebble Town,"(3292.5, 124.0)"
Pebble Palace,P14,Pebble Palace,"POLYGON ((3289.62 80, 3281 80, 3281 88.25, 3281 93.75, 3281 102, 3286.75 102, 3292.5 102, 3304 102, 3304 93.75, 3304 91, 3304 85.5, 3304 80, 3298.25 80, 3289.62 80))",7.886523000000001,Highland,55823,Pebble Town,"(3292.5, 91.0)"
Pebble Palace,P15,Pebble Palace,"POLYGON ((3289.62 58, 3281 58, 3281 69, 3281 74.5, 3281 80, 3289.62 80, 3298.25 80, 3304 80, 3304 74.5, 3304 66.25, 3304 63.5, 3304 58, 3295.38 58, 3289.62 58))",7.886522000000001,Highland,55350,Pebble Town,"(3292.5, 69.0)"
Pebble Palace,P16,Pebble Palace,"POLYGON ((3289.62 36, 3286.75 36, 3283.88 36, 3281 36, 3281 42.88, 3281 47, 3281 52.5, 3281 58, 3289.62 58, 3295.38 58, 3304 58, 3304 52.5, 3304 47, 3304 41.5, 3304 37.38, 3304 36, 3301.12 36, 3298.25 36, 3293.94 36, 3289.62 36))",7.886522,Highland,80849,Pebble Town,"(3292.5000000000005, 47.0)"
Pebble Palace,P17,Pebble Palace,"POLYGON ((3309.5 36, 3304 36, 3304 37.38, 3304 41.5, 3304 47, 3304 52.5, 3304 58, 3312.25 58, 3315 58, 3320.5 58, 3323.25 58, 3326 58, 3326 47, 3326 36, 3320.5 36, 3315 36, 3312.25 36, 3309.5 36))",7.543625999999998,Highland,94046,Pebble Town,"(3315.0, 47.0)"
Pebble Palace,P18,Pebble Palace,"POLYGON ((3304 25, 3304 27.75, 3304 30.5, 3304 33.25, 3304 36, 3309.5 36, 3312.25 36, 3315 36, 3320.5 36, 3326 36, 3326 30.5, 3326 25, 3326 19.5, 3326 16.75, 3326 14, 3320.5 14, 3315 14, 3309.5 14, 3304 14, 3304 16.75, 3304 18.12, 3304 25))",7.543623999999999,Highland,102733,Pebble Town,"(3315.0, 25.0)"
Pebble Palace,P19,Pebble Palace,"POLYGON ((3289.62 14, 3281 14, 3281 16.75, 3281 25, 3281 30.5, 3281 36, 3283.88 36, 3286.75 36, 3289.62 36, 3293.94 36, 3298.25 36, 3301.12 36, 3304 36, 3304 33.25, 3304 30.5, 3304 27.75, 3304 25, 3304 18.12, 3304 16.75, 3304 14, 3298.25 14, 3293.94 14, 3289.62 14))",7.886519000000001,Highland,79300,Pebble Town,"(3292.5, 24.999999999999996)"
Pebble Palace,P20,Pebble Palace,"POLYGON ((3289.62 -8, 3281 -8, 3281 -5.25, 3281 3, 3281 11.25, 3281 14, 3289.62 14, 3293.94 14, 3298.25 14, 3304 14, 3304 8.5, 3304 -2.5, 3304 -8, 3295.38 -8, 3289.62 -8))",7.886525,Highland,71287,Pebble Town,"(3292.5, 3.0)"
Pebble Palace,P21,Pebble Palace,"POLYGON ((3309.5 -8, 3304 -8, 3304 -2.5, 3304 8.5, 3304 14, 3309.5 14, 3315 14, 3320.5 14, 3326 14, 3326 11.25, 3326 8.5, 3326 5.75, 3326 -2.5, 3326 -8, 3320.5 -8, 3309.5 -8))",7.543628,Highland,70192,Pebble Town,"(3315.0, 3.0)"
Pebble Palace,P22,Pebble Palace,"POLYGON ((3304 -30, 3304 -24.5, 3304 -19, 3304 -8, 3309.5 -8, 3320.5 -8, 3326 -8, 3326 -13.5, 3326 -19, 3326 -30, 3320.5 -30, 3315 -30, 3309.5 -30, 3304 -30))",7.543628999999999,Highland,45641,Pebble Town,"(3315.0, -19.0)"
Pebble Palace,P23,Pebble Palace,"POLYGON ((3289.62 -30, 3281 -30, 3281 -27.25, 3281 -19, 3281 -8, 3289.62 -8, 3295.38 -8, 3304 -8, 3304 -19, 3304 -24.5, 3304 -30, 3301.12 -30, 3295.38 -30, 3289.62 -30))",7.886519000000001,Highland,54020,Pebble Town,"(3292.5000000000005, -19.0)"
Pebble Palace,P24,Pebble Palace,"POLYGON ((3281 -52, 3281 -45.12, 3281 -30, 3289.62 -30, 3295.38 -30, 3301.12 -30, 3304 -30, 3304 -32.75, 3304 -35.5, 3304 -43.75, 3304 -46.5, 3304 -52, 3298.25 -52, 3292.5 -52, 3286.75 -52, 3281 -52))",7.886522999999999,Highland,53739,Pebble Town,"(3292.5, -41.0)"
Pebble Palace,P25,Pebble Palace,"POLYGON ((3309.5 -52, 3304 -52, 3304 -46.5, 3304 -43.75, 3304 -35.5, 3304 -32.75, 3304 -30, 3309.5 -30, 3315 -30, 3320.5 -30, 3326 -30, 3326 -43.75, 3326 -46.5, 3326 -52, 3320.5 -52, 3317.75 -52, 3316.38 -52, 3313.62 -52, 3309.5 -52))",7.543627000000001,Highland,45237,Pebble Town,"(3315.0, -41.0)"
Pebble Palace,P26,Pebble Palace,"POLYGON ((3304 -52, 3309.5 -52, 3313.62 -52, 3316.38 -52, 3317.75 -52, 3320.5 -52, 3326 -52, 3326 -74, 3304 -74, 3304 -63, 3304 -60.25, 3304 -54.75, 3304 -52))",7.543628,Highland,52315,Pebble Town,"(3315.0, -63.0)"
Pebble Palace,P27,Foxton Heath,"POLYGON ((3281 -77.44, 3281 -75.38, 3281 -71.25, 3281 -63, 3281 -57.5, 3281 -54.75, 3281 -52, 3286.75 -52, 3292.5 -52, 3298.25 -52, 3304 -52, 3304 -54.75, 3304 -60.25, 3304 -63, 3304 -74, 3326 -74, 3326 -101.5, 3326 -118, 3309.5 -118, 3304 -118, 3304 -107, 3304 -96, 3292.5 -96, 3286.75 -96, 3281 -96, 3281 -87.75, 3281 -83.62, 3281 -79.5, 3281 -77.44))",30.860305000000004,Highland,61276,Foxton Heath,"(3303.500000000001, -84.75555555555555)"
Pebble Palace,P28,Foxton Heath,"POLYGON ((3281 -115.25, 3281 -112.5, 3281 -109.75, 3281 -107, 3281 -101.5, 3281 -96, 3286.75 -96, 3292.5 -96, 3304 -96, 3304 -107, 3304 -118, 3298.25 -118, 3292.5 -118, 3286.75 -118, 3281 -118, 3281 -115.25))",7.886524,Highland,74056,Foxton Heath,"(3292.5, -107.0)"
Pebble Palace,P29,Foxton Heath,"POLYGON ((3286.75 -135, 3283.88 -135, 3281 -135, 3281 -130.75, 3281 -128.62, 3281 -122.25, 3281 -118, 3286.75 -118, 3292.5 -118, 3298.25 -118, 3304 -118, 3304 -122.25, 3304 -124.38, 3304 -128.62, 3304 -130.75, 3304 -135, 3292.5 -135, 3286.75 -135))",6.09413,Highland,63439,Foxton Heath,"(3292.4999999999995, -126.49999999999999)"
Pebble Palace,P30,Foxton Heath,"POLYGON ((3304 -135, 3304 -130.75, 3304 -128.62, 3304 -124.38, 3304 -122.25, 3304 -118, 3309.5 -118, 3326 -118, 3326 -122.25, 3326 -124.38, 3326 -126.5, 3326 -130.75, 3326 -132.88, 3326 -135, 3323.25 -135, 3320.5 -135, 3317.75 -135, 3315 -135, 3304 -135))",5.829165,Highland,60749,Foxton Heath,"(3315.0, -126.5)"
Pebble Palace,P31,Foxton Heath,"POLYGON ((3326 -126.5, 3326 -124.38, 3326 -122.25, 3326 -118, 3331.5 -118, 3334.25 -118, 3342.5 -118, 3348 -118, 3348 -122.25, 3348 -126.5, 3348 -128.62, 3348 -130.75, 3348 -135, 3337 -135, 3328.75 -135, 3326 -135, 3326 -132.88, 3326 -130.75, 3326 -126.5))",5.829164,Highland,52803,Foxton Heath,"(3337.0, -126.5)"
Pebble Palace,P32,Foxton Heath,"POLYGON ((3304 -151, 3304 -147, 3304 -139, 3304 -135, 3315 -135, 3317.75 -135, 3320.5 -135, 3323.25 -135, 3326 -135, 3328.75 -135, 3337 -135, 3348 -135, 3348 -154.5, 3348 -162, 3326 -162, 3315 -162, 3304 -162, 3304 -156.5, 3304 -151))",18.516178999999994,Highland,69423,Foxton Heath,"(3326.0, -148.5)"
Pebble Palace,P33,Foxton Heath,"POLYGON ((3281 -149, 3281 -145, 3281 -143, 3281 -141, 3281 -139, 3281 -135, 3283.88 -135, 3286.75 -135, 3292.5 -135, 3304 -135, 3304 -139, 3304 -147, 3304 -151, 3304 -156.5, 3304 -162, 3292.5 -162, 3286.75 -162, 3281 -162, 3281 -156.5, 3281 -153.75, 3281 -149))",9.67891,Highland,82534,Foxton Heath,"(3292.5, -148.5)"
Pebble Palace,P34,Foxton Heath,"POLYGON ((3281 -178.5, 3281 -175.75, 3281 -173, 3281 -170.25, 3281 -164.75, 3281 -162, 3286.75 -162, 3292.5 -162, 3304 -162, 3304 -167.5, 3304 -173, 3304 -178.5, 3304 -181.25, 3304 -184, 3298.25 -184, 3295.38 -184, 3289.62 -184, 3283.88 -184, 3281 -184, 3281 -178.5))",7.886522999999999,Highland,48344,Foxton Heath,"(3292.5, -173.0)"
Pebble Palace,P35,Foxton Heath,"POLYGON ((3304 -173, 3304 -167.5, 3304 -162, 3315 -162, 3326 -162, 3348 -162, 3348 -173, 3348 -184, 3337 -184, 3315 -184, 3309.5 -184, 3304 -184, 3304 -181.25, 3304 -178.5, 3304 -173))",15.087259,Highland,43981,Foxton Heath,"(3326.0, -173.0)"
Pebble Palace,P36,Foxton Heath,"POLYGON ((3348 -154.5, 3348 -135, 3359 -135, 3370 -135, 3370 -130.75, 3370 -128.62, 3370 -124.38, 3370 -122.25, 3370 -118, 3381 -118, 3392 -118, 3392 -135, 3392 -162, 3392 -184, 3370 -184, 3348 -184, 3348 -173, 3348 -162, 3348 -154.5))",39.43260799999999,Highland,49700,Foxton Heath,"(3371.6260869565217, -154.62173913043478)"
Pebble Palace,P37,Foxton Heath,"POLYGON ((3348 -122.25, 3348 -118, 3342.5 -118, 3334.25 -118, 3331.5 -118, 3326 -118, 3326 -101.5, 3326 -74, 3326 -52, 3348 -52, 3370 -52, 3370 -101.5, 3370 -118, 3370 -122.25, 3370 -124.38, 3370 -128.62, 3370 -130.75, 3370 -135, 3359 -135, 3348 -135, 3348 -130.75, 3348 -128.62, 3348 -126.5, 3348 -122.25))",51.090944,Highland,50906,Foxton Heath,"(3349.255033557047, -89.73489932885907)"
Pebble Palace,P38,Pebble Palace,"POLYGON ((3392 -184, 3392 -162, 3392 -135, 3392 -118, 3414 -118, 3414 -52, 3414 -8, 3414 14, 3447.75 14, 3481.5 14, 3549 14, 3549 -184, 3431.25 -184, 3392 -184))",439.244951,Highland,21268,The Palace,"(3477.4555035128806, -88.40046838407494)"
Pebble Palace,P39,Pebble Palace,"POLYGON ((3414 36, 3414 80, 3414 146, 3392 146, 3392 193, 3392 218, 3549 218, 3549 14, 3481.5 14, 3447.75 14, 3414 14, 3414 36))",453.926973,Highland,43876,The Palace,"(3477.2305315203957, 119.58961681087763)"
Pebble Palace,P40,Pebble Palace,"POLYGON ((3348 168, 3348 174.25, 3348 180.5, 3348 193, 3348 218, 3370 218, 3392 218, 3392 193, 3392 146, 3370 146, 3370 154.25, 3370 162.5, 3370 168, 3361.75 168, 3353.5 168, 3348 168))",41.83285300000001,Highland,31342,The Palace,"(3371.9836065573772, 186.50819672131146)"
Pebble Palace,P41,Pebble Palace,"POLYGON ((3304 146, 3281 146, 3281 168, 3281 193, 3281 218, 3348 218, 3348 193, 3348 180.5, 3348 174.25, 3348 168, 3337 168, 3326 168, 3326 162.5, 3326 157, 3326 154.25, 3326 151.5, 3326 146, 3315 146, 3304 146))",67.643286,Highland,26472,The Palace,"(3311.990783410138, 184.78801843317973)"
Pebble Palace,P42,Pebble Palace,"POLYGON ((3326 162.5, 3326 168, 3337 168, 3348 168, 3353.5 168, 3361.75 168, 3370 168, 3370 162.5, 3370 154.25, 3370 146, 3359 146, 3348 146, 3337 146, 3326 146, 3326 151.5, 3326 154.25, 3326 157, 3326 162.5))",15.087259000000001,Highland,107798,The Palace,"(3348.0, 157.0)"
Permbroke Corner,PC01,West Valley,"POLYGON ((3322.0443 1444, 3283.7878 1444, 3235 1444, 3235 1445.8297, 3235 1491.3153, 3235 1491.32, 3235 1537, 3292.07 1537, 3292.0744 1537, 3322.2567 1537, 3322.26 1537, 3383.9098 1537, 3414 1537, 3414 1492.698, 3414 1479.2191, 3414 1471.1847, 3414 1444, 3356.3841 1444, 3326 1444, 3322.0443 1444))",259.46031800000003,Capital,60177,West Valley,"(3324.5, 1490.5000000000002)"
Permbroke Corner,PC02,West Valley,"POLYGON ((3429.1651 1312, 3422.0464 1312, 3414 1312, 3414 1394.4862, 3414 1444, 3414 1471.1847, 3414 1479.2191, 3414 1492.698, 3414 1537, 3468.5109 1537, 3482 1537, 3549 1537, 3549 1509.7551, 3549 1468.3166, 3549 1464.4823, 3549 1427.8558, 3549 1387.2867, 3549 1377.7458, 3549 1312, 3544.8472 1312, 3517.4871 1312, 3483.0168 1312, 3429.1651 1312))",473.42507100000006,Capital,248150,West Valley,"(3481.5000000000005, 1424.5000000000002)"
Permbroke Corner,PC03,West Valley,"POLYGON ((3426.3076 1092, 3414 1092, 3414 1132.5017, 3414 1185.28, 3414 1223, 3414 1242.7026, 3414 1267.225, 3414 1300.8063, 3414 1312, 3422.0464 1312, 3429.1651 1312, 3483.0168 1312, 3517.4871 1312, 3544.8472 1312, 3549 1312, 3549 1232.3737, 3549 1197.049, 3549 1174.6945, 3549 1092, 3455.7513 1092, 3426.3076 1092))",462.904516,Capital,107678,West Valley,"(3481.5, 1202.0000000000002)"
Queens Mansion,Q01,Cyber City,"POLYGON ((3244.88 36, 3240.75 36, 3238 36, 3238 40.12, 3238 44.25, 3238 47, 3238 52.5, 3238 58, 3243.5 58, 3249 58, 3254.5 58, 3257.25 58, 3260 58, 3260 55.25, 3260 49.75, 3260 47, 3260 41.5, 3260 40.12, 3260 37.38, 3260 36, 3254.5 36, 3249 36, 3247.62 36, 3244.88 36))",7.543628,Highland,123852,Cyber City,"(3249.0000000000014, 47.0)"
Queens Mansion,Q02,Cyber City,"POLYGON ((3246.25 14, 3238 14, 3238 19.5, 3238 25, 3238 30.5, 3238 36, 3240.75 36, 3244.88 36, 3247.62 36, 3249 36, 3254.5 36, 3260 36, 3260 34.62, 3260 31.88, 3260 27.75, 3260 25, 3260 22.25, 3260 19.5, 3260 16.75, 3260 14, 3254.5 14, 3246.25 14))",7.543623,Highland,106792,Cyber City,"(3249.0, 25.0)"
Queens Mansion,Q03,Cyber City,"POLYGON ((3260 19.5, 3260 22.25, 3260 25, 3260 27.75, 3260 31.88, 3260 34.62, 3260 36, 3265.25 36, 3270.5 36, 3281 36, 3281 30.5, 3281 25, 3281 16.75, 3281 14, 3270.5 14, 3260 14, 3260 16.75, 3260 19.5))",7.200737999999999,Highland,71476,Cyber City,"(3270.5, 25.0)"
Queens Mansion,Q04,Cyber City,"POLYGON ((3260 40.12, 3260 41.5, 3260 47, 3260 49.75, 3260 55.25, 3260 58, 3265.25 58, 3270.5 58, 3275.75 58, 3281 58, 3281 52.5, 3281 47, 3281 42.88, 3281 36, 3270.5 36, 3265.25 36, 3260 36, 3260 37.38, 3260 40.12))",7.200737,Highland,78364,Cyber City,"(3270.499999999999, 46.99999999999999)"
Queens Mansion,Q05,Cyber City,"POLYGON ((3265.25 58, 3260 58, 3260 60.75, 3260 64.88, 3260 69, 3260 71.75, 3260 74.5, 3260 80, 3262.62 80, 3267.88 80, 3270.5 80, 3281 80, 3281 74.5, 3281 69, 3281 58, 3275.75 58, 3270.5 58, 3265.25 58))",7.200736,Highland,67157,Cyber City,"(3270.5, 69.0)"
Queens Mansion,Q06,Cyber City,"POLYGON ((3243.5 58, 3238 58, 3238 63.5, 3238 66.25, 3238 69, 3238 71.75, 3238 74.5, 3238 80, 3246.25 80, 3254.5 80, 3260 80, 3260 74.5, 3260 71.75, 3260 69, 3260 64.88, 3260 60.75, 3260 58, 3257.25 58, 3254.5 58, 3249 58, 3243.5 58))",7.543629,Highland,68331,Cyber City,"(3249.0, 69.0)"
Queens Mansion,Q07,Cyber City,"POLYGON ((3221.5 58, 3216 58, 3216 63.5, 3216 69, 3216 80, 3221.5 80, 3227 80, 3232.5 80, 3238 80, 3238 74.5, 3238 71.75, 3238 69, 3238 66.25, 3238 63.5, 3238 58, 3232.5 58, 3227 58, 3221.5 58))",7.543626,Highland,53207,Cyber City,"(3227.0, 69.0)"
Queens Mansion,Q08,Cyber City,"POLYGON ((3224.25 36, 3216 36, 3216 44.25, 3216 49.75, 3216 52.5, 3216 58, 3221.5 58, 3227 58, 3232.5 58, 3238 58, 3238 52.5, 3238 47, 3238 44.25, 3238 40.12, 3238 36, 3235.25 36, 3232.5 36, 3227 36, 3224.25 36))",7.543628,Highland,60089,Cyber City,"(3227.0, 47.0)"
Queens Mansion,Q09,Cyber City,"POLYGON ((3224.25 14, 3216 14, 3216 27.75, 3216 36, 3224.25 36, 3227 36, 3232.5 36, 3235.25 36, 3238 36, 3238 30.5, 3238 25, 3238 19.5, 3238 14, 3229.75 14, 3224.25 14))",7.543627,Highland,62523,Cyber City,"(3227.0, 25.0)"
Queens Mansion,Q10,Cyber City,"POLYGON ((3224.25 -8, 3216 -8, 3216 14, 3224.25 14, 3229.75 14, 3238 14, 3238 8.5, 3238 5.75, 3238 3, 3238 0.25, 3238 -2.5, 3238 -8, 3229.75 -8, 3224.25 -8))",7.543626999999999,Highland,36051,Cyber City,"(3227.0, 3.0)"
Queens Mansion,Q11,Cyber City,"POLYGON ((3238 -8, 3238 -2.5, 3238 0.25, 3238 3, 3238 5.75, 3238 8.5, 3238 14, 3246.25 14, 3254.5 14, 3260 14, 3260 11.25, 3260 8.5, 3260 3, 3260 0.25, 3260 -5.25, 3260 -8, 3251.75 -8, 3246.25 -8, 3238 -8))",7.543627000000001,Highland,54220,Cyber City,"(3249.0, 3.0)"
Queens Mansion,Q12,Cyber City,"POLYGON ((3260 8.5, 3260 11.25, 3260 14, 3270.5 14, 3281 14, 3281 11.25, 3281 3, 3281 -5.25, 3281 -8, 3275.75 -8, 3270.5 -8, 3265.25 -8, 3260 -8, 3260 -5.25, 3260 0.25, 3260 3, 3260 8.5))",7.200736000000001,Highland,44533,Cyber City,"(3270.5, 3.0)"
Queens Mansion,Q13,Cyber City,"POLYGON ((3260 -16.25, 3260 -10.75, 3260 -8, 3265.25 -8, 3270.5 -8, 3275.75 -8, 3281 -8, 3281 -19, 3281 -27.25, 3281 -30, 3271 -30, 3260 -30, 3260 -24.5, 3260 -19, 3260 -16.25))",7.200735999999999,Highland,48497,Cyber City,"(3270.5, -19.0)"
Queens Mansion,Q14,Cyber City,"POLYGON ((3260 -30, 3238 -30, 3238 -21.75, 3238 -19, 3238 -12.12, 3238 -8, 3246.25 -8, 3251.75 -8, 3260 -8, 3260 -10.75, 3260 -16.25, 3260 -19, 3260 -24.5, 3260 -30))",7.54363,Highland,50139,Cyber City,"(3249.0, -19.0)"
Queens Mansion,Q15,The Lake,"POLYGON ((3271 -63, 3260 -63, 3238 -63, 3238 -45.12, 3238 -30, 3260 -30, 3271 -30, 3281 -30, 3281 -45.12, 3281 -52, 3276 -52, 3273.5 -52, 3271 -52, 3271 -54.75, 3271 -57.5, 3271 -63))",20.402088999999997,Highland,32820,The Lake,"(3258.1134453781515, -45.575630252100844)"
Queens Mansion,Q16,The Lake,"POLYGON ((3194 -52, 3194 -30, 3216 -30, 3238 -30, 3238 -45.12, 3238 -63, 3216 -63, 3194 -63, 3194 -52))",22.630888,Highland,19162,The Lake,"(3216.0, -46.5)"
Queens Mansion,Q17,Cyber City,"POLYGON ((3216 -14.88, 3216 -12.12, 3216 -10.75, 3216 -8, 3224.25 -8, 3229.75 -8, 3238 -8, 3238 -12.12, 3238 -19, 3238 -21.75, 3238 -30, 3216 -30, 3216 -19, 3216 -14.88))",7.543631000000001,Highland,35432,Cyber City,"(3227.0, -19.0)"
Queens Mansion,Q18,The Lake,"POLYGON ((3194 -10.75, 3194 -8, 3216 -8, 3216 -10.75, 3216 -12.12, 3216 -14.88, 3216 -19, 3216 -30, 3194 -30, 3194 -19, 3194 -13.5, 3194 -10.75))",7.54363,Highland,32991,The Lake,"(3205.0, -19.0)"
Queens Mansion,Q19,The Lake,"POLYGON ((3150 -13.5, 3150 -8, 3172 -8, 3194 -8, 3194 -10.75, 3194 -13.5, 3194 -19, 3194 -30, 3172 -30, 3150 -30, 3150 -19, 3150 -13.5))",15.087257999999999,Highland,19483,The Lake,"(3172.0, -19.0)"
Queens Mansion,Q20,The Lake,"POLYGON ((3194 -63, 3172 -63, 3150 -63, 3150 -52, 3150 -30, 3172 -30, 3194 -30, 3194 -52, 3194 -63))",22.630888,Highland,21149,The Lake,"(3172.0, -46.5)"
Queens Mansion,Q21,The Lake,"POLYGON ((3084 -30, 3084 14, 3095 14, 3106 14, 3106 -8, 3117 -8, 3128 -8, 3141.75 -8, 3150 -8, 3150 -13.5, 3150 -19, 3150 -30, 3150 -52, 3150 -63, 3117 -63, 3106 -63, 3084 -63, 3084 -52, 3084 -30))",64.12084800000001,Highland,42814,The Lake,"(3114.4117647058824, -30.970588235294116)"
Queens Mansion,Q22,The Lake,"POLYGON ((3106 -8, 3106 14, 3117 14, 3122.5 14, 3128 14, 3130.75 14, 3137.62 14, 3141.75 14, 3150 14, 3150 -8, 3141.75 -8, 3128 -8, 3117 -8, 3106 -8))",15.087256,Highland,57345,The Lake,"(3128.0, 3.0)"
Queens Mansion,Q23,The Lake,"POLYGON ((3106 19.5, 3106 14, 3095 14, 3084 14, 3084 25, 3084 36, 3095 36, 3106 36, 3106 30.5, 3106 27.75, 3106 25, 3106 19.5))",7.543628,Highland,26983,The Lake,"(3095.0, 25.0)"
Queens Mansion,Q24,The Lake,"POLYGON ((3106 14, 3106 19.5, 3106 25, 3106 27.75, 3106 30.5, 3106 36, 3117 36, 3128 36, 3128 25, 3128 22.25, 3128 20.88, 3128 19.5, 3128 16.75, 3128 14, 3122.5 14, 3117 14, 3106 14))",7.543627,Highland,44843,The Lake,"(3117.0, 25.0)"
Queens Mansion,Q25,The Lake,"POLYGON ((3130.75 14, 3128 14, 3128 16.75, 3128 19.5, 3128 20.88, 3128 22.25, 3128 25, 3128 36, 3139 36, 3144.5 36, 3150 36, 3150 25, 3150 19.5, 3150 14, 3141.75 14, 3137.62 14, 3130.75 14))",7.543627000000001,Highland,59482,The Lake,"(3139.0, 25.0)"
Queens Mansion,Q26,The Lake,"POLYGON ((3139 36, 3128 36, 3128 47, 3128 58, 3150 58, 3150 49.75, 3150 44.25, 3150 36, 3144.5 36, 3139 36))",7.543627,Highland,34580,The Lake,"(3139.0, 47.0)"
Queens Mansion,Q27,The Lake,"POLYGON ((3194 36, 3150 36, 3150 44.25, 3150 49.75, 3150 58, 3169.25 58, 3194 58, 3194 49.75, 3194 44.25, 3194 36))",15.087257999999999,Highland,28875,The Lake,"(3172.0, 47.0)"
Queens Mansion,Q28,The Lake,"POLYGON ((3194 44.25, 3194 49.75, 3194 58, 3202.25 58, 3216 58, 3216 52.5, 3216 49.75, 3216 44.25, 3216 36, 3207.75 36, 3194 36, 3194 44.25))",7.543628,Highland,62474,The Lake,"(3205.0, 47.0)"
Queens Mansion,Q29,The Lake,"POLYGON ((3216 58, 3202.25 58, 3194 58, 3194 69, 3194 80, 3150 80, 3150 112.5, 3150 124, 3183 124, 3216 124, 3216 112.5, 3216 96.5, 3216 80, 3216 69, 3216 63.5, 3216 58))",52.805403,Highland,18852,The Lake,"(3186.1428571428573, 97.28571428571429)"
Queens Mansion,Q30,The Lake,"POLYGON ((3194 58, 3169.25 58, 3150 58, 3150 80, 3194 80, 3194 69, 3194 58))",15.087257999999999,Highland,23302,The Lake,"(3172.0, 69.0)"
Queens Mansion,Q31,The Lake,"POLYGON ((3216 -8, 3194 -8, 3172 -8, 3150 -8, 3150 14, 3150 19.5, 3150 25, 3150 36, 3194 36, 3207.75 36, 3216 36, 3216 27.75, 3216 14, 3216 -8))",45.26177499999999,Highland,11751,The Lake,"(3183.0, 14.0)"
Queens Mansion,Q32,The Lake,"POLYGON ((3128 36, 3117 36, 3106 36, 3095 36, 3084 36, 3084 80, 3117 80, 3150 80, 3150 58, 3128 58, 3128 47, 3128 36))",37.718145000000014,Highland,32618,The Lake,"(3112.6, 60.2)"
Queens Mansion,Q33,The Lake,"POLYGON ((3150 112.5, 3150 80, 3117 80, 3084 80, 3084 112.5, 3084 168, 3117 168, 3141.75 168, 3143.81 168, 3150 168, 3150 162.5, 3150 146, 3150 124, 3150 112.5))",90.523548,Highland,31393,The Lake,"(3117.0, 124.0)"
Queens Mansion,Q34,The Lake,"POLYGON ((3150 162.5, 3150 168, 3172 168, 3178.88 168, 3183 168, 3187.12 168, 3194 168, 3210.5 168, 3216 168, 3216 162.5, 3216 151.5, 3216 146, 3216 140.5, 3216 124, 3183 124, 3150 124, 3150 146, 3150 162.5))",45.261776,Highland,18455,The Lake,"(3183.0, 146.0)"
Queens Mansion,Q35,The Lake,"POLYGON ((3150 168, 3143.81 168, 3141.75 168, 3117 168, 3084 168, 3084 198, 3084 218, 3117 218, 3150 218, 3150 198, 3150 179, 3150 176.25, 3150 173.5, 3150 170.75, 3150 168))",51.433836,Highland,31174,The Lake,"(3117.0, 193.0)"
Queens Mansion,Q36,The Lake,"POLYGON ((3150 168, 3150 170.75, 3150 173.5, 3150 176.25, 3150 179, 3150 198, 3150 218, 3183 218, 3183 208, 3183 198, 3183 195.33, 3183 190, 3172 190, 3172 184.5, 3172 181.75, 3172 179, 3172 173.5, 3172 168, 3150 168))",21.945099,Highland,53973,The Lake,"(3164.609375, 195.40625)"
Queens Mansion,Q37,The Lake,"POLYGON ((3172 179, 3172 181.75, 3172 184.5, 3172 190, 3183 190, 3194 190, 3194 187.25, 3194 184.5, 3194 181.75, 3194 173.5, 3194 168, 3187.12 168, 3183 168, 3178.88 168, 3172 168, 3172 173.5, 3172 179))",7.543629,Highland,63549,The Lake,"(3183.0, 179.0)"
Queens Mansion,Q38,The Lake,"POLYGON ((3194 181.75, 3194 184.5, 3194 187.25, 3194 190, 3183 190, 3183 195.33, 3183 198, 3183 208, 3183 218, 3216 218, 3216 198, 3216 184.5, 3216 181.75, 3216 179, 3216 168, 3210.5 168, 3194 168, 3194 173.5, 3194 181.75))",21.945101,Highland,78632,The Lake,"(3201.390625, 195.40625)"
Queens Mansion,Q39,The Lake,"POLYGON ((3260 168, 3248.5 168, 3238 168, 3216 168, 3216 179, 3216 181.75, 3216 184.5, 3216 198, 3216 218, 3248.5 218, 3281 218, 3281 193, 3281 168, 3281 146, 3270.5 146, 3260 146, 3260 148.75, 3260 168))",57.855273,Highland,22701,The Lake,"(3251.238146551724, 188.51939655172413)"
Queens Mansion,Q40,Cyber City,"POLYGON ((3216 162.5, 3216 168, 3238 168, 3248.5 168, 3260 168, 3260 148.75, 3260 146, 3251.75 146, 3240.75 146, 3238 146, 3235.25 146, 3227 146, 3216 146, 3216 151.5, 3216 162.5))",15.087257999999999,Highland,36409,Cyber City,"(3238.0, 157.0)"
Queens Mansion,Q41,Cyber City,"POLYGON ((3216 124, 3216 140.5, 3216 146, 3227 146, 3235.25 146, 3238 146, 3238 129.5, 3238 124, 3235.25 124, 3227 124, 3216 124))",7.543626999999999,Highland,41778,Cyber City,"(3227.0, 135.0)"
Queens Mansion,Q42,Cyber City,"POLYGON ((3227 80, 3221.5 80, 3216 80, 3216 96.5, 3216 112.5, 3216 124, 3227 124, 3235.25 124, 3238 124, 3238 111.62, 3238 107.5, 3238 102, 3238 96.5, 3238 85.5, 3238 80, 3232.5 80, 3227 80))",15.087259,Highland,47079,Cyber City,"(3227.0, 102.0)"
Queens Mansion,Q43,Cyber City,"POLYGON ((3238 96.5, 3238 102, 3246.25 102, 3249 102, 3251.75 102, 3254.5 102, 3260 102, 3260 96.5, 3260 91, 3260 85.5, 3260 82.75, 3260 80, 3254.5 80, 3246.25 80, 3238 80, 3238 85.5, 3238 96.5))",7.543627,Highland,45839,Cyber City,"(3249.0, 91.0)"
Queens Mansion,Q44,Cyber City,"POLYGON ((3260 85.5, 3260 91, 3260 96.5, 3260 102, 3265.25 102, 3270.5 102, 3281 102, 3281 93.75, 3281 88.25, 3281 80, 3270.5 80, 3267.88 80, 3262.62 80, 3260 80, 3260 82.75, 3260 85.5))",7.200736000000001,Highland,59636,Cyber City,"(3270.5, 91.0)"
Queens Mansion,Q45,Cyber City,"POLYGON ((3260 102, 3260 114.38, 3260 124, 3265.25 124, 3267.88 124, 3270.5 124, 3281 124, 3281 118.5, 3281 114.38, 3281 107.5, 3281 102, 3270.5 102, 3265.25 102, 3260 102))",7.200736,Highland,42050,Cyber City,"(3270.5, 113.0)"
Queens Mansion,Q46,Cyber City,"POLYGON ((3238 102, 3238 107.5, 3238 111.62, 3238 124, 3246.25 124, 3251.75 124, 3254.5 124, 3260 124, 3260 114.38, 3260 102, 3254.5 102, 3251.75 102, 3249 102, 3246.25 102, 3238 102))",7.543628,Highland,54554,Cyber City,"(3249.0, 113.0)"
Queens Mansion,Q47,Cyber City,"POLYGON ((3246.25 124, 3238 124, 3238 129.5, 3238 146, 3240.75 146, 3251.75 146, 3260 146, 3260 140.5, 3260 135, 3260 129.5, 3260 124, 3254.5 124, 3251.75 124, 3246.25 124))",7.543629,Highland,42554,Cyber City,"(3249.0, 135.0)"
Queens Mansion,Q48,Cyber City,"POLYGON ((3260 135, 3260 140.5, 3260 146, 3270.5 146, 3281 146, 3281 135, 3281 129.5, 3281 126.75, 3281 124, 3270.5 124, 3267.88 124, 3265.25 124, 3260 124, 3260 129.5, 3260 135))",7.200734999999999,Highland,36858,Cyber City,"(3270.5, 135.0)"
Queens Mansion,Q49,Foxton Heath,"POLYGON ((3281 -184, 3260 -184, 3260 -178.5, 3260 -162, 3270.5 -162, 3275.75 -162, 3281 -162, 3281 -164.75, 3281 -170.25, 3281 -173, 3281 -175.75, 3281 -178.5, 3281 -184))",7.200735000000001,Highland,49062,Foxton Heath,"(3270.5, -173.0)"
Queens Mansion,Q50,Foxton Heath,"POLYGON ((3238 -184, 3232.5 -184, 3227 -184, 3221.5 -184, 3216 -184, 3216 -170.25, 3216 -162, 3227 -162, 3238 -162, 3249 -162, 3260 -162, 3260 -178.5, 3260 -184, 3254.5 -184, 3249 -184, 3243.5 -184, 3238 -184))",15.087258,Highland,29458,Foxton Heath,"(3238.0, -173.0)"
Queens Mansion,Q51,Foxton Heath,"POLYGON ((3194 -184, 3194 -170.25, 3194 -151, 3216 -151, 3221.5 -151, 3227 -151, 3238 -151, 3238 -162, 3227 -162, 3216 -162, 3216 -170.25, 3216 -184, 3194 -184))",15.087257000000001,Highland,22958,Foxton Heath,"(3210.5, -164.75)"
Queens Mansion,Q52,Foxton Heath,"POLYGON ((3216 -151, 3194 -151, 3194 -135, 3194 -118, 3216 -118, 3216 -135, 3221.5 -135, 3224.25 -135, 3227 -135, 3238 -135, 3238 -151, 3227 -151, 3221.5 -151, 3216 -151))",16.801717999999997,Highland,22272,Foxton Heath,"(3212.183673469388, -137.27551020408163)"
Queens Mansion,Q53,Foxton Heath,"POLYGON ((3238 -130.75, 3238 -132.88, 3238 -135, 3227 -135, 3224.25 -135, 3221.5 -135, 3216 -135, 3216 -118, 3227 -118, 3238 -118, 3238 -122.25, 3238 -124.38, 3238 -128.62, 3238 -130.75))",5.829167,Highland,22559,Foxton Heath,"(3227.0, -126.5)"
Queens Mansion,Q54,Foxton Heath,"POLYGON ((3246.25 -135, 3238 -135, 3238 -132.88, 3238 -130.75, 3238 -128.62, 3238 -124.38, 3238 -122.25, 3238 -118, 3249 -118, 3257.25 -118, 3260 -118, 3260 -122.25, 3260 -126.5, 3260 -130.75, 3260 -135, 3254.5 -135, 3249 -135, 3246.25 -135))",5.829166,Highland,43336,Foxton Heath,"(3249.0, -126.5)"
Queens Mansion,Q55,Foxton Heath,"POLYGON ((3260 -147, 3260 -151, 3260 -153.75, 3260 -162, 3249 -162, 3238 -162, 3238 -151, 3238 -135, 3246.25 -135, 3249 -135, 3254.5 -135, 3260 -135, 3260 -143, 3260 -147))",9.25809,Highland,13682,Foxton Heath,"(3249.0, -148.5)"
Queens Mansion,Q56,Foxton Heath,"POLYGON ((3260 -143, 3260 -135, 3265.25 -135, 3270.5 -135, 3275.75 -135, 3278.38 -135, 3281 -135, 3281 -139, 3281 -141, 3281 -143, 3281 -145, 3281 -149, 3281 -153.75, 3281 -156.5, 3281 -162, 3275.75 -162, 3270.5 -162, 3260 -162, 3260 -153.75, 3260 -151, 3260 -147, 3260 -143))",8.837265,Highland,81451,Foxton Heath,"(3270.5, -148.5)"
Queens Mansion,Q57,Foxton Heath,"POLYGON ((3265.25 -135, 3260 -135, 3260 -130.75, 3260 -126.5, 3260 -122.25, 3260 -118, 3270.5 -118, 3273.12 -118, 3275.75 -118, 3281 -118, 3281 -122.25, 3281 -128.62, 3281 -130.75, 3281 -135, 3278.38 -135, 3275.75 -135, 3270.5 -135, 3265.25 -135))",5.564207000000001,Highland,61848,Foxton Heath,"(3270.5, -126.5)"
Queens Mansion,Q58,Foxton Heath,"POLYGON ((3260 -107, 3260 -96, 3270.5 -96, 3275.75 -96, 3281 -96, 3281 -101.5, 3281 -107, 3281 -109.75, 3281 -112.5, 3281 -115.25, 3281 -118, 3275.75 -118, 3273.12 -118, 3270.5 -118, 3260 -118, 3260 -107))",7.200736000000002,Highland,48630,Foxton Heath,"(3270.5, -107.0)"
Queens Mansion,Q59,Foxton Heath,"POLYGON ((3260 -96, 3260 -79.5, 3260 -63, 3271 -63, 3271 -57.5, 3271 -54.75, 3271 -52, 3273.5 -52, 3276 -52, 3281 -52, 3281 -54.75, 3281 -57.5, 3281 -63, 3281 -71.25, 3281 -75.38, 3281 -77.44, 3281 -79.5, 3281 -83.62, 3281 -87.75, 3281 -96, 3275.75 -96, 3270.5 -96, 3260 -96))",12.515566000000002,Highland,36691,Foxton Heath,"(3271.253424657534, -76.48630136986301)"
Queens Mansion,Q60,Foxton Heath,"POLYGON ((3216 -107, 3216 -96, 3194 -96, 3194 -79.5, 3194 -63, 3216 -63, 3238 -63, 3260 -63, 3260 -79.5, 3260 -96, 3260 -107, 3260 -118, 3257.25 -118, 3249 -118, 3238 -118, 3227 -118, 3216 -118, 3216 -107))",49.03359000000001,Highland,26186,Foxton Heath,"(3230.3846153846152, -87.96153846153847)"
Queens Mansion,Q61,Foxton Heath,"POLYGON ((3194 -96, 3172 -96, 3150 -96, 3150 -79.5, 3150 -63, 3172 -63, 3194 -63, 3194 -79.5, 3194 -96))",22.630888,Highland,14687,Foxton Heath,"(3172.0, -79.5)"
Queens Mansion,Q62,Foxton Heath,"POLYGON ((3172 -151, 3150 -151, 3150 -124, 3150 -96, 3172 -96, 3194 -96, 3216 -96, 3216 -107, 3216 -118, 3194 -118, 3194 -135, 3194 -151, 3172 -151))",45.261775,Highland,13323,Foxton Heath,"(3177.5, -120.75)"
Queens Mansion,Q63,Foxton Heath,"POLYGON ((3150 -160.62, 3150 -151, 3172 -151, 3194 -151, 3194 -170.25, 3194 -184, 3172 -184, 3150 -184, 3150 -170.25, 3150 -160.62))",22.630886,Highland,46322,Foxton Heath,"(3171.9999999999995, -167.5)"
Queens Mansion,Q64,Foxton Heath,"POLYGON ((3117 -184, 3106 -184, 3084 -184, 3084 -170.25, 3084 -151, 3106 -151, 3117 -151, 3150 -151, 3150 -160.62, 3150 -170.25, 3150 -184, 3133.5 -184, 3125.25 -184, 3117 -184))",33.946329999999996,Highland,30582,Foxton Heath,"(3117.0, -167.5)"
Queens Mansion,Q65,Foxton Heath,"POLYGON ((3084 -137.5, 3084 -130.75, 3084 -124, 3084 -117, 3084 -110, 3084 -106.5, 3084 -96, 3089.5 -96, 3095 -96, 3100.5 -96, 3106 -96, 3106 -110, 3106 -124, 3106 -130.75, 3106 -144.25, 3106 -151, 3084 -151, 3084 -140.88, 3084 -137.5))",18.859073000000002,Highland,96749,Foxton Heath,"(3095.0, -123.5)"
Queens Mansion,Q66,Foxton Heath,"POLYGON ((3106 -144.25, 3106 -130.75, 3106 -124, 3106 -110, 3106 -96, 3117 -96, 3150 -96, 3150 -124, 3150 -151, 3117 -151, 3106 -151, 3106 -144.25))",37.718146000000004,Highland,22886,Foxton Heath,"(3128.0, -123.5)"
Queens Mansion,Q67,Foxton Heath,"POLYGON ((3084 -79.5, 3084 -74, 3084 -63, 3106 -63, 3117 -63, 3150 -63, 3150 -79.5, 3150 -96, 3117 -96, 3106 -96, 3100.5 -96, 3095 -96, 3089.5 -96, 3084 -96, 3084 -90.5, 3084 -85, 3084 -79.5))",33.946329999999996,Highland,69631,Foxton Heath,"(3117.0, -79.5)"
Readington,R01,Readington,"POLYGON ((2446 1323, 2445.17 1323, 2441.39 1323, 2438.84 1323, 2435.8 1323, 2435 1323, 2435 1328.5, 2435 1329.98, 2435 1334, 2435 1335.79, 2435 1339.36, 2435 1345, 2437.99 1345, 2446 1345, 2447.38 1345, 2450.12 1345, 2452.29 1345, 2453.77 1345, 2457 1345, 2457 1344.46, 2457 1342.83, 2457 1339.5, 2457 1334, 2457 1331.39, 2457 1326.82, 2457 1323, 2456.38 1323, 2454.52 1323, 2450.96 1323, 2446 1323))",7.543628000000001,Lowland,62081,Upper Eastland and Readington,"(2445.9999999999995, 1334.0000000000002)"
Readington,R02,Readington,"POLYGON ((2417.48 1334, 2411.42 1334, 2405.53 1334, 2402 1334, 2402 1343.94, 2402 1350.7, 2402 1356, 2407.48 1356, 2413.64 1356, 2416.03 1356, 2417.62 1356, 2424 1356, 2425.47 1356, 2433.13 1356, 2438.33 1356, 2446 1356, 2446 1351.58, 2446 1345, 2437.99 1345, 2435 1345, 2435 1339.36, 2435 1335.79, 2435 1334, 2428.39 1334, 2425.1 1334, 2424 1334, 2417.48 1334))",13.201350999999999,Lowland,57590,Upper Eastland and Readington,"(2421.642857142857, 1345.7857142857142)"
Readington,R03,Readington,"POLYGON ((2457 1342.83, 2457 1344.46, 2457 1345, 2453.77 1345, 2452.29 1345, 2450.12 1345, 2447.38 1345, 2446 1345, 2446 1351.58, 2446 1356, 2450.57 1356, 2461.62 1356, 2468 1356, 2469.47 1356, 2478.52 1356, 2483.36 1356, 2487.13 1356, 2490 1356, 2490 1338.92, 2490 1334, 2472.41 1334, 2468 1334, 2467 1334, 2457 1334, 2457 1339.5, 2457 1342.83))",13.201350000000001,Lowland,64327,Upper Eastland and Readington,"(2470.3571428571427, 1345.7857142857142)"
Readington,R04,Readington,"POLYGON ((2446 1319.85, 2446 1323, 2450.96 1323, 2454.52 1323, 2456.38 1323, 2457 1323, 2457 1326.82, 2457 1331.39, 2457 1334, 2467 1334, 2468 1334, 2468 1328.28, 2468 1327.42, 2468 1319.08, 2468 1312, 2462.83 1312, 2458.7 1312, 2450.92 1312, 2446 1312, 2446 1315.69, 2446 1318.56, 2446 1319.85))",5.657723,Lowland,34385,Upper Eastland and Readington,"(2458.8333333333335, 1321.1666666666667)"
Readington,R05,Readington,"POLYGON ((2429.16 1312, 2424 1312, 2424 1319.23, 2424 1321.71, 2424 1331.88, 2424 1334, 2425.1 1334, 2428.39 1334, 2435 1334, 2435 1329.98, 2435 1328.5, 2435 1323, 2435.8 1323, 2438.84 1323, 2441.39 1323, 2445.17 1323, 2446 1323, 2446 1319.85, 2446 1318.56, 2446 1315.69, 2446 1312, 2441.93 1312, 2437.87 1312, 2431.68 1312, 2429.16 1312))",5.657722999999999,Lowland,26266,Upper Eastland and Readington,"(2433.166666666667, 1321.1666666666665)"
Readington,R06,Readington,"POLYGON ((2446 1290, 2380 1290, 2380 1356, 2388.25 1356, 2391 1356, 2395.12 1356, 2402 1356, 2402 1350.7, 2402 1343.94, 2402 1334, 2405.53 1334, 2411.42 1334, 2417.48 1334, 2424 1334, 2424 1331.88, 2424 1321.71, 2424 1319.23, 2424 1312, 2429.16 1312, 2431.68 1312, 2437.87 1312, 2441.93 1312, 2446 1312, 2446 1301, 2446 1290))",45.261775000000014,Lowland,26956,Upper Eastland and Readington,"(2405.6666666666665, 1315.6666666666667)"
Readington,R07,Readington,"POLYGON ((2446 1312, 2450.92 1312, 2458.7 1312, 2462.83 1312, 2468 1312, 2468 1319.08, 2468 1327.42, 2468 1328.28, 2468 1334, 2472.41 1334, 2490 1334, 2490 1338.92, 2490 1356, 2501 1356, 2506.5 1356, 2512 1356, 2512 1290, 2490 1290, 2458.7 1290, 2446 1290, 2446 1301, 2446 1312))",45.26177500000001,Lowland,18507,Upper Eastland and Readington,"(2486.3333333333335, 1315.6666666666667)"
Readington,R08,Readington,"POLYGON ((2468 1362.77, 2468 1365.37, 2468 1367.97, 2468 1378, 2468 1387, 2512 1387, 2512 1356, 2506.5 1356, 2501 1356, 2490 1356, 2487.13 1356, 2483.36 1356, 2478.52 1356, 2469.47 1356, 2468 1356, 2468 1360.72, 2468 1362.77))",21.259320000000002,Lowland,10635,Upper Eastland and Readington,"(2490.0000000000005, 1371.5000000000005)"
Readington,R09,Readington,"POLYGON ((2438.33 1356, 2433.13 1356, 2425.47 1356, 2424 1356, 2424 1365.94, 2424 1368.19, 2424 1374.95, 2424 1378, 2426.11 1378, 2430.74 1378, 2440.36 1378, 2445.7 1378, 2450.86 1378, 2454.26 1378, 2456.52 1378, 2459.39 1378, 2468 1378, 2468 1367.97, 2468 1365.37, 2468 1362.77, 2468 1360.72, 2468 1356, 2461.62 1356, 2450.57 1356, 2446 1356, 2438.33 1356))",15.087261,Lowland,53397,Upper Eastland and Readington,"(2445.9999999999995, 1366.9999999999995)"
Readington,R10,Readington,"POLYGON ((2402 1356, 2395.12 1356, 2391 1356, 2388.25 1356, 2380 1356, 2380 1360.72, 2380 1367.33, 2380 1387, 2389.62 1387, 2407.5 1387, 2414.38 1387, 2424 1387, 2424 1380.25, 2424 1378, 2424 1374.95, 2424 1368.19, 2424 1365.94, 2424 1356, 2417.62 1356, 2416.03 1356, 2413.64 1356, 2407.48 1356, 2402 1356))",21.259316999999996,Lowland,17181,Upper Eastland and Readington,"(2402.0, 1371.5)"
Readington,R11,Readington,"POLYGON ((2430.74 1378, 2426.11 1378, 2424 1378, 2424 1380.25, 2424 1387, 2414.38 1387, 2407.5 1387, 2389.62 1387, 2380 1387, 2312 1387, 2312 1537, 2576 1537, 2576 1387, 2512 1387, 2468 1387, 2468 1378, 2459.39 1378, 2456.52 1378, 2454.26 1378, 2450.86 1378, 2445.7 1378, 2440.36 1378, 2430.74 1378))",623.378081,Lowland,24598,Upper Eastland and Readington,"(2444.0198019801983, 1461.2128712871288)"
Readington,R12,Readington,"POLYGON ((2312 1387, 2312 1290, 2380 1290, 2380 1356, 2380 1360.72, 2380 1367.33, 2380 1387, 2312 1387))",102.805326,Lowland,4938,Upper Eastland and Readington,"(2346.0000000000005, 1338.5)"
Readington,R13,Readington,"POLYGON ((2312 1290, 2312 1214, 2404 1214, 2446 1214, 2446 1290, 2380 1290, 2312 1290))",158.727932,Lowland,4581,Upper Eastland and Readington,"(2379.0, 1252.0)"
Readington,R14,Readington,"POLYGON ((2446 1290, 2446 1214, 2494.4 1214, 2576 1214, 2576 1290, 2512 1290, 2490 1290, 2458.7 1290, 2446 1290))",153.989785,Lowland,8362,Upper Eastland and Readington,"(2511.0, 1252.0)"
Readington,R15,Readington,"POLYGON ((2512 1387, 2512 1356, 2512 1290, 2576 1290, 2576 1387, 2512 1387))",96.757954,Lowland,5423,Upper Eastland and Readington,"(2544.0, 1338.5)"
Slothwood,SL01,East Highland,"POLYGON ((2974 -295, 2974 -272, 2974 -250, 2974 -228, 2985 -228, 2996 -228, 2996 -239, 2996 -241.75, 2996 -244.5, 2996 -250, 3007 -250, 3012.5 -250, 3018 -250, 3018 -261, 3018 -272, 3023.5 -272, 3029 -272, 3040 -272, 3040 -283.5, 3040 -295, 3018 -295, 3007 -295, 2996 -295, 2985 -295, 2974 -295))",46.29045,Highland,184322,East Highland,"(2999.82962962963, -268.9148148148148)"
Slothwood,SL02,East Highland,"POLYGON ((3018 -272, 3018 -261, 3018 -250, 3012.5 -250, 3007 -250, 2996 -250, 2996 -244.5, 2996 -241.75, 2996 -239, 2996 -228, 2996 -217, 2996 -206, 2996 -184, 3040 -184, 3084 -184, 3084 -206, 3084 -228, 3084 -272, 3084 -295, 3040 -295, 3040 -283.5, 3040 -272, 3029 -272, 3023.5 -272, 3018 -272))",128.92748099999997,Highland,32881,East Highland,"(3044.622340425532, -232.8590425531915)"
Slothwood,SL03,East Highland,"POLYGON ((2974 -250, 2957.5 -250, 2919 -250, 2919 -228, 2919 -184, 2930 -184, 2952 -184, 2957.5 -184, 2996 -184, 2996 -206, 2996 -217, 2996 -228, 2985 -228, 2974 -228, 2974 -250))",71.66447600000001,Highland,21352,East Highland,"(2954.6052631578946, -214.68421052631578)"
Slothwood,SL04,East Highland,"POLYGON ((2754 -250, 2754 -184, 2836.5 -184, 2919 -184, 2919 -228, 2919 -250, 2919 -295, 2919 -357, 2836.5 -357, 2754 -357, 2754 -250))",444.90267399999993,Highland,16157,East Highland,"(2836.5, -270.5)"
Slothwood,SL05,East Highland,"POLYGON ((3084 -295, 3084 -326, 3084 -357, 3040 -357, 2974 -357, 2919 -357, 2919 -295, 2919 -250, 2957.5 -250, 2974 -250, 2974 -272, 2974 -295, 2985 -295, 2996 -295, 3007 -295, 3018 -295, 3040 -295, 3084 -295))",198.020264,Highland,20036,East Highland,"(2990.785714285714, -315.5779220779221)"
Slothwood,SL06,Slothwood,"POLYGON ((3084 -326, 3084 -295, 3150 -295, 3172 -295, 3194 -295, 3216 -295, 3216 -302.75, 3216 -326, 3216 -357, 3150 -357, 3084 -357, 3084 -326))",127.555912,Highland,19678,Slothwood Corner,"(3150.0, -326.0)"
Slothwood,SL07,Slothwood,"POLYGON ((3216 -326, 3216 -302.75, 3216 -295, 3238 -295, 3260 -295, 3304 -295, 3304 -326, 3304 -357, 3260 -357, 3216 -357, 3216 -326))",85.037273,Highland,11680,Slothwood Corner,"(3260.0, -326.0)"
Slothwood,SL08,Slothwood,"POLYGON ((3304 -295, 3315 -295, 3326 -295, 3331.5 -295, 3342.5 -295, 3348 -295, 3370 -295, 3392 -295, 3392 -326, 3392 -357, 3348 -357, 3304 -357, 3304 -326, 3304 -295))",85.037273,Highland,11626,Slothwood Corner,"(3348.0, -326.0)"
Slothwood,SL09,Slothwood,"POLYGON ((3392 -295, 3392 -272, 3392 -250, 3431.25 -250, 3549 -250, 3549 -295, 3549 -357, 3392 -357, 3392 -326, 3392 -295))",261.829392,Highland,9013,Slothwood Corner,"(3470.5, -303.5)"
Slothwood,SL10,Slothwood,"POLYGON ((3392 -250, 3392 -207, 3392 -195.5, 3392 -184, 3431.25 -184, 3549 -184, 3549 -250, 3431.25 -250, 3392 -250))",161.502242,Highland,11129,Slothwood Corner,"(3470.5, -217.0)"
Slothwood,SL11,Slothwood,"POLYGON ((3392 -207, 3370 -207, 3348 -207, 3348 -201.25, 3348 -189.75, 3348 -184, 3370 -184, 3392 -184, 3392 -195.5, 3392 -207))",15.773043,Highland,19420,Slothwood Corner,"(3370.0, -195.5)"
Slothwood,SL12,Slothwood,"POLYGON ((3348 -236.88, 3348 -229, 3348 -207, 3370 -207, 3392 -207, 3392 -250, 3381 -250, 3370 -250, 3359 -250, 3348 -250, 3348 -244.75, 3348 -236.88))",29.488731,Highland,29101,Slothwood Corner,"(3369.9999999999995, -228.49999999999997)"
Slothwood,SL13,Slothwood,"POLYGON ((3293 -229, 3304 -229, 3304 -218, 3304 -212.5, 3304 -207, 3309.5 -207, 3317.75 -207, 3326 -207, 3348 -207, 3348 -229, 3348 -236.88, 3348 -244.75, 3348 -250, 3337 -250, 3326 -250, 3315 -250, 3304 -250, 3293 -250, 3293 -247.38, 3293 -242.12, 3293 -239.5, 3293 -229))",33.0891,Highland,26608,Slothwood Corner,"(3323.0077720207255, -229.69689119170985)"
Slothwood,SL14,Slothwood,"POLYGON ((3304 -195.5, 3304 -189.75, 3304 -184, 3309.5 -184, 3315 -184, 3337 -184, 3348 -184, 3348 -189.75, 3348 -201.25, 3348 -207, 3326 -207, 3317.75 -207, 3309.5 -207, 3304 -207, 3304 -201.25, 3304 -195.5))",15.773045,Highland,33473,Slothwood Corner,"(3326.0, -195.5)"
Slothwood,SL15,Slothwood,"POLYGON ((3286.75 -207, 3281 -207, 3281 -195.5, 3281 -192.62, 3281 -189.75, 3281 -184, 3283.88 -184, 3289.62 -184, 3295.38 -184, 3298.25 -184, 3304 -184, 3304 -189.75, 3304 -195.5, 3304 -201.25, 3304 -207, 3298.25 -207, 3292.5 -207, 3286.75 -207))",8.244997,Highland,62003,Slothwood Corner,"(3292.5, -195.5)"
Slothwood,SL16,Slothwood,"POLYGON ((3281 -207, 3286.75 -207, 3292.5 -207, 3298.25 -207, 3304 -207, 3304 -212.5, 3304 -218, 3304 -229, 3293 -229, 3281 -229, 3281 -218, 3281 -207))",7.886521999999999,Highland,55130,Slothwood Corner,"(3292.5, -218.0)"
Slothwood,SL17,Slothwood,"POLYGON ((3293 -242.12, 3293 -247.38, 3293 -250, 3281 -250, 3260 -250, 3238 -250, 3238 -239, 3238 -228, 3238 -217.5, 3238 -207, 3249 -207, 3281 -207, 3281 -218, 3281 -229, 3293 -229, 3293 -239.5, 3293 -242.12))",32.746207,Highland,27043,Slothwood Corner,"(3262.7984293193717, -229.81937172774872)"
Slothwood,SL18,Slothwood,"POLYGON ((3238 -189.75, 3238 -186.88, 3238 -184, 3243.5 -184, 3249 -184, 3254.5 -184, 3260 -184, 3281 -184, 3281 -189.75, 3281 -192.62, 3281 -195.5, 3281 -207, 3249 -207, 3238 -207, 3238 -201.25, 3238 -195.5, 3238 -189.75))",15.414565000000001,Highland,39957,Slothwood Corner,"(3259.5, -195.5)"
Slothwood,SL19,Slothwood,"POLYGON ((3194 -184, 3216 -184, 3221.5 -184, 3227 -184, 3232.5 -184, 3238 -184, 3238 -186.88, 3238 -189.75, 3238 -195.5, 3238 -201.25, 3238 -207, 3216 -207, 3194 -207, 3194 -195.5, 3194 -184))",15.773045,Highland,32699,Slothwood Corner,"(3216.0, -195.5)"
Slothwood,SL20,Slothwood,"POLYGON ((3150 -207, 3150 -200.5, 3150 -184, 3172 -184, 3194 -184, 3194 -195.5, 3194 -207, 3172 -207, 3150 -207))",15.773042,Highland,8117,Slothwood Corner,"(3172.0, -195.5)"
Slothwood,SL21,Slothwood,"POLYGON ((3194 -239, 3194 -250, 3188.5 -250, 3172 -250, 3161 -250, 3150 -250, 3150 -228, 3150 -207, 3172 -207, 3194 -207, 3194 -228, 3194 -239))",29.488732000000002,Highland,7428,Slothwood Corner,"(3172.0, -228.5)"
Slothwood,SL22,Slothwood,"POLYGON ((3238 -250, 3227 -250, 3216 -250, 3199.5 -250, 3194 -250, 3194 -239, 3194 -228, 3194 -207, 3216 -207, 3238 -207, 3238 -217.5, 3238 -228, 3238 -239, 3238 -250))",29.488733,Highland,15582,Slothwood Corner,"(3216.0, -228.5)"
Slothwood,SL23,Slothwood,"POLYGON ((3216 -263.75, 3216 -261, 3216 -255.5, 3216 -250, 3227 -250, 3238 -250, 3238 -266.5, 3238 -272, 3227 -272, 3224.25 -272, 3221.5 -272, 3218.75 -272, 3216 -272, 3216 -269.25, 3216 -266.5, 3216 -263.75))",7.543628,Highland,53187,Slothwood Corner,"(3227.0, -261.0)"
Slothwood,SL24,Slothwood,"POLYGON ((3172 -261, 3172 -255.5, 3172 -250, 3188.5 -250, 3194 -250, 3199.5 -250, 3216 -250, 3216 -255.5, 3216 -261, 3216 -263.75, 3216 -266.5, 3216 -269.25, 3216 -272, 3210.5 -272, 3205 -272, 3202.25 -272, 3199.5 -272, 3191.25 -272, 3188.5 -272, 3185.75 -272, 3183 -272, 3177.5 -272, 3174.75 -272, 3172 -272, 3172 -269.25, 3172 -266.5, 3172 -261))",15.087255,Highland,66359,Slothwood Corner,"(3194.0, -261.0)"
Slothwood,SL25,Slothwood,"POLYGON ((3155.5 -272, 3150 -272, 3150 -250, 3161 -250, 3172 -250, 3172 -255.5, 3172 -261, 3172 -266.5, 3172 -269.25, 3172 -272, 3169.25 -272, 3166.5 -272, 3155.5 -272))",7.543626999999999,Highland,45571,Slothwood Corner,"(3161.0, -261.0)"
Slothwood,SL26,Slothwood,"POLYGON ((3084 -184, 3106 -184, 3117 -184, 3125.25 -184, 3133.5 -184, 3150 -184, 3150 -200.5, 3150 -207, 3150 -228, 3117 -228, 3084 -228, 3084 -206, 3084 -184))",45.261774,Highland,28704,Slothwood Corner,"(3117.0, -206.0)"
Slothwood,SL27,Slothwood,"POLYGON ((3084 -295, 3084 -272, 3084 -228, 3117 -228, 3150 -228, 3150 -250, 3150 -272, 3155.5 -272, 3166.5 -272, 3169.25 -272, 3172 -272, 3172 -274.88, 3172 -277.75, 3172 -283.5, 3172 -289.25, 3172 -295, 3150 -295, 3084 -295))",76.80785900000001,Highland,32273,Slothwood Corner,"(3121.5178571428573, -263.75892857142856)"
Slothwood,SL28,Slothwood,"POLYGON ((3172 -289.25, 3172 -283.5, 3172 -277.75, 3172 -274.88, 3172 -272, 3174.75 -272, 3177.5 -272, 3183 -272, 3185.75 -272, 3188.5 -272, 3191.25 -272, 3199.5 -272, 3202.25 -272, 3205 -272, 3210.5 -272, 3216 -272, 3216 -274.88, 3216 -277.75, 3216 -283.5, 3216 -295, 3194 -295, 3172 -295, 3172 -289.25))",15.773044000000002,Highland,61893,Slothwood Corner,"(3194.0, -283.5)"
Slothwood,SL29,Slothwood,"POLYGON ((3216 -274.88, 3216 -272, 3218.75 -272, 3221.5 -272, 3224.25 -272, 3227 -272, 3238 -272, 3238 -266.5, 3238 -250, 3260 -250, 3281 -250, 3293 -250, 3304 -250, 3304 -252.75, 3304 -272, 3304 -283.5, 3304 -295, 3260 -295, 3238 -295, 3216 -295, 3216 -283.5, 3216 -277.75, 3216 -274.88))",54.17697100000001,Highland,23980,Slothwood Corner,"(3264.5949367088606, -274.1012658227848)"
Slothwood,SL30,Slothwood,"POLYGON ((3304 -252.75, 3304 -250, 3315 -250, 3326 -250, 3326 -255.5, 3326 -258.25, 3326 -261, 3326 -266.5, 3326 -269.25, 3326 -272, 3323.25 -272, 3319.12 -272, 3304 -272, 3304 -252.75))",7.543626999999999,Highland,49204,Slothwood Corner,"(3315.0, -261.0)"
Slothwood,SL31,Slothwood,"POLYGON ((3326 -295, 3315 -295, 3304 -295, 3304 -283.5, 3304 -272, 3319.12 -272, 3323.25 -272, 3326 -272, 3326 -274.88, 3326 -277.75, 3326 -280.62, 3326 -283.5, 3326 -289.25, 3326 -292.12, 3326 -295))",7.886521000000001,Highland,43755,Slothwood Corner,"(3315.0, -283.5)"
Slothwood,SL32,Slothwood,"POLYGON ((3326 -292.12, 3326 -289.25, 3326 -283.5, 3326 -280.62, 3326 -277.75, 3326 -274.88, 3326 -272, 3328.75 -272, 3334.25 -272, 3337 -272, 3342.5 -272, 3348 -272, 3348 -277.75, 3348 -283.5, 3348 -289.25, 3348 -295, 3342.5 -295, 3331.5 -295, 3326 -295, 3326 -292.12))",7.88652,Highland,70906,Slothwood Corner,"(3337.0, -283.50000000000006)"
Slothwood,SL33,Slothwood,"POLYGON ((3326 -261, 3326 -258.25, 3326 -255.5, 3326 -250, 3337 -250, 3348 -250, 3348 -255.5, 3348 -261, 3348 -266.5, 3348 -269.25, 3348 -272, 3342.5 -272, 3337 -272, 3334.25 -272, 3328.75 -272, 3326 -272, 3326 -269.25, 3326 -266.5, 3326 -261))",7.543626000000001,Highland,68487,Slothwood Corner,"(3337.0, -261.0)"
Slothwood,SL34,Slothwood,"POLYGON ((3392 -295, 3370 -295, 3348 -295, 3348 -289.25, 3348 -283.5, 3348 -277.75, 3348 -272, 3348 -269.25, 3348 -266.5, 3348 -261, 3348 -255.5, 3348 -250, 3359 -250, 3370 -250, 3381 -250, 3392 -250, 3392 -272, 3392 -295))",30.860301,Highland,17894,Slothwood Corner,"(3370.0, -272.5)"
Storport,ST01,East Forest,"POLYGON ((1566.83 93, 1561.66 93, 1555 93, 1555 102.32, 1555 118, 1562.25 118, 1574.99 118, 1579.59 118, 1588 118, 1588 115.26, 1588 108, 1588 104.78, 1588 100.09, 1588 93, 1580.18 93, 1577.12 93, 1572 93, 1566.83 93))",12.858458999999998,Lowland,41064,East Forest,"(1571.4999999999998, 105.49999999999997)"
Storport,ST02,East Forest,"POLYGON ((1579.59 118, 1574.99 118, 1562.25 118, 1555 118, 1555 144, 1569.03 144, 1588 144, 1601.96 144, 1621 144, 1621 118, 1603.26 118, 1599.3 118, 1595.25 118, 1588 118, 1579.59 118))",26.745593,Lowland,14756,East Forest,"(1588.0000000000002, 131.0)"
Storport,ST03,East Forest,"POLYGON ((1588 104.78, 1588 108, 1588 115.26, 1588 118, 1595.25 118, 1599.3 118, 1603.26 118, 1621 118, 1621 105.58, 1621 93, 1613.2 93, 1609.1 93, 1605 93, 1602.56 93, 1596.92 93, 1588 93, 1588 100.09, 1588 104.78))",12.858456,Lowland,38960,East Forest,"(1604.5000000000005, 105.50000000000001)"
Storport,ST04,East Forest,"POLYGON ((1621 93, 1621 105.58, 1621 118, 1621 144, 1654 144, 1654 93, 1621 93))",26.231256,Lowland,6035,East Forest,"(1637.5, 118.5)"
Storport,ST05,East Forest,"POLYGON ((1456 336, 1456 144, 1522 144, 1555 144, 1569.03 144, 1588 144, 1588 336, 1456 336))",395.011853,Lowland,5146,East Forest,"(1522.0, 240.0)"
Storport,ST06,East Forest,"POLYGON ((1522 93, 1522 144, 1555 144, 1555 118, 1555 102.32, 1555 93, 1522 93))",26.231256,Lowland,3880,East Forest,"(1538.4999999999998, 118.49999999999999)"
Storport,ST07,East Forest,"POLYGON ((1456 144, 1456 93, 1522 93, 1522 144, 1456 144))",52.462512,Lowland,4097,East Forest,"(1489.0, 118.5)"
Storport,ST08,East Forest,"POLYGON ((1282 336, 1282 93, 1456 93, 1456 144, 1456 336, 1282 336))",659.007701,Lowland,2716,East Forest,"(1369.0, 214.5)"
Storport,ST09,East Forest,"POLYGON ((1197 448, 1456 448, 1456 336, 1282 336, 1282 93, 1282 91, 1197 91, 1197 448))",776.697667,Lowland,1559,East Forest,"(1290.1430678466077, 317.405604719764)"
Storport,ST10,East Forest,"POLYGON ((1456 448, 1456 336, 1588 336, 1730 336, 1730 111, 1774 111, 1774 448, 1456 448))",709.412859,Lowland,5808,East Forest,"(1644.7983126812549, 355.3502504613762)"
Storport,ST11,East Forest,"POLYGON ((1588 144, 1588 336, 1730 336, 1730 111, 1730 93, 1654 93, 1654 144, 1621 144, 1601.96 144, 1588 144))",485.348371,Lowland,4371,East Forest,"(1663.107514450867, 224.87687861271675)"
Techno Garden,T01,Techno Town,"POLYGON ((2831.67 1404.23, 2831.81 1405.14, 2832.01 1406.34, 2832.17 1407.54, 2832.15 1408.24, 2832.14 1408.29, 2832.47 1408.32, 2832.46 1408.56, 2832.39 1409.15, 2831.86 1410.3, 2831.57 1410.95, 2831.22 1411.08, 2831.56 1411.95, 2831.58 1413.33, 2831.77 1413.18, 2832.11 1413.06, 2832.31 1413.54, 2832.05 1414.06, 2832.44 1414.26, 2832.55 1414.27, 2832.93 1414.16, 2832.95 1414.18, 2834.04 1415.28, 2834.42 1415.36, 2834.2 1415.41, 2834.04 1415.46, 2833.06 1415.72, 2833.66 1417, 2833.9 1417.5, 2833.97 1417.7, 2834.05 1417.88, 2834.05 1417.94, 2834.04 1417.99, 2834.03 1418.02, 2833.91 1418.06, 2833.89 1418.1, 2833.83 1418.18, 2834.19 1418.28, 2834.25 1418.33, 2834.33 1418.41, 2834.61 1418.94, 2834.36 1419.73, 2834.35 1419.74, 2834.49 1419.83, 2834.44 1419.88, 2834.03 1420.32, 2833.42 1421.73, 2833.8 1423.12, 2834.98 1424.23, 2835.2 1424.41, 2836.4 1425.29, 2836.79 1425.6, 2836 1426.21, 2835.14 1426.78, 2834.52 1427.36, 2834.2 1428.02, 2834.93 1428.72, 2836.46 1430.25, 2837.05 1430.62, 2838.28 1430.91, 2839.52 1431.16, 2839.82 1431.21, 2840.23 1431.4, 2840.25 1431.63, 2836.27 1434.11, 2837.86 1435.57, 2839.88 1437.6, 2840.52 1438.14, 2842.48 1439.45, 2844.14 1439.38, 2846.63 1439.38, 2848.53 1439.34, 2850.69 1438.86, 2853 1438.35, 2853.46 1438.22, 2854.39 1437.71, 2855.45 1436.76, 2856.29 1435.82, 2857.05 1437.44, 2858.22 1439.72, 2860.16 1439.67, 2863.34 1439.35, 2865.27 1438.97, 2867.5 1438.67, 2866.49 1436.28, 2865.36 1433.28, 2866.54 1432.8, 2867.3 1431.33, 2867.9 1430.25, 2868.75 1429.09, 2869.31 1428, 2869.34 1427.93, 2869.37 1427.88, 2869.4 1427.85, 2869.41 1427.84, 2870.55 1426.84, 2871.26 1425.72, 2872.16 1424.75, 2873.16 1424.01, 2873.35 1423.28, 2874.19 1423.29, 2874.25 1423.25, 2874.39 1423.15, 2875.29 1422.04, 2875.77 1420.9, 2876.43 1419.65, 2876.88 1418.53, 2877.15 1418.02, 2877.17 1417.96, 2877.35 1417.61, 2877.84 1416.31, 2877.6 1415.78, 2878.39 1414.86, 2878.81 1413.54, 2878.89 1412.9, 2878.93 1412.45, 2878.75 1411.2, 2878.71 1411.06, 2879.94 1410.81, 2881.99 1406.53, 2882.92 1404.58, 2884.63 1401.97, 2886 1400, 2883.21 1400, 2880.26 1400, 2870.46 1400, 2864 1400, 2858.66 1400, 2856.1 1400, 2850.65 1400, 2849.44 1400, 2847.11 1400, 2842 1400, 2839.37 1400, 2834.1 1400, 2832.58 1401.02, 2831.19 1401.04, 2831.41 1402.55, 2831.67 1404.23))",24.707554000000002,Capital,364527,Techno Town,"(2855.2217626629604, 1417.085157447064)"
Techno Garden,T02,Techno Town,"POLYGON ((2798 1400, 2798 1406.68, 2798 1418.51, 2798 1423.63, 2798 1427.18, 2807.14 1427.12, 2808.79 1429.48, 2811.23 1429.79, 2811.12 1430.87, 2811.05 1431.53, 2810.89 1433.08, 2812.08 1433.59, 2813.5 1433.76, 2814.74 1433.69, 2816.14 1433.26, 2816.68 1432.51, 2817.04 1432.77, 2817.83 1432.31, 2818.22 1432.32, 2818.37 1432.42, 2818.51 1432.24, 2819.95 1430.66, 2821.53 1429.52, 2822.16 1429.12, 2822.23 1429.07, 2822.61 1428.8, 2824.66 1427, 2825.05 1426.65, 2826.13 1425.74, 2827.2 1425.18, 2827.27 1425.03, 2827.77 1424.81, 2827.79 1424.71, 2827.84 1424.61, 2829.64 1426.07, 2830.39 1423.43, 2830.43 1423.45, 2831.77 1422.91, 2832.13 1422.58, 2832.27 1422.46, 2832.42 1422.43, 2832.43 1422.42, 2833.42 1421.73, 2834.03 1420.32, 2834.44 1419.88, 2834.49 1419.83, 2834.35 1419.74, 2834.36 1419.73, 2834.61 1418.94, 2834.33 1418.41, 2834.25 1418.33, 2834.19 1418.28, 2833.83 1418.18, 2833.89 1418.1, 2833.91 1418.06, 2834.03 1418.02, 2834.04 1417.99, 2834.05 1417.94, 2834.05 1417.88, 2833.97 1417.7, 2833.9 1417.5, 2833.66 1417, 2833.06 1415.72, 2834.04 1415.46, 2834.2 1415.41, 2834.42 1415.36, 2834.04 1415.28, 2832.95 1414.18, 2832.93 1414.16, 2832.55 1414.27, 2832.44 1414.26, 2832.05 1414.06, 2832.31 1413.54, 2832.11 1413.06, 2831.77 1413.18, 2831.58 1413.33, 2831.56 1411.95, 2831.22 1411.08, 2831.57 1410.95, 2831.86 1410.3, 2832.39 1409.15, 2832.46 1408.56, 2832.47 1408.32, 2832.14 1408.29, 2832.15 1408.24, 2832.17 1407.54, 2832.01 1406.34, 2831.81 1405.14, 2831.67 1404.23, 2831.41 1402.55, 2831.19 1401.04, 2832.58 1401.02, 2834.1 1400, 2827.4 1400, 2825.64 1400, 2825.42 1400, 2820 1400, 2816.14 1400, 2809.85 1400, 2805.36 1400, 2798 1400))",15.401464,Capital,133208,Techno Town,"(2815.0398688125215, 1414.5558610297705)"
Techno Garden,T03,Techno Town,"POLYGON ((2827.27 1425.03, 2827.2 1425.18, 2826.13 1425.74, 2825.05 1426.65, 2824.66 1427, 2822.61 1428.8, 2822.23 1429.07, 2822.16 1429.12, 2821.53 1429.52, 2819.95 1430.66, 2818.51 1432.24, 2818.37 1432.42, 2818.22 1432.32, 2817.83 1432.31, 2817.04 1432.77, 2816.68 1432.51, 2816.14 1433.26, 2814.74 1433.69, 2813.5 1433.76, 2812.08 1433.59, 2810.89 1433.08, 2811.05 1431.53, 2811.12 1430.87, 2811.23 1429.79, 2808.79 1429.48, 2807.14 1427.12, 2798 1427.18, 2798 1437.43, 2798 1444, 2805.42 1444, 2813.97 1444, 2824.83 1444, 2828.77 1444, 2832.48 1444, 2840.23 1444, 2844.45 1444, 2848.67 1444, 2848.69 1444, 2853 1444, 2853 1438.35, 2850.69 1438.86, 2848.53 1439.34, 2846.63 1439.38, 2844.14 1439.38, 2842.48 1439.45, 2840.52 1438.14, 2839.88 1437.6, 2837.86 1435.57, 2836.27 1434.11, 2840.25 1431.63, 2840.23 1431.4, 2839.82 1431.21, 2839.52 1431.16, 2838.28 1430.91, 2837.05 1430.62, 2836.46 1430.25, 2834.93 1428.72, 2834.2 1428.02, 2834.52 1427.36, 2835.14 1426.78, 2836 1426.21, 2836.79 1425.6, 2836.4 1425.29, 2835.2 1424.41, 2834.98 1424.23, 2833.8 1423.12, 2833.42 1421.73, 2832.43 1422.42, 2832.42 1422.43, 2832.27 1422.46, 2832.13 1422.58, 2831.77 1422.91, 2830.43 1423.45, 2830.39 1423.43, 2829.64 1426.07, 2827.84 1424.61, 2827.79 1424.71, 2827.77 1424.81, 2827.27 1425.03))",11.02712,Capital,79569,Techno Town,"(2821.6420527857713, 1436.4077172808295)"
Techno Garden,T04,Techno Garden East,"POLYGON ((2805.42 1444, 2798 1444, 2798 1460.56, 2802.98 1462.48, 2807.73 1463.76, 2807.9 1469.31, 2807.92 1469.47, 2807.79 1472.23, 2807.7 1474.18, 2809.44 1474.15, 2811.01 1477.82, 2811.54 1478.5, 2811.9 1478.97, 2814 1481.7, 2816.08 1482.97, 2817.48 1483.83, 2822.93 1484.89, 2823.18 1484.94, 2824.95 1485.25, 2827.52 1485.57, 2827.75 1485.6, 2831.01 1486.08, 2832.2 1485.48, 2834.05 1484.38, 2835.3 1483.81, 2839.36 1481.98, 2840.25 1481.58, 2841.55 1484.65, 2842.42 1487.07, 2844.78 1486.2, 2851.07 1489.99, 2853 1488, 2854.12 1487.15, 2856.2 1485.57, 2856.78 1485.13, 2858.54 1483.79, 2864.26 1479.45, 2865.79 1478.28, 2865.87 1478.22, 2871.98 1473.57, 2874.45 1473.24, 2877.29 1472.85, 2879.93 1471.65, 2883.26 1470.14, 2885.91 1468.94, 2887.8 1468.08, 2888.66 1467.78, 2891.88 1466.66, 2893.82 1465.99, 2894.23 1465.85, 2894.9 1465.62, 2898.42 1465.26, 2899.08 1465.2, 2902.2 1464.89, 2904.55 1464.65, 2904.6 1463.11, 2904.85 1455.2, 2904.88 1454.33, 2905.03 1450.37, 2905.21 1444, 2905.47 1442.11, 2902.35 1441.87, 2900.49 1440.28, 2898.67 1439.8, 2898.49 1439.76, 2898.35 1439.72, 2897.8 1439.59, 2897.08 1439.41, 2895.59 1439.12, 2895.57 1439.12, 2895.01 1439.01, 2892.72 1438.62, 2892.54 1438.59, 2891.76 1438.45, 2889.98 1438.34, 2889.97 1438.34, 2889.29 1438.29, 2887.29 1437.47, 2887.27 1437.46, 2886.19 1437.02, 2885.59 1436.66, 2885.58 1436.66, 2884.05 1435.75, 2883.86 1435.7, 2883.2 1435.52, 2883.19 1435.51, 2883.05 1435.47, 2883.03 1435.47, 2882.06 1435.2, 2881.98 1435.18, 2881.97 1435.18, 2880.32 1434.88, 2876.82 1434.32, 2874.44 1433.85, 2874.44 1431.51, 2869.4 1427.85, 2869.37 1427.88, 2869.34 1427.93, 2869.31 1428, 2868.75 1429.09, 2867.9 1430.25, 2867.3 1431.33, 2866.54 1432.8, 2865.36 1433.28, 2866.49 1436.28, 2867.5 1438.67, 2865.27 1438.97, 2863.34 1439.35, 2860.16 1439.67, 2858.22 1439.72, 2857.05 1437.44, 2856.29 1435.82, 2855.45 1436.76, 2854.39 1437.71, 2853.46 1438.22, 2853 1438.35, 2853 1444, 2848.69 1444, 2848.67 1444, 2844.45 1444, 2840.23 1444, 2832.48 1444, 2828.77 1444, 2824.83 1444, 2813.97 1444, 2805.42 1444))",60.415265999999995,Capital,420960,Techno Garden East,"(2851.498264713479, 1459.4069468106197)"
Techno Garden,T05,Techno Town,"POLYGON ((2879.94 1410.81, 2878.71 1411.06, 2878.75 1411.2, 2878.93 1412.45, 2878.89 1412.9, 2878.81 1413.54, 2878.39 1414.86, 2877.6 1415.78, 2877.84 1416.31, 2877.35 1417.61, 2877.17 1417.96, 2877.15 1418.02, 2876.88 1418.53, 2876.43 1419.65, 2875.77 1420.9, 2875.29 1422.04, 2874.39 1423.15, 2874.25 1423.25, 2874.19 1423.29, 2873.35 1423.28, 2873.16 1424.01, 2872.16 1424.75, 2871.26 1425.72, 2870.55 1426.84, 2869.41 1427.84, 2869.4 1427.85, 2874.44 1431.51, 2874.44 1433.85, 2876.82 1434.32, 2880.32 1434.88, 2881.97 1435.18, 2881.98 1435.18, 2882.06 1435.2, 2883.03 1435.47, 2883.05 1435.47, 2883.19 1435.51, 2883.2 1435.52, 2883.86 1435.7, 2884.05 1435.75, 2885.58 1436.66, 2885.59 1436.66, 2886.19 1437.02, 2887.27 1437.46, 2887.29 1437.47, 2889.29 1438.29, 2889.97 1438.34, 2889.98 1438.34, 2891.76 1438.45, 2892.54 1438.59, 2892.72 1438.62, 2895.01 1439.01, 2895.57 1439.12, 2895.59 1439.12, 2897.08 1439.41, 2897.8 1439.59, 2898.35 1439.72, 2898.49 1439.76, 2898.67 1439.8, 2900.49 1440.28, 2902.35 1441.87, 2905.47 1442.11, 2907.68 1442.11, 2908 1441.94, 2910.88 1440.46, 2911.64 1442.42, 2912.14 1443.28, 2912.94 1443.63, 2914.87 1443.15, 2916.25 1443.67, 2917.7 1443.07, 2918.74 1442.04, 2919.64 1441.21, 2920.73 1440.66, 2920.96 1440.52, 2921.05 1440.45, 2921.86 1440.55, 2922.53 1439.14, 2923.35 1438.25, 2924.34 1437.39, 2925.66 1437.27, 2926.68 1436.56, 2928.02 1435.87, 2929.07 1435.06, 2930.38 1434.15, 2931.64 1434.04, 2932.58 1434.72, 2932.69 1434.86, 2932.71 1434.92, 2932.76 1434.99, 2932.77 1435.01, 2932.8 1435.06, 2932.82 1435.08, 2932.85 1435.13, 2932.86 1435.15, 2932.92 1435.26, 2932.94 1435.32, 2933.28 1434.74, 2934.02 1433.69, 2935.17 1434.42, 2938.67 1436.14, 2940.29 1437.01, 2941.8 1435.86, 2942.07 1435.62, 2941.46 1437.13, 2946.65 1439.05, 2949.22 1439.91, 2952 1440.37, 2952 1432.07, 2949.28 1431.57, 2947.34 1431.13, 2945.47 1430.87, 2944.28 1430.53, 2944.12 1430.48, 2943.97 1430.44, 2942.88 1430.13, 2942.51 1430.02, 2942.46 1430.01, 2942.02 1429.94, 2941.08 1429.94, 2939.46 1429.86, 2938.17 1429.69, 2938.08 1429.72, 2937.96 1429.61, 2937.97 1429.52, 2937.91 1429.43, 2937.89 1429.21, 2937.88 1429.21, 2937.85 1429.1, 2937.3 1427.9, 2936.54 1426.96, 2935.59 1426.17, 2934.27 1424.47, 2931.91 1422.81, 2929.74 1421.74, 2929.59 1421.36, 2928.34 1421, 2926.92 1420.38, 2925.35 1419.92, 2925.19 1419.86, 2925.07 1419.84, 2924.97 1419.64, 2924.97 1419.53, 2924.9 1419.47, 2924.9 1419.61, 2924.82 1419.5, 2924.82 1419.48, 2924.83 1419.07, 2924.36 1418.76, 2924.35 1418.66, 2923.9 1418.69, 2923.89 1418.62, 2922.62 1418.37, 2920.64 1418.65, 2919.55 1419.43, 2918.28 1420.03, 2918.19 1419.81, 2916.86 1420.1, 2916.13 1419.78, 2915.96 1420.37, 2914.68 1420.62, 2914.39 1420.65, 2914.34 1420.65, 2913.47 1420.75, 2913.42 1420.8, 2913.26 1420.8, 2912.02 1420.85, 2910.57 1420.85, 2909.37 1420.76, 2908 1420.5, 2907.95 1420.49, 2906.64 1420.14, 2905.48 1419.8, 2905.39 1417.11, 2905.46 1414.25, 2906.76 1413.65, 2908 1413.12, 2905.49 1412.08, 2903.74 1411.76, 2902.06 1411.32, 2901.11 1410.91, 2899.36 1410.53, 2898.52 1410.44, 2897.23 1410.06, 2896.02 1409.69, 2894.8 1409.4, 2893.32 1409.09, 2892.8 1408.91, 2891.54 1408.59, 2890.16 1408.24, 2890.15 1408.24, 2890.07 1408.16, 2889.95 1408.19, 2889.94 1408.19, 2889.69 1408.13, 2888.51 1407.82, 2887.36 1407.34, 2886.17 1407.07, 2886.05 1407.02, 2886.04 1407.06, 2885.89 1407.06, 2885.43 1408.18, 2885.31 1407.52, 2884.75 1406.8, 2883.57 1406.52, 2883.43 1406.49, 2881.99 1406.53, 2879.94 1410.81))",24.246157,Capital,290234,Techno Town,"(2905.0847911629157, 1427.1164411121592)"
Techno Garden,T06,Techno Town,"POLYGON ((2908 1400, 2906.11 1400, 2896.49 1400, 2890.16 1400, 2886 1400, 2884.63 1401.97, 2882.92 1404.58, 2881.99 1406.53, 2883.43 1406.49, 2883.57 1406.52, 2884.75 1406.8, 2885.31 1407.52, 2885.43 1408.18, 2885.89 1407.06, 2886.04 1407.06, 2886.05 1407.02, 2886.17 1407.07, 2887.36 1407.34, 2888.51 1407.82, 2889.69 1408.13, 2889.94 1408.19, 2889.95 1408.19, 2890.07 1408.16, 2890.15 1408.24, 2890.16 1408.24, 2891.54 1408.59, 2892.8 1408.91, 2893.32 1409.09, 2894.8 1409.4, 2896.02 1409.69, 2897.23 1410.06, 2898.52 1410.44, 2899.36 1410.53, 2901.11 1410.91, 2902.06 1411.32, 2903.74 1411.76, 2905.49 1412.08, 2908 1413.12, 2906.76 1413.65, 2905.46 1414.25, 2905.39 1417.11, 2905.48 1419.8, 2906.64 1420.14, 2907.95 1420.49, 2908 1420.5, 2909.37 1420.76, 2910.57 1420.85, 2912.02 1420.85, 2913.26 1420.8, 2913.42 1420.8, 2913.47 1420.75, 2914.34 1420.65, 2914.39 1420.65, 2914.68 1420.62, 2915.96 1420.37, 2916.13 1419.78, 2916.86 1420.1, 2918.19 1419.81, 2918.28 1420.03, 2919.55 1419.43, 2920.64 1418.65, 2922.62 1418.37, 2923.89 1418.62, 2923.9 1418.69, 2924.35 1418.66, 2924.36 1418.76, 2924.83 1419.07, 2924.82 1419.48, 2924.82 1419.5, 2924.9 1419.61, 2924.9 1419.47, 2924.97 1419.53, 2924.97 1419.64, 2925.07 1419.84, 2925.19 1419.86, 2925.35 1419.92, 2926.92 1420.38, 2928.34 1421, 2929.59 1421.36, 2929.74 1421.74, 2931.91 1422.81, 2934.27 1424.47, 2935.59 1426.17, 2936.54 1426.96, 2937.3 1427.9, 2937.85 1429.1, 2937.88 1429.21, 2937.89 1429.21, 2937.91 1429.43, 2937.97 1429.52, 2937.96 1429.61, 2938.08 1429.72, 2938.17 1429.69, 2939.46 1429.86, 2941.08 1429.94, 2942.02 1429.94, 2942.46 1430.01, 2942.51 1430.02, 2942.88 1430.13, 2943.97 1430.44, 2944.12 1430.48, 2944.28 1430.53, 2945.47 1430.87, 2947.34 1431.13, 2949.28 1431.57, 2952 1432.07, 2952 1420.71, 2952 1416.72, 2952 1412.42, 2952 1406.73, 2952 1400, 2950.82 1400, 2943.7 1400, 2934.3 1400, 2928.44 1400, 2924.32 1400, 2918.48 1400, 2915.18 1400, 2912.18 1400, 2908 1400))",20.592053999999997,Capital,206592,Techno Town,"(2925.720421332842, 1411.3515773793022)"
Techno Garden,T07,Techno Garden East,"POLYGON ((2798 1492.22, 2798 1518.13, 2798 1525.07, 2798 1537, 2874 1537, 2874 1524.75, 2874 1514.7, 2874 1510.21, 2874 1505.72, 2874 1496.86, 2870.8 1495.4, 2863.94 1492.73, 2860.21 1490.82, 2856.93 1493.64, 2853.93 1491.9, 2851.07 1489.99, 2844.78 1486.2, 2842.42 1487.07, 2841.55 1484.65, 2840.25 1481.58, 2839.36 1481.98, 2835.3 1483.81, 2834.05 1484.38, 2832.2 1485.48, 2831.01 1486.08, 2827.75 1485.6, 2827.52 1485.57, 2824.95 1485.25, 2823.18 1484.94, 2822.93 1484.89, 2817.48 1483.83, 2816.08 1482.97, 2814 1481.7, 2811.9 1478.97, 2811.54 1478.5, 2811.01 1477.82, 2809.44 1474.15, 2807.7 1474.18, 2807.79 1472.23, 2807.92 1469.47, 2807.9 1469.31, 2807.73 1463.76, 2802.98 1462.48, 2798 1460.56, 2798 1467.31, 2798 1469.19, 2798 1477.63, 2798 1492.22))",62.847671,Capital,79417,Techno Garden East,"(2832.4715393462507, 1509.589836957427)"
Techno Garden,T08,Techno Garden East,"POLYGON ((2877.29 1472.85, 2874.45 1473.24, 2871.98 1473.57, 2865.87 1478.22, 2865.79 1478.28, 2864.26 1479.45, 2858.54 1483.79, 2856.78 1485.13, 2856.2 1485.57, 2854.12 1487.15, 2853 1488, 2851.07 1489.99, 2853.93 1491.9, 2856.93 1493.64, 2860.21 1490.82, 2863.94 1492.73, 2870.8 1495.4, 2874 1496.86, 2874 1505.72, 2874 1510.21, 2874 1514.7, 2874 1524.75, 2874 1537, 2895 1537, 2920.11 1537, 2920.11 1527.61, 2919.57 1523.37, 2919.57 1513.56, 2919.42 1511.05, 2919.22 1506.83, 2921.49 1506.69, 2921.4 1501.65, 2921.31 1499.11, 2921.18 1497.86, 2921.04 1493.32, 2921.01 1492.3, 2920.89 1488, 2920.5 1487.36, 2919.73 1486.09, 2919.61 1485.88, 2918.29 1483.36, 2916.18 1480.6, 2914.07 1477.83, 2913.28 1476.17, 2910.31 1476.88, 2909.22 1474.82, 2907.78 1470.4, 2907.55 1467.53, 2907.32 1464.65, 2907.25 1464.35, 2904.55 1464.65, 2902.2 1464.89, 2899.08 1465.2, 2898.42 1465.26, 2894.9 1465.62, 2894.23 1465.85, 2893.82 1465.99, 2891.88 1466.66, 2888.66 1467.78, 2887.8 1468.08, 2885.91 1468.94, 2883.26 1470.14, 2879.93 1471.65, 2877.29 1472.85))",52.137538,Capital,245967,Techno Garden East,"(2894.059121185977, 1502.0884148937869)"
Techno Garden,T09,Techno Garden West and Leighton,"POLYGON ((2941.24 1500.34, 2938.29 1500.12, 2937.37 1500.05, 2936.22 1499.97, 2935.7 1499.93, 2934.49 1500.03, 2934.15 1500.06, 2933.43 1500.12, 2933.39 1500.13, 2927.02 1500.67, 2926 1500.75, 2925.25 1499.27, 2921.31 1499.11, 2921.4 1501.65, 2921.49 1506.69, 2919.22 1506.83, 2919.42 1511.05, 2919.57 1513.56, 2919.57 1523.37, 2920.11 1527.61, 2920.11 1537, 2952 1537, 2981.33 1537, 2981.44 1533.95, 2981.76 1530.96, 2974.98 1530.96, 2971.15 1530.34, 2969.28 1525.03, 2968 1522.23, 2971.5835 1518.8257, 2970.9421 1512.9792, 2971.21 1509.82, 2972.27 1508.1, 2972.95 1506.04, 2973.68 1503.13, 2973.82 1499.94, 2971.13 1499.95, 2965 1499.97, 2963.47 1499.97, 2959.41 1499.98, 2957.19 1499.98, 2952 1500.25, 2943.32 1500.33, 2942.42 1500.33, 2941.28 1500.34, 2941.24 1500.34))",30.435498000000003,Capital,85742,Techno Garden West and Leighton,"(2946.6367614309365, 1518.9065776883974)"
Techno Garden,T10,Techno Garden West and Leighton,"POLYGON ((2931.83 1464.07, 2929.5 1463.59, 2927.36 1463.16, 2927.2 1463.12, 2922.95 1462.62, 2919.49 1463.11, 2915.23 1463.47, 2907.25 1464.35, 2907.32 1464.65, 2907.55 1467.53, 2907.78 1470.4, 2909.22 1474.82, 2910.31 1476.88, 2913.28 1476.17, 2914.07 1477.83, 2916.18 1480.6, 2918.29 1483.36, 2919.61 1485.88, 2919.73 1486.09, 2920.5 1487.36, 2920.89 1488, 2921.01 1492.3, 2921.04 1493.32, 2921.18 1497.86, 2921.31 1499.11, 2925.25 1499.27, 2926 1500.75, 2927.02 1500.67, 2933.39 1500.13, 2933.43 1500.12, 2934.15 1500.06, 2934.49 1500.03, 2935.7 1499.93, 2936.22 1499.97, 2937.37 1500.05, 2938.29 1500.12, 2941.24 1500.34, 2941.28 1500.34, 2942.42 1500.33, 2943.32 1500.33, 2952 1500.25, 2957.19 1499.98, 2959.41 1499.98, 2963.47 1499.97, 2965 1499.97, 2971.13 1499.95, 2973.82 1499.94, 2973.27 1495.38, 2972.86 1491.7, 2972.39 1488, 2971.67 1484.87, 2971.79 1484.16, 2973 1483.94, 2975.73 1483.34, 2978.73 1482.88, 2975.6 1477.2, 2973.32 1473.47, 2973.73 1472.91, 2972.75 1470.78, 2967.66 1471.23, 2964.16 1470.61, 2957.44 1469.62, 2952 1468.42, 2948.07 1467.59, 2942.45 1466.39, 2939.07 1465.7, 2936.37 1465.15, 2935.69 1465.01, 2931.83 1464.07))",30.348647999999997,Capital,239867,Techno Garden West and Leighton,"(2942.9171512476, 1482.2235112137705)"
Techno Garden,T11,Techno Garden East,"POLYGON ((2932.82 1435.08, 2932.8 1435.06, 2932.77 1435.01, 2932.76 1434.99, 2932.71 1434.92, 2932.69 1434.86, 2932.58 1434.72, 2931.64 1434.04, 2930.38 1434.15, 2929.07 1435.06, 2928.02 1435.87, 2926.68 1436.56, 2925.66 1437.27, 2924.34 1437.39, 2923.35 1438.25, 2922.53 1439.14, 2921.86 1440.55, 2921.05 1440.45, 2920.96 1440.52, 2920.73 1440.66, 2919.64 1441.21, 2918.74 1442.04, 2917.7 1443.07, 2916.25 1443.67, 2914.87 1443.15, 2912.94 1443.63, 2912.14 1443.28, 2911.64 1442.42, 2910.88 1440.46, 2908 1441.94, 2907.68 1442.11, 2905.47 1442.11, 2905.21 1444, 2905.03 1450.37, 2904.88 1454.33, 2904.85 1455.2, 2904.6 1463.11, 2904.55 1464.65, 2907.25 1464.35, 2915.23 1463.47, 2919.49 1463.11, 2922.95 1462.62, 2927.2 1463.12, 2927.36 1463.16, 2929.5 1463.59, 2931.83 1464.07, 2935.69 1465.01, 2936.37 1465.15, 2939.07 1465.7, 2942.45 1466.39, 2948.07 1467.59, 2952 1468.42, 2957.44 1469.62, 2964.16 1470.61, 2967.66 1471.23, 2972.75 1470.78, 2973.73 1472.91, 2977.89 1471.22, 2978.53 1466.44, 2979.47 1462.47, 2979.98 1461.59, 2980.23 1456.39, 2981.88 1449.47, 2982.87 1444, 2977.96 1444, 2970.6 1444, 2964.05 1444, 2955.36 1444, 2952 1444, 2952 1440.37, 2949.22 1439.91, 2946.65 1439.05, 2941.46 1437.13, 2942.07 1435.62, 2941.8 1435.86, 2940.29 1437.01, 2938.67 1436.14, 2935.17 1434.42, 2934.02 1433.69, 2933.28 1434.74, 2932.94 1435.32, 2932.92 1435.26, 2932.86 1435.15, 2932.85 1435.13, 2932.82 1435.08))",30.703836,Capital,270773,Techno Garden East,"(2943.948148584179, 1453.6740244548128)"
Techno Garden,T12,Techno Garden West and Leighton,"POLYGON ((2979.47 1462.47, 2978.53 1466.44, 2977.89 1471.22, 2984.18 1473.51, 2983.97 1477.99, 2987.75 1478.34, 2987.51 1481.81, 2987.32 1488, 2987.32 1491.11, 2991.49 1492.11, 2993.86 1492.52, 2996.97 1492.56, 3000.45 1492.46, 3003.99 1492.64, 3008.05 1492.14, 3012.2 1490.28, 3015.77 1488, 3040 1488, 3040 1475.47, 3040 1461.78, 3040 1444, 3032.61 1444, 3016.83 1444, 3009.72 1444, 3002.61 1444, 2996 1444, 2982.87 1444, 2981.88 1449.47, 2980.23 1456.39, 2979.98 1461.59, 2979.47 1462.47))",41.19841600000001,Capital,246733,Techno Garden West and Leighton,"(3010.6397610159624, 1466.5590242634976)"
Techno Garden,T13,Techno Garden West and Leighton,"POLYGON ((2975.73 1483.34, 2973 1483.94, 2971.79 1484.16, 2971.67 1484.87, 2972.39 1488, 2972.86 1491.7, 2973.27 1495.38, 2973.82 1499.94, 2973.68 1503.13, 2972.95 1506.04, 2972.27 1508.1, 2971.21 1509.82, 2970.9421 1512.9792, 2971.5835 1518.8257, 2968 1522.23, 2969.28 1525.03, 2971.15 1530.34, 2974.98 1530.96, 2981.76 1530.96, 2981.44 1533.95, 2981.33 1537, 3010.65 1537, 3040 1537, 3040 1522.23, 3040 1510, 3040 1504.54, 3040 1499.07, 3040 1488, 3015.77 1488, 3012.2 1490.28, 3008.05 1492.14, 3003.99 1492.64, 3000.45 1492.46, 2996.97 1492.56, 2993.86 1492.52, 2991.49 1492.11, 2987.32 1491.11, 2987.32 1488, 2987.51 1481.81, 2987.75 1478.34, 2983.97 1477.99, 2984.18 1473.51, 2977.89 1471.22, 2973.73 1472.91, 2973.32 1473.47, 2975.6 1477.2, 2978.73 1482.88, 2975.73 1483.34))",52.328554000000004,Capital,139318,Techno Garden West and Leighton,"(3005.2022754266586, 1511.339673586372)"
Tenna Court,TC01,Westbury Wharf,"POLYGON ((3326 294.5, 3326 300, 3331.5 300, 3337 300, 3342.5 300, 3348 300, 3359 300, 3370 300, 3370 289, 3370 278, 3359 278, 3359 256, 3348 256, 3337 256, 3337 278, 3326 278, 3326 289, 3326 294.5))",22.630888000000002,Highland,51023,Greater Lancer and Westbury Wharf,"(3348.0, 281.6666666666667)"
Tenna Court,TC02,Westbury Wharf,"POLYGON ((3331.5 300, 3326 300, 3326 305, 3326 310, 3326 320, 3326 330, 3326 340, 3337 340, 3348 340, 3370 340, 3370 330, 3370 320, 3370 310, 3370 305, 3370 300, 3359 300, 3348 300, 3342.5 300, 3337 300, 3331.5 300))",27.431378,Highland,50170,Greater Lancer and Westbury Wharf,"(3348.0, 320.0)"
Tenna Court,TC03,Westbury Wharf,"POLYGON ((3281 322, 3281 331, 3281 340, 3290 340, 3308 340, 3317 340, 3326 340, 3326 330, 3326 320, 3326 310, 3326 305, 3326 300, 3317 300, 3308 300, 3281 300, 3281 322))",28.054819000000002,Highland,42434,Greater Lancer and Westbury Wharf,"(3303.5, 320.0)"
Tenna Court,TC04,Westbury Wharf,"POLYGON ((3348 218, 3281 218, 3281 256, 3281 300, 3308 300, 3317 300, 3326 300, 3326 294.5, 3326 289, 3326 278, 3337 278, 3337 256, 3348 256, 3348 218))",74.3141,Highland,18545,Greater Lancer and Westbury Wharf,"(3310.7948825503354, 255.5486577181208)"
Tenna Court,TC05,Westbury Wharf,"POLYGON ((3348 218, 3348 256, 3359 256, 3359 278, 3370 278, 3370 289, 3370 300, 3381 300, 3386.5 300, 3392 300, 3414 300, 3414 340, 3447 340, 3480 340, 3549 340, 3549 218, 3392 218, 3370 218, 3348 218))",329.737641,Highland,26386,Greater Lancer and Westbury Wharf,"(3460.057383248251, 273.7922102476839)"
Tenna Court,TC06,Westbury Wharf,"POLYGON ((3370 310, 3370 320, 3370 330, 3370 340, 3392 340, 3414 340, 3414 300, 3392 300, 3386.5 300, 3381 300, 3370 300, 3370 305, 3370 310))",27.431379,Highland,26265,Greater Lancer and Westbury Wharf,"(3392.0, 320.0)"
Tedding Temple,TD01,East Tedding,"POLYGON ((2952 1297.6, 2952 1299.35, 2952 1302.77, 2952 1306.9, 2952 1312, 2952.64 1312, 2958.31 1312, 2960.94 1312, 2966.6 1312, 2973.6 1312, 2973.67 1312, 2984.1 1312, 2992.5 1312, 2993.7 1312, 2996 1312, 2996 1306.89, 2996 1301.82, 2996 1297.06, 2996 1294.68, 2996 1292.19, 2996 1290, 2996 1286.08, 2996 1281.24, 2996 1278.03, 2996 1277, 2996 1275.5, 2996 1269.84, 2996 1268, 2995.48 1268, 2990.95 1268, 2986.28 1268, 2980.56 1268, 2975.87 1268, 2971.91 1268, 2968.52 1268, 2965.09 1268, 2960.66 1268, 2958.8 1268, 2957.05 1268, 2952 1268, 2952 1271.02, 2952 1274.13, 2952 1276.38, 2952 1283.04, 2952 1295.34, 2952 1297.6))",30.174512999999997,Capital,212174,The Temple,"(2973.9999999999995, 1289.9999999999995)"
Tedding Temple,TD02,Tedding Market,"POLYGON ((2996 1278.03, 2996 1281.24, 2996 1286.08, 2996 1290, 2999.17 1290, 3000.88 1290, 3003.05 1290, 3006.06 1290, 3006.93 1290, 3008.87 1290, 3010.59 1290, 3012.35 1290, 3016.43 1290, 3016.44 1290, 3018 1290, 3018 1288.17, 3018 1287.67, 3018 1284.6, 3018 1282.34, 3018 1274.74, 3018 1271.88, 3018 1268, 3017.05 1268, 3014.89 1268, 3014.86 1268, 3007.72 1268, 3005.8 1268, 3000.78 1268, 2996 1268, 2996 1269.84, 2996 1275.5, 2996 1277, 2996 1278.03))",7.54368,Capital,71700,Tedding Market,"(3006.9999999999995, 1279.0)"
Tedding Temple,TD03,Tedding Market,"POLYGON ((2999.17 1290, 2996 1290, 2996 1292.19, 2996 1294.68, 2996 1297.06, 2996 1301.82, 2996 1306.89, 2996 1312, 2998.01 1312, 3002.27 1312, 3006.25 1312, 3010.63 1312, 3018 1312, 3018 1306.39, 3018 1297.91, 3018 1295.52, 3018 1293.26, 3018 1291.84, 3018 1290, 3016.44 1290, 3016.43 1290, 3012.35 1290, 3010.59 1290, 3008.87 1290, 3006.93 1290, 3006.06 1290, 3003.05 1290, 3000.88 1290, 2999.17 1290))",7.543632000000001,Capital,48649,Tedding Market,"(3007.0000000000005, 1301.0000000000002)"
Tedding Temple,TD04,Tedding Market,"POLYGON ((3021.9 1290, 3018 1290, 3018 1291.84, 3018 1293.26, 3018 1295.52, 3018 1297.91, 3018 1306.39, 3018 1312, 3018.69 1312, 3024.96 1312, 3026.37 1312, 3029.6 1312, 3036.89 1312, 3039.18 1312, 3039.19 1312, 3040 1312, 3040 1311.41, 3040 1308.86, 3040 1307.07, 3040 1305.83, 3040 1302.86, 3040 1301.88, 3040 1300.36, 3040 1298.08, 3040 1293.63, 3040 1292.45, 3040 1290, 3039.08 1290, 3036.67 1290, 3033 1290, 3030.98 1290, 3028.87 1290, 3027.36 1290, 3025.74 1290, 3023.37 1290, 3021.9 1290))",7.543626000000001,Capital,60488,Tedding Market,"(3028.9999999999986, 1300.9999999999995)"
Tedding Temple,TD05,Tedding Market,"POLYGON ((3018 1268, 3018 1271.88, 3018 1274.74, 3018 1282.34, 3018 1284.6, 3018 1287.67, 3018 1288.17, 3018 1290, 3021.9 1290, 3023.37 1290, 3025.74 1290, 3027.36 1290, 3028.87 1290, 3030.98 1290, 3033 1290, 3036.67 1290, 3039.08 1290, 3040 1290, 3040 1289.63, 3040 1287.48, 3040 1284.24, 3040 1280.33, 3040 1277.37, 3040 1274.19, 3040 1271, 3040 1270.92, 3040 1268.8, 3040 1268, 3037.48 1268, 3034.7 1268, 3030.47 1268, 3026.18 1268, 3020.9 1268, 3018 1268))",7.543672999999998,Capital,92905,Tedding Market,"(3029.0000000000005, 1279.0)"
Tedding Temple,TD06,Tedding Market,"POLYGON ((3040 1268.8, 3040 1270.92, 3040 1271, 3040 1274.19, 3040 1277.37, 3040 1280.33, 3040 1284.24, 3040 1287.48, 3040 1289.63, 3040 1290, 3042.24 1290, 3045.07 1290, 3047.14 1290, 3047.15 1290, 3050.69 1290, 3052.89 1290, 3055.89 1290, 3057.31 1290, 3060.13 1290, 3062 1290, 3062 1288.76, 3062 1286.32, 3062 1285.58, 3062 1283.57, 3062 1280.28, 3062 1274.56, 3062 1271.58, 3062 1268, 3056.75 1268, 3051.33 1268, 3046.19 1268, 3042.38 1268, 3040 1268, 3040 1268.8))",7.543626,Capital,113188,Tedding Market,"(3051.0, 1279.0000000000002)"
Tedding Temple,TD07,Tedding Market,"POLYGON ((3040 1293.63, 3040 1298.08, 3040 1300.36, 3040 1301.88, 3040 1302.86, 3040 1305.83, 3040 1307.07, 3040 1308.86, 3040 1311.41, 3040 1312, 3042.25 1312, 3043.82 1312, 3047.89 1312, 3051.34 1312, 3054.27 1312, 3055.14 1312, 3056.87 1312, 3059.8 1312, 3061.37 1312, 3062 1312, 3062 1309.66, 3062 1307.58, 3062 1305.42, 3062 1301.17, 3062 1299.37, 3062 1297.17, 3062 1295.63, 3062 1294.53, 3062 1292.76, 3062 1290, 3060.13 1290, 3057.31 1290, 3055.89 1290, 3052.89 1290, 3050.69 1290, 3047.15 1290, 3047.14 1290, 3045.07 1290, 3042.24 1290, 3040 1290, 3040 1292.45, 3040 1293.63))",7.543630000000001,Capital,83030,Tedding Market,"(3051.0000000000005, 1301.0000000000002)"
Tedding Temple,TD08,Tedding Market,"POLYGON ((3062 1299.37, 3062 1301.17, 3062 1305.42, 3062 1307.58, 3062 1309.66, 3062 1312, 3062.4 1312, 3064.33 1312, 3066.22 1312, 3066.48 1312, 3069.8 1312, 3073.55 1312, 3075.57 1312, 3077.46 1312, 3077.97 1312, 3080.35 1312, 3084 1312, 3084 1309.43, 3084 1305.22, 3084 1303.27, 3084 1301.5, 3084 1300.07, 3084 1298.22, 3084 1298.21, 3084 1295.55, 3084 1293.95, 3084 1293.71, 3084 1292.78, 3084 1292.75, 3084 1290, 3083.2 1290, 3080.85 1290, 3080.81 1290, 3074.65 1290, 3074.62 1290, 3070.94 1290, 3068.41 1290, 3065.07 1290, 3062.1 1290, 3062 1290, 3062 1292.76, 3062 1294.53, 3062 1295.63, 3062 1297.17, 3062 1299.37))",7.543629,Capital,72022,Tedding Market,"(3073.0, 1301.0)"
Tedding Temple,TD09,Tedding Market,"POLYGON ((3062 1268, 3062 1271.58, 3062 1274.56, 3062 1280.28, 3062 1283.57, 3062 1285.58, 3062 1286.32, 3062 1288.76, 3062 1290, 3062.1 1290, 3065.07 1290, 3068.41 1290, 3070.94 1290, 3074.62 1290, 3074.65 1290, 3080.81 1290, 3080.85 1290, 3083.2 1290, 3084 1290, 3084 1288.33, 3084 1286.54, 3084 1283.67, 3084 1282.28, 3084 1282.23, 3084 1279.1, 3084 1279.06, 3084 1275.67, 3084 1273.58, 3084 1268, 3079.8 1268, 3075.59 1268, 3071.18 1268, 3067.95 1268, 3065.84 1268, 3062 1268))",7.543629999999999,Capital,121115,Tedding Market,"(3073.0, 1279.0)"
Tedding Temple,TD10,Tedding Market,"POLYGON ((3070.47 1246, 3067.19 1246, 3063.08 1246, 3062 1246, 3062 1246.19, 3062 1248.49, 3062 1256.05, 3062 1262.9, 3062 1268, 3065.84 1268, 3067.95 1268, 3071.18 1268, 3075.59 1268, 3079.8 1268, 3084 1268, 3084 1264.62, 3084 1261.24, 3084 1257.62, 3084 1252.31, 3084 1248.37, 3084 1246, 3082.04 1246, 3078.97 1246, 3073.75 1246, 3070.47 1246))",7.543627000000001,Capital,108421,Tedding Market,"(3073.0, 1257.0)"
Tedding Temple,TD11,Tedding Market,"POLYGON ((3062 1229.17, 3062 1232.08, 3062 1235.78, 3062 1237.08, 3062 1238.66, 3062 1246, 3063.08 1246, 3067.19 1246, 3070.47 1246, 3073.75 1246, 3078.97 1246, 3082.04 1246, 3084 1246, 3084 1243.59, 3084 1243.57, 3084 1237.37, 3084 1235.34, 3084 1233.81, 3084 1230.78, 3084 1228.11, 3084 1226.09, 3084 1223, 3081.74 1223, 3079.48 1223, 3075.18 1223, 3068.6 1223, 3065.3 1223, 3062 1223, 3062 1226.27, 3062 1229.17))",7.886522,Capital,110666,Tedding Market,"(3073.0, 1234.5000000000002)"
Tedding Temple,TD12,Tedding Market,"POLYGON ((3040 1226.36, 3040 1227.36, 3040 1229.47, 3040 1230.63, 3040 1234.45, 3040 1234.73, 3040 1239.99, 3040 1240.06, 3040 1243.65, 3040 1245.72, 3040 1246, 3042.77 1246, 3044.13 1246, 3045.94 1246, 3047.34 1246, 3050.16 1246, 3053.81 1246, 3057.45 1246, 3061.82 1246, 3062 1246, 3062 1238.66, 3062 1237.08, 3062 1235.78, 3062 1232.08, 3062 1229.17, 3062 1226.27, 3062 1223, 3054.93 1223, 3051.96 1223, 3045.79 1223, 3042.41 1223, 3040 1223, 3040 1226.36))",7.886521,Capital,102673,Tedding Market,"(3051.0, 1234.4999999999998)"
Tedding Temple,TD13,Tedding Market,"POLYGON ((3040 1251.81, 3040 1254.41, 3040 1257.01, 3040 1259.43, 3040 1261.72, 3040 1265.32, 3040 1268, 3042.38 1268, 3046.19 1268, 3051.33 1268, 3056.75 1268, 3062 1268, 3062 1262.9, 3062 1256.05, 3062 1248.49, 3062 1246.19, 3062 1246, 3061.82 1246, 3057.45 1246, 3053.81 1246, 3050.16 1246, 3047.34 1246, 3045.94 1246, 3044.13 1246, 3042.77 1246, 3040 1246, 3040 1248.55, 3040 1250.88, 3040 1251.81))",7.543627000000001,Capital,107975,Tedding Market,"(3050.9999999999995, 1257.0)"
Tedding Temple,TD14,Tedding Market,"POLYGON ((3018 1246, 3018 1249.66, 3018 1255.41, 3018 1260.3, 3018 1264.94, 3018 1268, 3020.9 1268, 3026.18 1268, 3030.47 1268, 3034.7 1268, 3037.48 1268, 3040 1268, 3040 1265.32, 3040 1261.72, 3040 1259.43, 3040 1257.01, 3040 1254.41, 3040 1251.81, 3040 1250.88, 3040 1248.55, 3040 1246, 3037.81 1246, 3034.55 1246, 3030.99 1246, 3025.97 1246, 3020.94 1246, 3018 1246))",7.54363,Capital,90717,Tedding Market,"(3029.0000000000005, 1257.0000000000002)"
Tedding Temple,TD15,Tedding Market,"POLYGON ((3018 1233.49, 3018 1237.37, 3018 1241.64, 3018 1246, 3020.94 1246, 3025.97 1246, 3030.99 1246, 3034.55 1246, 3037.81 1246, 3040 1246, 3040 1245.72, 3040 1243.65, 3040 1240.06, 3040 1239.99, 3040 1234.73, 3040 1234.45, 3040 1230.63, 3040 1229.47, 3040 1227.36, 3040 1226.36, 3040 1223, 3035.26 1223, 3030.52 1223, 3023.96 1223, 3018 1223, 3018 1225.09, 3018 1229.44, 3018 1233.49))",7.886522,Capital,79427,Tedding Market,"(3028.999999999999, 1234.4999999999998)"
Tedding Temple,TD16,East Tedding,"POLYGON ((2996 1237.24, 2996 1241.42, 2996 1245.08, 2996 1246, 2997.31 1246, 2998.57 1246, 2999.44 1246, 3001.5 1246, 3003.79 1246, 3007.39 1246, 3011.44 1246, 3011.72 1246, 3015.57 1246, 3018 1246, 3018 1241.64, 3018 1237.37, 3018 1233.49, 3018 1229.44, 3018 1225.09, 3018 1223, 3016.49 1223, 3012.23 1223, 3008.13 1223, 3004.19 1223, 2996 1223, 2996 1225.49, 2996 1232.03, 2996 1237.24))",7.886521000000001,Capital,59251,The Temple,"(3006.9999999999995, 1234.5000000000002)"
Tedding Temple,TD17,East Tedding,"POLYGON ((2952 1258.19, 2952 1262.21, 2952 1264.82, 2952 1268, 2957.05 1268, 2958.8 1268, 2960.66 1268, 2965.09 1268, 2968.52 1268, 2971.91 1268, 2975.87 1268, 2980.56 1268, 2986.28 1268, 2990.95 1268, 2995.48 1268, 2996 1268, 3000.78 1268, 3005.8 1268, 3007.72 1268, 3014.86 1268, 3014.89 1268, 3017.05 1268, 3018 1268, 3018 1264.94, 3018 1260.3, 3018 1255.41, 3018 1249.66, 3018 1246, 3015.57 1246, 3011.72 1246, 3011.44 1246, 3007.39 1246, 3003.79 1246, 3001.5 1246, 2999.44 1246, 2998.57 1246, 2997.31 1246, 2996 1246, 2994.08 1246, 2993.72 1246, 2989.6 1246, 2988.04 1246, 2985.17 1246, 2984.33 1246, 2982.94 1246, 2981.96 1246, 2979.78 1246, 2976.93 1246, 2973.28 1246, 2969.19 1246, 2964.72 1246, 2964.26 1246, 2960.02 1246, 2959.49 1246, 2954.35 1246, 2952 1246, 2952 1246.53, 2952 1252.88, 2952 1255.44, 2952 1258.19))",22.630882999999997,Capital,204144,The Temple,"(2985.0000000000005, 1257.0)"
Tedding Temple,TD18,East Tedding,"POLYGON ((2952 1236.18, 2952 1242.62, 2952 1246, 2954.35 1246, 2959.49 1246, 2960.02 1246, 2964.26 1246, 2964.72 1246, 2969.19 1246, 2973.28 1246, 2976.93 1246, 2979.78 1246, 2981.96 1246, 2982.94 1246, 2984.33 1246, 2985.17 1246, 2988.04 1246, 2989.6 1246, 2993.72 1246, 2994.08 1246, 2996 1246, 2996 1245.08, 2996 1241.42, 2996 1237.24, 2996 1232.03, 2996 1225.49, 2996 1223, 2993.29 1223, 2987.7 1223, 2982.01 1223, 2972.98 1223, 2963.73 1223, 2952 1223, 2952 1226.45, 2952 1230.76, 2952 1236.18))",15.773058,Capital,96066,The Temple,"(2974.0, 1234.5000000000002)"
Tedding Temple,TD19,East Tedding,"POLYGON ((2908 1226.34, 2908 1237.21, 2908 1240.54, 2908 1244.57, 2908 1251.48, 2908 1253.82, 2908 1257.76, 2908 1261.23, 2908 1263.38, 2908 1264.17, 2908 1265.99, 2908 1268, 2912.3 1268, 2916.28 1268, 2916.71 1268, 2920.12 1268, 2924.98 1268, 2925.84 1268, 2935.6 1268, 2939.81 1268, 2942.67 1268, 2948.89 1268, 2952 1268, 2952 1264.82, 2952 1262.21, 2952 1258.19, 2952 1255.44, 2952 1252.88, 2952 1246.53, 2952 1246, 2952 1242.62, 2952 1236.18, 2952 1230.76, 2952 1226.45, 2952 1223, 2944.92 1223, 2932.64 1223, 2920.37 1223, 2908 1223, 2908 1226.34))",30.861782999999996,Capital,310653,The Temple,"(2929.9999999999995, 1245.5)"
Tedding Temple,TD20,East Tedding,"POLYGON ((2912.3 1268, 2908 1268, 2908 1271.09, 2908 1274.17, 2908 1278.66, 2908 1279.34, 2908 1282.33, 2908 1284.36, 2908 1289.28, 2908 1295.24, 2908 1296.47, 2908 1303.73, 2908 1312, 2912.01 1312, 2917.28 1312, 2921.76 1312, 2925.82 1312, 2934.63 1312, 2944.67 1312, 2952 1312, 2952 1306.9, 2952 1302.77, 2952 1299.35, 2952 1297.6, 2952 1295.34, 2952 1283.04, 2952 1276.38, 2952 1274.13, 2952 1271.02, 2952 1268, 2948.89 1268, 2942.67 1268, 2939.81 1268, 2935.6 1268, 2925.84 1268, 2924.98 1268, 2920.12 1268, 2916.71 1268, 2916.28 1268, 2912.3 1268))",30.174518,Capital,303407,The Temple,"(2929.9999999999986, 1289.9999999999998)"
Twicken Meads,TM01,Twicken Meads,"POLYGON ((3150 1268, 3150 1272.13, 3150 1275.45, 3150 1277.25, 3150 1279.99, 3150 1283.57, 3150 1286.02, 3150 1286.11, 3150 1287.49, 3150 1289.65, 3150 1290, 3150.04 1290, 3156.1 1290, 3157.53 1290, 3158.67 1290, 3161.35 1290, 3164.67 1290, 3166.75 1290, 3168.76 1290, 3172 1290, 3172 1287.94, 3172 1284.82, 3172 1281.51, 3172 1279.71, 3172 1274.88, 3172 1270.91, 3172 1268, 3170.67 1268, 3168.77 1268, 3165.66 1268, 3161.69 1268, 3156.13 1268, 3154.58 1268, 3150 1268))",7.543629999999999,Capital,125420,Twicken Common,"(3161.0, 1278.9999999999998)"
Twicken Meads,TM02,Twicken Meads,"POLYGON ((3089.62 1290, 3086.02 1290, 3084 1290, 3084 1292.75, 3084 1292.78, 3084 1293.71, 3084 1293.95, 3084 1295.55, 3084 1298.21, 3084 1298.22, 3084 1300.07, 3084 1301.5, 3084 1303.27, 3084 1305.22, 3084 1309.43, 3084 1312, 3085.23 1312, 3087.26 1312, 3088.656920908525 1312, 3088.6611 1311.5203, 3088.6569 1312.0024, 3089.3736 1312.003, 3089.3736374269006 1312, 3092.15 1312, 3093.68 1312, 3096.75 1312, 3097.7 1312, 3099.2 1312, 3100.68 1312, 3102.71 1312, 3107.21 1312, 3109.7 1312, 3111.93 1312, 3114.53 1312, 3116.73 1312, 3119.26 1312, 3122.23 1312, 3128 1312, 3132.57 1312, 3136.4 1312, 3139.57 1312, 3142.67 1312, 3147.63 1312, 3150 1312, 3152.69 1312, 3156.74 1312, 3162.01 1312, 3167.74 1312, 3172 1312, 3172 1310.39, 3172 1305.11, 3172 1303.77, 3172 1299.68, 3172 1295.56, 3172 1292.01, 3172 1290, 3168.76 1290, 3166.75 1290, 3164.67 1290, 3161.35 1290, 3158.67 1290, 3157.53 1290, 3156.1 1290, 3150.04 1290, 3150 1290, 3150 1289.65, 3150 1287.49, 3150 1286.11, 3150 1286.02, 3150 1283.57, 3150 1279.99, 3150 1277.25, 3150 1275.45, 3150 1272.13, 3150 1268, 3146.77 1268, 3146.76 1268, 3142.41 1268, 3140.83 1268, 3139.24 1268, 3137.42 1268, 3133.75 1268, 3128.76 1268, 3128 1268, 3122.23 1268, 3113.03 1268, 3107.45 1268, 3106 1268, 3106 1270.82, 3106 1275.88, 3106 1281.1, 3106 1281.87, 3106 1282.63, 3106 1288.15, 3106 1290, 3105.06 1290, 3101.59 1290, 3099.46 1290, 3096.97 1290, 3093.5 1290, 3089.62 1290), (3135.25 1310.45, 3135.25 1310.46, 3134.8 1310.6, 3135.25 1310.45), (3141.73 1279.78, 3140.81 1279.58, 3140.98 1279.59, 3141.73 1279.78))",45.26159,Capital,457437,Twicken Bush,"(3127.9999122796335, 1293.6667256903438)"
Twicken Meads,TM03,Twicken Meads,"POLYGON ((3084 1268, 3084 1273.58, 3084 1275.67, 3084 1279.06, 3084 1279.1, 3084 1282.23, 3084 1282.28, 3084 1283.67, 3084 1286.54, 3084 1288.33, 3084 1290, 3086.02 1290, 3089.62 1290, 3093.5 1290, 3096.97 1290, 3099.46 1290, 3101.59 1290, 3105.06 1290, 3106 1290, 3106 1288.15, 3106 1282.63, 3106 1281.87, 3106 1281.1, 3106 1275.88, 3106 1270.82, 3106 1268, 3103.1 1268, 3097.42 1268, 3094.48 1268, 3090.65 1268, 3087.29 1268, 3084 1268))",7.543628,Capital,113755,Twicken Bush,"(3095.0000000000005, 1279.0)"
Twicken Meads,TM04,Twicken Meads,"POLYGON ((3086.33 1246, 3084 1246, 3084 1248.37, 3084 1252.31, 3084 1257.62, 3084 1261.24, 3084 1264.62, 3084 1268, 3087.29 1268, 3090.65 1268, 3094.48 1268, 3097.42 1268, 3103.1 1268, 3106 1268, 3106 1265.99, 3106 1263.98, 3106 1261.57, 3106 1255.69, 3106 1250.36, 3106 1248.08, 3106 1246, 3102.93 1246, 3101.45 1246, 3097.29 1246, 3091.11 1246, 3088.67 1246, 3086.33 1246))",7.543647000000001,Capital,115912,Twicken Bush,"(3095.0000000000005, 1257.0)"
Twicken Meads,TM05,Twicken Meads,"POLYGON ((3084 1230.78, 3084 1233.81, 3084 1235.34, 3084 1237.37, 3084 1243.57, 3084 1243.59, 3084 1246, 3086.33 1246, 3088.67 1246, 3091.11 1246, 3097.29 1246, 3101.45 1246, 3102.93 1246, 3106 1246, 3106 1244.99, 3106 1244.93, 3106 1239.67, 3106 1234.43, 3106 1234.31, 3106 1230.72, 3106 1227.12, 3106 1223, 3101.3 1223, 3090.78 1223, 3084 1223, 3084 1226.09, 3084 1228.11, 3084 1230.78))",7.886521,Capital,111158,Twicken Bush,"(3095.0000000000005, 1234.5)"
Twicken Meads,TM06,Twicken Meads,"POLYGON ((3106 1234.43, 3106 1239.67, 3106 1244.93, 3106 1244.99, 3106 1246, 3106 1248.08, 3106 1250.36, 3106 1255.69, 3106 1261.57, 3106 1263.98, 3106 1265.99, 3106 1268, 3107.45 1268, 3113.03 1268, 3122.23 1268, 3128 1268, 3128 1266.87, 3128 1262.96, 3128 1257.43, 3128 1251.18, 3128 1248.21, 3128 1245.24, 3128 1239.68, 3128 1234.12, 3128 1228.56, 3128 1223, 3124.13 1223, 3113.64 1223, 3108.07 1223, 3106 1223, 3106 1227.12, 3106 1230.72, 3106 1234.31, 3106 1234.43))",15.43015,Capital,194227,Twicken Bush,"(3116.9999999999995, 1245.5)"
Twicken Meads,TM07,Twicken Meads,"POLYGON ((3128 1239.68, 3128 1245.24, 3128 1248.21, 3128 1251.18, 3128 1257.43, 3128 1262.96, 3128 1266.87, 3128 1268, 3128.76 1268, 3133.75 1268, 3137.42 1268, 3139.24 1268, 3140.83 1268, 3142.41 1268, 3146.76 1268, 3146.77 1268, 3150 1268, 3150 1262.78, 3150 1261.5, 3150 1258.19, 3150 1254.89, 3150 1247.03, 3150 1246, 3150 1244.35, 3150 1239.03, 3150 1233.86, 3150 1230.24, 3150 1225.85, 3150 1223, 3133.29 1223, 3128 1223, 3128 1228.56, 3128 1234.12, 3128 1239.68))",15.430147000000002,Capital,166622,Twicken Bush,"(3139.0, 1245.5000000000002)"
Twicken Meads,TM08,Twicken Meads,"POLYGON ((3150 1230.24, 3150 1233.86, 3150 1239.03, 3150 1244.35, 3150 1246, 3155.78 1246, 3161.57 1246, 3162.81 1246, 3167.35 1246, 3174.24 1246, 3177.03 1246, 3183.44 1246, 3185.48 1246, 3188.77 1246, 3193.67 1246, 3196.05 1246, 3197.86 1246, 3205 1246, 3205 1237.53, 3205 1236.36, 3205 1233.79, 3205 1229.37, 3205 1223, 3203.72 1223, 3202.66 1223, 3184.98 1223, 3181.93 1223, 3167.5 1223, 3154.67 1223, 3150 1223, 3150 1225.85, 3150 1230.24))",19.716305,Capital,130534,Twicken Common,"(3177.5, 1234.5)"
Twicken Meads,TM09,Twicken Meads,"POLYGON ((3205 1223, 3205 1229.37, 3205 1233.79, 3205 1236.36, 3205 1237.53, 3205 1246, 3213.81 1246, 3220.43 1246, 3222.68 1246, 3228.69 1246, 3232.46 1246, 3235 1246, 3235 1245.0119, 3235 1238.7215, 3235 1235.5706, 3235 1234.6817, 3235 1234.68, 3235 1225.7584, 3235 1223, 3232.49 1223, 3222.08 1223, 3218.25 1223, 3212.76 1223, 3205 1223))",10.754346,Capital,108585,Twicken Common,"(3220.0, 1234.4999999999998)"
Twicken Meads,TM10,Twicken Meads,"POLYGON ((3205 1246, 3205 1246.96, 3205 1251.74, 3205 1259.94, 3205 1266.83, 3205 1269.08, 3205 1273.59, 3205 1284.7, 3205 1290, 3208.14 1290, 3216.8 1290, 3230.79 1290, 3232.67 1290, 3235 1290, 3235 1283.6593, 3235 1282.6625, 3235 1282.66, 3235 1278.9937, 3235 1278.99, 3235 1275.3249, 3235 1275.32, 3235 1273.4927, 3235 1266.7868, 3235 1262.12, 3235 1262.1168, 3235 1260.2851, 3235 1258.61, 3235 1258.607, 3235 1253.204, 3235 1253.2, 3235 1247.6985, 3235 1247.0345, 3235 1246, 3232.46 1246, 3228.69 1246, 3222.68 1246, 3220.43 1246, 3213.81 1246, 3205 1246))",20.573538,Capital,124425,Twicken Common,"(3219.999999999999, 1268.0000000000002)"
Twicken Meads,TM11,Twicken Meads,"POLYGON ((3150 1246, 3150 1247.03, 3150 1254.89, 3150 1258.19, 3150 1261.5, 3150 1262.78, 3150 1268, 3154.58 1268, 3156.13 1268, 3161.69 1268, 3165.66 1268, 3168.77 1268, 3170.67 1268, 3172 1268, 3172 1270.91, 3172 1274.88, 3172 1279.71, 3172 1281.51, 3172 1284.82, 3172 1287.94, 3172 1290, 3174.95 1290, 3182.38 1290, 3184.15 1290, 3193.08 1290, 3198.1 1290, 3200.85 1290, 3202.26 1290, 3205 1290, 3205 1284.7, 3205 1273.59, 3205 1269.08, 3205 1266.83, 3205 1259.94, 3205 1251.74, 3205 1246.96, 3205 1246, 3197.86 1246, 3196.05 1246, 3193.67 1246, 3188.77 1246, 3185.48 1246, 3183.44 1246, 3177.03 1246, 3174.24 1246, 3167.35 1246, 3162.81 1246, 3161.57 1246, 3155.78 1246, 3150 1246))",30.174522000000007,Capital,155531,Twicken Common,"(3181.6250000000005, 1265.25)"
Twicken Meads,TM12,Twicken Meads,"POLYGON ((3172 1299.68, 3172 1303.77, 3172 1305.11, 3172 1310.39, 3172 1312, 3179.34 1312, 3183.54 1312, 3185.63 1312, 3188.22 1312, 3192.96 1312, 3194.15 1312, 3195.63 1312, 3198.98 1312, 3200.75 1312, 3202.45 1312, 3205 1312, 3205 1311.01, 3205 1305.53, 3205 1301.79, 3205 1296.45, 3205 1293.99, 3205 1290, 3202.26 1290, 3200.85 1290, 3198.1 1290, 3193.08 1290, 3184.15 1290, 3182.38 1290, 3174.95 1290, 3172 1290, 3172 1292.01, 3172 1295.56, 3172 1299.68))",11.315446999999999,Capital,110977,Twicken Common,"(3188.5000000000005, 1301.0)"
Twicken Meads,TM13,Twicken Meads,"POLYGON ((3205 1290, 3205 1293.99, 3205 1296.45, 3205 1301.79, 3205 1305.53, 3205 1311.01, 3205 1312, 3206.11 1312, 3206.13 1312, 3209.29 1312, 3209.3 1312, 3215.85 1312, 3218.36 1312, 3226.68 1312, 3235 1312, 3235 1304.3637, 3235 1301.8228, 3235 1301.82, 3235 1290, 3232.67 1290, 3230.79 1290, 3216.8 1290, 3208.14 1290, 3205 1290))",10.286763999999998,Capital,102925,Twicken Common,"(3220.0, 1301.0)"
Weslington,W01,Weslington North,"POLYGON ((3260 1260.4277, 3260 1268.7164, 3260 1274.9455, 3260 1278.0613, 3260 1290, 3268.7356 1290, 3272.6469 1290, 3282 1290, 3283.9319 1290, 3289.4554 1290, 3294.9789 1290, 3300.2083 1290, 3304 1290, 3304 1284.2165, 3304 1280.3859, 3304 1272.8524, 3304 1269.4022, 3304 1263.6518, 3304 1258.663, 3304 1257, 3298.9803 1257, 3298.9419 1257, 3288.4435 1257, 3287.2908 1257, 3277.6532 1257, 3273.8863 1257, 3260 1257, 3260 1260.4277))",22.630889,Capital,127711,Upper Weslington and Lower Cotham,"(3282.000000000001, 1273.5000000000005)"
Weslington,W02,Weslington North,"POLYGON ((3235 1234.68, 3235 1234.6817, 3235 1235.5706, 3235 1238.7215, 3235 1245.0119, 3235 1246, 3239.05 1246, 3248.8098 1246, 3252.4748 1246, 3256.6031 1246, 3260 1246, 3260 1251.5, 3260 1257, 3273.8863 1257, 3277.6532 1257, 3287.2908 1257, 3288.4435 1257, 3298.9419 1257, 3298.9803 1257, 3304 1257, 3304 1248.0166, 3304 1239.0345, 3304 1227.0809, 3304 1223, 3296.4214 1223, 3285.5616 1223, 3282 1223, 3272.9199 1223, 3259.2938 1223, 3249.0482 1223, 3241.1011 1223, 3237.9462 1223, 3235 1223, 3235 1225.7584, 3235 1234.68))",32.278627,Capital,208715,Upper Weslington and Lower Cotham,"(3272.42129406084, 1238.4729599227423)"
Weslington,W03,Weslington North,"POLYGON ((3235 1247.0345, 3235 1247.6985, 3235 1253.2, 3235 1253.204, 3235 1258.607, 3235 1258.61, 3235 1260.2851, 3235 1262.1168, 3235 1262.12, 3235 1266.7868, 3235 1273.4927, 3235 1275.32, 3235 1275.3249, 3235 1278.99, 3235 1278.9937, 3235 1282.66, 3235 1282.6625, 3235 1283.6593, 3235 1290, 3241.9031 1290, 3245.5655 1290, 3254.7103 1290, 3260 1290, 3260 1278.0613, 3260 1274.9455, 3260 1268.7164, 3260 1260.4277, 3260 1257, 3260 1251.5, 3260 1246, 3256.6031 1246, 3252.4748 1246, 3248.8098 1246, 3239.05 1246, 3235 1246, 3235 1247.0345))",17.144610999999998,Capital,122762,Upper Weslington and Lower Cotham,"(3247.4999999999995, 1268.0)"
Weslington,W04,Weslington North,"POLYGON ((3241.9031 1290, 3235 1290, 3235 1301.82, 3235 1301.8228, 3235 1304.3637, 3235 1312, 3241.2424 1312, 3243.686 1312, 3247.9978 1312, 3251.5711 1312, 3253.715 1312, 3260 1312, 3260 1306.5842, 3260 1301.464, 3260 1296.9199, 3260 1290, 3254.7103 1290, 3245.5655 1290, 3241.9031 1290))",8.572307000000002,Capital,70956,Upper Weslington and Lower Cotham,"(3247.5, 1300.9999999999998)"
Weslington,W05,Weslington North,"POLYGON ((3260 1306.5842, 3260 1312, 3261.094 1312, 3267.4747 1312, 3273.7142 1312, 3277.8571 1312, 3282 1312, 3282 1306.9759, 3282 1305.3756, 3282 1296.3187, 3282 1292.5005, 3282 1290, 3272.6469 1290, 3268.7356 1290, 3260 1290, 3260 1296.9199, 3260 1301.464, 3260 1306.5842))",7.543628999999999,Capital,56953,Upper Weslington and Lower Cotham,"(3271.0, 1301.0)"
Weslington,W06,Weslington North,"POLYGON ((3304 1239.0345, 3304 1248.0166, 3304 1257, 3304 1258.663, 3304 1263.6518, 3304 1269.4022, 3304 1272.8524, 3304 1280.3859, 3304 1284.2165, 3304 1290, 3300.2083 1290, 3294.9789 1290, 3289.4554 1290, 3283.9319 1290, 3282 1290, 3282 1292.5005, 3282 1296.3187, 3282 1305.3756, 3282 1306.9759, 3282 1312, 3291.2752 1312, 3300.5503 1312, 3313.2862 1312, 3318.2874 1312, 3321.484 1312, 3326 1312, 3326 1297.5049, 3326 1283.0098, 3326 1282.9262, 3326 1257.0194, 3326 1223, 3304 1223, 3304 1227.0809, 3304 1239.0345))",38.061038999999994,Capital,108875,Upper Weslington and Lower Cotham,"(3310.6396396396394, 1274.1396396396397)"
Weslington,W07,Weslington North,"POLYGON ((3282 1174.0006, 3282 1179.0012, 3282 1192.6861, 3282 1197.2477, 3282 1201.0778, 3282 1203.0441, 3282 1206.2755, 3282 1209.5069, 3282 1212.7383, 3282 1215.9697, 3282 1223, 3285.5616 1223, 3296.4214 1223, 3304 1223, 3326 1223, 3326 1197.1235, 3326 1188.6808, 3326 1166.6104, 3326 1158, 3312.3195 1158, 3300.7523 1158, 3293 1158, 3293 1160.2953, 3293 1165.3593, 3293 1169, 3289.5358 1169, 3282 1169, 3282 1174.0006))",42.690084000000006,Capital,130695,Mid Weslington,"(3304.728915662651, 1191.6927710843377)"
Weslington,W08,Weslington North,"POLYGON ((3271 1147, 3271 1148.816, 3271 1154.539, 3271 1158, 3271 1163.6956, 3271 1166.2358, 3271 1169, 3273.1008 1169, 3277.5933 1169, 3282 1169, 3289.5358 1169, 3293 1169, 3293 1165.3593, 3293 1160.2953, 3293 1158, 3293 1156.0644, 3293 1149.9334, 3293 1147, 3287.1876 1147, 3282 1147, 3277.7646 1147, 3271 1147))",7.54363,Capital,93050,Mid Weslington,"(3282.0, 1158.0)"
Weslington,W09,Weslington North,"POLYGON ((3235 1180, 3235 1186.4326, 3235 1191.5283, 3235 1204.0381, 3235 1207.9977, 3235 1223, 3237.9462 1223, 3241.1011 1223, 3249.0482 1223, 3259.2938 1223, 3272.9199 1223, 3282 1223, 3282 1215.9697, 3282 1212.7383, 3282 1209.5069, 3282 1206.2755, 3282 1203.0441, 3282 1201.0778, 3282 1197.2477, 3282 1192.6861, 3282 1179.0012, 3282 1174.0006, 3282 1169, 3277.5933 1169, 3273.1008 1169, 3271 1169, 3271 1166.2358, 3271 1163.6956, 3271 1158, 3264.3617 1158, 3260 1158, 3260 1161.7595, 3260 1166.1349, 3260 1171.7449, 3260 1176.6857, 3260 1180, 3256.8658 1180, 3252.2551 1180, 3245.2203 1180, 3239.152 1180, 3235 1180))",37.15704699999999,Capital,286973,Mid Weslington,"(3260.1241610738266, 1196.830536912752)"
Weslington,W10,Weslington South,"POLYGON ((3235 1167.8471, 3235 1175.4427, 3235 1180, 3239.152 1180, 3245.2203 1180, 3252.2551 1180, 3256.8658 1180, 3260 1180, 3260 1176.6857, 3260 1171.7449, 3260 1166.1349, 3260 1161.7595, 3260 1158, 3260 1152.0765, 3260 1149.9072, 3260 1143.9355, 3260 1140.5817, 3260 1136, 3255.3643 1136, 3252.3395 1136, 3249.6291 1136, 3247.5412 1136, 3243.9875 1136, 3239.4938 1136, 3235 1136, 3235 1143.6264, 3235 1149.8407, 3235 1157.6048, 3235 1167.8471))",17.144613,Capital,124569,Mid Weslington,"(3247.5, 1158.0000000000002)"
Weslington,W11,Weslington South,"POLYGON ((3241.0014 1092, 3238.0007 1092, 3235 1092, 3235 1099.1817, 3235 1105.3167, 3235 1112.9352, 3235 1127.1538, 3235 1136, 3239.4938 1136, 3243.9875 1136, 3247.5412 1136, 3249.6291 1136, 3252.3395 1136, 3255.3643 1136, 3260 1136, 3260 1140.5817, 3260 1143.9355, 3260 1149.9072, 3260 1152.0765, 3260 1158, 3264.3617 1158, 3271 1158, 3271 1154.539, 3271 1148.816, 3271 1147, 3277.7646 1147, 3282 1147, 3282 1138.2462, 3282 1136.0577, 3282 1135.3282, 3282 1128.4915, 3282 1113.0685, 3282 1110.7446, 3282 1103.8735, 3282 1092, 3279.6716 1092, 3279.6015 1092, 3273.5999 1092, 3268.6891 1092, 3264.8992 1092, 3260 1092, 3251.6954 1092, 3243.2777 1092, 3241.0014 1092))",37.889593,Capital,299515,Mid Weslington,"(3260.092760180995, 1118.653846153846)"
Weslington,W12,Weslington South,"POLYGON ((3260 1056.3255, 3260 1059.4119, 3260 1059.8327, 3260 1067.3708, 3260 1077.4151, 3260 1079.413, 3260 1080.412, 3260 1081.4109, 3260 1085.4067, 3260 1092, 3264.8992 1092, 3268.6891 1092, 3273.5999 1092, 3279.6015 1092, 3279.6716 1092, 3282 1092, 3289.4412 1092, 3297.3535 1092, 3304 1092, 3304 1087.1225, 3304 1077.5769, 3304 1071.8911, 3304 1067.8261, 3304 1065.7937, 3304 1063.7612, 3304 1060.8014, 3304 1057.2235, 3304 1055.4346, 3304 1053.6456, 3304 1048, 3296.5034 1048, 3288.2399 1048, 3282 1048, 3281.1862 1048, 3279.6952 1048, 3271.9796 1048, 3270.3292 1048, 3269.504 1048, 3268.6788 1048, 3263.7131 1048, 3260 1048, 3260 1050.4551, 3260 1056.3255))",30.174515999999993,Capital,259119,Lower Weslington,"(3282.0000000000005, 1070.0000000000002)"
Weslington,W13,Weslington South,"POLYGON ((3282 1033.8623, 3282 1036.4831, 3282 1039.3529, 3282 1041.1239, 3282 1042.8949, 3282 1045.4475, 3282 1048, 3288.2399 1048, 3296.5034 1048, 3304 1048, 3304 1046.4425, 3304 1044.1749, 3304 1041.9073, 3304 1038.6477, 3304 1036.5891, 3304 1034.5304, 3304 1030.2652, 3304 1026, 3296.6433 1026, 3293.9145 1026, 3286.6283 1026, 3282 1026, 3282 1028.6208, 3282 1031.2416, 3282 1033.8623), (3300.5086 1043.5906, 3300.4371 1045.5113, 3300.4371 1045.5112, 3300.5086 1043.5906))",7.543627000000002,Capital,76681,Lower Weslington,"(3292.999999944892, 1036.9999999418615)"
Weslington,W14,Weslington South,"POLYGON ((3260 1041.1509, 3260 1042.4101, 3260 1048, 3263.7131 1048, 3268.6788 1048, 3269.504 1048, 3270.3292 1048, 3271.9796 1048, 3279.6952 1048, 3281.1862 1048, 3282 1048, 3282 1045.4475, 3282 1042.8949, 3282 1041.1239, 3282 1039.3529, 3282 1036.4831, 3282 1033.8623, 3282 1031.2416, 3282 1028.6208, 3282 1026, 3278.4092 1026, 3274.8185 1026, 3274.319 1026, 3268.8345 1026, 3260 1026, 3260 1029.3375, 3260 1032.6749, 3260 1034.646, 3260 1041.1509))",7.543628,Capital,80694,Lower Weslington,"(3271.0000000000005, 1037.0000000000002)"
Weslington,W15,Weslington South,"POLYGON ((3235 1026, 3235 1027.5889, 3235 1033.9137, 3235 1039.7497, 3235 1042.6677, 3235 1045.5857, 3235 1050.2452, 3235 1052.575, 3235 1054.9047, 3235 1064.2237, 3235 1073.5426, 3235 1078.2021, 3235 1082.8616, 3235 1092, 3238.0007 1092, 3241.0014 1092, 3243.2777 1092, 3251.6954 1092, 3260 1092, 3260 1085.4067, 3260 1081.4109, 3260 1080.412, 3260 1079.413, 3260 1077.4151, 3260 1067.3708, 3260 1059.8327, 3260 1059.4119, 3260 1056.3255, 3260 1050.4551, 3260 1048, 3260 1042.4101, 3260 1041.1509, 3260 1034.646, 3260 1032.6749, 3260 1029.3375, 3260 1026, 3254.6073 1026, 3253.5389 1026, 3251.1942 1026, 3244.4404 1026, 3239.7202 1026, 3235 1026))",25.716918,Capital,149658,Lower Weslington,"(3247.5000000000005, 1059.0)"
Weslington,W16,Weslington South,"POLYGON ((3235 999.345, 3235 1006.7535, 3235 1016.778, 3235 1026, 3239.7202 1026, 3244.4404 1026, 3251.1942 1026, 3253.5389 1026, 3254.6073 1026, 3260 1026, 3260 1025.4132, 3260 1019.2577, 3260 1013.0422, 3260 1008.9457, 3260 1004, 3264.3668 1004, 3270.5403 1004, 3274.4436 1004, 3282 1004, 3282 992.2558, 3282 975.067, 3282 960, 3274.1826 960, 3257.0431 960, 3253.0863 960, 3246.0827 960, 3240.15 960, 3235 960, 3235 964.5201, 3235 983.2675, 3235 991.9365, 3235 999.345))",40.804174,Capital,162757,Lower Weslington,"(3256.1890756302514, 988.9327731092438)"
Weslington,W17,Weslington South,"POLYGON ((3260 1019.2577, 3260 1025.4132, 3260 1026, 3268.8345 1026, 3274.319 1026, 3274.8185 1026, 3278.4092 1026, 3282 1026, 3282 1021.5842, 3282 1017.9357, 3282 1014.2871, 3282 1004, 3274.4436 1004, 3270.5403 1004, 3264.3668 1004, 3260 1004, 3260 1008.9457, 3260 1013.0422, 3260 1019.2577))",7.543626000000001,Capital,78518,Lower Weslington,"(3271.0000000000005, 1014.9999999999999)"
Weslington,W18,Weslington South,"POLYGON ((3282 975.067, 3282 992.2558, 3282 1004, 3282 1014.2871, 3282 1017.9357, 3282 1021.5842, 3282 1026, 3286.6283 1026, 3293.9145 1026, 3296.6433 1026, 3304 1026, 3304 1030.2652, 3304 1034.5304, 3304 1036.5891, 3304 1038.6477, 3304 1041.9073, 3304 1044.1749, 3304 1046.4425, 3304 1048, 3304.6681 1048, 3313.0771 1048, 3317.2815 1048, 3321.486 1048, 3338.3039 1048, 3370 1048, 3370 1034.1779, 3370 965.1254, 3370 960, 3355.3451 960, 3319.1999 960, 3305.3838 960, 3282 960, 3282 975.067))",113.15443599999999,Capital,131582,Lower Weslington,"(3328.2000000000003, 1001.8000000000005)"
Weslington,W19,Weslington South,"POLYGON ((3282 1113.0685, 3282 1128.4915, 3282 1135.3282, 3282 1136.0577, 3282 1138.2462, 3282 1147, 3287.1876 1147, 3293 1147, 3293 1149.9334, 3293 1156.0644, 3293 1158, 3300.7523 1158, 3312.3195 1158, 3326 1158, 3326 1141.3302, 3326 1131.4465, 3326 1118.6729, 3326 1105.8993, 3326 1092, 3331.7355 1092, 3358.2668 1092, 3370 1092, 3370 1070, 3370 1048, 3338.3039 1048, 3321.486 1048, 3317.2815 1048, 3313.0771 1048, 3304.6681 1048, 3304 1048, 3304 1053.6456, 3304 1055.4346, 3304 1057.2235, 3304 1060.8014, 3304 1063.7612, 3304 1065.7937, 3304 1067.8261, 3304 1071.8911, 3304 1077.5769, 3304 1087.1225, 3304 1092, 3297.3535 1092, 3289.4412 1092, 3282 1092, 3282 1103.8735, 3282 1110.7446, 3282 1113.0685))",88.63764000000002,Capital,201701,Lower Weslington,"(3321.2021276595738, 1096.3297872340424)"
Waterstone,WA01,Aqua Corner,"POLYGON ((1754 885, 1774 885, 1774 478, 1754 478, 1754 647, 1698 647, 1698 703, 1698 758, 1754 758, 1754 885))",223.752768,Lowland,20788,Upper Eastland and Readington,"(1747.5463917525774, 690.5927835051547)"
Waterstone,WA02,Aqua Corner,"POLYGON ((1569 703, 1569 757.52, 1569 814, 1661.57 814, 1698 814, 1698 758, 1698 703, 1653.97 703, 1569 703))",223.176086,Lowland,7981,Upper Eastland and Readington,"(1633.5, 758.5)"
Waterstone,WA03,Aqua Corner,"POLYGON ((1569 646.52, 1569 703, 1653.97 703, 1698 703, 1698 647, 1698 592, 1653.97 592, 1569 592, 1569 646.52))",223.176086,Lowland,8478,Upper Eastland and Readington,"(1633.5, 647.5)"
Waterstone,WA04,Aqua Corner,"POLYGON ((1569 646.52, 1569 592, 1456 592, 1456 660, 1456 703, 1456 814, 1569 814, 1569 757.52, 1569 703, 1569 646.52))",390.990662,Lowland,8265,Upper Eastland and Readington,"(1512.5, 703.0)"
Waterstone,WA05,Aqua Corner,"POLYGON ((1456 592, 1456 478, 1754 478, 1754 647, 1698 647, 1698 592, 1653.97 592, 1569 592, 1456 592))",577.492866,Lowland,2232,Upper Eastland and Readington,"(1615.0582964482348, 542.024182230379)"
Waterstone,WA06,Aqua Corner,"POLYGON ((1365 660, 1365 569, 1365 478, 1456 478, 1456 592, 1456 660, 1365 660))",258.135508,Lowland,2617,Upper Eastland and Readington,"(1410.5, 569.0)"
Waterstone,WA07,Aqua Corner,"POLYGON ((1273 569, 1273 478, 1365 478, 1365 569, 1273 569))",130.486081,Lowland,2615,Upper Eastland and Readington,"(1319.0, 523.5)"
Waterstone,WA08,Aqua Corner,"POLYGON ((1273 569, 1273 660, 1365 660, 1365 569, 1273 569))",130.486081,Lowland,2584,Upper Eastland and Readington,"(1319.0, 614.5)"
Waterstone,WA09,Aqua Corner,"POLYGON ((1456 660, 1365 660, 1273 660, 1273 885, 1569 885, 1569 814, 1456 814, 1456 703, 1456 660))",766.80055,Lowland,2084,Upper Eastland and Readington,"(1388.635208748323, 785.0568315785194)"
Waterstone,WA10,Aqua Corner,"POLYGON ((1569 885, 1569 814, 1661.57 814, 1698 814, 1698 758, 1754 758, 1754 885, 1569 885))",253.599979,Lowland,3926,Upper Eastland and Readington,"(1673.9314424436113, 837.2612930981501)"
Waltham Grove,WG01,East Forest,"POLYGON ((2336 58, 2336 102, 2336 198, 2369.5 198, 2403 198, 2403 150, 2403 102, 2403 58, 2336 58))",146.196779,Lowland,38863,East Forest,"(2369.5, 128.0)"
Waltham Grove,WG02,East Forest,"POLYGON ((2292 102, 2292 124, 2292 135, 2292 156.17, 2292 168, 2284.75 168, 2270 168, 2270 198, 2336 198, 2336 102, 2292 102))",76.122076,Lowland,4241,East Forest,"(2309.5405405405404, 154.45945945945945)"
Waltham Grove,WG03,East Forest,"POLYGON ((2257 146, 2248 146, 2248 168, 2266.01 168, 2270 168, 2284.75 168, 2292 168, 2292 156.17, 2292 135, 2292 124, 2292 102, 2281 102, 2270 102, 2270 124, 2270 146, 2257 146))",30.174516000000004,Lowland,37352,East Forest,"(2275.5, 140.5)"
Waltham Grove,WG04,East Forest,"POLYGON ((2270 102, 2270 124, 2270 146, 2257 146, 2248 146, 2248 168, 2266.01 168, 2270 168, 2270 198, 2138 198, 2138 111, 2138 102, 2270 102))",189.962297,Lowland,5105,East Forest,"(2201.8158844765344, 149.72202166064983)"
Waltham Grove,WG05,East Forest,"POLYGON ((2270 102, 2270 -37, 2138 -37, 2138 37, 2138 102, 2270 102))",285.972123,Lowland,5219,East Forest,"(2204.0, 32.5)"
Waltham Grove,WG06,East Forest,"POLYGON ((2270 102, 2270 -37, 2403 -37, 2403 58, 2336 58, 2336 102, 2292 102, 2281 102, 2270 102))",242.191019,Lowland,6497,East Forest,"(2330.2393654675334, 23.488480597207026)"
Waltham Grove,WG07,East Forest,"POLYGON ((2292 -206, 2292 -162, 2270 -162, 2270 -37, 2403 -37, 2403 -206, 2292 -206))",335.239502,Lowland,7056,East Forest,"(2338.9977451299455, -118.68722395276396)"
Waltham Grove,WG08,East Forest,"POLYGON ((2248 -184, 2248 -206, 2292 -206, 2292 -162, 2270 -162, 2270 -184, 2248 -184))",22.630887,Lowland,29061,East Forest,"(2273.6666666666665, -187.66666666666666)"
Waltham Grove,WG09,East Forest,"POLYGON ((2270 -37, 2138 -37, 2138 -97.09, 2138 -184, 2248 -184, 2270 -184, 2270 -162, 2270 -37))",302.43095,Lowland,7287,East Forest,"(2204.0, -110.5)"
Waltham Grove,WG10,East Forest,"POLYGON ((2138 -357, 2138 -184, 2248 -184, 2248 -206, 2292 -206, 2403 -206, 2403 -357, 2138 -357))",661.392361,Lowland,6866,East Forest,"(2266.0802992812537, -276.5670437139154)"
Waltham Grove,WG11,East Forest,"POLYGON ((1822 -357, 1822 -184, 1980 -184, 2138 -184, 2138 -357, 1822 -357))",852.056029,Lowland,16476,East Forest,"(1980.0, -270.5)"
Waltham Grove,WG12,East Forest,"POLYGON ((1822 -97.09, 1822 -91.27, 1822 -82.19, 1822 -71.66, 1822 -62.75, 1822 -37, 1980 -37, 2138 -37, 2138 -97.09, 2138 -184, 1980 -184, 1822 -184, 1822 -140, 1822 -97.09))",724.0013650000001,Lowland,21762,East Forest,"(1980.0, -110.5)"
Waltham Grove,WG13,East Forest,"POLYGON ((1822 36, 1822 111, 1980 111, 2138 111, 2138 102, 2138 37, 2138 -37, 1980 -37, 1822 -37, 1822 36))",728.9265439999999,Lowland,17760,East Forest,"(1980.0, 37.0)"
Waltham Grove,WG14,East Forest,"POLYGON ((1822 198, 1822 111, 1980 111, 2138 111, 2138 198, 2079 198, 1822 198))",428.490604,Lowland,834,East Forest,"(1980.0, 154.5)"
