index,Constituency_Code,Constituency,geometry,Area,Region,Population,centroid
0,C01,The City of Alington,"POLYGON ((2847.15 1268, 2844.44 1268, 2842 1268, 2842 1271.68, 2842 1277.61, 2842 1280.18, 2842 1281.6, 2842 1282.98, 2842 1287.84, 2842 1291.81, 2842 1295.58, 2842 1297.31, 2842 1301.37, 2842 1304.3, 2842 1310.31, 2842 1312, 2842 1318.43, 2842 1324.86, 2842 1334, 2842 1342.35, 2842 1349.48, 2842 1356, 2854 1356, 2864 1356, 2870.2 1356, 2874.58 1356, 2884.34 1356, 2886.99 1356, 2888.82 1356, 2898.41 1356, 2904.4 1356, 2908 1356, 2908 1353.08, 2908 1347.52, 2908 1344.41, 2908 1342.66, 2908 1340.5, 2908 1334, 2908 1329.8, 2908 1323, 2908 1314.28, 2908 1312, 2908 1303.73, 2908 1296.47, 2908 1295.24, 2908 1289.28, 2908 1284.36, 2908 1282.33, 2908 1279.34, 2908 1278.66, 2908 1274.17, 2908 1271.09, 2908 1268, 2906.55 1268, 2899.85 1268, 2898.85 1268, 2894.12 1268, 2893.02 1268, 2890.08 1268, 2885.6 1268, 2881.75 1268, 2878.59 1268, 2876.42 1268, 2871.4 1268, 2870.31 1268, 2865.87 1268, 2865.06 1268, 2861.43 1268, 2861.32 1268, 2856.77 1268, 2854.12 1268, 2850.24 1268, 2848.61 1268, 2847.15 1268))",90.523573,Capital,1244837,"(2875.0, 1312.0000000000007)"
1,C02,Upper Alington,"POLYGON ((2798 1358.4, 2798 1365.61, 2798 1369.97, 2798 1375.22, 2798 1378, 2798 1381.6, 2798 1385.2, 2798 1392.39, 2798 1400, 2805.36 1400, 2809.85 1400, 2816.14 1400, 2820 1400, 2825.42 1400, 2825.64 1400, 2827.4 1400, 2834.1 1400, 2839.37 1400, 2842 1400, 2847.11 1400, 2849.44 1400, 2850.65 1400, 2856.1 1400, 2858.66 1400, 2864 1400, 2870.46 1400, 2880.26 1400, 2883.21 1400, 2886 1400, 2890.16 1400, 2896.49 1400, 2906.11 1400, 2908 1400, 2908 1394.68, 2908 1389, 2908 1382.42, 2908 1379.75, 2908 1378, 2908 1364.68, 2908 1360.05, 2908 1356, 2904.4 1356, 2898.41 1356, 2888.82 1356, 2886.99 1356, 2884.34 1356, 2874.58 1356, 2870.2 1356, 2864 1356, 2854 1356, 2842 1356, 2832.37 1356, 2820 1356, 2814.5 1356, 2811.75 1356, 2806.25 1356, 2798 1356, 2798 1358.4))",75.436287,Capital,929939,"(2853.0000000000014, 1378.0)"
2,C03,Alington Pass,"POLYGON ((2754 1223, 2754 1234.03, 2754 1250.61, 2754 1268, 2754 1277.12, 2754 1286.25, 2754 1304.49, 2754 1312, 2769.13 1312, 2773.85 1312, 2774.05 1312, 2782.1 1312, 2787.22 1312, 2792.61 1312, 2798 1312, 2798 1323, 2798 1328.5, 2798 1334, 2798 1338.59, 2798 1340.81, 2798 1345, 2798 1350.5, 2798 1356, 2806.25 1356, 2811.75 1356, 2814.5 1356, 2820 1356, 2832.37 1356, 2842 1356, 2842 1349.48, 2842 1342.35, 2842 1334, 2842 1324.86, 2842 1318.43, 2842 1312, 2842 1310.31, 2842 1304.3, 2842 1301.37, 2842 1297.31, 2842 1295.58, 2842 1291.81, 2842 1287.84, 2842 1282.98, 2842 1281.6, 2842 1280.18, 2842 1277.61, 2842 1271.68, 2842 1268, 2844.44 1268, 2847.15 1268, 2848.61 1268, 2850.24 1268, 2854.12 1268, 2856.77 1268, 2861.32 1268, 2861.38 1267.9, 2861.43 1268, 2865.06 1268, 2865.87 1268, 2870.31 1268, 2871.32 1267.78, 2871.4 1268, 2876.42 1268, 2878.59 1268, 2881.75 1268, 2885.6 1268, 2890.08 1268, 2893.02 1268, 2894.12 1268, 2898.85 1268, 2899.85 1268, 2906.55 1268, 2908 1268, 2908 1265.99, 2908 1264.17, 2908 1263.38, 2908 1261.23, 2908 1257.76, 2908 1253.82, 2908 1251.48, 2908 1244.57, 2908 1240.54, 2908 1237.21, 2908 1226.34, 2908 1223, 2902.35 1223, 2900.75 1223, 2893.1 1223, 2884.09 1223, 2864.36 1223, 2857.61 1223, 2855.42 1223, 2845.84 1223, 2843.92 1223, 2842 1223, 2840.22 1223, 2832.75 1223, 2825.59 1223, 2814.55 1223, 2807.59 1223, 2799.61 1223, 2796.45 1223, 2790.71 1223, 2781.32 1223, 2775.61 1223, 2769.55 1223, 2757.47 1223, 2754 1223), (2865 1247.01, 2864.89 1247.1, 2865 1247, 2865 1247.01))",198.532708,Capital,1215372,"(2819.2965569948856, 1272.4775933787657)"
3,C04,Durdham Mews,"POLYGON ((2585 1356, 2585 1398.44, 2585 1444, 2585 1490.5, 2585 1537, 2628.87 1537, 2661.78 1537, 2688 1537, 2716.19 1537, 2774.78 1537, 2798 1537, 2798 1525.07, 2798 1518.13, 2798 1492.22, 2798 1477.63, 2798 1469.19, 2798 1467.31, 2798 1460.56, 2798 1444, 2798 1437.43, 2798 1427.18, 2798 1423.63, 2798 1418.51, 2798 1406.68, 2798 1400, 2798 1392.39, 2798 1385.2, 2798 1381.6, 2798 1378, 2798 1375.22, 2798 1369.97, 2798 1365.61, 2798 1358.4, 2798 1356, 2798 1350.5, 2798 1345, 2798 1340.81, 2798 1338.59, 2798 1334, 2798 1328.5, 2798 1323, 2798 1312, 2792.61 1312, 2787.22 1312, 2782.1 1312, 2774.05 1312, 2773.85 1312, 2769.13 1312, 2754 1312, 2754 1304.49, 2754 1286.25, 2754 1277.12, 2754 1268, 2754 1250.61, 2754 1234.03, 2754 1223, 2712.28 1223, 2668.28 1223, 2585 1223, 2585 1251.8, 2585 1294.12, 2585 1356))",981.389105,Capital,989048,"(2686.2447511355326, 1386.9966331035796)"
4,C05,Techno Town,"POLYGON ((2809.85 1400, 2805.36 1400, 2798 1400, 2798 1406.68, 2798 1418.51, 2798 1423.63, 2798 1427.18, 2798 1437.43, 2798 1444, 2805.42 1444, 2813.97 1444, 2824.83 1444, 2828.77 1444, 2832.48 1444, 2840.23 1444, 2844.45 1444, 2848.67 1444, 2848.69 1444, 2853 1444, 2853 1438.35, 2853.46 1438.22, 2854.39 1437.71, 2855.45 1436.76, 2856.29 1435.82, 2857.05 1437.44, 2858.22 1439.72, 2860.16 1439.67, 2863.34 1439.35, 2865.27 1438.97, 2867.5 1438.67, 2866.49 1436.28, 2865.36 1433.28, 2866.54 1432.8, 2867.3 1431.33, 2867.9 1430.25, 2868.75 1429.09, 2869.31 1428, 2869.34 1427.93, 2869.37 1427.88, 2869.4 1427.85, 2874.44 1431.51, 2874.44 1433.85, 2876.82 1434.32, 2880.32 1434.88, 2881.97 1435.18, 2881.98 1435.18, 2882.06 1435.2, 2883.03 1435.47, 2883.05 1435.47, 2883.19 1435.51, 2883.2 1435.52, 2883.86 1435.7, 2884.05 1435.75, 2885.58 1436.66, 2885.59 1436.66, 2886.19 1437.02, 2887.27 1437.46, 2887.29 1437.47, 2889.29 1438.29, 2889.97 1438.34, 2889.98 1438.34, 2891.76 1438.45, 2892.54 1438.59, 2892.72 1438.62, 2895.01 1439.01, 2895.57 1439.12, 2895.59 1439.12, 2897.08 1439.41, 2897.8 1439.59, 2898.35 1439.72, 2898.49 1439.76, 2898.67 1439.8, 2900.49 1440.28, 2902.35 1441.87, 2905.47 1442.11, 2907.68 1442.11, 2908 1441.94, 2910.88 1440.46, 2911.64 1442.42, 2912.14 1443.28, 2912.94 1443.63, 2914.87 1443.15, 2916.25 1443.67, 2917.7 1443.07, 2918.74 1442.04, 2919.64 1441.21, 2920.73 1440.66, 2920.96 1440.52, 2921.05 1440.45, 2921.86 1440.55, 2922.53 1439.14, 2923.35 1438.25, 2924.34 1437.39, 2925.66 1437.27, 2926.68 1436.56, 2928.02 1435.87, 2929.07 1435.06, 2930.38 1434.15, 2931.64 1434.04, 2932.58 1434.72, 2932.69 1434.86, 2932.71 1434.92, 2932.76 1434.99, 2932.77 1435.01, 2932.8 1435.06, 2932.82 1435.08, 2932.85 1435.13, 2932.86 1435.15, 2932.92 1435.26, 2932.94 1435.32, 2933.28 1434.74, 2934.02 1433.69, 2935.17 1434.42, 2938.67 1436.14, 2940.29 1437.01, 2941.8 1435.86, 2942.07 1435.62, 2941.46 1437.13, 2946.65 1439.05, 2949.22 1439.91, 2952 1440.37, 2952 1432.07, 2952 1420.71, 2952 1416.72, 2952 1412.42, 2952 1406.73, 2952 1400, 2950.82 1400, 2943.7 1400, 2934.3 1400, 2928.44 1400, 2924.32 1400, 2918.48 1400, 2915.18 1400, 2912.18 1400, 2908 1400, 2906.11 1400, 2896.49 1400, 2890.16 1400, 2886 1400, 2883.21 1400, 2880.26 1400, 2870.46 1400, 2864 1400, 2858.66 1400, 2856.1 1400, 2850.65 1400, 2849.44 1400, 2847.11 1400, 2842 1400, 2839.37 1400, 2834.1 1400, 2827.4 1400, 2825.64 1400, 2825.42 1400, 2820 1400, 2816.14 1400, 2809.85 1400))",95.974349,Capital,1074130,"(2872.6383387275055, 1420.203384242133)"
5,C06,Techno Garden East,"POLYGON ((2805.42 1444, 2798 1444, 2798 1460.56, 2798 1467.31, 2798 1469.19, 2798 1477.63, 2798 1492.22, 2798 1518.13, 2798 1525.07, 2798 1537, 2874 1537, 2895 1537, 2920.11 1537, 2920.11 1527.61, 2919.57 1523.37, 2919.57 1513.56, 2919.42 1511.05, 2919.22 1506.83, 2921.49 1506.69, 2921.4 1501.65, 2921.31 1499.11, 2921.18 1497.86, 2921.04 1493.32, 2921.01 1492.3, 2920.89 1488, 2920.5 1487.36, 2919.73 1486.09, 2919.61 1485.88, 2918.29 1483.36, 2916.18 1480.6, 2914.07 1477.83, 2913.28 1476.17, 2910.31 1476.88, 2909.22 1474.82, 2907.78 1470.4, 2907.55 1467.53, 2907.32 1464.65, 2907.25 1464.35, 2915.23 1463.47, 2919.49 1463.11, 2922.95 1462.62, 2927.2 1463.12, 2927.36 1463.16, 2929.5 1463.59, 2931.83 1464.07, 2935.69 1465.01, 2936.37 1465.15, 2939.07 1465.7, 2942.45 1466.39, 2948.07 1467.59, 2952 1468.42, 2957.44 1469.62, 2964.16 1470.61, 2967.66 1471.23, 2972.75 1470.78, 2973.73 1472.91, 2977.89 1471.22, 2978.53 1466.44, 2979.47 1462.47, 2979.98 1461.59, 2980.23 1456.39, 2981.88 1449.47, 2982.87 1444, 2977.96 1444, 2970.6 1444, 2964.05 1444, 2955.36 1444, 2952 1444, 2952 1440.37, 2949.22 1439.91, 2946.65 1439.05, 2941.46 1437.13, 2942.07 1435.62, 2941.8 1435.86, 2940.29 1437.01, 2938.67 1436.14, 2935.17 1434.42, 2934.02 1433.69, 2933.28 1434.74, 2932.94 1435.32, 2932.92 1435.26, 2932.86 1435.15, 2932.85 1435.13, 2932.82 1435.08, 2932.8 1435.06, 2932.77 1435.01, 2932.76 1434.99, 2932.71 1434.92, 2932.69 1434.86, 2932.58 1434.72, 2931.64 1434.04, 2930.38 1434.15, 2929.07 1435.06, 2928.02 1435.87, 2926.68 1436.56, 2925.66 1437.27, 2924.34 1437.39, 2923.35 1438.25, 2922.53 1439.14, 2921.86 1440.55, 2921.05 1440.45, 2920.96 1440.52, 2920.73 1440.66, 2919.64 1441.21, 2918.74 1442.04, 2917.7 1443.07, 2916.25 1443.67, 2914.87 1443.15, 2912.94 1443.63, 2912.14 1443.28, 2911.64 1442.42, 2910.88 1440.46, 2908 1441.94, 2907.68 1442.11, 2905.47 1442.11, 2902.35 1441.87, 2900.49 1440.28, 2898.67 1439.8, 2898.49 1439.76, 2898.35 1439.72, 2897.8 1439.59, 2897.08 1439.41, 2895.59 1439.12, 2895.57 1439.12, 2895.01 1439.01, 2892.72 1438.62, 2892.54 1438.59, 2891.76 1438.45, 2889.98 1438.34, 2889.97 1438.34, 2889.29 1438.29, 2887.29 1437.47, 2887.27 1437.46, 2886.19 1437.02, 2885.59 1436.66, 2885.58 1436.66, 2884.05 1435.75, 2883.86 1435.7, 2883.2 1435.52, 2883.19 1435.51, 2883.05 1435.47, 2883.03 1435.47, 2882.06 1435.2, 2881.98 1435.18, 2881.97 1435.18, 2880.32 1434.88, 2876.82 1434.32, 2874.44 1433.85, 2874.44 1431.51, 2869.4 1427.85, 2869.37 1427.88, 2869.34 1427.93, 2869.31 1428, 2868.75 1429.09, 2867.9 1430.25, 2867.3 1431.33, 2866.54 1432.8, 2865.36 1433.28, 2866.49 1436.28, 2867.5 1438.67, 2865.27 1438.97, 2863.34 1439.35, 2860.16 1439.67, 2858.22 1439.72, 2857.05 1437.44, 2856.29 1435.82, 2855.45 1436.76, 2854.39 1437.71, 2853.46 1438.22, 2853 1438.35, 2853 1444, 2848.69 1444, 2848.67 1444, 2844.45 1444, 2840.23 1444, 2832.48 1444, 2828.77 1444, 2824.83 1444, 2813.97 1444, 2805.42 1444))",206.104311,Capital,1017117,"(2870.235373900518, 1484.6522301700386)"
6,C07,Techno Garden West and Leighton,"POLYGON ((2922.95 1462.62, 2919.49 1463.11, 2915.23 1463.47, 2907.25 1464.35, 2907.32 1464.65, 2907.55 1467.53, 2907.78 1470.4, 2909.22 1474.82, 2910.31 1476.88, 2913.28 1476.17, 2914.07 1477.83, 2916.18 1480.6, 2918.29 1483.36, 2919.61 1485.88, 2919.73 1486.09, 2920.5 1487.36, 2920.89 1488, 2921.01 1492.3, 2921.04 1493.32, 2921.18 1497.86, 2921.31 1499.11, 2921.4 1501.65, 2921.49 1506.69, 2919.22 1506.83, 2919.42 1511.05, 2919.57 1513.56, 2919.57 1523.37, 2920.11 1527.61, 2920.11 1537, 2895 1537, 2895 1657, 2952 1657, 3040 1657, 3184.55 1657, 3235 1657, 3414 1657, 3549 1657, 3549 1627, 3549 1617.04, 3549 1586.89, 3549 1567, 3549 1537, 3482 1537, 3468.51 1537, 3414 1537, 3383.91 1537, 3322.26 1537, 3322.2567 1537, 3292.0744 1537, 3292.07 1537, 3235 1537, 3198.05 1537, 3172 1537, 3084 1537, 3053.42 1537, 3040 1537, 3040 1522.23, 3040 1510, 3040 1504.54, 3040 1499.07, 3040 1488, 3040 1475.47, 3040 1461.78, 3040 1444, 3032.61 1444, 3016.83 1444, 3009.72 1444, 3002.61 1444, 2996 1444, 2982.87 1444, 2981.88 1449.47, 2980.23 1456.39, 2979.98 1461.59, 2979.47 1462.47, 2978.53 1466.44, 2977.89 1471.22, 2973.73 1472.91, 2972.75 1470.78, 2967.66 1471.23, 2964.16 1470.61, 2957.44 1469.62, 2952 1468.42, 2948.07 1467.59, 2942.45 1466.39, 2939.07 1465.7, 2936.37 1465.15, 2935.69 1465.01, 2931.83 1464.07, 2929.5 1463.59, 2927.36 1463.16, 2927.2 1463.12, 2922.95 1462.62))",1377.501263,Capital,820942,"(3195.2101714753835, 1585.590525266071)"
7,C08,Outer Central,"POLYGON ((2952 1406.73, 2952 1412.42, 2952 1416.72, 2952 1420.71, 2952 1432.07, 2952 1440.37, 2952 1444, 2955.36 1444, 2964.05 1444, 2970.6 1444, 2977.96 1444, 2982.87 1444, 2996 1444, 3002.61 1444, 3009.72 1444, 3016.83 1444, 3032.61 1444, 3040 1444, 3051.63 1444, 3056.8 1444, 3059.37 1444, 3061.39 1444, 3083.62 1444, 3084 1444, 3094.48 1444, 3104.96 1444, 3112.98 1444, 3117.62 1444, 3122.81 1444, 3128 1444, 3128 1431.4, 3128 1425.4, 3128 1418.53, 3128 1409.1, 3128 1400, 3128 1383.78, 3128 1377.94, 3128 1377.91, 3128 1366.27, 3128 1356, 3128 1353.05, 3128 1342.72, 3128 1336.39, 3128 1334, 3128 1331.27, 3128 1331.26, 3128 1326.58, 3128 1323.12, 3128 1321.53, 3128 1314.47, 3128 1312, 3122.23 1312, 3119.26 1312, 3116.73 1312, 3114.53 1312, 3111.93 1312, 3109.7 1312, 3107.21 1312, 3102.71 1312, 3100.68 1312, 3099.2 1312, 3097.7 1312, 3096.75 1312, 3093.68 1312, 3092.15 1312, 3089.37 1312, 3088.66 1312, 3087.26 1312, 3085.23 1312, 3084 1312, 3080.35 1312, 3077.97 1312, 3077.46 1312, 3075.57 1312, 3073.55 1312, 3069.8 1312, 3066.48 1312, 3066.22 1312, 3064.33 1312, 3062.4 1312, 3062 1312, 3061.37 1312, 3059.8 1312, 3056.87 1312, 3055.14 1312, 3054.27 1312, 3051.34 1312, 3047.89 1312, 3043.82 1312, 3042.25 1312, 3040 1312, 3040 1312.84, 3040 1314.79, 3040 1317.34, 3040 1319.3, 3040 1323.87, 3040 1326.21, 3040 1329.04, 3040 1330.72, 3040 1334, 3040 1336.6, 3040 1340.84, 3040 1347.4, 3040 1349.61, 3040 1353.45, 3040 1356, 3040 1357.75, 3040 1362.14, 3040 1366.16, 3040 1373.05, 3040 1378, 3040 1381.14, 3040 1382.36, 3040 1387.36, 3040 1393.58, 3040 1396.75, 3040 1400, 3036.95 1400, 3025.53 1400, 3020.13 1400, 3014.88 1400, 3005.64 1400, 3004.27 1400, 2996 1400, 2994.48 1400, 2985.5 1400, 2981.6 1400, 2972.81 1400, 2961.31 1400, 2952 1400, 2952 1406.73))",241.396408,Capital,1078665,"(3061.999999999999, 1388.9999999999998)"
8,C09,The Central,"POLYGON ((2908 1344.41, 2908 1347.52, 2908 1353.08, 2908 1356, 2908 1360.05, 2908 1364.68, 2908 1378, 2908 1379.75, 2908 1382.42, 2908 1389, 2908 1394.68, 2908 1400, 2912.18 1400, 2915.18 1400, 2918.48 1400, 2924.32 1400, 2928.44 1400, 2934.3 1400, 2943.7 1400, 2950.82 1400, 2952 1400, 2961.31 1400, 2972.81 1400, 2981.6 1400, 2985.5 1400, 2994.48 1400, 2996 1400, 3004.27 1400, 3005.64 1400, 3014.88 1400, 3020.13 1400, 3025.53 1400, 3036.95 1400, 3040 1400, 3040 1396.75, 3040 1393.58, 3040 1387.36, 3040 1382.36, 3040 1381.14, 3040 1378, 3040 1373.05, 3040 1366.16, 3040 1362.14, 3040 1357.75, 3040 1356, 3040 1353.45, 3040 1349.61, 3040 1347.4, 3040 1340.84, 3040 1336.6, 3040 1334, 3040 1330.72, 3040 1329.04, 3040 1326.21, 3040 1323.87, 3040 1319.3, 3040 1317.34, 3040 1314.79, 3040 1312.84, 3040 1312, 3039.19 1312, 3039.18 1312, 3036.89 1312, 3029.6 1312, 3026.37 1312, 3024.96 1312, 3018.69 1312, 3018 1312, 3010.63 1312, 3006.25 1312, 3002.27 1312, 2998.01 1312, 2996 1312, 2993.7 1312, 2992.5 1312, 2984.1 1312, 2973.67 1312, 2973.6 1312, 2966.6 1312, 2960.94 1312, 2958.31 1312, 2952.64 1312, 2952 1312, 2944.67 1312, 2934.63 1312, 2925.82 1312, 2921.76 1312, 2917.28 1312, 2912.01 1312, 2908 1312, 2908 1314.28, 2908 1323, 2908 1329.8, 2908 1334, 2908 1340.5, 2908 1342.66, 2908 1344.41))",181.047148,Capital,1067517,"(2974.0, 1355.999999999999)"
9,C10,The Temple,"POLYGON ((2908 1251.48, 2908 1253.82, 2908 1257.76, 2908 1261.23, 2908 1263.38, 2908 1264.17, 2908 1265.99, 2908 1268, 2908 1271.09, 2908 1274.17, 2908 1278.66, 2908 1279.34, 2908 1282.33, 2908 1284.36, 2908 1289.28, 2908 1295.24, 2908 1296.47, 2908 1303.73, 2908 1312, 2912.01 1312, 2917.28 1312, 2921.76 1312, 2925.82 1312, 2934.63 1312, 2944.67 1312, 2952 1312, 2952.64 1312, 2958.31 1312, 2960.94 1312, 2966.6 1312, 2973.6 1312, 2973.67 1312, 2984.1 1312, 2992.5 1312, 2993.7 1312, 2996 1312, 2996 1306.89, 2996 1301.82, 2996 1297.06, 2996 1294.68, 2996 1292.19, 2996 1290, 2996 1286.08, 2996 1281.24, 2996 1278.03, 2996 1277, 2996 1275.5, 2996 1269.84, 2996 1268, 3000.78 1268, 3005.8 1268, 3007.72 1268, 3014.86 1268, 3014.89 1268, 3017.05 1268, 3018 1268, 3018 1264.94, 3018 1260.3, 3018 1255.41, 3018 1249.66, 3018 1246, 3018 1241.64, 3018 1237.37, 3018 1233.49, 3018 1229.44, 3018 1225.09, 3018 1223, 3016.49 1223, 3012.23 1223, 3008.13 1223, 3004.19 1223, 2996 1223, 2993.29 1223, 2987.7 1223, 2982.01 1223, 2972.98 1223, 2963.73 1223, 2952 1223, 2944.92 1223, 2932.64 1223, 2920.37 1223, 2908 1223, 2908 1226.34, 2908 1237.21, 2908 1240.54, 2908 1244.57, 2908 1251.48))",137.501276,Capital,1185695,"(2958.172069825437, 1265.0311720698262)"
10,C11,Tedding Market,"POLYGON ((2996 1278.03, 2996 1281.24, 2996 1286.08, 2996 1290, 2996 1292.19, 2996 1294.68, 2996 1297.06, 2996 1301.82, 2996 1306.89, 2996 1312, 2998.01 1312, 3002.27 1312, 3006.25 1312, 3010.63 1312, 3018 1312, 3018.69 1312, 3024.96 1312, 3026.37 1312, 3029.6 1312, 3036.89 1312, 3039.18 1312, 3039.19 1312, 3040 1312, 3042.25 1312, 3043.82 1312, 3047.89 1312, 3051.34 1312, 3054.27 1312, 3055.14 1312, 3056.87 1312, 3059.8 1312, 3061.37 1312, 3062 1312, 3062.4 1312, 3064.33 1312, 3066.22 1312, 3066.48 1312, 3069.8 1312, 3073.55 1312, 3075.57 1312, 3077.46 1312, 3077.97 1312, 3080.35 1312, 3084 1312, 3084 1309.43, 3084 1305.22, 3084 1303.27, 3084 1301.5, 3084 1300.07, 3084 1298.22, 3084 1298.21, 3084 1295.55, 3084 1293.95, 3084 1293.71, 3084 1292.78, 3084 1292.75, 3084 1290, 3084 1288.33, 3084 1286.54, 3084 1283.67, 3084 1282.28, 3084 1282.23, 3084 1279.1, 3084 1279.06, 3084 1275.67, 3084 1273.58, 3084 1268, 3084 1264.62, 3084 1261.24, 3084 1257.62, 3084 1252.31, 3084 1248.37, 3084 1246, 3084 1243.59, 3084 1243.57, 3084 1237.37, 3084 1235.34, 3084 1233.81, 3084 1230.78, 3084 1228.11, 3084 1226.09, 3084 1223, 3081.74 1223, 3079.48 1223, 3075.18 1223, 3068.6 1223, 3065.3 1223, 3062 1223, 3054.93 1223, 3051.96 1223, 3045.79 1223, 3042.41 1223, 3040 1223, 3035.26 1223, 3030.52 1223, 3023.96 1223, 3018 1223, 3018 1225.09, 3018 1229.44, 3018 1233.49, 3018 1237.37, 3018 1241.64, 3018 1246, 3018 1249.66, 3018 1255.41, 3018 1260.3, 3018 1264.94, 3018 1268, 3017.05 1268, 3014.89 1268, 3014.86 1268, 3007.72 1268, 3005.8 1268, 3000.78 1268, 2996 1268, 2996 1269.84, 2996 1275.5, 2996 1277, 2996 1278.03))",106.639575,Capital,1262976,"(3044.7749196141476, 1270.6832797427653)"
11,C12,Twicken Bush,"POLYGON ((3084 1243.57, 3084 1243.59, 3084 1246, 3084 1248.37, 3084 1252.31, 3084 1257.62, 3084 1261.24, 3084 1264.62, 3084 1268, 3084 1273.58, 3084 1275.67, 3084 1279.06, 3084 1279.1, 3084 1282.23, 3084 1282.28, 3084 1283.67, 3084 1286.54, 3084 1288.33, 3084 1290, 3084 1292.75, 3084 1292.78, 3084 1293.71, 3084 1293.95, 3084 1295.55, 3084 1298.21, 3084 1298.22, 3084 1300.07, 3084 1301.5, 3084 1303.27, 3084 1305.22, 3084 1309.43, 3084 1312, 3085.23 1312, 3087.26 1312, 3088.656920908525 1312, 3088.6611 1311.5203, 3088.6569 1312.0024, 3089.3736 1312.003, 3089.3736374269006 1312, 3092.15 1312, 3093.68 1312, 3096.75 1312, 3097.7 1312, 3099.2 1312, 3100.68 1312, 3102.71 1312, 3107.21 1312, 3109.7 1312, 3111.93 1312, 3114.53 1312, 3116.73 1312, 3119.26 1312, 3122.23 1312, 3128 1312, 3132.57 1312, 3136.4 1312, 3139.57 1312, 3142.67 1312, 3147.63 1312, 3150 1312, 3152.69 1312, 3156.74 1312, 3162.01 1312, 3167.74 1312, 3172 1312, 3172 1310.39, 3172 1305.11, 3172 1303.77, 3172 1299.68, 3172 1295.56, 3172 1292.01, 3172 1290, 3168.76 1290, 3166.75 1290, 3164.67 1290, 3161.35 1290, 3158.67 1290, 3157.53 1290, 3156.1 1290, 3150.04 1290, 3150 1290, 3150 1289.65, 3150 1287.49, 3150 1286.11, 3150 1286.02, 3150 1283.57, 3150 1279.99, 3150 1277.25, 3150 1275.45, 3150 1272.13, 3150 1268, 3150 1262.78, 3150 1261.5, 3150 1258.19, 3150 1254.89, 3150 1247.03, 3150 1246, 3150 1244.35, 3150 1239.03, 3150 1233.86, 3150 1230.24, 3150 1225.85, 3150 1223, 3133.29 1223, 3128 1223, 3124.13 1223, 3113.64 1223, 3108.07 1223, 3106 1223, 3101.3 1223, 3090.78 1223, 3084 1223, 3084 1226.09, 3084 1228.11, 3084 1230.78, 3084 1233.81, 3084 1235.34, 3084 1237.37, 3084 1243.57), (3135.25 1310.46, 3134.8 1310.6, 3135.25 1310.45, 3135.25 1310.46), (3140.81 1279.58, 3140.98 1279.59, 3141.73 1279.78, 3140.81 1279.58))",99.095683,Capital,1159111,"(3120.3494256031827, 1270.0501527403105)"
12,C13,Twicken Common,"POLYGON ((3150 1230.24, 3150 1233.86, 3150 1239.03, 3150 1244.35, 3150 1246, 3150 1247.03, 3150 1254.89, 3150 1258.19, 3150 1261.5, 3150 1262.78, 3150 1268, 3150 1272.13, 3150 1275.45, 3150 1277.25, 3150 1279.99, 3150 1283.57, 3150 1286.02, 3150 1286.11, 3150 1287.49, 3150 1289.65, 3150 1290, 3150.04 1290, 3156.1 1290, 3157.53 1290, 3158.67 1290, 3161.35 1290, 3164.67 1290, 3166.75 1290, 3168.76 1290, 3172 1290, 3172 1292.01, 3172 1295.56, 3172 1299.68, 3172 1303.77, 3172 1305.11, 3172 1310.39, 3172 1312, 3179.34 1312, 3183.54 1312, 3185.63 1312, 3188.22 1312, 3192.96 1312, 3194.15 1312, 3195.63 1312, 3198.98 1312, 3200.75 1312, 3202.45 1312, 3205 1312, 3206.11 1312, 3206.13 1312, 3209.29 1312, 3209.3 1312, 3215.85 1312, 3218.36 1312, 3226.68 1312, 3235 1312, 3235 1304.3637, 3235 1301.8228, 3235 1301.82, 3235 1290, 3235 1283.6593, 3235 1282.6625, 3235 1282.66, 3235 1278.9937, 3235 1278.99, 3235 1275.3249, 3235 1275.32, 3235 1273.4927, 3235 1266.7868, 3235 1262.12, 3235 1262.1168, 3235 1260.2851, 3235 1258.61, 3235 1258.607, 3235 1253.204, 3235 1253.2, 3235 1247.6985, 3235 1247.0345, 3235 1246, 3235 1245.0119, 3235 1238.7215, 3235 1235.5706, 3235 1234.6817, 3235 1234.68, 3235 1225.7584, 3235 1223, 3232.49 1223, 3222.08 1223, 3218.25 1223, 3212.76 1223, 3205 1223, 3203.72 1223, 3202.66 1223, 3184.98 1223, 3181.93 1223, 3167.5 1223, 3154.67 1223, 3150 1223, 3150 1225.85, 3150 1230.24))",110.364552,Capital,858397,"(3194.653085722354, 1265.2102104222558)"
13,C14,Gorton Central,"POLYGON ((3128 1314.47, 3128 1321.53, 3128 1323.12, 3128 1326.58, 3128 1331.26, 3128 1331.27, 3128 1334, 3128 1336.39, 3128 1342.72, 3128 1353.05, 3128 1356, 3128 1366.27, 3128 1377.91, 3128 1377.94, 3128 1383.78, 3128 1400, 3135.44 1400, 3146.33 1400, 3148.88 1400, 3151.24 1400, 3160.78 1400, 3165.2 1400, 3168.44 1400, 3172 1400, 3174.7 1400, 3180.73 1400, 3186.65 1400, 3191.46 1400, 3192.25 1400, 3194 1400, 3198.84 1400, 3206.65 1400, 3213.84 1400, 3215.35 1400, 3219.6 1400, 3223.01 1400, 3235 1400, 3235 1396.21, 3235 1387.6731, 3235 1387.67, 3235 1379.85, 3235 1363.3, 3235 1363.2988, 3235 1361.4741, 3235 1356, 3235 1351.81, 3235 1341.9342, 3235 1341.93, 3235 1337.25, 3235 1337.2456, 3235 1328.86, 3235 1322.51, 3235 1319.6001, 3235 1318.0141, 3235 1318.01, 3235 1312, 3226.68 1312, 3218.36 1312, 3215.85 1312, 3209.3 1312, 3209.29 1312, 3206.13 1312, 3206.11 1312, 3205 1312, 3202.45 1312, 3200.75 1312, 3198.98 1312, 3195.63 1312, 3194.15 1312, 3192.96 1312, 3188.22 1312, 3185.63 1312, 3183.54 1312, 3179.34 1312, 3172 1312, 3167.74 1312, 3162.01 1312, 3156.74 1312, 3152.69 1312, 3150 1312, 3147.63 1312, 3142.67 1312, 3139.57 1312, 3136.4 1312, 3132.57 1312, 3128 1312, 3128 1314.47))",146.758108,Capital,1323615,"(3181.5000000000023, 1356.0000000000007)"
14,C15,Gorton and Upper Denton,"POLYGON ((3040 1461.78, 3040 1475.47, 3040 1488, 3040 1499.07, 3040 1504.54, 3040 1510, 3040 1522.23, 3040 1537, 3053.42 1537, 3084 1537, 3172 1537, 3198.05 1537, 3235 1537, 3235 1491.32, 3235 1491.3153, 3235 1445.83, 3235 1444, 3235 1429.25, 3235 1429.2481, 3235 1418.3801, 3235 1407.312, 3235 1407.31, 3235 1400, 3223.01 1400, 3219.6 1400, 3215.35 1400, 3213.84 1400, 3206.65 1400, 3198.84 1400, 3194 1400, 3192.25 1400, 3191.46 1400, 3186.65 1400, 3180.73 1400, 3174.7 1400, 3172 1400, 3168.44 1400, 3165.2 1400, 3160.78 1400, 3151.24 1400, 3148.88 1400, 3146.33 1400, 3135.44 1400, 3128 1400, 3128 1409.1, 3128 1418.53, 3128 1425.4, 3128 1431.4, 3128 1444, 3122.81 1444, 3117.62 1444, 3112.98 1444, 3104.96 1444, 3094.48 1444, 3084 1444, 3083.62 1444, 3061.39 1444, 3059.37 1444, 3056.8 1444, 3051.63 1444, 3040 1444, 3040 1461.78), (3105.89 1466.7, 3104.67 1466.43, 3104.6716 1466.4204, 3105.89 1466.7))",356.031525,Capital,968331,"(3146.5685221702633, 1476.3819795955592)"
15,C16,Cotham Town,"POLYGON ((3235 1328.8607, 3235 1337.2456, 3235 1337.25, 3235 1341.93, 3235 1341.9342, 3235 1351.81, 3235 1356, 3235 1361.4741, 3235 1363.2988, 3235 1363.3, 3235 1379.8507, 3235 1387.67, 3235 1387.6731, 3235 1396.2103, 3235 1400, 3235 1407.31, 3235 1407.312, 3235 1418.3801, 3235 1429.2481, 3235 1429.25, 3235 1444, 3283.7878 1444, 3322.0443 1444, 3326 1444, 3326 1415.0677, 3326 1386.1353, 3326 1378, 3326 1366.4538, 3326 1362.6086, 3326 1358.7634, 3326 1355.2874, 3326 1352.7565, 3326 1347.6948, 3326 1345.1639, 3326 1339.5863, 3326 1334.0087, 3326 1334, 3326 1330.9582, 3326 1328.288, 3326 1322.9477, 3326 1320.2775, 3326 1312, 3321.484 1312, 3318.2874 1312, 3313.2862 1312, 3300.5503 1312, 3291.2752 1312, 3282 1312, 3277.8571 1312, 3273.7142 1312, 3267.4747 1312, 3261.094 1312, 3260 1312, 3253.715 1312, 3251.5711 1312, 3247.9978 1312, 3243.686 1312, 3241.2424 1312, 3235 1312, 3235 1318.01, 3235 1318.0141, 3235 1319.6001, 3235 1322.5104, 3235 1328.8607))",187.219173,Capital,1051651,"(3280.4999999999973, 1377.999999999999)"
16,C17,Upper Weslington and Lower Cotham,"POLYGON ((3235 1234.6817, 3235 1235.5706, 3235 1238.7215, 3235 1245.0119, 3235 1246, 3235 1247.0345, 3235 1247.6985, 3235 1253.2, 3235 1253.204, 3235 1258.607, 3235 1258.61, 3235 1260.2851, 3235 1262.1168, 3235 1262.12, 3235 1266.7868, 3235 1273.4927, 3235 1275.32, 3235 1275.3249, 3235 1278.99, 3235 1278.9937, 3235 1282.66, 3235 1282.6625, 3235 1283.6593, 3235 1290, 3235 1301.82, 3235 1301.8228, 3235 1304.3637, 3235 1312, 3241.2424 1312, 3243.686 1312, 3247.9978 1312, 3251.5711 1312, 3253.715 1312, 3260 1312, 3261.094 1312, 3267.4747 1312, 3273.7142 1312, 3277.8571 1312, 3282 1312, 3291.2752 1312, 3300.5503 1312, 3313.2862 1312, 3318.2874 1312, 3321.484 1312, 3326 1312, 3326 1320.2775, 3326 1322.9477, 3326 1328.288, 3326 1330.9582, 3326 1334, 3326 1334.0087, 3326 1339.5863, 3326 1345.1639, 3326 1347.6948, 3326 1352.7565, 3326 1355.2874, 3326 1358.7634, 3326 1362.6086, 3326 1366.4538, 3326 1378, 3326 1386.1353, 3326 1415.0677, 3326 1444, 3356.3841 1444, 3414 1444, 3414 1394.4862, 3414 1312, 3414 1300.8063, 3414 1267.225, 3414 1242.7026, 3414 1223, 3414 1185.28, 3414 1132.5017, 3414 1092, 3380.2143 1092, 3370 1092, 3358.2668 1092, 3331.7355 1092, 3326 1092, 3326 1105.8993, 3326 1118.6729, 3326 1131.4465, 3326 1141.3302, 3326 1158, 3326 1166.6104, 3326 1188.6808, 3326 1197.1235, 3326 1223, 3304 1223, 3296.4214 1223, 3285.5616 1223, 3282 1223, 3272.9199 1223, 3259.2938 1223, 3249.0482 1223, 3241.1011 1223, 3237.9462 1223, 3235 1223, 3235 1225.7584, 3235 1234.68, 3235 1234.6817))",609.023368,Capital,1062730,"(3351.449507357643, 1267.89636596289)"
17,C18,Mid Weslington,"POLYGON ((3235 1127.1538, 3235 1136, 3235 1143.6264, 3235 1149.8407, 3235 1157.6048, 3235 1167.8471, 3235 1175.4427, 3235 1180, 3235 1186.4326, 3235 1191.5283, 3235 1204.0381, 3235 1207.9977, 3235 1223, 3237.9462 1223, 3241.1011 1223, 3249.0482 1223, 3259.2938 1223, 3272.9199 1223, 3282 1223, 3285.5616 1223, 3296.4214 1223, 3304 1223, 3326 1223, 3326 1197.1235, 3326 1188.6808, 3326 1166.6104, 3326 1158, 3312.3195 1158, 3300.7523 1158, 3293 1158, 3293 1156.0644, 3293 1149.9334, 3293 1147, 3287.1876 1147, 3282 1147, 3282 1138.2462, 3282 1136.0577, 3282 1135.3282, 3282 1128.4915, 3282 1113.0685, 3282 1110.7446, 3282 1103.8735, 3282 1092, 3279.6716 1092, 3279.6015 1092, 3273.5999 1092, 3268.6891 1092, 3264.8992 1092, 3260 1092, 3251.6954 1092, 3243.2777 1092, 3241.0014 1092, 3238.0007 1092, 3235 1092, 3235 1099.1817, 3235 1105.3167, 3235 1112.9352, 3235 1127.1538))",142.424967,Capital,934802,"(3273.124534909169, 1167.7620923615668)"
18,C19,Lower Weslington,"POLYGON ((3235 983.2675, 3235 991.9365, 3235 999.345, 3235 1006.7535, 3235 1016.778, 3235 1026, 3235 1027.5889, 3235 1033.9137, 3235 1039.7497, 3235 1042.6677, 3235 1045.5857, 3235 1050.2452, 3235 1052.575, 3235 1054.9047, 3235 1064.2237, 3235 1073.5426, 3235 1078.2021, 3235 1082.8616, 3235 1092, 3238.0007 1092, 3241.0014 1092, 3243.2777 1092, 3251.6954 1092, 3260 1092, 3264.8992 1092, 3268.6891 1092, 3273.5999 1092, 3279.6015 1092, 3279.6716 1092, 3282 1092, 3282 1103.8735, 3282 1110.7446, 3282 1113.0685, 3282 1128.4915, 3282 1135.3282, 3282 1136.0577, 3282 1138.2462, 3282 1147, 3287.1876 1147, 3293 1147, 3293 1149.9334, 3293 1156.0644, 3293 1158, 3300.7523 1158, 3312.3195 1158, 3326 1158, 3326 1141.3302, 3326 1131.4465, 3326 1118.6729, 3326 1105.8993, 3326 1092, 3331.7355 1092, 3358.2668 1092, 3370 1092, 3370 1070, 3370 1048, 3370 1034.1779, 3370 965.1254, 3370 960, 3355.3451 960, 3319.1999 960, 3305.3838 960, 3282 960, 3274.1826 960, 3257.0431 960, 3253.0863 960, 3246.0827 960, 3240.15 960, 3235 960, 3235 964.5201, 3235 983.2675), (3300.5086 1043.5906, 3300.4371 1045.5113, 3300.4371 1045.5112, 3300.5086 1043.5906))",321.118565,Capital,1140710,"(3302.799519487859, 1039.2111585681582)"
19,C20,West Valley,"POLYGON ((3235 896.719, 3235 914.1448, 3235 916.6649, 3235 926.0522, 3235 928.9441, 3235 931.8359, 3235 945.9636, 3235 950.3873, 3235 954.8109, 3235 960, 3240.15 960, 3246.0827 960, 3253.0863 960, 3257.0431 960, 3274.1826 960, 3282 960, 3305.3838 960, 3319.1999 960, 3355.3451 960, 3370 960, 3370 965.1254, 3370 1034.1779, 3370 1048, 3370 1070, 3370 1092, 3380.2143 1092, 3414 1092, 3414 1132.5017, 3414 1185.28, 3414 1223, 3414 1242.7026, 3414 1267.225, 3414 1300.8063, 3414 1312, 3414 1394.4862, 3414 1444, 3356.3841 1444, 3326 1444, 3322.0443 1444, 3283.7878 1444, 3235 1444, 3235 1445.8297, 3235 1491.3153, 3235 1491.32, 3235 1537, 3292.07 1537, 3292.0744 1537, 3322.2567 1537, 3322.26 1537, 3383.9098 1537, 3414 1537, 3468.5109 1537, 3482 1537, 3549 1537, 3549 1509.7551, 3549 1468.3166, 3549 1464.4823, 3549 1427.8558, 3549 1387.2867, 3549 1377.7458, 3549 1312, 3549 1232.3737, 3549 1197.049, 3549 1174.6945, 3549 1092, 3549 1009.2662, 3549 961.1222, 3549 912.9781, 3549 790, 3436.4479 790, 3370 790, 3287.4396 790, 3235 790, 3235 831.752, 3235 873.3297, 3235 886.9823, 3235 896.719))",2396.037405,Capital,945697,"(3430.0402654003783, 1136.6081376439213)"
20,H01,The Palace,"POLYGON ((3304 74.5, 3304 80, 3304 85.5, 3304 91, 3304 93.75, 3304 102, 3304 107.5, 3304 124, 3304 126.75, 3304 132.25, 3304 135, 3304 140.5, 3304 146, 3281 146, 3281 168, 3281 193, 3281 218, 3348 218, 3370 218, 3392 218, 3549 218, 3549 14, 3549 -184, 3431.25 -184, 3392 -184, 3392 -162, 3392 -135, 3392 -118, 3381 -118, 3370 -118, 3370 -101.5, 3370 -52, 3348 -52, 3326 -52, 3326 -46.5, 3326 -43.75, 3326 -30, 3326 -19, 3326 -13.5, 3326 -8, 3326 -2.5, 3326 5.75, 3326 8.5, 3326 11.25, 3326 14, 3326 16.75, 3326 19.5, 3326 25, 3326 30.5, 3326 36, 3326 47, 3326 58, 3323.25 58, 3320.5 58, 3315 58, 3312.25 58, 3304 58, 3304 63.5, 3304 66.25, 3304 74.5))",1364.742249,Highland,1129930,"(3436.7066649916633, 36.725177588451615)"
21,H02,Pebble Town,"POLYGON ((3281 -8, 3281 -5.25, 3281 3, 3281 11.25, 3281 14, 3281 16.75, 3281 25, 3281 30.5, 3281 36, 3281 42.88, 3281 47, 3281 52.5, 3281 58, 3281 69, 3281 74.5, 3281 80, 3281 88.25, 3281 93.75, 3281 102, 3281 107.5, 3281 114.38, 3281 118.5, 3281 124, 3281 126.75, 3281 129.5, 3281 135, 3281 146, 3304 146, 3304 140.5, 3304 135, 3304 132.25, 3304 126.75, 3304 124, 3304 107.5, 3304 102, 3304 93.75, 3304 91, 3304 85.5, 3304 80, 3304 74.5, 3304 66.25, 3304 63.5, 3304 58, 3312.25 58, 3315 58, 3320.5 58, 3323.25 58, 3326 58, 3326 47, 3326 36, 3326 30.5, 3326 25, 3326 19.5, 3326 16.75, 3326 14, 3326 11.25, 3326 8.5, 3326 5.75, 3326 -2.5, 3326 -8, 3326 -13.5, 3326 -19, 3326 -30, 3326 -43.75, 3326 -46.5, 3326 -52, 3326 -74, 3304 -74, 3304 -63, 3304 -60.25, 3304 -54.75, 3304 -52, 3298.25 -52, 3292.5 -52, 3286.75 -52, 3281 -52, 3281 -45.12, 3281 -30, 3281 -27.25, 3281 -19, 3281 -8))",116.240456,Highland,921444,"(3301.261061946903, 25.58407079646018)"
22,H03,Cyber City,"POLYGON ((3216 36, 3216 44.25, 3216 49.75, 3216 52.5, 3216 58, 3216 63.5, 3216 69, 3216 80, 3216 96.5, 3216 112.5, 3216 124, 3216 140.5, 3216 146, 3216 151.5, 3216 162.5, 3216 168, 3238 168, 3248.5 168, 3260 168, 3260 148.75, 3260 146, 3270.5 146, 3281 146, 3281 135, 3281 129.5, 3281 126.75, 3281 124, 3281 118.5, 3281 114.38, 3281 107.5, 3281 102, 3281 93.75, 3281 88.25, 3281 80, 3281 74.5, 3281 69, 3281 58, 3281 52.5, 3281 47, 3281 42.88, 3281 36, 3281 30.5, 3281 25, 3281 16.75, 3281 14, 3281 11.25, 3281 3, 3281 -5.25, 3281 -8, 3281 -19, 3281 -27.25, 3281 -30, 3271 -30, 3260 -30, 3238 -30, 3216 -30, 3216 -19, 3216 -14.88, 3216 -12.12, 3216 -10.75, 3216 -8, 3216 14, 3216 27.75, 3216 36))",193.391194,Highland,1367420,"(3247.68085106383, 65.72340425531915)"
23,H04,The Lake,"POLYGON ((3084 -52, 3084 -30, 3084 14, 3084 25, 3084 36, 3084 80, 3084 112.5, 3084 168, 3084 198, 3084 218, 3117 218, 3150 218, 3183 218, 3216 218, 3248.5 218, 3281 218, 3281 193, 3281 168, 3281 146, 3270.5 146, 3260 146, 3260 148.75, 3260 168, 3248.5 168, 3238 168, 3216 168, 3216 162.5, 3216 151.5, 3216 146, 3216 140.5, 3216 124, 3216 112.5, 3216 96.5, 3216 80, 3216 69, 3216 63.5, 3216 58, 3216 52.5, 3216 49.75, 3216 44.25, 3216 36, 3216 27.75, 3216 14, 3216 -8, 3216 -10.75, 3216 -12.12, 3216 -14.88, 3216 -19, 3216 -30, 3238 -30, 3260 -30, 3271 -30, 3281 -30, 3281 -45.12, 3281 -52, 3276 -52, 3273.5 -52, 3271 -52, 3271 -54.75, 3271 -57.5, 3271 -63, 3260 -63, 3238 -63, 3216 -63, 3194 -63, 3172 -63, 3150 -63, 3117 -63, 3106 -63, 3084 -63, 3084 -52))",667.689095,Highland,869401,"(3163.380762856275, 81.25765073881277)"
24,H05,Foxton Heath,"POLYGON ((3084 -170.25, 3084 -151, 3084 -140.88, 3084 -137.5, 3084 -130.75, 3084 -124, 3084 -117, 3084 -110, 3084 -106.5, 3084 -96, 3084 -90.5, 3084 -85, 3084 -79.5, 3084 -74, 3084 -63, 3106 -63, 3117 -63, 3150 -63, 3172 -63, 3194 -63, 3216 -63, 3238 -63, 3260 -63, 3271 -63, 3271 -57.5, 3271 -54.75, 3271 -52, 3273.5 -52, 3276 -52, 3281 -52, 3286.75 -52, 3292.5 -52, 3298.25 -52, 3304 -52, 3304 -54.75, 3304 -60.25, 3304 -63, 3304 -74, 3326 -74, 3326 -52, 3348 -52, 3370 -52, 3370 -101.5, 3370 -118, 3381 -118, 3392 -118, 3392 -135, 3392 -162, 3392 -184, 3370 -184, 3348 -184, 3337 -184, 3315 -184, 3309.5 -184, 3304 -184, 3298.25 -184, 3295.38 -184, 3289.62 -184, 3283.88 -184, 3281 -184, 3260 -184, 3254.5 -184, 3249 -184, 3243.5 -184, 3238 -184, 3232.5 -184, 3227 -184, 3221.5 -184, 3216 -184, 3194 -184, 3172 -184, 3150 -184, 3133.5 -184, 3125.25 -184, 3117 -184, 3106 -184, 3084 -184, 3084 -170.25))",571.429894,Highland,1409524,"(3234.7145214521456, -123.42739273927393)"
25,H06,Slothwood Corner,"POLYGON ((3084 -357, 3084 -326, 3084 -295, 3084 -272, 3084 -228, 3084 -206, 3084 -184, 3106 -184, 3117 -184, 3125.25 -184, 3133.5 -184, 3150 -184, 3172 -184, 3194 -184, 3216 -184, 3221.5 -184, 3227 -184, 3232.5 -184, 3238 -184, 3243.5 -184, 3249 -184, 3254.5 -184, 3260 -184, 3281 -184, 3283.88 -184, 3289.62 -184, 3295.38 -184, 3298.25 -184, 3304 -184, 3309.5 -184, 3315 -184, 3337 -184, 3348 -184, 3370 -184, 3392 -184, 3431.25 -184, 3549 -184, 3549 -250, 3549 -295, 3549 -357, 3392 -357, 3348 -357, 3304 -357, 3260 -357, 3216 -357, 3150 -357, 3084 -357))",1253.816607,Highland,981900,"(3316.5, -270.5)"
26,H07,East Highland,"POLYGON ((2411 212, 2411 276, 2411 340, 2494.5 340, 2578 340, 2746 340, 2831 340, 2908 340, 2908 276, 2908 242, 2908 210, 2908 145, 2908 80, 2908 58, 2908 36, 2908 14, 2908 -24.5, 2908 -63, 2919 -63, 2930 -63, 2941 -63, 2952 -63, 2952 -74, 2952 -79.5, 2952 -85, 2952 -87.75, 2952 -96, 2952 -110, 2952 -117, 2952 -124, 2959.33 -124, 2966.67 -124, 2974 -124, 2985 -124, 2996 -124, 3001.5 -124, 3004.25 -124, 3007 -124, 3009.75 -124, 3012.5 -124, 3018 -124, 3029 -124, 3034.5 -124, 3040 -124, 3051 -124, 3062 -124, 3084 -124, 3084 -130.75, 3084 -137.5, 3084 -140.88, 3084 -151, 3084 -170.25, 3084 -184, 3084 -206, 3084 -228, 3084 -272, 3084 -295, 3084 -326, 3084 -357, 3040 -357, 2974 -357, 2919 -357, 2836.5 -357, 2754 -357, 2583 -357, 2411 -357, 2411 -96, 2411 80, 2411 212))",6080.118327,Highland,981978,"(2696.7344956818874, -33.473009553936016)"
27,H08,Goldcrest Cradle,"POLYGON ((2952 -79.5, 2952 -74, 2952 -63, 2941 -63, 2930 -63, 2919 -63, 2908 -63, 2908 -24.5, 2908 14, 2908 36, 2908 58, 2908 80, 2952 80, 2974 80, 2996 80, 3040 80, 3084 80, 3084 36, 3084 25, 3084 14, 3084 -30, 3084 -52, 3084 -63, 3084 -74, 3084 -79.5, 3084 -85, 3084 -90.5, 3084 -96, 3084 -106.5, 3084 -110, 3084 -117, 3084 -124, 3062 -124, 3051 -124, 3040 -124, 3034.5 -124, 3029 -124, 3018 -124, 3012.5 -124, 3009.75 -124, 3007 -124, 3004.25 -124, 3001.5 -124, 2996 -124, 2985 -124, 2974 -124, 2966.67 -124, 2959.33 -124, 2952 -124, 2952 -117, 2952 -110, 2952 -96, 2952 -87.75, 2952 -85, 2952 -79.5))",517.767255,Highland,1197545,"(3001.332450331126, -16.22317880794702)"
28,H09,Little Lancer,"POLYGON ((2908 276, 2908 340, 2952 340, 2996 340, 3084 340, 3084 322, 3084 300, 3095 300, 3106 300, 3117 300, 3122.5 300, 3128 300, 3139 300, 3150 300, 3155.16 300, 3160.83 300, 3166.5 300, 3169.25 300, 3172 300, 3177.5 300, 3180.25 300, 3183 300, 3185.58 300, 3188.16 300, 3191.08 300, 3194 300, 3196.75 300, 3199.5 300, 3202.25 300, 3205 300, 3210.5 300, 3216 300, 3227 300, 3232.5 300, 3238 300, 3248.5 300, 3264.88 300, 3281 300, 3281 256, 3281 218, 3248.5 218, 3216 218, 3183 218, 3150 218, 3117 218, 3084 218, 3084 198, 3084 168, 3084 112.5, 3084 80, 3040 80, 2996 80, 2974 80, 2952 80, 2908 80, 2908 145, 2908 210, 2908 242, 2908 276))",964.992272,Highland,1141446,"(3044.659770003553, 222.78460445133572)"
29,H10,Greater Lancer and Westbury Wharf,"POLYGON ((3128 300, 3122.5 300, 3117 300, 3106 300, 3095 300, 3084 300, 3084 322, 3084 340, 3095 340, 3106 340, 3111.5 340, 3117 340, 3122.5 340, 3128 340, 3133.5 340, 3139 340, 3144.5 340, 3150 340, 3160.31 340, 3163.41 340, 3166.5 340, 3169.08 340, 3171.66 340, 3177.33 340, 3183 340, 3188.16 340, 3193.31 340, 3199.5 340, 3204.9 340, 3210.3 340, 3216 340, 3221.5 340, 3227 340, 3238 340, 3248.75 340, 3259.5 340, 3264.88 340, 3270.25 340, 3281 340, 3290 340, 3290 388, 3290 410, 3290 498, 3290 555, 3326 555, 3370 555, 3414 555, 3559 555, 3559 563, 3559 1048, 3666 1048, 3666 563, 3666 451, 3666 220, 3559 220, 3559 340, 3549 340, 3549 218, 3392 218, 3370 218, 3348 218, 3281 218, 3281 256, 3281 300, 3264.88 300, 3248.5 300, 3238 300, 3232.5 300, 3227 300, 3216 300, 3210.5 300, 3205 300, 3202.25 300, 3199.5 300, 3196.75 300, 3194 300, 3191.08 300, 3188.16 300, 3185.58 300, 3183 300, 3180.25 300, 3177.5 300, 3172 300, 3169.25 300, 3166.5 300, 3160.83 300, 3155.16 300, 3150 300, 3139 300, 3128 300))",2914.693087,Highland,1312732,"(3501.708211457325, 501.0230125075532)"
30,SE01,East Forest,"POLYGON ((1456 448, 1774 448, 1774 111, 1822 111, 1822 198, 2079 198, 2138 198, 2270 198, 2336 198, 2369.5 198, 2403 198, 2403 150, 2403 102, 2403 58, 2403 -37, 2403 -206, 2403 -357, 2138 -357, 1822 -357, 1586 -357, 1386 -357, 1197 -357, 1197 -140, 1197 91, 1197 448, 1456 448))",12615.37933,Lowland,1002357,"(1743.9608983894323, -8.97472337670681)"
31,SE02,Upper Eastland and Readington,"POLYGON ((1273 1097, 1273 1110.8, 1273 1117.62, 1273 1125, 1273 1131.71, 1273 1138.27, 1273 1152, 1273 1165.8, 1273 1180, 1273 1221, 1273 1262, 1273 1539, 1273 1646, 1775 1646, 1775 1305, 1795 1305, 1822 1305, 1822 1537, 2100 1537, 2312 1537, 2576 1537, 2576 1387, 2576 1290, 2576 1214, 2494.4 1214, 2446 1214, 2404 1214, 2404 1136, 2404 1014, 2404 944, 2404 814, 2404 674, 2404 608, 2404 542, 2404 410, 2404 349, 2403 349, 2403 198, 2369.5 198, 2336 198, 2270 198, 2138 198, 2079 198, 1822 198, 1822 410, 1822 814, 1822 944, 1795 944, 1795 945, 1774 945, 1774 885, 1774 478, 1754 478, 1456 478, 1365 478, 1273 478, 1273 569, 1273 660, 1273 885, 1273 967, 1273 1070, 1273 1083.27, 1273 1097))",22405.18641,Lowland,1303613,"(1883.7003250044, 969.610876447546)"
32,SE03,Greater Almouth,"POLYGON ((2404 542, 2404 608, 2404 674, 2404 814, 2404 944, 2404 1014, 2404 1136, 2404 1214, 2446 1214, 2494.4 1214, 2576 1214, 2754 1214, 2754 1204.45, 2754 1196.54, 2754 1190.24, 2754 1157.82, 2754 1145.57, 2754 1138.35, 2754 1136.26, 2754 1129.64, 2754 1121.82, 2754 1099.42, 2754 1094.48, 2754 1092, 2763.43 1092, 2814.15 1092, 2852.91 1092, 2871.62 1092, 2891.33 1092, 2903.43 1092, 2908 1092, 2929.99 1092, 2930 1092, 3007.63 1092, 3042.72 1092, 3055.38 1092, 3084 1092, 3084 1078.63, 3084 1062.94, 3084 1062.39, 3084 1060.71, 3084 1057.81, 3084 1054.41, 3084 1050.79, 3084 1048.3, 3084 1044.86, 3084 1044.62, 3084 1037.14, 3084 1029.48, 3084 1021.23, 3084 999.35, 3084 976.4, 3084 960, 3084 903.61, 3084 842.87, 3084 814, 3084 763.04, 3084 718.78, 3084 696, 3084 691.19, 3084 615.18, 3084 563, 2994.53 563, 2939.87 563, 2908 563, 2908 486.61, 2908 432, 2908 349, 2766.7 349, 2576 349, 2526.8 349, 2404 349, 2404 410, 2404 542), (3041.08 1043.61, 3041.15 1043.65, 3041.71 1044.04, 3041.08 1043.61))",7953.177101,Lowland,1085155,"(2711.592383714272, 776.2147060502505)"
33,SE04,East Almouth,"POLYGON ((2754 1099.42, 2754 1121.82, 2754 1129.64, 2754 1136.26, 2754 1138.35, 2754 1145.57, 2754 1157.82, 2754 1190.24, 2754 1196.54, 2754 1204.45, 2754 1214, 2757.15 1214, 2769.33 1214, 2776.01 1214, 2791.89 1214, 2798.34 1214, 2806.64 1214, 2815.69 1214, 2824.92 1214, 2833.53 1214, 2842 1214, 2851.1 1214, 2860.19 1214, 2867.46 1214, 2884.31 1214, 2902.15 1214, 2908 1214, 2920.46 1214, 2936.09 1214, 2948.39 1214, 2957.19 1214, 2957.15 1213.38, 2956.98 1212.7, 2956.81 1210.54, 2956.83 1210.25, 2956.82 1210.2, 2956.94 1210.11, 2956.94 1210.1, 2957.99 1209.49, 2959.12 1208.78, 2960.03 1208.21, 2961.03 1207.57, 2961.89 1207.04, 2962.39 1206.73, 2962.9 1206.41, 2963.93 1205.77, 2964.79 1205.23, 2965.27 1204.94, 2966.13 1204.48, 2965.89 1203.85, 2965.76 1203.38, 2965.71 1203.4, 2964.44 1203.87, 2963.65 1204.05, 2963.4 1203.56, 2963.78 1203.36, 2963.32 1202.34, 2962.73 1201.29, 2962.73 1201.19, 2962.89 1201, 2962.9 1200.99, 2962.61 1200.47, 2961.81 1199.81, 2961.59 1199.59, 2960.64 1198.62, 2960.18 1198.36, 2959.2 1197.73, 2959.07 1197.64, 2958.91 1197.56, 2959 1197.33, 2957.9 1196.75, 2957.72 1196.53, 2957.67 1196.39, 2956.02 1196.18, 2955.57 1196.06, 2954.61 1195.7, 2954.24 1195.66, 2953.82 1195.53, 2953.54 1195.39, 2952.74 1195.16, 2952.01 1195.02, 2952.52 1193.37, 2952.2 1193.28, 2951.97 1193.24, 2952 1191.26, 2952 1190.77, 2951.07 1190.12, 2951.58 1189.46, 2952 1188.26, 2952 1185.74, 2952 1185.36, 2951.78 1184.32, 2951.73 1184.2, 2952 1184.21, 2952.09 1184.22, 2952.44 1184.4, 2953.93 1183.83, 2954.48 1183.67, 2954.76 1182.11, 2954.86 1181.61, 2954.82 1180.51, 2954.47 1179.83, 2954.22 1178.57, 2954.13 1177.83, 2953.59 1176, 2952.76 1174.78, 2952.55 1174.6, 2952.54 1174.57, 2952.51 1174.47, 2952 1173.77, 2951.79 1173.48, 2950.98 1172.43, 2952 1172.32, 2952.76 1172.23, 2952.35 1170.9, 2952.13 1170.77, 2952.38 1170.28, 2952.37 1170.28, 2952.33 1170.27, 2952.25 1170.18, 2952.07 1170.14, 2952 1170.17, 2951.95 1170.2, 2951.93 1170.2, 2951.87 1170.1, 2951.68 1170.05, 2951.47 1170.03, 2951.45 1169.95, 2950.57 1169.12, 2951.42 1168.24, 2951.79 1167.67, 2952 1167.03, 2952 1166.69, 2951.98 1164.02, 2950.92 1163.46, 2949.01 1162.49, 2947.79 1161.75, 2947.29 1161.41, 2946.79 1161.06, 2946.08 1160.54, 2945.27 1161.03, 2945.06 1161.79, 2944.45 1162.83, 2944.13 1163.05, 2942.21 1162.51, 2940.64 1161.56, 2939.84 1161.1, 2938.22 1160.3, 2937.32 1159.44, 2937.33 1159.42, 2936.96 1158.94, 2936.01 1159.69, 2934.8 1160.4, 2933.64 1160.8, 2933.54 1161.07, 2933.53 1161.06, 2933.1 1160.89, 2932.94 1160.88, 2932.92 1160.87, 2932.61 1161.35, 2932.23 1161.93, 2931.81 1162.33, 2931.37 1162.55, 2930.42 1162.71, 2929.29 1162.33, 2928.9 1162.12, 2927.36 1161.15, 2927.23 1161.06, 2926.15 1160.52, 2924.94 1160.6, 2924.3 1159.35, 2922.65 1157.12, 2923.68 1155.49, 2924.18 1154.76, 2925.71 1154.18, 2927 1153.83, 2928.37 1153.85, 2928.78 1153.24, 2929.63 1151.79, 2930 1151.4, 2930 1147.69, 2927.35 1147.94, 2926.48 1147.1, 2925.55 1146.28, 2924.34 1145.75, 2924.5 1144.55, 2924.9 1142.64, 2924.9 1142.63, 2924.37 1141.74, 2924.21 1141.39, 2924.95 1140.61, 2923.36 1139.73, 2921.76 1140.56, 2919.2 1140.98, 2917.87 1139.56, 2917.15 1138.23, 2916.84 1136.73, 2916.79 1136, 2913.23 1136, 2913.92 1134.86, 2914.33 1133.08, 2914.27 1131.14, 2914.2 1129.46, 2914.01 1127.97, 2913.88 1124.74, 2913.81 1122.11, 2914.13 1120.01, 2914.34 1118.57, 2915.44 1118.33, 2915.87 1116.85, 2916.52 1115.54, 2916.48 1114.03, 2916.51 1112.22, 2916.56 1110.38, 2918.17 1109.41, 2918.65 1108.15, 2917.53 1105.95, 2919.05 1104.13, 2919.07 1103.92, 2919.88 1103.58, 2921.5 1104.94, 2923.69 1104.49, 2925.08 1104.27, 2926.21 1103.71, 2927.49 1103.57, 2928.75 1103.63, 2930 1104.45, 2930 1092, 2929.99 1092, 2908 1092, 2903.43 1092, 2891.33 1092, 2871.62 1092, 2852.91 1092, 2814.15 1092, 2763.43 1092, 2754 1092, 2754 1094.48, 2754 1099.42), (2903.34 1176.44, 2903.33 1176.42, 2904.19 1177.36, 2903.34 1176.44), (2939.33 1193.57, 2939.84 1193.47, 2939.34 1193.57, 2939.33 1193.57), (2917.8 1205.07, 2917.69 1205.15, 2917.68 1205.15, 2917.8 1205.07))",345.932061,Lowland,1099968,"(2845.8224434846893, 1155.9054033584482)"
34,SE05,Southwest Almouth and Jackenville,"POLYGON ((2927.49 1103.57, 2926.21 1103.71, 2925.08 1104.27, 2923.69 1104.49, 2921.5 1104.94, 2919.88 1103.58, 2919.07 1103.92, 2919.05 1104.13, 2917.53 1105.95, 2918.65 1108.15, 2918.17 1109.41, 2916.56 1110.38, 2916.51 1112.22, 2916.48 1114.03, 2916.52 1115.54, 2915.87 1116.85, 2915.44 1118.33, 2914.34 1118.57, 2914.13 1120.01, 2913.81 1122.11, 2913.88 1124.74, 2914.01 1127.97, 2914.2 1129.46, 2914.27 1131.14, 2914.33 1133.08, 2913.92 1134.86, 2913.23 1136, 2916.79 1136, 2916.84 1136.73, 2917.15 1138.23, 2917.87 1139.56, 2919.2 1140.98, 2921.76 1140.56, 2923.36 1139.73, 2924.95 1140.61, 2924.21 1141.39, 2924.37 1141.74, 2924.9 1142.63, 2924.9 1142.64, 2924.5 1144.55, 2924.34 1145.75, 2925.55 1146.28, 2926.48 1147.1, 2927.35 1147.94, 2930 1147.69, 2930 1151.4, 2929.63 1151.79, 2929.23 1152.47, 2928.78 1153.24, 2928.37 1153.85, 2927 1153.83, 2925.84 1154.14, 2925.71 1154.18, 2924.18 1154.76, 2923.68 1155.49, 2922.65 1157.12, 2924.3 1159.35, 2924.94 1160.6, 2926.15 1160.52, 2927.23 1161.06, 2927.36 1161.15, 2928.9 1162.12, 2929.29 1162.33, 2930.42 1162.71, 2931.37 1162.55, 2931.81 1162.33, 2932.23 1161.93, 2932.61 1161.35, 2932.92 1160.87, 2932.94 1160.88, 2933.1 1160.89, 2933.54 1161.07, 2933.64 1160.8, 2934.8 1160.4, 2936.01 1159.69, 2936.96 1158.94, 2937.33 1159.42, 2937.32 1159.44, 2938.22 1160.3, 2939.84 1161.1, 2940.64 1161.56, 2942.21 1162.51, 2944.13 1163.05, 2944.45 1162.83, 2945.06 1161.79, 2945.27 1161.03, 2946.08 1160.54, 2946.79 1161.06, 2947.29 1161.41, 2947.79 1161.75, 2949.01 1162.49, 2950.92 1163.46, 2951.98 1164.02, 2952.18 1163.71, 2952.54 1163.49, 2952.99 1163.23, 2953.11 1163.15, 2953.77 1162.61, 2953.98 1162.93, 2954.47 1163.54, 2955.11 1163.67, 2955.35 1163.58, 2955.57 1163.7, 2956.33 1163.84, 2956.7 1163.9, 2956.88 1164.09, 2957.25 1164.41, 2957.31 1164.38, 2957.65 1164.57, 2958.04 1164.7, 2958.53 1164.67, 2958.9 1164.63, 2958.97 1164.88, 2959.38 1165.16, 2960.29 1165.42, 2960.51 1165.5, 2961.16 1165.9, 2961.42 1166.26, 2962.27 1165.97, 2962.69 1165.86, 2962.94 1165.79, 2964.25 1165.5, 2965.5 1165.12, 2965.57 1165.2, 2966.61 1164.97, 2966.64 1164.96, 2966.84 1163.73, 2966.98 1162.7, 2967.23 1161.82, 2967.48 1160.69, 2969.53 1161.04, 2970.02 1161.18, 2971.04 1161.56, 2972.2 1162.11, 2972.24 1162.13, 2972.2 1162.37, 2972.14 1162.68, 2972.08 1162.83, 2972.21 1162.88, 2972.97 1163.24, 2973.23 1163.66, 2973.29 1163.85, 2973.35 1164.38, 2973.42 1164.41, 2974 1164.61, 2974.57 1165.08, 2975.71 1165.68, 2976.65 1166.61, 2977.74 1167.24, 2978.8 1167.83, 2980.2 1167.99, 2980.25 1168, 2981.84 1168.14, 2982.12 1167.84, 2982.23 1167.72, 2982.88 1167.02, 2983.77 1166.13, 2983.89 1165.89, 2983.97 1165.87, 2984.2595 1165.8016, 2984.52 1165.74, 2985.06 1165.61, 2985.55 1165.46, 2986.04 1165.34, 2986.82 1165.18, 2987.23 1165.15, 2988.19 1165.08, 2988.73 1165.06, 2989.27 1165.03, 2989.62 1165.14, 2989.97 1164.96, 2990.22 1164.92, 2990.25 1164.92, 2990.69 1164.82, 2990.85 1164.81, 2991.04 1164.68, 2991.14 1164.8, 2991.32 1164.37, 2991.43 1164.18, 2991.81 1164.33, 2992.19 1164.2, 2992.83 1164.23, 2992.96 1164.36, 2993.26 1164.72, 2993.32 1164.79, 2993.28 1165.31, 2993.73 1165.79, 2994.04 1166.09, 2994.25 1166.29, 2994.35 1166.38, 2994.69 1166.66, 2995.28 1167.07, 2995.69 1167.4, 2995.77 1167.53, 2996.12 1168.1, 2996.62 1167.84, 2996.8 1167.74, 2997.09 1167.61, 2997.12 1167.59, 2997.4 1167.54, 2997.78 1167.45, 2998.18 1167.67, 2998.19 1167.67, 2998.19 1167.68, 2998.49 1167.87, 2998.64 1168.03, 2998.92 1168.26, 2999.52 1168.66, 2999.89 1168.89, 3000.23 1169.13, 3000.53 1169.34, 3000.89 1169.54, 3001.28 1169.58, 3001.66 1169.71, 3002.01 1169.73, 3002.33 1169.36, 3002.61 1169.07, 3003.17 1168.36, 3003.36 1167.82, 3003.37 1167.79, 3003.43 1166.74, 3003.45 1166.39, 3003.45 1166.33, 3003.41 1165.69, 3003.47 1165.3, 3003.82 1164.77, 3004.21 1164.44, 3004.65 1164.14, 3005.08 1163.84, 3005.62 1163.47, 3005.96 1163.06, 3006.2 1162.68, 3006.38 1162.45, 3006.39 1162.44, 3006.79 1162.14, 3007.03 1162.16, 3007.37 1162.18, 3007.44 1161.79, 3007.57 1161.38, 3007.78 1160.95, 3008.06 1160.49, 3008.31 1159.96, 3008.62 1159.47, 3009.15 1158.69, 3009.27 1158.32, 3009.43 1157.97, 3009.5 1157.65, 3009.89 1156.9, 3010.05 1156.56, 3010.18 1156.21, 3010.4 1155.49, 3010.5 1155.12, 3010.62 1154.72, 3010.86 1155.09, 3011.45 1156, 3011.61 1156.46, 3011.69 1156.86, 3011.84 1157.19, 3012.07 1157.58, 3012.31 1157.94, 3012.55 1158.3, 3012.94 1158.86, 3013.16 1159.16, 3013.46 1159.55, 3013.69 1159.79, 3013.98 1160.01, 3014.04 1160.04, 3014.41 1160.22, 3014.46 1160.25, 3014.52 1160.28, 3014.88 1160.44, 3015.45 1160.68, 3015.72 1160.87, 3015.88 1160.9, 3016.64 1161.15, 3017.07 1161.33, 3017.76 1161.59, 3019.17 1162.17, 3019.55 1162.38, 3020.57 1163.16, 3021.09 1163.61, 3021.62 1164.06, 3022.54 1164.85, 3023.45 1165.63, 3023.74 1165.92, 3024.12 1166.34, 3024.57 1167.07, 3024.68 1167.27, 3024.8 1167.46, 3025.21 1168.23, 3025.5 1168.81, 3025.74 1169.3, 3026.0357 1169.8614, 3026.13 1170.05, 3026.43 1170.61, 3026.79 1170.45, 3027.29 1170.2, 3027.67 1170.01, 3027.76 1169.96, 3027.97 1170.39, 3028.14 1170.76, 3028.38 1171.26, 3028.59 1171.7, 3029.49 1171.24, 3030.14 1170.9, 3030.49 1170.74, 3030.85 1170.65, 3031.41 1170.54, 3032.14 1170.4, 3032.35 1170.36, 3033.25 1170.18, 3033.62 1170.1, 3033.68 1170.09, 3034.12 1170, 3034.16 1169.99, 3034.57 1169.91, 3034.98 1169.82, 3035.07 1169.81, 3035.5 1169.72, 3035.91 1169.63, 3036.26 1169.55, 3036.81 1169.44, 3037.22 1169.37, 3037.17 1169.1, 3037.8 1168.94, 3038.46 1169.02, 3038.81 1168.87, 3039.21 1168.67, 3039.55 1168.5, 3039.88 1168.33, 3040.55 1167.99, 3040.92 1167.8, 3041.35 1167.58, 3041.32 1167.47, 3041.19 1166.92, 3041.07 1166.22, 3041.67 1166.29, 3042.33 1166.36, 3042.66 1166.41, 3043.41 1166.5, 3044.97 1166.76, 3045.92 1166.91, 3046.78 1167.26, 3046.83 1167.17, 3047.62 1167.44, 3047.98 1167.57, 3048.33 1167.68, 3048.95 1167.9, 3049.32 1168.03, 3049.62 1167.26, 3049.83 1166.72, 3050.82 1167.3, 3050.81 1167.77, 3050.94 1167.9, 3051.42 1167.57, 3051.91 1167.11, 3052.21 1166.87, 3052.58 1166.62, 3052.9 1166.44, 3053.23 1166.71, 3053.59 1166.93, 3053.7 1166.95, 3053.74 1166.96, 3053.755 1166.96, 3053.7786 1166.9643, 3053.79 1166.97, 3054.36 1167.07, 3054.31 1167.34, 3054.66 1167.8, 3054.98 1168.06, 3055.32 1168.29, 3055.9 1168.23, 3056.02 1167.77, 3056.11 1167.41, 3056.28 1166.74, 3056.68 1166.7, 3057.17 1166.66, 3057.74 1166.67, 3058.29 1166.7, 3058.68 1166.72, 3059.07 1166.72, 3059.53 1166.71, 3059.89 1166.65, 3060.17 1166.6, 3060.71 1166.48, 3060.74 1166.47, 3062.61 1165.98, 3063.49 1165.71, 3063.85 1165.46, 3064.29 1166.19, 3064.77 1166.89, 3065.31 1167.49, 3065.86 1167.12, 3066.07 1166.98, 3067.37 1166.58, 3068.62 1166.1, 3068.96 1165.98, 3069.61 1165.82, 3070.58 1165.58, 3070.64 1166.03, 3070.73 1166.32, 3071.36 1166.55, 3071.95 1166.67, 3073.33 1166.93, 3075.06 1167.16, 3075.43 1167.18, 3075.54 1167.17, 3075.95 1167.14, 3076.44 1167.14, 3076.76 1167.18, 3077.19 1167.22, 3077.29 1167.22, 3077.75 1167.21, 3078.27 1167.16, 3078.68 1167.16, 3078.97 1167.21, 3079.21 1167.14, 3079.56 1166.99, 3079.93 1166.87, 3080.42 1166.75, 3080.8 1166.7, 3081.45 1166.65, 3081.86 1166.55, 3082.26 1166.45, 3082.74 1166.32, 3083.31 1166.2, 3083.68 1166.13, 3084.1 1166.07, 3084.24 1166.06, 3084.55 1166.06, 3085.03 1166.07, 3085.6 1166.06, 3086.37 1165.95, 3086.73 1165.9, 3087.14 1165.89, 3087.18 1165.89, 3087.56 1165.84, 3087.95 1165.79, 3088.35 1165.74, 3089.14 1165.71, 3089.52 1165.71, 3089.89 1165.7, 3090.41 1165.67, 3090.93 1165.63, 3091.61 1165.56, 3091.99 1165.53, 3092.79 1165.44, 3093.46 1165.33, 3093.76 1165.27, 3094.34 1165.12, 3094.69 1165.03, 3095.08 1164.96, 3095.87 1164.83, 3096 1164.82, 3096.81 1164.81, 3097.19 1164.77, 3097.72 1164.76, 3098.04 1164.76, 3098.65 1164.72, 3099.31 1164.65, 3099.74 1164.57, 3099.813 1164.5575, 3100.15 1164.5, 3100.67 1164.4, 3101.44 1164.26, 3102.06 1164.24, 3102.45 1164.23, 3102.93 1164.37, 3103.16 1164, 3103.58 1164.21, 3103.97 1164.25, 3104.42 1164.23, 3104.83 1164.2, 3105.19 1164.17, 3105.84 1164.14, 3106.42 1164.12, 3106.9 1164.1, 3107.65 1164.13, 3108.02 1164.15, 3108.58 1164.18, 3108.62 1164.18, 3109.24 1164.22, 3109.95 1164.21, 3110.44 1164.18, 3110.94 1164.12, 3111.0323 1164.11, 3111.07 1164.11, 3111.0907 1164.1031, 3111.1169 1164.1, 3111.14 1164.1, 3111.54 1164.05, 3111.99 1163.99, 3112.38 1163.93, 3112.97 1163.85, 3113.5 1163.79, 3113.87 1163.71, 3114.26 1163.59, 3114.87 1163.41, 3115.43 1163.15, 3115.99 1162.95, 3116.52 1162.77, 3116.74 1162.7, 3117.14 1162.58, 3117.78 1162.42, 3118.11 1162.35, 3118.48 1162.27, 3119.02 1162.17, 3119.41 1162.09, 3120.01 1161.99, 3120.56 1161.9, 3121.34 1161.78, 3121.64 1161.71, 3122.2 1161.68, 3122.32 1161.85, 3122.54 1161.73, 3122.9 1161.82, 3123.28 1161.9, 3123.68 1161.97, 3124.07 1162.14, 3124.32 1162.31, 3124.8 1162.69, 3125.1 1162.95, 3125.49 1163.27, 3126.13 1163.63, 3126.48 1163.81, 3126.91 1163.95, 3127.61 1164.19, 3127.79 1164.39, 3128 1164.42, 3128.58 1164.35, 3129.08 1164.26, 3129.52 1164.1, 3130.09 1163.8, 3130.6 1163.45, 3131.09 1163.25, 3131.67 1162.92, 3132.27 1162.72, 3133.27 1162.46, 3133.86 1162.34, 3134.36 1162.25, 3134.87 1162.16, 3135.86 1161.98, 3136.34 1161.9, 3136.98 1161.79, 3137.49 1161.65, 3137.88 1161.54, 3138.89 1161.23, 3139.72 1160.92, 3140.36 1160.43, 3141.02 1159.74, 3141.42 1159.39, 3141.86 1159.1, 3142.53 1158.74, 3143.05 1158.2, 3143.31 1157.96, 3144.73 1157.11, 3146.32 1156.08, 3146.67 1155.9, 3146.99 1155.66, 3147.2 1155.65, 3147.7 1156.1, 3147.75 1156.11, 3149.4 1157.06, 3149.76 1158, 3150.01 1157.6, 3150.38 1156.97, 3150.65 1156.53, 3150.72 1156.42, 3150.78 1156.31, 3151.18 1155.9, 3151.51 1155.81, 3151.67 1155.63, 3151.92 1155.24, 3152.05 1154.8, 3152.24 1154.44, 3152.32 1154.23, 3152.49 1154.35, 3152.75 1154.38, 3152.98 1154.07, 3153.67 1153.6, 3153.99 1153.25, 3154.02 1153.18, 3154.14 1152.89, 3154.09 1152.23, 3154.13 1151.54, 3154.08 1150.98, 3153.98 1150.6, 3154.1 1150.09, 3154.14 1149.52, 3154.21 1148.78, 3154.21 1148.39, 3154.48 1147.92, 3154.63 1147.52, 3154.77 1147.12, 3154.89 1146.76, 3155.14 1146.38, 3155.49 1146.01, 3154.83 1145.73, 3154.15 1145.52, 3152.61 1145.06, 3151.4 1144.69, 3150.2 1144.32, 3149.3 1144.05, 3148.68 1143.86, 3148.13 1143.7, 3148.09 1143.72, 3148.06 1143.67, 3147.67 1143.56, 3147.31 1143.44, 3146.38 1143.15, 3146.05 1143.1, 3145.94 1142.11, 3145.92 1141.65, 3146.04 1141.13, 3146.13 1140.78, 3146.27 1140.14, 3146.48 1139.11, 3146.59 1138.62, 3146.71 1138.19, 3146.8 1137.77, 3146.94 1137.16, 3147.07 1136.77, 3147.35 1136.42, 3147.34 1136.39, 3147.59 1136.09, 3147.92 1135.68, 3148.32 1135.16, 3149.29 1133.89, 3149.7 1133.36, 3149.92 1133.07, 3150.18 1132.73, 3150.78 1131.96, 3151.96 1130.42, 3152.34 1129.94, 3152.82 1129.35, 3153.09 1129.06, 3153.4 1128.71, 3153.46 1128.34, 3153.39 1127.98, 3153.23 1127.55, 3153.29 1127.05, 3153.6 1126.48, 3154.01 1125.75, 3154.24 1125.32, 3154.53 1124.78, 3154.88 1124.21, 3155.07 1123.9, 3155.19 1123.55, 3155.27 1123.14, 3155.29 1122.8, 3154.99 1122.61, 3154.93 1122.5, 3155.5 1122.22, 3156.41 1121.78, 3157.09 1121.44, 3157.69 1121.15, 3157.96 1120.87, 3158.35 1120.4, 3158.6 1120.05, 3158.86 1119.76, 3159.15 1119.43, 3159.28 1119.03, 3159.42 1118.69, 3159.69 1118.21, 3160.01 1117.66, 3160.24 1117.34, 3160.63 1117.11, 3161 1116.88, 3161.41 1116.73, 3161.8 1116.64, 3162.72 1116.45, 3164.31 1116.22, 3164.39 1116.2, 3164.45 1116.75, 3165.25 1116.69, 3165.83 1116.63, 3165.95 1116.61, 3166.4 1116.55, 3166.87 1116.59, 3167.31 1116.51, 3167.69 1116.49, 3171.14 1116.15, 3171.21 1116.15, 3171.65 1116.14, 3172 1116.15, 3171.99 1105.82, 3172 1092, 3172 1089.46, 3172 1084.46, 3172.22 1084.35, 3172.79 1084.07, 3173.6 1084.14, 3173.74 1084.12, 3174.13 1084.11, 3174.01 1083.53, 3173.96 1083.29, 3173.95 1083.24, 3173.89 1082.96, 3173.86 1082.84, 3173.77 1082.42, 3173.67 1081.8, 3173.57 1081.42, 3173.5 1080.93, 3173.44 1080.32, 3173.31 1079.46, 3173.28 1079.18, 3173.39 1078.64, 3173.5 1078.23, 3173.48 1077.92, 3173.43 1077.85, 3173.2 1077.53, 3172.76 1077.89, 3172.1 1078.06, 3171.46 1078.22, 3171.43 1078.23, 3171.02 1078.41, 3170.44 1078.71, 3170.57 1078.29, 3170.767 1077.6576, 3170.77 1077.65, 3170.9022 1077.2222, 3170.94 1077.1, 3171.08 1076.65, 3172.11 1076.18, 3172.08 1075.3264, 3172.08 1075.21, 3172.07 1074.95, 3172.06 1074.65, 3172.04 1074.09, 3172.03 1073.83, 3172.02 1073.54, 3172 1073.05, 3172 1069.95, 3172.01 1069.94, 3172.44 1069.69, 3172.21 1069.27, 3172.51 1068.82, 3172.6 1068.25, 3172.61 1067.85, 3172.64 1067.37, 3172.6 1066.98, 3172.37 1066.59, 3172.47 1065.93, 3172.59 1065.5, 3172.59 1065.21, 3172.66 1064.78, 3172.7 1064.37, 3172.68 1063.89, 3172.57 1063.15, 3172.44 1062.54, 3172.25 1061.76, 3171.8797 1061.9295, 3171.83 1061.95, 3171.42 1062.14, 3171.01 1062.33, 3170.59 1062.58, 3170.23 1062.8, 3170.17 1061.98, 3169.78 1061.88, 3169.52 1061.35, 3168.76 1061.28, 3168.79 1061.05, 3168.99 1060.71, 3169.16 1060.1, 3168.02 1060.52, 3167.35 1060.63, 3166.38 1060.76, 3165.91 1060.91, 3165.42 1061.13, 3165.37 1060.97, 3165.83 1060.4, 3165.99 1060.16, 3166.13 1059.95, 3166.4 1059.6, 3166.41 1059.15, 3166.37 1058.73, 3166.36 1058.64, 3166.35 1058.15, 3166.48 1057.81, 3166.62 1057.42, 3166.52 1056.7, 3166.45 1056.32, 3166.4 1056.1, 3166.26 1055.43, 3166.18 1054.84, 3166.13 1054.21, 3166.13 1053.33, 3166.09 1053.04, 3166.09 1052.53, 3166.03 1052, 3165.94 1051.8, 3165.64 1051.37, 3165.55 1050.88, 3165.69 1050.1, 3165.68 1049.78, 3165.65 1048.93, 3165.63 1048.2, 3165.66 1047.83, 3165.71 1047.41, 3165.76 1046.81, 3165.72 1046.41, 3165.99 1046.35, 3166.05 1045.87, 3166.24 1045.22, 3166.21 1044.99, 3165.87 1044.74, 3165.24 1044.74, 3164.61 1044.41, 3164.75 1043.75, 3164.88 1043.12, 3164.97 1042.52, 3165.07 1041.86, 3165.14 1041.4, 3165.21 1040.8, 3165.35 1040.26, 3165.35 1039.39, 3165.46 1038.94, 3165.5 1038.74, 3165.67 1038.23, 3165.83 1037.8, 3166.08 1037.17, 3166.1 1037.14, 3166.29 1036.74, 3166.6 1036.14, 3166.95 1036.42, 3167.65 1036.88, 3168.2 1037.24, 3169.76 1038.19, 3170.42 1038.59, 3171.63 1039.17, 3172.94 1039.78, 3173.35 1039.98, 3173.69 1040.14, 3174.22 1040.38, 3175.03 1040.75, 3175.52 1040.99, 3176.07 1041.12, 3176.22 1041.14, 3176.79 1041.16, 3176.91 1041.18, 3176.96 1041.18, 3177.01 1041.26, 3177.43 1041.32, 3177.81 1041.37, 3178.33 1041.35, 3178.67 1041.3, 3178.87 1041.2, 3179.24 1041.07, 3179.94 1040.87, 3180.88 1040.59, 3180.89 1040.6, 3181.13 1040.51, 3181.78 1040.28, 3182.37 1040.03, 3182.85 1039.82, 3183.33 1039.53, 3183.65 1039.25, 3183.78 1039.1, 3184.19 1038.63, 3184.47 1038.34, 3184.45 1038.28, 3184.88 1037.73, 3184.99 1037.54, 3185.07 1036.86, 3185.03 1036.72, 3184.88 1036.27, 3183.51 1034.84, 3183.12 1034.25, 3182.94 1034.07, 3182.55 1033.62, 3182.11 1033, 3182.08 1032.93, 3181.9 1032.63, 3181.86 1032.57, 3180.91 1030.97, 3180.2 1029.76, 3180.1257 1029.635, 3179.13 1027.94, 3178.38 1026.85, 3178.19 1026.6, 3177.96 1026.31, 3177.1 1025.37, 3176.47 1024.8, 3174.34 1023.19, 3172.75 1021.96, 3171.96 1021.21, 3171.88 1021.12, 3171.03 1020.15, 3170.84 1019.88, 3170.55 1019.48, 3169.95 1018.54, 3169.75 1018.72, 3168.42 1019.88, 3167.96 1020.3, 3167.75 1020.48, 3167.32 1020.87, 3166.97 1020.6, 3166.61 1020.39, 3165.89 1020.03, 3165.49 1019.84, 3165.01 1019.61, 3164.53 1019.39, 3164.18 1019.23, 3163.82 1019.01, 3163.47 1018.74, 3163.18 1018.46, 3162.28 1017.42, 3162.02 1017.12, 3161.38 1016.45, 3161.22 1016.27, 3160.91 1015.85, 3160.82 1015.74, 3160.61 1015.5, 3160.36 1015.18, 3159.93 1014.53, 3159.72 1014.25, 3159.52 1013.99, 3159.48 1013.94, 3159.39 1013.91, 3159.23 1013.74, 3159.04 1013.59, 3158.79 1013.31, 3158.63 1013.12, 3158.75 1013.11, 3159.49 1013.01, 3160.37 1012.77, 3161.34 1012.37, 3161.86 1012.08, 3162.38 1011.75, 3162.95 1011.3, 3163.34 1010.9, 3163.6304 1010.5947, 3163.77 1010.45, 3164.36 1009.64, 3164.4 1009.58, 3164.86 1008.69, 3165.41 1007.33, 3165.91 1006.32, 3166.39 1005.55, 3166.86 1004.91, 3167.92 1003.78, 3168.24 1003.48, 3168.96 1002.93, 3170.07 1002.23, 3172 1001.13, 3173.03 1000.54, 3175.25 999.33, 3175.74 999.11, 3177 998.76, 3178.25 998.63, 3178.97 998.65, 3179.76 998.76, 3180.6 998.99, 3181.24 999.24, 3181.85 999.54, 3182.59 999.99, 3183.17 1000.34, 3183.53 1000.52, 3184.53 1001.1, 3185.18 1001.26, 3185.2 1001.27, 3185.86 1001.49, 3186.66 1001.7, 3187.02 1001.79, 3188.02 1001.95, 3188.16 1001.97, 3189.66 1002.06, 3190.87 1002.07, 3192.07 1002.08, 3192.24 1002.08, 3194.27 1002.09, 3196.31 1002.09, 3196.52 1002.55, 3196.88 1003.17, 3197.19 1003.62, 3197.7 1004.22, 3198.45 1004.88, 3198.81 1005.05, 3199.18 1005.22, 3199.77 1005.45, 3200.17 1005.61, 3200.56 1005.8, 3201.16 1006.05, 3201.74 1006.35, 3202.21 1006.44, 3202.6 1006.55, 3203.09 1006.58, 3203.17 1006.62, 3203.69 1006.72, 3204.47 1006.8, 3204.89 1006.82, 3204.95 1005.54, 3205 1004, 3205 1001.21, 3205 992.54, 3205 984.5, 3205 977.52, 3205 971.39, 3205 970.81, 3205 966.1, 3205 960, 3202.64 960, 3200.46 960, 3197.03 960, 3188.87 960, 3187.68 960, 3185.1 960, 3182.1 960, 3172 960, 3154.85 960, 3153.23 960, 3141.49 960, 3111.3 960, 3089.01 960, 3084 960, 3084 976.4, 3084 999.35, 3084 1021.23, 3084 1029.48, 3084 1037.14, 3084 1044.62, 3084 1044.86, 3084 1048.3, 3084 1050.79, 3084 1054.41, 3084 1057.81, 3084 1060.71, 3084 1062.39, 3084 1062.94, 3084 1078.63, 3084 1092, 3055.38 1092, 3042.72 1092, 3007.63 1092, 2930 1092, 2930 1104.45, 2928.75 1103.63, 2927.49 1103.57))",468.680907,Lowland,1187313,"(3080.4654718577676, 1081.969991183314)"
35,SE06,White Bridge,"POLYGON ((2972.2 1162.11, 2971.04 1161.56, 2970.02 1161.18, 2969.94 1161.15, 2969.53 1161.04, 2967.48 1160.69, 2967.23 1161.82, 2966.98 1162.7, 2966.84 1163.73, 2966.64 1164.96, 2966.61 1164.97, 2965.99 1165.1, 2965.57 1165.2, 2965.5 1165.12, 2965.42 1165.14, 2964.25 1165.5, 2962.94 1165.79, 2962.69 1165.86, 2962.27 1165.97, 2961.75 1166.13, 2961.42 1166.26, 2961.16 1165.9, 2960.51 1165.5, 2960.29 1165.42, 2959.38 1165.16, 2958.97 1164.88, 2958.9 1164.63, 2958.53 1164.67, 2958.04 1164.7, 2957.65 1164.57, 2957.31 1164.38, 2957.25 1164.41, 2956.88 1164.09, 2956.7 1163.9, 2956.33 1163.84, 2955.57 1163.7, 2955.35 1163.58, 2955.11 1163.67, 2954.47 1163.54, 2954.24 1163.24, 2953.98 1162.93, 2953.77 1162.61, 2953.44 1162.87, 2953.11 1163.15, 2952.99 1163.23, 2952.54 1163.49, 2952.18 1163.71, 2951.98 1164.02, 2952 1166.69, 2952 1167.03, 2951.79 1167.67, 2951.42 1168.24, 2950.57 1169.12, 2951.45 1169.95, 2951.47 1170.03, 2951.68 1170.05, 2951.87 1170.1, 2951.93 1170.2, 2951.95 1170.2, 2952.07 1170.14, 2952.25 1170.18, 2952.33 1170.27, 2952.37 1170.28, 2952.38 1170.28, 2952.13 1170.77, 2952.35 1170.9, 2952.76 1172.23, 2950.98 1172.43, 2951.79 1173.48, 2952 1173.77, 2952.51 1174.47, 2952.54 1174.57, 2952.55 1174.6, 2952.76 1174.78, 2953.59 1176, 2954.13 1177.83, 2954.22 1178.57, 2954.47 1179.83, 2954.82 1180.51, 2954.86 1181.61, 2954.76 1182.11, 2954.48 1183.67, 2953.93 1183.83, 2952.44 1184.4, 2952.09 1184.22, 2952 1184.21, 2951.73 1184.2, 2951.78 1184.32, 2952 1185.36, 2952 1185.74, 2952 1188.26, 2951.58 1189.46, 2951.07 1190.12, 2952 1190.77, 2952 1191.26, 2951.97 1193.24, 2952.2 1193.28, 2952.52 1193.37, 2952.01 1195.02, 2952.74 1195.16, 2953.54 1195.39, 2953.82 1195.53, 2954.24 1195.66, 2954.61 1195.7, 2955.57 1196.06, 2956.02 1196.18, 2957.67 1196.39, 2957.72 1196.53, 2957.9 1196.75, 2959 1197.33, 2958.91 1197.56, 2959.07 1197.64, 2959.2 1197.73, 2960.18 1198.36, 2960.64 1198.62, 2961.59 1199.59, 2961.81 1199.81, 2962.61 1200.47, 2962.9 1200.99, 2962.89 1201, 2962.73 1201.19, 2962.73 1201.29, 2963.32 1202.34, 2963.78 1203.36, 2963.4 1203.56, 2963.65 1204.05, 2964.44 1203.87, 2965.71 1203.4, 2965.76 1203.38, 2965.89 1203.85, 2966.13 1204.48, 2965.27 1204.94, 2964.79 1205.23, 2963.93 1205.77, 2962.9 1206.41, 2962.39 1206.73, 2961.03 1207.57, 2960.03 1208.21, 2959.12 1208.78, 2957.99 1209.49, 2956.94 1210.1, 2956.82 1210.2, 2956.83 1210.25, 2956.81 1210.54, 2956.98 1212.7, 2957.15 1213.38, 2957.19 1214, 2962.7 1214, 2966.56 1214, 2972.62 1214, 2981.74 1214, 2987.84 1214, 2993.05 1214, 2996 1214, 3003.81 1214, 3007.34 1214, 3012.23 1214, 3017.79 1214, 3023.48 1214, 3030.09 1214, 3034.6 1214, 3039.79 1214, 3045.77 1214, 3051.78 1214, 3054.6 1214, 3060.95 1214, 3062.15 1214, 3064.61 1214, 3068.62 1214, 3076.76 1214, 3079.06 1214, 3081.28 1214, 3091.04 1214, 3102.85 1214, 3110.25 1214, 3114.87 1214, 3118.81 1214, 3123.94 1214, 3128 1214, 3133.42 1214, 3150.25 1214, 3150.3 1211.52, 3150.25 1208.04, 3149.48 1208.32, 3148.8 1208.28, 3148.75 1207.75, 3148.38 1207.79, 3148.37 1207.79, 3148.02 1207.82, 3147.3384 1207.8795, 3146.76 1207.93, 3146.57 1207.95, 3145.65 1208.03, 3144.69 1208.12, 3144.26 1208.16, 3143.62 1208.25, 3142.98 1208.33, 3142.23 1208.45, 3141.49 1208.57, 3140.79 1208.68, 3138.81 1208.99, 3138.762 1208.996, 3138.65 1209.01, 3138.3187 1209.066, 3137.94 1209.13, 3137.24 1209.24, 3136.9 1209.29, 3136.56 1209.34, 3136.52 1209.35, 3136.1 1209.42, 3135.15 1209.53, 3134.58 1209.59, 3134.52 1209.6, 3134.47 1209.6, 3133.42 1209.59, 3131.85 1209.33, 3131.28 1209.18, 3130.71 1208.98, 3130.54 1208.91, 3129.84 1208.56, 3128.26 1207.46, 3128.13 1207.36, 3128 1207.27, 3127.72 1207.07, 3127.556 1206.95, 3127.31 1206.77, 3126.8 1206.41, 3126.52 1206.2, 3126.04 1205.84, 3125.9233 1205.7481, 3125.57 1205.47, 3125.49 1205.42, 3125.15 1205.17, 3124.81 1204.93, 3124.38 1204.69, 3123.94 1204.45, 3123.39 1204.22, 3123.33 1204.2, 3122.83 1204.04, 3122.32 1203.88, 3121.61 1203.73, 3121.36 1203.66, 3120.98 1203.56, 3120.59 1203.44, 3119.9 1203.19, 3119.5 1203.05, 3119.69 1202.47, 3119.76 1202.28, 3119.3 1202.08, 3118.39 1201.74, 3118.55 1201.34, 3118.36 1201.25, 3117.99 1201.06, 3117.86 1201, 3117.48 1200.81, 3117.39 1201, 3117.28 1201.23, 3117.07 1201.66, 3116.96 1201.9, 3116.91 1202.02, 3116.8 1202.28, 3116.66 1202.61, 3116.42 1203.01, 3116.21 1203.35, 3116 1203.49, 3115.8 1203.91, 3115.58 1204.16, 3115.56 1204.18, 3115.55 1204.16, 3115.5438 1204.1484, 3115.32 1203.73, 3115.32 1203.72, 3115.31 1203.7, 3115.3 1203.69, 3115.16 1203.4, 3114.86 1202.82, 3114.71 1202.48, 3114.48 1201.98, 3114.26 1201.6, 3114.34 1201.48, 3114.31 1201.31, 3114.15 1201.24, 3114.03 1201, 3113.69 1200.32, 3113.4 1199.68, 3113.22 1199.32, 3112.95 1198.82, 3112.45 1198.01, 3111.43 1196.79, 3111.42 1196.79, 3110.99 1196.33, 3110.63 1195.99, 3110.26 1195.71, 3109.36 1195.06, 3108.61 1194.56, 3108.41 1194.43, 3107.98 1194.15, 3107.69 1193.95, 3107.05 1193.53, 3106.58 1193.19, 3106.03 1192.93, 3105.97 1192.97, 3105.97 1193.04, 3106 1193.39, 3106.09 1193.87, 3106.19 1194.45, 3106.28 1195.01, 3106.38 1195.57, 3106.46 1196, 3106.57 1196.64, 3106.71 1197.46, 3105.97 1197.32, 3105.5 1197.22, 3105.4747 1197.22, 3105.46 1197.22, 3105.42 1197.21, 3105.32 1197.19, 3105.26 1197.1767, 3105.23 1197.17, 3104.69 1197.06, 3104.55 1197.0333, 3104.27 1196.98, 3103.84 1196.89, 3103.45 1196.79, 3103.05 1196.69, 3103.02 1196.8, 3102.96 1197.03, 3102.9 1197.26, 3102.87 1197.37, 3102.73 1197.9, 3102.59 1198.44, 3102.48 1198.87, 3102.37 1199.31, 3102.69 1199.57, 3102.96 1199.85, 3103.18 1200.16, 3103.21 1200.2, 3103.23 1200.24, 3103.53 1200.6, 3103.74 1201, 3103.78 1201.06, 3103.84 1201.16, 3103.89 1201.29, 3104.3 1202.01, 3103.34 1202.38, 3102.37 1202.74, 3101.66 1202.76, 3100.97 1202.71, 3100.93 1202.71, 3100.79 1202.69, 3100.59 1202.58, 3100.44 1202.5, 3100.27 1202.41, 3099.91 1202.46, 3099.78 1202.49, 3099.36 1202.61, 3099 1202.63, 3099.02 1202.97, 3099.04 1203.26, 3098.49 1203.24, 3097.99 1203.23, 3097.84 1203.23, 3097.39 1203.22, 3096.81 1203.16, 3096.22 1203.09, 3095.72 1203.03, 3095.4 1203.46, 3094.87 1203.15, 3094.39 1202.65, 3094.21 1202.33, 3093.93 1201.93, 3092.8 1201.56, 3092.45 1201.46, 3092.28 1201.46, 3092.03 1201.47, 3091.67 1201.23, 3091.32 1201.11, 3091.3 1201.11, 3090.95 1201, 3089.73 1201, 3088.97 1200.97, 3088.62 1201, 3087.01 1201, 3085.48 1201, 3084.21 1200.95, 3082.8 1200.42, 3081.97 1200.27, 3080.98 1200.3, 3080.53 1200.35, 3079.38 1200.32, 3078.67 1200.28, 3077.22 1200.34, 3075.36 1200.34, 3074.2 1200.28, 3073.02 1199.9, 3071.34 1199.61, 3070.08 1199.44, 3069.51 1199.14, 3068.15 1198.97, 3067.37 1198.82, 3066.72 1198.77, 3066.58 1198.77, 3066.12 1198.76, 3065.79 1198.78, 3065.39 1198.82, 3065.24 1198.82, 3064.74 1198.85, 3063.93 1198.88, 3063.45 1198.96, 3062.74 1199.3, 3062.27 1199.56, 3061.89 1199.76, 3061.53 1199.96, 3061.16 1200.23, 3060.9 1200.52, 3060.48 1201.16, 3060.13 1201.34, 3060.09 1201.35, 3059.48 1201.54, 3058.87 1201.68, 3058.48 1201.7, 3057.99 1201.68, 3057.92 1201.68, 3057.64 1201.68, 3057.28 1201.67, 3056.86 1201.66, 3056.48 1201.65, 3056.09 1201.62, 3055.97 1201.61, 3055.8051 1201.5969, 3055.76 1201.59, 3055.34 1201.56, 3054.96 1201.53, 3054.49 1201.49, 3053.61 1201.27, 3053.08 1201, 3052.82 1200.62, 3052.4 1200.41, 3052 1200.1, 3051.77 1199.77, 3051.29 1199.21, 3050.88 1198.8, 3050.73 1198.64, 3050.3 1198.22, 3050.13 1198.09, 3049.6 1197.74, 3049.13 1197.82, 3048.6 1197.95, 3048.35 1198.01, 3047.77 1198.2, 3047.41 1198.33, 3047.05 1198.44, 3046.58 1198.5, 3046.45 1198.31, 3046.25 1198.31, 3045.75 1198.29, 3045.3 1198.21, 3045.25 1198.2, 3044.51 1198.05, 3044.36 1197.81, 3044.19 1197.86, 3043.79 1197.85, 3043.06 1197.61, 3043.1 1198.03, 3043.13 1198.42, 3042.78 1198.27, 3042.37 1198.13, 3041.95 1198.14, 3041.54 1198.38, 3040.96 1198.78, 3039.76 1199.58, 3039.12 1200, 3038.67 1200.3, 3038.26 1200.58, 3037.83 1200.01, 3037.56 1199.61, 3037.28 1199.21, 3036.76 1198.44, 3036.61 1198.23, 3036.23 1197.83, 3036.17 1197.72, 3036.16 1197.65, 3036.17 1197.19, 3036.21 1197.1, 3036.41 1196.67, 3036.65 1196.21, 3036.88 1195.74, 3037.06 1195.41, 3037.34 1194.85, 3037.61 1194.3, 3037.72 1194.25, 3037.76 1194.06, 3037.99 1193.6, 3038.31 1193.05, 3038.49 1192.8, 3038.95 1192.13, 3039.29 1191.55, 3039.73 1190.97, 3039.85 1190.82, 3039.84 1190.62, 3040.3 1190.16, 3040.35 1190.09, 3040.42 1190, 3040.65 1189.67, 3040.73 1189.55, 3040.89 1189.13, 3041.04 1188.71, 3041.22 1188.31, 3041.46 1187.97, 3041.7 1187.94, 3041.73 1187.75, 3041.71 1187.47, 3041.72 1187.31, 3041.78 1186.97, 3041.78 1186.96, 3041.85 1186.59, 3041.91 1186.22, 3042.17 1185.04, 3042.39 1183.85, 3042.38 1183.53, 3042.44 1183.12, 3042.61 1182.74, 3042.7 1182.67, 3043.29 1182.7, 3042.78 1182.37, 3042.74 1182.16, 3042.98 1181.44, 3043.3 1181.13, 3043.67 1180.87, 3043.99 1180.11, 3044.16 1179.7, 3044.93 1178.93, 3045.49 1178.44, 3046.34 1177.81, 3047.32 1177.17, 3048.5 1176.53, 3049.52 1176.07, 3049.97 1175.67, 3050.13 1175.52, 3050.02 1175.09, 3049.91 1174.08, 3049.87 1173.72, 3049.86 1173.68, 3049.79 1173.23, 3049.68 1172.58, 3049.62 1172.23, 3049.59 1172.03, 3049.48 1171.48, 3049.4 1170.97, 3049.34 1170.54, 3049.31 1169.8, 3049.22 1169.39, 3049.32 1169.34, 3049.93 1169.43, 3050.33 1169.64, 3050.84 1168.87, 3051.16 1168.42, 3050.8 1168.04, 3050.94 1167.9, 3050.81 1167.77, 3050.82 1167.3, 3050.18 1166.92, 3049.83 1166.72, 3049.62 1167.26, 3049.32 1168.03, 3048.95 1167.9, 3048.33 1167.68, 3047.98 1167.57, 3047.62 1167.44, 3047.25 1167.31, 3046.83 1167.17, 3046.78 1167.26, 3045.92 1166.91, 3043.41 1166.5, 3042.77 1166.42, 3042.66 1166.41, 3042.33 1166.36, 3041.67 1166.29, 3041.07 1166.22, 3041.19 1166.92, 3041.32 1167.47, 3041.35 1167.58, 3040.92 1167.8, 3040.55 1167.99, 3039.88 1168.33, 3039.55 1168.5, 3039.21 1168.67, 3038.81 1168.87, 3038.46 1169.02, 3037.8 1168.94, 3037.17 1169.1, 3037.22 1169.37, 3036.81 1169.44, 3036.26 1169.55, 3035.91 1169.63, 3035.5 1169.72, 3035.07 1169.81, 3034.98 1169.82, 3033.62 1170.1, 3032.35 1170.36, 3032.14 1170.4, 3031.45 1170.53, 3031.41 1170.54, 3030.85 1170.65, 3030.49 1170.74, 3030.14 1170.9, 3028.59 1171.7, 3028.38 1171.26, 3027.97 1170.39, 3027.76 1169.96, 3027.29 1170.2, 3026.79 1170.45, 3026.43 1170.61, 3026.0357 1169.8614, 3025.94 1169.67, 3025.74 1169.3, 3025.5 1168.81, 3025.21 1168.23, 3025.2 1168.2, 3024.8 1167.46, 3024.57 1167.07, 3024.27 1166.58, 3024.12 1166.34, 3023.74 1165.92, 3023.45 1165.63, 3021.62 1164.06, 3020.57 1163.16, 3019.58 1162.4, 3019.55 1162.38, 3019.17 1162.17, 3018.45 1161.87, 3018.11 1161.73, 3017.76 1161.59, 3017.07 1161.33, 3016.64 1161.15, 3015.88 1160.9, 3015.72 1160.87, 3015.45 1160.68, 3014.88 1160.44, 3014.52 1160.28, 3014.41 1160.22, 3014.04 1160.04, 3013.98 1160.01, 3013.69 1159.79, 3013.46 1159.55, 3013.16 1159.16, 3012.94 1158.86, 3012.55 1158.3, 3012.31 1157.94, 3012.07 1157.58, 3011.84 1157.19, 3011.69 1156.86, 3011.61 1156.46, 3011.45 1156, 3011.16 1155.54, 3010.86 1155.09, 3010.62 1154.72, 3010.54 1154.96, 3010.5 1155.12, 3010.4 1155.49, 3010.18 1156.21, 3010.05 1156.56, 3009.89 1156.9, 3009.5 1157.65, 3009.43 1157.97, 3009.27 1158.32, 3009.15 1158.69, 3008.62 1159.47, 3008.31 1159.96, 3008.06 1160.49, 3007.78 1160.95, 3007.57 1161.38, 3007.44 1161.79, 3007.37 1162.18, 3007.03 1162.16, 3006.79 1162.14, 3006.39 1162.44, 3006.38 1162.45, 3006.2 1162.68, 3005.96 1163.06, 3005.62 1163.47, 3005.08 1163.84, 3004.21 1164.44, 3003.82 1164.77, 3003.47 1165.3, 3003.41 1165.69, 3003.45 1166.33, 3003.45 1166.39, 3003.43 1166.74, 3003.39 1167.41, 3003.37 1167.79, 3003.36 1167.82, 3003.17 1168.36, 3003.05 1168.51, 3002.61 1169.07, 3002.33 1169.36, 3002.01 1169.73, 3001.66 1169.71, 3001.28 1169.58, 3000.89 1169.54, 3000.53 1169.34, 3000.23 1169.13, 2999.89 1168.89, 2999.52 1168.66, 2998.92 1168.26, 2998.64 1168.03, 2998.49 1167.87, 2998.19 1167.68, 2998.19 1167.67, 2998.18 1167.67, 2997.78 1167.45, 2997.4 1167.54, 2997.12 1167.59, 2996.8 1167.74, 2996.62 1167.84, 2996.12 1168.1, 2995.77 1167.53, 2995.69 1167.4, 2995.28 1167.07, 2994.69 1166.66, 2994.25 1166.29, 2994.24 1166.27, 2994.22 1166.26, 2994.04 1166.09, 2993.73 1165.79, 2993.28 1165.31, 2993.32 1164.79, 2992.96 1164.36, 2992.83 1164.23, 2992.19 1164.2, 2991.81 1164.33, 2991.43 1164.18, 2991.32 1164.37, 2991.14 1164.8, 2991.04 1164.68, 2990.85 1164.81, 2990.69 1164.82, 2990.22 1164.92, 2989.97 1164.96, 2989.62 1165.14, 2989.27 1165.03, 2988.19 1165.08, 2987.23 1165.15, 2986.82 1165.18, 2986.04 1165.34, 2985.55 1165.46, 2985.06 1165.61, 2984.52 1165.74, 2984.2595 1165.8016, 2983.97 1165.87, 2983.89 1165.89, 2983.77 1166.13, 2983.23 1166.66, 2982.88 1167.02, 2982.45 1167.48, 2982.23 1167.72, 2981.84 1168.14, 2980.2 1167.99, 2978.8 1167.83, 2977.74 1167.24, 2976.65 1166.61, 2975.71 1165.68, 2974.57 1165.08, 2974.56 1165.07, 2974 1164.61, 2973.35 1164.38, 2973.29 1163.85, 2973.23 1163.66, 2972.97 1163.24, 2972.73 1163.12, 2972.21 1162.88, 2972.08 1162.83, 2972.14 1162.68, 2972.2 1162.37, 2972.24 1162.13, 2972.2 1162.11))",86.344954,Lowland,906793,"(3019.569711120104, 1192.9664060421571)"
36,SE07,Red Market,"POLYGON ((3060.17 1166.6, 3059.89 1166.65, 3059.53 1166.71, 3059.07 1166.72, 3058.68 1166.72, 3058.29 1166.7, 3057.74 1166.67, 3057.17 1166.66, 3056.68 1166.7, 3056.28 1166.74, 3056.11 1167.41, 3055.9 1168.23, 3055.32 1168.29, 3054.98 1168.06, 3054.66 1167.8, 3054.31 1167.34, 3054.36 1167.07, 3053.7786 1166.9643, 3053.77 1166.96, 3053.755 1166.96, 3053.7 1166.95, 3053.66 1166.94, 3053.59 1166.93, 3053.23 1166.71, 3052.9 1166.44, 3052.58 1166.62, 3052.21 1166.87, 3051.91 1167.11, 3051.42 1167.57, 3050.94 1167.9, 3050.8 1168.04, 3051.16 1168.42, 3050.84 1168.87, 3050.62 1169.2, 3050.33 1169.64, 3050.28 1169.61, 3049.93 1169.43, 3049.32 1169.34, 3049.22 1169.39, 3049.31 1169.8, 3049.34 1170.54, 3049.4 1170.97, 3049.48 1171.48, 3049.59 1172.03, 3049.62 1172.23, 3049.68 1172.58, 3049.86 1173.68, 3049.91 1174.08, 3049.97 1174.65, 3050.02 1175.09, 3050.13 1175.52, 3049.97 1175.67, 3049.52 1176.07, 3048.87 1176.36, 3048.5 1176.53, 3047.42 1177.11, 3047.32 1177.17, 3046.34 1177.81, 3045.49 1178.44, 3044.93 1178.93, 3044.16 1179.7, 3043.99 1180.11, 3043.67 1180.87, 3043.3 1181.13, 3042.98 1181.44, 3042.74 1182.16, 3042.78 1182.37, 3043.29 1182.7, 3042.7 1182.67, 3042.61 1182.74, 3042.44 1183.12, 3042.38 1183.53, 3042.39 1183.85, 3042.17 1185.04, 3042.07 1185.48, 3042.06 1185.52, 3041.91 1186.22, 3041.78 1186.96, 3041.72 1187.31, 3041.71 1187.47, 3041.73 1187.75, 3041.7 1187.94, 3041.46 1187.97, 3041.22 1188.31, 3041.04 1188.71, 3040.73 1189.55, 3040.35 1190.09, 3040.3 1190.16, 3039.84 1190.62, 3039.85 1190.82, 3039.73 1190.97, 3039.29 1191.55, 3039.27 1191.57, 3038.95 1192.13, 3038.49 1192.8, 3038.31 1193.05, 3037.99 1193.6, 3037.76 1194.06, 3037.72 1194.23, 3037.72 1194.25, 3037.61 1194.3, 3037.06 1195.41, 3036.88 1195.74, 3036.41 1196.67, 3036.21 1197.1, 3036.17 1197.19, 3036.16 1197.65, 3036.17 1197.72, 3036.23 1197.83, 3036.61 1198.23, 3036.76 1198.44, 3037.28 1199.21, 3037.83 1200.01, 3038.26 1200.58, 3039.12 1200, 3039.76 1199.58, 3040.96 1198.78, 3041.54 1198.38, 3041.95 1198.14, 3042.37 1198.13, 3042.78 1198.27, 3043.13 1198.42, 3043.1 1198.03, 3043.06 1197.61, 3043.42 1197.73, 3043.79 1197.85, 3044.19 1197.86, 3044.36 1197.81, 3044.51 1198.05, 3045.25 1198.2, 3045.3 1198.21, 3045.75 1198.29, 3046.25 1198.31, 3046.45 1198.31, 3046.58 1198.5, 3047.05 1198.44, 3047.07 1198.44, 3047.41 1198.33, 3047.77 1198.2, 3048.35 1198.01, 3048.6 1197.95, 3049.13 1197.82, 3049.6 1197.74, 3050.13 1198.09, 3050.3 1198.22, 3050.73 1198.64, 3050.88 1198.8, 3051.29 1199.21, 3051.77 1199.77, 3052 1200.1, 3052.4 1200.41, 3052.82 1200.62, 3053.08 1201, 3053.61 1201.27, 3054.49 1201.49, 3054.96 1201.53, 3055.34 1201.56, 3055.8051 1201.5969, 3055.89 1201.61, 3055.97 1201.61, 3056.09 1201.62, 3056.48 1201.65, 3056.86 1201.66, 3057.28 1201.67, 3057.64 1201.68, 3057.92 1201.68, 3058.48 1201.7, 3058.87 1201.68, 3059.48 1201.54, 3060.13 1201.34, 3060.48 1201.16, 3060.9 1200.52, 3061.16 1200.23, 3061.53 1199.96, 3061.89 1199.76, 3062.27 1199.56, 3062.74 1199.3, 3063.45 1198.96, 3063.93 1198.88, 3064.06 1198.88, 3064.74 1198.85, 3065.24 1198.82, 3065.39 1198.82, 3066.12 1198.76, 3066.58 1198.77, 3066.72 1198.77, 3067.37 1198.82, 3068.15 1198.97, 3068.78 1199.05, 3069.51 1199.14, 3070.08 1199.44, 3071.34 1199.61, 3073.02 1199.9, 3074.2 1200.28, 3075.36 1200.34, 3077.22 1200.34, 3078.67 1200.28, 3079.38 1200.32, 3080.53 1200.35, 3080.98 1200.3, 3081.97 1200.27, 3082.8 1200.42, 3084.21 1200.95, 3085.48 1201, 3087.01 1201, 3088.62 1201, 3088.97 1200.97, 3089.73 1201, 3090.95 1201, 3091.3 1201.11, 3091.67 1201.23, 3092.03 1201.47, 3092.45 1201.46, 3092.8 1201.56, 3093.93 1201.93, 3094.21 1202.33, 3094.39 1202.65, 3094.87 1203.15, 3095.4 1203.46, 3095.72 1203.03, 3096.22 1203.09, 3096.81 1203.16, 3097.39 1203.22, 3097.84 1203.23, 3099.04 1203.26, 3099 1202.63, 3099.36 1202.61, 3099.91 1202.46, 3100.27 1202.41, 3100.79 1202.69, 3100.93 1202.71, 3100.97 1202.71, 3101.66 1202.76, 3102.37 1202.74, 3103.34 1202.38, 3104.3 1202.01, 3103.89 1201.29, 3103.84 1201.16, 3103.78 1201.06, 3103.74 1201, 3103.53 1200.6, 3103.23 1200.24, 3103.21 1200.2, 3103.18 1200.16, 3102.96 1199.85, 3102.69 1199.57, 3102.37 1199.31, 3102.87 1197.37, 3102.9 1197.26, 3102.96 1197.03, 3103.02 1196.8, 3103.05 1196.69, 3103.84 1196.89, 3104.27 1196.98, 3104.55 1197.0333, 3105.23 1197.17, 3105.26 1197.1767, 3105.32 1197.19, 3105.42 1197.21, 3105.46 1197.22, 3105.4747 1197.22, 3105.97 1197.32, 3106.71 1197.46, 3106.57 1196.64, 3106.46 1196, 3106.38 1195.57, 3106.28 1195.01, 3106.19 1194.45, 3106.09 1193.87, 3106 1193.39, 3105.97 1193.04, 3105.97 1192.97, 3106.03 1192.93, 3106.58 1193.19, 3107.05 1193.53, 3107.69 1193.95, 3107.98 1194.15, 3108.41 1194.43, 3108.61 1194.56, 3109.36 1195.06, 3110.26 1195.71, 3110.63 1195.99, 3110.99 1196.33, 3111.42 1196.79, 3111.43 1196.79, 3112.45 1198.01, 3112.95 1198.82, 3113.22 1199.32, 3113.4 1199.68, 3113.69 1200.32, 3114.03 1201, 3114.15 1201.24, 3114.31 1201.31, 3114.34 1201.48, 3114.26 1201.6, 3114.48 1201.98, 3114.86 1202.82, 3115.16 1203.4, 3115.3 1203.69, 3115.31 1203.7, 3115.32 1203.72, 3115.32 1203.73, 3115.5438 1204.1484, 3115.55 1204.16, 3115.56 1204.18, 3115.58 1204.16, 3115.8 1203.91, 3116 1203.49, 3116.21 1203.35, 3116.42 1203.01, 3116.66 1202.61, 3116.8 1202.28, 3116.91 1202.02, 3116.96 1201.9, 3117.07 1201.66, 3117.28 1201.23, 3117.39 1201, 3117.48 1200.81, 3117.86 1201, 3117.99 1201.06, 3118.36 1201.25, 3118.55 1201.34, 3118.39 1201.74, 3119.3 1202.08, 3119.76 1202.28, 3119.69 1202.47, 3119.5 1203.05, 3119.9 1203.19, 3120.59 1203.44, 3120.98 1203.56, 3121.61 1203.73, 3122.32 1203.88, 3123.33 1204.2, 3123.39 1204.22, 3123.94 1204.45, 3124.81 1204.93, 3125.49 1205.42, 3125.9233 1205.7481, 3126.04 1205.84, 3126.52 1206.2, 3126.8 1206.41, 3127.556 1206.95, 3127.72 1207.07, 3128 1207.27, 3128.13 1207.36, 3128.26 1207.46, 3129.84 1208.56, 3130.54 1208.91, 3130.71 1208.98, 3131.28 1209.18, 3131.85 1209.33, 3133.42 1209.59, 3134.47 1209.6, 3134.52 1209.6, 3134.58 1209.59, 3135.15 1209.53, 3136.1 1209.42, 3136.52 1209.35, 3136.9 1209.29, 3137.24 1209.24, 3137.94 1209.13, 3138.3187 1209.066, 3138.762 1208.996, 3138.81 1208.99, 3140.79 1208.68, 3141.49 1208.57, 3142.23 1208.45, 3142.98 1208.33, 3143.62 1208.25, 3144.26 1208.16, 3144.69 1208.12, 3145.65 1208.03, 3146.57 1207.95, 3147.3384 1207.8795, 3148.02 1207.82, 3148.37 1207.79, 3148.38 1207.79, 3148.75 1207.75, 3148.8 1208.28, 3149.48 1208.32, 3150.25 1208.04, 3150.3 1211.52, 3150.25 1214, 3154.6 1214, 3167.49 1214, 3176.56 1214, 3183.75 1214, 3188.12 1214, 3188.11 1213.35, 3187.12 1213.14, 3186.26 1213.08, 3186.38 1212.21, 3186.46 1211.6, 3186.51 1211.19, 3186.55 1210.71, 3186.58 1209.78, 3186.58 1209.66, 3186.56 1208.71, 3186.55 1208.17, 3186.54 1207.55, 3186.56 1207.51, 3186.59 1207.28, 3186.6 1206.67, 3186.6 1206.66, 3186.55 1206.39, 3186.52 1206.22, 3186.44 1205.75, 3186.34 1205.28, 3186.22 1204.84, 3186.1 1204.38, 3185.98 1203.77, 3185.92 1203.06, 3185.89 1202.63, 3185.87 1202.24, 3185.87 1202.19, 3185.85 1201.84, 3185.82 1201.3, 3185.79 1200.73, 3185.76 1200.33, 3185.71 1199.86, 3185.66 1199.43, 3185.61 1199.04, 3185.53 1198.66, 3185.41 1198.1, 3185.25 1197.41, 3185.24 1197.31, 3185.14 1196.81, 3185.09 1196.43, 3184.96 1195.65, 3184.95 1195.27, 3184.91 1194.77, 3184.9 1194.49, 3184.88 1194.01, 3184.86 1193.61, 3184.82 1192.8, 3184.79 1192.42, 3184.73 1191.69, 3184.7 1191.22, 3184.66 1190.73, 3184.63 1190.24, 3184.68 1189.83, 3184.74 1189.59, 3184.8 1189.33, 3184.94 1188.84, 3184.97 1188.7, 3185.07 1188.32, 3185.14 1188.05, 3185.18 1187.57, 3185.17 1187.03, 3185.15 1186.55, 3185.17 1186.53, 3185.1 1186.07, 3185.06 1185.57, 3185.01 1185, 3185.03 1184.06, 3185.04 1183.91, 3185.04 1183.27, 3185.06 1182.49, 3185.07 1181.79, 3185.08 1181.32, 3185.09 1180.8, 3185.09 1180.39, 3185.07 1179.76, 3185.07 1179.68, 3184.51 1179.74, 3184.12 1179.99, 3183.81 1180.34, 3183.4 1180.76, 3183.27 1180.82, 3182.87 1180.98, 3182.3 1181.1, 3181.78 1181.08, 3181.77 1181.07, 3181.26 1180.87, 3180.86 1180.69, 3180.38 1180.47, 3179.76 1180.19, 3179.39 1180.01, 3178.99 1179.83, 3178.17 1179.45, 3177.49 1179.14, 3175.04 1178.04, 3174.59 1177.79, 3174.35 1177.64, 3174.12 1177.51, 3173.78 1177.31, 3173.75 1177.29, 3173.07 1176.91, 3172.68 1176.71, 3172.35 1176.42, 3172.23 1176.47, 3171.91 1176.17, 3171.83 1176.2, 3171.45 1175.87, 3171.39 1175.93, 3170.85 1175.63, 3170.49 1175.43, 3169.93 1175.13, 3169.4 1174.85, 3168.96 1174.61, 3168.95 1174.64, 3167.6 1174.12, 3166.49 1173.63, 3166.27 1174.18, 3166.16 1174.11, 3166.14 1174.1, 3166 1174.22, 3165.86 1174.23, 3165.8492 1174.2308, 3165.5285 1174.2539, 3165.23 1174.27, 3165.2097 1174.2768, 3165.0835 1174.2858, 3164.8 1174.3, 3164.19 1174.35, 3163.31 1174.41, 3162.88 1174.58, 3162.39 1174.6, 3161.97 1174.62, 3161.9304 1174.625, 3161.528 1174.644, 3161.39 1174.65, 3161.19 1174.66, 3161.05 1174.65, 3160.88 1174.6, 3160.79 1175.2, 3160.78 1175.33, 3160.81 1175.42, 3160.72 1176.21, 3160.61 1176.71, 3160.49 1176.96, 3159.86 1176.87, 3159.39 1176.82, 3158.85 1176.78, 3158.33 1176.66, 3158.02 1176.58, 3157.81 1176.53, 3157.46 1176.42, 3156.72 1176.06, 3156.11 1175.77, 3155.34 1175.41, 3155.09 1175.29, 3154.52 1175.02, 3153.94 1174.82, 3153.35 1174.69, 3152.85 1174.66, 3152.26 1174.69, 3152.05 1174.73, 3151.38 1174.91, 3151.01 1175.08, 3150.96 1174.63, 3150.96 1174.11, 3150.99 1173.62, 3151.02 1173.18, 3151.04 1172.65, 3151.05 1171.87, 3151.03 1171.19, 3150.97 1169.86, 3150.9 1168.56, 3150.88 1168.05, 3150.86 1167.64, 3150.84 1167.08, 3150.84 1166.3, 3150.82 1165.24, 3150.73 1163.57, 3150.61 1161.76, 3150.21 1159.67, 3150.08 1158.95, 3149.78 1158, 3149.76 1158, 3149.4 1157.06, 3147.75 1156.11, 3147.7 1156.1, 3147.2 1155.65, 3146.99 1155.66, 3146.67 1155.9, 3146.32 1156.08, 3145.53 1156.59, 3144.73 1157.11, 3143.31 1157.96, 3143.05 1158.2, 3142.53 1158.74, 3141.86 1159.1, 3141.42 1159.39, 3141.3 1159.49, 3141.02 1159.74, 3140.36 1160.43, 3139.72 1160.92, 3138.89 1161.23, 3138.45 1161.36, 3137.88 1161.54, 3137.49 1161.65, 3136.98 1161.79, 3136.34 1161.9, 3135.86 1161.98, 3134.87 1162.16, 3134.36 1162.25, 3133.86 1162.34, 3133.27 1162.46, 3132.27 1162.72, 3131.67 1162.92, 3131.09 1163.25, 3130.6 1163.45, 3130.09 1163.8, 3129.52 1164.1, 3129.08 1164.26, 3128.58 1164.35, 3128 1164.42, 3127.79 1164.39, 3127.61 1164.19, 3126.91 1163.95, 3126.48 1163.81, 3126.13 1163.63, 3125.49 1163.27, 3125.1 1162.95, 3124.8 1162.69, 3124.32 1162.31, 3124.07 1162.14, 3123.68 1161.97, 3123.28 1161.9, 3122.9 1161.82, 3122.54 1161.73, 3122.32 1161.85, 3122.2 1161.68, 3121.64 1161.71, 3121.34 1161.78, 3120.56 1161.9, 3120.01 1161.99, 3119.41 1162.09, 3119.02 1162.17, 3118.48 1162.27, 3118.11 1162.35, 3117.78 1162.42, 3117.14 1162.58, 3116.74 1162.7, 3116.52 1162.77, 3115.99 1162.95, 3115.43 1163.15, 3114.87 1163.41, 3114.26 1163.59, 3113.87 1163.71, 3113.5 1163.79, 3112.97 1163.85, 3112.38 1163.93, 3111.99 1163.99, 3111.54 1164.05, 3111.1169 1164.1, 3111.1 1164.1, 3111.0907 1164.1031, 3111.0323 1164.11, 3111 1164.11, 3110.94 1164.12, 3110.82 1164.13, 3110.44 1164.18, 3109.95 1164.21, 3109.24 1164.22, 3108.62 1164.18, 3108.58 1164.18, 3108.02 1164.15, 3107.65 1164.13, 3106.9 1164.1, 3106.42 1164.12, 3105.84 1164.14, 3105.19 1164.17, 3104.83 1164.2, 3104.42 1164.23, 3103.97 1164.25, 3103.58 1164.21, 3103.16 1164, 3102.93 1164.37, 3102.45 1164.23, 3102.06 1164.24, 3101.44 1164.26, 3100.67 1164.4, 3099.813 1164.5575, 3099.74 1164.57, 3099.31 1164.65, 3098.65 1164.72, 3098.04 1164.76, 3097.72 1164.76, 3097.19 1164.77, 3096.81 1164.81, 3096.41 1164.81, 3096 1164.82, 3095.87 1164.83, 3095.08 1164.96, 3094.69 1165.03, 3094.34 1165.12, 3093.76 1165.27, 3093.46 1165.33, 3093.44 1165.33, 3092.79 1165.44, 3091.99 1165.53, 3091.61 1165.56, 3091.27 1165.59, 3090.93 1165.63, 3089.89 1165.7, 3089.14 1165.71, 3088.35 1165.74, 3087.95 1165.79, 3087.56 1165.84, 3087.18 1165.89, 3087.14 1165.89, 3086.73 1165.9, 3086.37 1165.95, 3085.6 1166.06, 3085.03 1166.07, 3084.55 1166.06, 3084.24 1166.06, 3084.1 1166.07, 3084 1166.08, 3083.68 1166.13, 3083.31 1166.2, 3082.74 1166.32, 3082.26 1166.45, 3081.45 1166.65, 3080.8 1166.7, 3080.42 1166.75, 3079.93 1166.87, 3079.56 1166.99, 3079.21 1167.14, 3078.97 1167.21, 3078.68 1167.16, 3078.27 1167.16, 3077.75 1167.21, 3077.29 1167.22, 3077.19 1167.22, 3076.76 1167.18, 3076.44 1167.14, 3075.95 1167.14, 3075.54 1167.17, 3075.49 1167.17, 3075.43 1167.18, 3075.06 1167.16, 3074.2 1167.04, 3073.33 1166.93, 3072.56 1166.78, 3071.95 1166.67, 3071.36 1166.55, 3070.73 1166.32, 3070.64 1166.03, 3070.58 1165.58, 3069.61 1165.82, 3068.96 1165.98, 3068.62 1166.1, 3067.37 1166.58, 3067.2 1166.63, 3066.07 1166.98, 3065.86 1167.12, 3065.31 1167.49, 3064.77 1166.89, 3064.76 1166.87, 3064.29 1166.19, 3064.18 1166, 3063.85 1165.46, 3063.49 1165.71, 3063.05 1165.84, 3062.61 1165.98, 3061.69 1166.22, 3060.74 1166.47, 3060.17 1166.6))",83.615547,Lowland,1012051,"(3117.547950435828, 1186.5860289316302)"
37,SE08,West Cross,"POLYGON ((3161.41 1116.73, 3161 1116.88, 3160.63 1117.11, 3160.24 1117.34, 3160.01 1117.66, 3159.69 1118.21, 3159.42 1118.69, 3159.28 1119.03, 3159.15 1119.43, 3158.86 1119.76, 3158.6 1120.05, 3158.35 1120.4, 3157.96 1120.87, 3157.69 1121.15, 3157.09 1121.44, 3156.41 1121.78, 3156.05 1121.95, 3155.5 1122.22, 3154.93 1122.5, 3154.99 1122.61, 3155.29 1122.8, 3155.27 1123.14, 3155.19 1123.55, 3155.07 1123.9, 3154.88 1124.21, 3154.53 1124.78, 3154.24 1125.32, 3154.01 1125.75, 3153.6 1126.48, 3153.29 1127.05, 3153.23 1127.55, 3153.39 1127.98, 3153.46 1128.34, 3153.4 1128.71, 3153.09 1129.06, 3152.82 1129.35, 3152.34 1129.94, 3151.96 1130.42, 3151.43 1131.11, 3150.78 1131.96, 3150.18 1132.73, 3149.92 1133.07, 3149.29 1133.89, 3148.89 1134.4, 3148.32 1135.16, 3147.92 1135.68, 3147.59 1136.09, 3147.34 1136.39, 3147.35 1136.42, 3147.07 1136.77, 3146.94 1137.16, 3146.8 1137.77, 3146.71 1138.19, 3146.59 1138.62, 3146.48 1139.11, 3146.27 1140.14, 3146.13 1140.78, 3146.04 1141.13, 3145.92 1141.65, 3145.94 1142.11, 3145.99 1142.58, 3146.05 1143.1, 3146.38 1143.15, 3147.31 1143.44, 3147.67 1143.56, 3148.06 1143.67, 3148.09 1143.72, 3148.13 1143.7, 3149.3 1144.05, 3150.2 1144.32, 3151.4 1144.69, 3152.61 1145.06, 3154.15 1145.52, 3154.83 1145.73, 3155.49 1146.01, 3155.14 1146.38, 3154.89 1146.76, 3154.77 1147.12, 3154.63 1147.52, 3154.48 1147.92, 3154.21 1148.39, 3154.21 1148.78, 3154.14 1149.52, 3154.1 1150.09, 3153.98 1150.6, 3154.08 1150.98, 3154.13 1151.54, 3154.09 1152.23, 3154.14 1152.89, 3154.02 1153.18, 3153.99 1153.25, 3153.67 1153.6, 3152.98 1154.07, 3152.75 1154.38, 3152.49 1154.35, 3152.32 1154.23, 3152.24 1154.44, 3152.05 1154.8, 3151.92 1155.24, 3151.86 1155.32, 3151.67 1155.63, 3151.51 1155.81, 3151.18 1155.9, 3150.78 1156.31, 3150.65 1156.53, 3150.38 1156.97, 3150.19 1157.29, 3150.01 1157.6, 3149.76 1158, 3149.78 1158, 3150.08 1158.95, 3150.21 1159.67, 3150.61 1161.76, 3150.73 1163.57, 3150.82 1165.24, 3150.84 1166.3, 3150.84 1167.08, 3150.86 1167.64, 3150.88 1168.05, 3150.9 1168.56, 3150.92 1168.97, 3150.94 1169.39, 3150.97 1169.86, 3150.99 1170.33, 3151.03 1171.19, 3151.05 1171.87, 3151.04 1172.65, 3151.02 1173.18, 3150.99 1173.62, 3150.96 1174.11, 3150.96 1174.63, 3151.01 1175.08, 3151.38 1174.91, 3152.05 1174.73, 3152.26 1174.69, 3152.85 1174.66, 3153.35 1174.69, 3153.94 1174.82, 3154.52 1175.02, 3155.09 1175.29, 3155.34 1175.41, 3156.11 1175.77, 3156.72 1176.06, 3157.12 1176.26, 3157.27 1176.33, 3157.46 1176.42, 3157.81 1176.53, 3158.02 1176.58, 3158.33 1176.66, 3158.85 1176.78, 3159.39 1176.82, 3159.86 1176.87, 3160.49 1176.96, 3160.61 1176.71, 3160.72 1176.21, 3160.81 1175.51, 3160.81 1175.42, 3160.78 1175.33, 3160.79 1175.2, 3160.88 1174.6, 3161.05 1174.65, 3161.19 1174.66, 3161.39 1174.65, 3161.528 1174.644, 3161.85 1174.63, 3161.89 1174.63, 3161.9304 1174.625, 3162.88 1174.58, 3163.31 1174.41, 3163.41 1174.41, 3163.79 1174.38, 3164.19 1174.35, 3165.0835 1174.2858, 3165.2 1174.28, 3165.2097 1174.2768, 3165.23 1174.27, 3165.5285 1174.2539, 3165.6 1174.25, 3165.8492 1174.2308, 3165.86 1174.23, 3166 1174.22, 3166.14 1174.1, 3166.27 1174.18, 3166.49 1173.63, 3167.6 1174.12, 3168.95 1174.64, 3168.96 1174.61, 3169.4 1174.85, 3169.93 1175.13, 3170.85 1175.63, 3171.39 1175.93, 3171.45 1175.87, 3171.83 1176.2, 3171.91 1176.17, 3172 1176.26, 3172.23 1176.47, 3172.35 1176.42, 3172.68 1176.71, 3173.07 1176.91, 3173.78 1177.31, 3174.59 1177.79, 3175.04 1178.04, 3175.67 1178.33, 3176.58 1178.74, 3177.49 1179.14, 3178.17 1179.45, 3178.99 1179.83, 3179.39 1180.01, 3179.76 1180.19, 3180.38 1180.47, 3180.86 1180.69, 3181.26 1180.87, 3181.78 1181.08, 3182.3 1181.1, 3182.87 1180.98, 3183.27 1180.82, 3183.34 1180.79, 3183.4 1180.76, 3183.81 1180.34, 3184.12 1179.99, 3184.51 1179.74, 3185.07 1179.68, 3185.07 1179.76, 3185.09 1180.39, 3185.07 1181.79, 3185.04 1183.27, 3185.04 1183.91, 3185.03 1184.06, 3185.02 1184.47, 3185.01 1185, 3185.06 1185.57, 3185.1 1186.07, 3185.17 1186.53, 3185.15 1186.55, 3185.17 1187.03, 3185.18 1187.57, 3185.14 1188.05, 3185.07 1188.32, 3184.97 1188.7, 3184.94 1188.84, 3184.8 1189.33, 3184.74 1189.59, 3184.68 1189.83, 3184.63 1190.24, 3184.66 1190.73, 3184.73 1191.69, 3184.79 1192.42, 3184.88 1194.01, 3184.9 1194.49, 3184.91 1194.77, 3184.95 1195.27, 3184.96 1195.65, 3185.09 1196.43, 3185.14 1196.81, 3185.24 1197.31, 3185.25 1197.41, 3185.41 1198.1, 3185.53 1198.66, 3185.61 1199.04, 3185.66 1199.43, 3185.71 1199.86, 3185.76 1200.33, 3185.79 1200.73, 3185.82 1201.3, 3185.85 1201.84, 3185.87 1202.19, 3185.87 1202.24, 3185.89 1202.63, 3185.9 1202.8, 3185.9 1202.88, 3185.91 1202.97, 3185.91 1203.01, 3185.92 1203.06, 3185.98 1203.77, 3186.1 1204.38, 3186.22 1204.84, 3186.34 1205.28, 3186.44 1205.75, 3186.52 1206.22, 3186.55 1206.39, 3186.6 1206.66, 3186.6 1206.67, 3186.59 1207.28, 3186.56 1207.51, 3186.54 1207.55, 3186.55 1208.17, 3186.56 1208.71, 3186.57 1209.26, 3186.58 1209.66, 3186.55 1210.71, 3186.51 1211.19, 3186.38 1212.21, 3186.26 1213.08, 3187.12 1213.14, 3188.11 1213.35, 3188.12 1214, 3203.81 1214, 3212.13 1214, 3218.59 1214, 3220.72 1214, 3226 1214, 3226 1208.02, 3226 1203.57, 3226 1191.6, 3226 1185.72, 3226 1180.11, 3226 1175.96, 3226 1168.22, 3226 1157.75, 3226 1149.9, 3226 1143.82, 3226 1136, 3226 1127.36, 3226 1111.31, 3226 1105.41, 3226 1099.67, 3226 1092, 3221.54 1092, 3217.11 1092, 3217.07 1092.12, 3216.74 1093.12, 3216.29 1093.17, 3216.05 1093.19, 3215.63 1093.23, 3215.36 1093.26, 3214.09 1093.39, 3213.8 1093.42, 3213.49 1093.46, 3212.39 1093.46, 3211.1 1093.39, 3209.73 1093.32, 3208.87 1093.44, 3207.49 1094.4, 3206.52 1094.75, 3206.59 1093.49, 3206.24 1092.56, 3206.04 1092.34, 3205.57 1092, 3199.93 1092, 3194.78 1092, 3194.61 1092.33, 3194.36 1092.73, 3194.35 1092.85, 3194.17 1093.35, 3194.15 1093.44, 3194.13 1093.95, 3194 1094.04, 3193.99 1094.03, 3193.91 1094.17, 3193.8 1094.32, 3193.69 1094.48, 3192.92 1095.31, 3192.03 1095.81, 3191.96 1095.85, 3191.9 1095.89, 3191.79 1095.95, 3190.42 1096.88, 3189.94 1097.71, 3189.29 1098.36, 3189.04 1098.66, 3188.86 1098.94, 3188.66 1099.05, 3187.4 1100.04, 3187.37 1100.07, 3186.85 1100.67, 3186.42 1101.35, 3185.83 1101.67, 3185.14 1101.72, 3184.25 1101.62, 3183.04 1101.87, 3182.22 1102.16, 3181.94 1102.46, 3181.79 1102.55, 3182.07 1103.45, 3182.35 1104.34, 3182.52 1105.14, 3182.52 1105.26, 3182.53 1106.2, 3182.39 1107.12, 3182.32 1107.31, 3181.93 1108.55, 3181.86 1108.71, 3181.61 1109.16, 3181.38 1109.32, 3181.59 1109.56, 3181.3 1110.53, 3181.12 1111.56, 3180.89 1111.64, 3180.32 1111.46, 3180.31 1111.91, 3180.3 1112.19, 3180.29 1112.45, 3179.67 1113.67, 3179.03 1114.6, 3179.01 1114.74, 3179.1 1115.59, 3179.14 1115.83, 3176.16 1115.94, 3172 1116.15, 3171.65 1116.14, 3171.14 1116.15, 3170.87 1116.17, 3170.25 1116.23, 3169.38 1116.32, 3168.07 1116.45, 3167.72 1116.48, 3167.69 1116.49, 3167.31 1116.51, 3166.87 1116.59, 3166.4 1116.55, 3165.95 1116.61, 3165.83 1116.63, 3165.25 1116.69, 3164.45 1116.75, 3164.39 1116.2, 3164.31 1116.22, 3162.72 1116.45, 3162.5 1116.49, 3161.8 1116.64, 3161.41 1116.73), (3190.83 1136.02, 3189.59 1136.02, 3190.8571532846718 1136.001897810219, 3190.83 1136.02), (3190.89 1136.0014285714285, 3190.99 1136, 3193.05 1136, 3191.07 1136.01, 3190.89 1136.0014285714285))",108.54971,Lowland,1131624,"(3194.900429155116, 1151.464830168864)"
38,SE09,Bayes Causeway,"POLYGON ((3084 763.04, 3084 814, 3084 842.87, 3084 903.61, 3084 960, 3089.01 960, 3111.3 960, 3141.49 960, 3153.23 960, 3154.85 960, 3172 960, 3182.1 960, 3185.1 960, 3187.68 960, 3188.87 960, 3197.03 960, 3200.46 960, 3202.64 960, 3205 960, 3205 966.1, 3205 970.81, 3205 971.39, 3205 977.52, 3205 984.5, 3205 992.54, 3205 1001.21, 3205 1004, 3204.95 1005.54, 3204.89 1006.82, 3204.47 1006.8, 3203.69 1006.72, 3203.17 1006.62, 3203.09 1006.58, 3202.6 1006.55, 3202.21 1006.44, 3201.74 1006.35, 3201.16 1006.05, 3200.56 1005.8, 3200.17 1005.61, 3199.77 1005.45, 3199.18 1005.22, 3198.81 1005.05, 3198.45 1004.88, 3197.7 1004.22, 3197.52 1004, 3197.19 1003.62, 3196.88 1003.17, 3196.52 1002.55, 3196.31 1002.09, 3192.24 1002.08, 3189.66 1002.06, 3188.91 1002.01, 3188.16 1001.97, 3187.02 1001.79, 3185.86 1001.49, 3185.18 1001.26, 3184.53 1001.1, 3183.53 1000.52, 3183.17 1000.34, 3181.85 999.54, 3181.24 999.24, 3180.6 998.99, 3179.76 998.76, 3178.97 998.65, 3178.25 998.63, 3177 998.76, 3175.74 999.11, 3175.25 999.33, 3173.03 1000.54, 3170.07 1002.23, 3168.96 1002.93, 3168.24 1003.48, 3167.92 1003.78, 3166.86 1004.91, 3166.39 1005.55, 3165.91 1006.32, 3165.41 1007.33, 3164.86 1008.69, 3164.4 1009.58, 3163.77 1010.45, 3163.73 1010.49, 3163.6304 1010.5947, 3162.95 1011.3, 3162.38 1011.75, 3161.86 1012.08, 3161.34 1012.37, 3160.37 1012.77, 3160.36 1012.77, 3159.49 1013.01, 3158.75 1013.11, 3158.63 1013.12, 3158.79 1013.31, 3159.04 1013.59, 3159.23 1013.74, 3159.39 1013.91, 3159.48 1013.94, 3159.52 1013.99, 3159.72 1014.25, 3159.93 1014.53, 3160.14 1014.86, 3160.36 1015.18, 3160.61 1015.5, 3160.82 1015.74, 3160.91 1015.85, 3161.22 1016.27, 3161.38 1016.45, 3162.02 1017.12, 3162.28 1017.42, 3163.18 1018.46, 3163.47 1018.74, 3163.82 1019.01, 3164.18 1019.23, 3164.53 1019.39, 3165.01 1019.61, 3165.49 1019.84, 3165.89 1020.03, 3166.61 1020.39, 3166.97 1020.6, 3167.32 1020.87, 3167.96 1020.3, 3168.42 1019.88, 3169.16 1019.24, 3169.75 1018.72, 3169.95 1018.54, 3170.55 1019.48, 3171.03 1020.15, 3171.88 1021.12, 3171.96 1021.21, 3172 1021.25, 3172.75 1021.96, 3174.34 1023.19, 3176.47 1024.8, 3177.1 1025.37, 3177.96 1026.31, 3178.38 1026.85, 3179.13 1027.94, 3179.6 1028.75, 3180.1257 1029.635, 3180.2 1029.76, 3180.91 1030.97, 3182.11 1033, 3182.55 1033.62, 3182.94 1034.07, 3183.12 1034.25, 3183.51 1034.84, 3184.12 1035.48, 3184.88 1036.27, 3185.03 1036.72, 3185.07 1036.86, 3184.99 1037.54, 3184.88 1037.73, 3184.45 1038.28, 3184.47 1038.34, 3184.19 1038.63, 3183.78 1039.1, 3183.65 1039.25, 3183.33 1039.53, 3182.85 1039.82, 3181.78 1040.28, 3181.13 1040.51, 3180.89 1040.6, 3180.88 1040.59, 3179.94 1040.87, 3179.24 1041.07, 3178.87 1041.2, 3178.67 1041.3, 3178.33 1041.35, 3177.81 1041.37, 3177.43 1041.32, 3177.01 1041.26, 3176.96 1041.18, 3176.79 1041.16, 3176.22 1041.14, 3176.07 1041.12, 3175.52 1040.99, 3175.03 1040.75, 3174.22 1040.38, 3173.69 1040.14, 3173.35 1039.98, 3172.94 1039.78, 3172.48 1039.56, 3172 1039.34, 3171.63 1039.17, 3170.42 1038.59, 3168.2 1037.24, 3167.65 1036.88, 3166.95 1036.42, 3166.6 1036.14, 3166.29 1036.74, 3166.08 1037.17, 3165.83 1037.8, 3165.67 1038.23, 3165.5 1038.74, 3165.46 1038.94, 3165.35 1039.39, 3165.35 1040.26, 3165.21 1040.8, 3165.14 1041.4, 3165.07 1041.86, 3164.97 1042.52, 3164.88 1043.12, 3164.75 1043.75, 3164.61 1044.41, 3165.24 1044.74, 3165.87 1044.74, 3166.21 1044.99, 3166.22 1045.1, 3166.24 1045.22, 3166.14 1045.54, 3166.05 1045.87, 3165.99 1046.35, 3165.72 1046.41, 3165.76 1046.81, 3165.71 1047.41, 3165.66 1047.83, 3165.63 1048.2, 3165.65 1048.93, 3165.68 1049.78, 3165.69 1050.1, 3165.55 1050.88, 3165.64 1051.37, 3165.94 1051.8, 3166.03 1052, 3166.09 1052.53, 3166.09 1053.04, 3166.13 1053.33, 3166.13 1054.21, 3166.18 1054.84, 3166.26 1055.43, 3166.4 1056.1, 3166.45 1056.32, 3166.52 1056.7, 3166.62 1057.42, 3166.48 1057.81, 3166.35 1058.15, 3166.36 1058.64, 3166.37 1058.73, 3166.41 1059.15, 3166.4 1059.6, 3166.13 1059.95, 3166.06 1060.04, 3165.99 1060.16, 3165.83 1060.4, 3165.37 1060.97, 3165.42 1061.13, 3165.91 1060.91, 3166.34 1060.78, 3166.38 1060.76, 3166.77 1060.71, 3167.35 1060.63, 3168.02 1060.52, 3168.27 1060.43, 3169.16 1060.1, 3168.99 1060.71, 3168.79 1061.05, 3168.76 1061.28, 3169.52 1061.35, 3169.78 1061.88, 3170.17 1061.98, 3170.23 1062.8, 3170.59 1062.58, 3171.01 1062.33, 3171.42 1062.14, 3171.8797 1061.9295, 3172 1061.88, 3172.25 1061.76, 3172.34 1062.15, 3172.44 1062.54, 3172.57 1063.15, 3172.68 1063.89, 3172.7 1064.37, 3172.66 1064.78, 3172.59 1065.21, 3172.59 1065.5, 3172.47 1065.93, 3172.37 1066.59, 3172.6 1066.98, 3172.64 1067.37, 3172.61 1067.85, 3172.6 1068.25, 3172.51 1068.82, 3172.21 1069.27, 3172.44 1069.69, 3172.01 1069.94, 3172 1069.95, 3172 1073.05, 3172.08 1075.3264, 3172.08 1075.37, 3172.09 1075.76, 3172.11 1076.18, 3171.58 1076.42, 3171.08 1076.65, 3170.94 1077.1, 3170.9022 1077.2222, 3170.77 1077.65, 3170.767 1077.6576, 3170.75 1077.7, 3170.57 1078.29, 3170.44 1078.71, 3171.02 1078.41, 3171.46 1078.22, 3172 1078.09, 3172.1 1078.06, 3172.69 1077.91, 3172.76 1077.89, 3173.2 1077.53, 3173.43 1077.85, 3173.48 1077.92, 3173.5 1078.23, 3173.39 1078.64, 3173.28 1079.18, 3173.31 1079.46, 3173.37 1079.89, 3173.44 1080.32, 3173.5 1080.93, 3173.57 1081.42, 3173.67 1081.8, 3173.77 1082.42, 3173.86 1082.84, 3174.13 1084.11, 3173.74 1084.12, 3173.6 1084.14, 3172.79 1084.07, 3172.22 1084.35, 3172 1084.46, 3172 1089.46, 3172 1092, 3171.99 1105.82, 3172 1116.15, 3176.16 1115.94, 3179.14 1115.83, 3179.1 1115.59, 3179.01 1114.74, 3179.03 1114.6, 3179.67 1113.67, 3180.29 1112.45, 3180.3 1112.19, 3180.31 1111.91, 3180.32 1111.46, 3180.89 1111.64, 3181.12 1111.56, 3181.3 1110.53, 3181.59 1109.56, 3181.38 1109.32, 3181.61 1109.16, 3181.86 1108.71, 3181.93 1108.55, 3182.39 1107.12, 3182.53 1106.2, 3182.52 1105.14, 3182.35 1104.34, 3181.79 1102.55, 3181.87 1102.51, 3181.94 1102.46, 3182.22 1102.16, 3183.04 1101.87, 3184.25 1101.62, 3185.14 1101.72, 3185.83 1101.67, 3186.42 1101.35, 3186.85 1100.67, 3187.37 1100.07, 3187.4 1100.04, 3188.03 1099.55, 3188.66 1099.05, 3188.86 1098.94, 3189.04 1098.66, 3189.29 1098.36, 3189.94 1097.71, 3190.42 1096.88, 3191.79 1095.95, 3191.9 1095.89, 3192.03 1095.81, 3192.92 1095.31, 3193.69 1094.48, 3193.91 1094.17, 3193.99 1094.03, 3194 1094.04, 3194.13 1093.95, 3194.15 1093.44, 3194.17 1093.35, 3194.35 1092.85, 3194.36 1092.73, 3194.61 1092.33, 3194.78 1092, 3199.93 1092, 3205.57 1092, 3206.04 1092.34, 3206.24 1092.56, 3206.59 1093.49, 3206.52 1094.75, 3207.49 1094.4, 3208.87 1093.44, 3209.73 1093.32, 3210.08 1093.34, 3211.1 1093.39, 3212.39 1093.46, 3213.49 1093.46, 3213.8 1093.42, 3214.09 1093.39, 3214.41 1093.36, 3215.36 1093.26, 3216.05 1093.19, 3216.29 1093.17, 3216.74 1093.12, 3216.76 1093.07, 3217 1092.34, 3217.07 1092.12, 3217.11 1092, 3221.54 1092, 3226 1092, 3226 1080.24, 3226 1070, 3226 1061.95, 3226 1052.16, 3226 1042.5, 3226 1034.51, 3226 1031.04, 3226 1016.93, 3226 1006.97, 3226 1004, 3226 999.63, 3226 992.07, 3226 983.41, 3226 964.41, 3226 960, 3226 955.33, 3226 950.67, 3226 946.21, 3226 931.25, 3226 924.43, 3226 918.19, 3226 916, 3226 896.15, 3226 886.79, 3226 872.71, 3226 832.47, 3226 814, 3226 779, 3227 779, 3292.21 779, 3370 779, 3436.44 779, 3549 779, 3549 652, 3549 563, 3462.26 563, 3416.43 563, 3370 563, 3299.68 563, 3281 563, 3252.42 563, 3227 563, 3201.44 563, 3181.34 563, 3168.95 563, 3163.07 563, 3161 563, 3155.42 563, 3136.27 563, 3133.9 563, 3107.02 563, 3084 563, 3084 615.18, 3084 691.19, 3084 696, 3084 718.78, 3084 763.04))",2062.598296,Lowland,1099958,"(3279.654574020857, 726.8241672677602)"
39,SE10,Northfields Market,"POLYGON ((3100.5 349, 3095 349, 3084 349, 3067.5 349, 3051 349, 3018 349, 2996 349, 2908 349, 2908 432, 2908 486.61, 2908 563, 2939.87 563, 2994.53 563, 3084 563, 3107.02 563, 3133.9 563, 3136.27 563, 3155.42 563, 3161 563, 3163.07 563, 3168.95 563, 3181.34 563, 3201.44 563, 3227 563, 3252.42 563, 3281 563, 3281 520, 3281 432, 3281 388, 3281 349, 3259.5 349, 3248.75 349, 3238 349, 3227 349, 3221.5 349, 3216 349, 3210.5 349, 3199.5 349, 3194 349, 3188.5 349, 3183 349, 3177.5 349, 3172 349, 3166.5 349, 3161 349, 3150 349, 3144.5 349, 3139 349, 3128 349, 3122.5 349, 3117 349, 3106 349, 3100.5 349))",1244.106558,Lowland,957887,"(3094.5, 455.9999999999999)"
